$\epsilon$,"$u_{S,\max}$",value,fp_num,name,stability
1.0,0.001,17.1428571428571,0,H,True
1.0,0.001,0.0,0,S,True
1.0,0.001,0.0180900000000000,0,N,True
1.0,0.001,0.150000000000000,0,C,True
1.0,0.001,,1,H,False
1.0,0.001,,1,S,False
1.0,0.001,,1,N,False
1.0,0.001,,1,C,False
1.0,0.001,,2,H,False
1.0,0.001,,2,S,False
1.0,0.001,,2,N,False
1.0,0.001,,2,C,False
1.0,0.001,,3,H,False
1.0,0.001,,3,S,False
1.0,0.001,,3,N,False
1.0,0.001,,3,C,False
1.0,0.005928571428571429,17.1428571428571,0,H,True
1.0,0.005928571428571429,0.0,0,S,True
1.0,0.005928571428571429,0.0180900000000000,0,N,True
1.0,0.005928571428571429,0.150000000000000,0,C,True
1.0,0.005928571428571429,,1,H,False
1.0,0.005928571428571429,,1,S,False
1.0,0.005928571428571429,,1,N,False
1.0,0.005928571428571429,,1,C,False
1.0,0.005928571428571429,,2,H,False
1.0,0.005928571428571429,,2,S,False
1.0,0.005928571428571429,,2,N,False
1.0,0.005928571428571429,,2,C,False
1.0,0.005928571428571429,,3,H,False
1.0,0.005928571428571429,,3,S,False
1.0,0.005928571428571429,,3,N,False
1.0,0.005928571428571429,,3,C,False
1.0,0.010857142857142857,17.1428571428571,0,H,False
1.0,0.010857142857142857,0.0,0,S,False
1.0,0.010857142857142857,0.0180900000000000,0,N,False
1.0,0.010857142857142857,0.150000000000000,0,C,False
1.0,0.010857142857142857,17.1428571428571,1,H,True
1.0,0.010857142857142857,42.0779220779221,1,S,True
1.0,0.010857142857142857,0.0180900000000000,1,N,True
1.0,0.010857142857142857,0.00272727272727273,1,C,True
1.0,0.010857142857142857,39.6154093097909,2,H,False
1.0,0.010857142857142857,79.7016691344208,2,S,False
1.0,0.010857142857142857,0.0141573033707865,2,N,False
1.0,0.010857142857142857,0.00306889009785311,2,C,False
1.0,0.010857142857142857,39.6154093097913,3,H,True
1.0,0.010857142857142857,1.40582328012013,3,S,True
1.0,0.010857142857142857,0.0141573033707865,3,N,True
1.0,0.010857142857142857,0.121652815724415,3,C,True
1.0,0.01578571428571429,17.1428571428571,0,H,False
1.0,0.01578571428571429,0.0,0,S,False
1.0,0.01578571428571429,0.0180900000000000,0,N,False
1.0,0.01578571428571429,0.150000000000000,0,C,False
1.0,0.01578571428571429,17.1428571428571,1,H,True
1.0,0.01578571428571429,42.0779220779221,1,S,True
1.0,0.01578571428571429,0.0180900000000000,1,N,True
1.0,0.01578571428571429,0.00272727272727273,1,C,True
1.0,0.01578571428571429,74.9446654611208,2,H,False
1.0,0.01578571428571429,97.9549181048134,2,S,False
1.0,0.01578571428571429,0.00797468354430382,2,N,False
1.0,0.01578571428571429,0.00414276336101471,2,C,False
1.0,0.01578571428571429,74.9446654611210,3,H,True
1.0,0.01578571428571429,7.51115641080028,3,S,True
1.0,0.01578571428571429,0.00797468354430382,3,N,True
1.0,0.01578571428571429,0.0765511952120580,3,C,True
1.0,0.020714285714285716,17.1428571428571,0,H,False
1.0,0.020714285714285716,0.0,0,S,False
1.0,0.020714285714285716,0.0180900000000000,0,N,False
1.0,0.020714285714285716,0.150000000000000,0,C,False
1.0,0.020714285714285716,17.1428571428571,1,H,True
1.0,0.020714285714285716,42.0779220779221,1,S,True
1.0,0.020714285714285716,0.0180900000000000,1,N,True
1.0,0.020714285714285716,0.00272727272727273,1,C,True
1.0,0.020714285714285716,88.7962240402769,2,H,False
1.0,0.020714285714285716,90.7932231216087,2,S,False
1.0,0.020714285714285716,0.00555066079295154,2,N,False
1.0,0.020714285714285716,0.00505502420426563,2,C,False
1.0,0.020714285714285716,88.7962240402769,3,H,True
1.0,0.020714285714285716,11.8801224636411,3,S,True
1.0,0.020714285714285716,0.00555066079295154,3,N,True
1.0,0.020714285714285716,0.0583769541697832,3,C,True
1.0,0.025642857142857144,17.1428571428571,0,H,False
1.0,0.025642857142857144,0.0,0,S,False
1.0,0.025642857142857144,0.0180900000000000,0,N,False
1.0,0.025642857142857144,0.150000000000000,0,C,False
1.0,0.025642857142857144,17.1428571428571,1,H,True
1.0,0.025642857142857144,42.0779220779221,1,S,True
1.0,0.025642857142857144,0.0180900000000000,1,N,True
1.0,0.025642857142857144,0.00272727272727273,1,C,True
1.0,0.025642857142857144,96.1899613899615,2,H,False
1.0,0.025642857142857144,83.2353884375339,2,S,False
1.0,0.025642857142857144,0.00425675675675675,2,N,False
1.0,0.025642857142857144,0.00585899683288126,2,C,False
1.0,0.025642857142857144,96.1899613899614,3,H,True
1.0,0.025642857142857144,15.1011216608409,3,S,True
1.0,0.025642857142857144,0.00425675675675675,3,N,True
1.0,0.025642857142857144,0.0483588164349320,3,C,True
1.0,0.030571428571428576,17.1428571428571,0,H,False
1.0,0.030571428571428576,0.0,0,S,False
1.0,0.030571428571428576,0.0180900000000000,0,N,False
1.0,0.030571428571428576,0.150000000000000,0,C,False
1.0,0.030571428571428576,17.1428571428571,1,H,True
1.0,0.030571428571428576,42.0779220779221,1,S,True
1.0,0.030571428571428576,0.0180900000000000,1,N,True
1.0,0.030571428571428576,0.00272727272727273,1,C,True
1.0,0.030571428571428576,100.788258317025,2,H,False
1.0,0.030571428571428576,76.9788862583235,2,S,False
1.0,0.030571428571428576,0.00345205479452054,2,N,False
1.0,0.030571428571428576,0.00658759494877997,2,C,False
1.0,0.030571428571428576,100.788258317025,3,H,True
1.0,0.030571428571428576,17.6613510586851,3,S,True
1.0,0.030571428571428576,0.00345205479452054,3,N,True
1.0,0.030571428571428576,0.0418997649515936,3,C,True
1.0,0.035500000000000004,17.1428571428571,0,H,False
1.0,0.035500000000000004,0.0,0,S,False
1.0,0.035500000000000004,0.0180900000000000,0,N,False
1.0,0.035500000000000004,0.150000000000000,0,C,False
1.0,0.035500000000000004,17.1428571428571,1,H,True
1.0,0.035500000000000004,42.0779220779221,1,S,True
1.0,0.035500000000000004,0.0180900000000000,1,N,True
1.0,0.035500000000000004,0.00272727272727273,1,C,True
1.0,0.035500000000000004,103.924423963134,2,H,False
1.0,0.035500000000000004,71.8667520158772,2,S,False
1.0,0.035500000000000004,0.00290322580645161,2,N,False
1.0,0.035500000000000004,0.00726309926561492,2,C,False
1.0,0.035500000000000004,103.924423963134,3,H,True
1.0,0.035500000000000004,19.8130281238583,3,S,True
1.0,0.035500000000000004,0.00290322580645161,3,N,True
1.0,0.035500000000000004,0.0373159329924496,3,C,True
1.0,0.04042857142857143,17.1428571428571,0,H,False
1.0,0.04042857142857143,0.0,0,S,False
1.0,0.04042857142857143,0.0180900000000000,0,N,False
1.0,0.04042857142857143,0.150000000000000,0,C,False
1.0,0.04042857142857143,17.1428571428571,1,H,True
1.0,0.04042857142857143,42.0779220779221,1,S,True
1.0,0.04042857142857143,0.0180900000000000,1,N,True
1.0,0.04042857142857143,0.00272727272727273,1,C,True
1.0,0.04042857142857143,106.200170406135,2,H,False
1.0,0.04042857142857143,67.6103886109404,2,S,False
1.0,0.04042857142857143,0.00250497017892644,2,N,False
1.0,0.04042857142857143,0.00790190281713465,2,C,False
1.0,0.04042857142857143,106.200170406135,3,H,True
1.0,0.04042857142857143,21.6979949766152,3,S,True
1.0,0.04042857142857143,0.00250497017892644,3,N,True
1.0,0.04042857142857143,0.0338410666388566,3,C,True
1.0,0.04535714285714286,17.1428571428571,0,H,False
1.0,0.04535714285714286,0.0,0,S,False
1.0,0.04535714285714286,0.0180900000000000,0,N,False
1.0,0.04535714285714286,0.150000000000000,0,C,False
1.0,0.04535714285714286,17.1428571428571,1,H,True
1.0,0.04535714285714286,42.0779220779221,1,S,True
1.0,0.04535714285714286,0.0180900000000000,1,N,True
1.0,0.04535714285714286,0.00272727272727273,1,C,True
1.0,0.04535714285714286,107.926873126873,2,H,False
1.0,0.04535714285714286,63.9793441978260,2,S,False
1.0,0.04535714285714286,0.00220279720279721,2,N,False
1.0,0.04535714285714286,0.00851715134793235,2,C,False
1.0,0.04535714285714286,107.926873126873,3,H,True
1.0,0.04535714285714286,23.4045440175822,3,S,True
1.0,0.04535714285714286,0.00220279720279721,3,N,True
1.0,0.04535714285714286,0.0310739802477447,3,C,True
1.0,0.05028571428571429,17.1428571428571,0,H,False
1.0,0.05028571428571429,0.0,0,S,False
1.0,0.05028571428571429,0.0180900000000000,0,N,False
1.0,0.05028571428571429,0.150000000000000,0,C,False
1.0,0.05028571428571429,17.1428571428571,1,H,True
1.0,0.05028571428571429,42.0779220779221,1,S,True
1.0,0.05028571428571429,0.0180900000000000,1,N,True
1.0,0.05028571428571429,0.00272727272727273,1,C,True
1.0,0.05028571428571429,109.281836416314,2,H,False
1.0,0.05028571428571429,60.8045141624031,2,S,False
1.0,0.05028571428571429,0.00196567862714509,2,N,False
1.0,0.05028571428571429,0.00912046906822242,2,C,False
1.0,0.05028571428571429,109.281836416314,3,H,True
1.0,0.05028571428571429,24.9935452375174,3,S,True
1.0,0.05028571428571429,0.00196567862714509,3,N,True
1.0,0.05028571428571429,0.0287820908523562,3,C,True
1.0,0.055214285714285716,17.1428571428571,0,H,False
1.0,0.055214285714285716,0.0,0,S,False
1.0,0.055214285714285716,0.0180900000000000,0,N,False
1.0,0.055214285714285716,0.150000000000000,0,C,False
1.0,0.055214285714285716,17.1428571428571,1,H,True
1.0,0.055214285714285716,42.0779220779221,1,S,True
1.0,0.055214285714285716,0.0180900000000000,1,N,True
1.0,0.055214285714285716,0.00272727272727273,1,C,True
1.0,0.055214285714285716,110.373440643863,2,H,False
1.0,0.055214285714285716,57.9600424403840,2,S,False
1.0,0.055214285714285716,0.00177464788732394,2,N,False
1.0,0.055214285714285716,0.00972338294383200,2,C,False
1.0,0.055214285714285716,110.373440643863,3,H,True
1.0,0.055214285714285716,26.5120303832417,3,S,True
1.0,0.055214285714285716,0.00177464788732394,3,N,True
1.0,0.055214285714285716,0.0268188065568082,3,C,True
1.0,0.06014285714285715,17.1428571428571,0,H,False
1.0,0.06014285714285715,0.0,0,S,False
1.0,0.06014285714285715,0.0180900000000000,0,N,False
1.0,0.06014285714285715,0.150000000000000,0,C,False
1.0,0.06014285714285715,17.1428571428571,1,H,True
1.0,0.06014285714285715,42.0779220779221,1,S,True
1.0,0.06014285714285715,0.0180900000000000,1,N,True
1.0,0.06014285714285715,0.00272727272727273,1,C,True
1.0,0.06014285714285715,111.271666972309,2,H,False
1.0,0.06014285714285715,55.3467516528987,2,S,False
1.0,0.06014285714285715,0.00161745827984596,2,N,False
1.0,0.06014285714285715,0.0103389341434277,2,C,False
1.0,0.06014285714285715,111.271666972309,3,H,True
1.0,0.06014285714285715,28.0018495130460,3,S,True
1.0,0.06014285714285715,0.00161745827984596,3,N,True
1.0,0.06014285714285715,0.0250838748191117,3,C,True
1.0,0.06507142857142857,17.1428571428571,0,H,False
1.0,0.06507142857142857,0.0,0,S,False
1.0,0.06507142857142857,0.0180900000000000,0,N,False
1.0,0.06507142857142857,0.150000000000000,0,C,False
1.0,0.06507142857142857,17.1428571428571,1,H,True
1.0,0.06507142857142857,42.0779220779221,1,S,True
1.0,0.06507142857142857,0.0180900000000000,1,N,True
1.0,0.06507142857142857,0.00272727272727273,1,C,True
1.0,0.06507142857142857,112.023719676550,2,H,False
1.0,0.06507142857142857,52.8779081488035,2,S,False
1.0,0.06507142857142857,0.00148584905660377,2,N,False
1.0,0.06507142857142857,0.0109842075806758,2,C,False
1.0,0.06507142857142857,112.023719676550,3,H,True
1.0,0.06507142857142857,29.5075634291021,3,S,True
1.0,0.06507142857142857,0.00148584905660377,3,N,True
1.0,0.06507142857142857,0.0235013841860480,3,C,True
1.0,0.07,17.1428571428571,0,H,False
1.0,0.07,0.0,0,S,False
1.0,0.07,0.0180900000000000,0,N,False
1.0,0.07,0.150000000000000,0,C,False
1.0,0.07,17.1428571428571,1,H,True
1.0,0.07,42.0779220779221,1,S,True
1.0,0.07,0.0180900000000000,1,N,True
1.0,0.07,0.00272727272727273,1,C,True
1.0,0.07,112.662595419847,2,H,False
1.0,0.07,50.4629219678864,2,S,False
1.0,0.07,0.00137404580152672,2,N,False
1.0,0.07,0.0116855887901611,2,C,False
1.0,0.07,112.662595419847,3,H,True
1.0,0.07,31.0882612805999,3,S,True
1.0,0.07,0.00137404580152672,3,N,True
1.0,0.07,0.0220038282813170,3,C,True
1.0357142857142858,0.001,15.3061224489796,0,H,True
1.0357142857142858,0.001,0.0,0,S,True
1.0357142857142858,0.001,0.0184114285714286,0,N,True
1.0357142857142858,0.001,0.151071428571428,0,C,True
1.0357142857142858,0.001,,1,H,False
1.0357142857142858,0.001,,1,S,False
1.0357142857142858,0.001,,1,N,False
1.0357142857142858,0.001,,1,C,False
1.0357142857142858,0.001,,2,H,False
1.0357142857142858,0.001,,2,S,False
1.0357142857142858,0.001,,2,N,False
1.0357142857142858,0.001,,2,C,False
1.0357142857142858,0.001,,3,H,False
1.0357142857142858,0.001,,3,S,False
1.0357142857142858,0.001,,3,N,False
1.0357142857142858,0.001,,3,C,False
1.0357142857142858,0.005928571428571429,15.3061224489796,0,H,True
1.0357142857142858,0.005928571428571429,0.0,0,S,True
1.0357142857142858,0.005928571428571429,0.0184114285714286,0,N,True
1.0357142857142858,0.005928571428571429,0.151071428571428,0,C,True
1.0357142857142858,0.005928571428571429,,1,H,False
1.0357142857142858,0.005928571428571429,,1,S,False
1.0357142857142858,0.005928571428571429,,1,N,False
1.0357142857142858,0.005928571428571429,,1,C,False
1.0357142857142858,0.005928571428571429,,2,H,False
1.0357142857142858,0.005928571428571429,,2,S,False
1.0357142857142858,0.005928571428571429,,2,N,False
1.0357142857142858,0.005928571428571429,,2,C,False
1.0357142857142858,0.005928571428571429,,3,H,False
1.0357142857142858,0.005928571428571429,,3,S,False
1.0357142857142858,0.005928571428571429,,3,N,False
1.0357142857142858,0.005928571428571429,,3,C,False
1.0357142857142858,0.010857142857142857,15.3061224489796,0,H,False
1.0357142857142858,0.010857142857142857,0.0,0,S,False
1.0357142857142858,0.010857142857142857,0.0184114285714286,0,N,False
1.0357142857142858,0.010857142857142857,0.151071428571428,0,C,False
1.0357142857142858,0.010857142857142857,15.3061224489796,1,H,True
1.0357142857142858,0.010857142857142857,37.1650822977472,1,S,True
1.0357142857142858,0.010857142857142857,0.0184114285714286,1,N,True
1.0357142857142858,0.010857142857142857,0.00278275020341741,1,C,True
1.0357142857142858,0.010857142857142857,39.6154093097909,2,H,False
1.0357142857142858,0.010857142857142857,77.5459937827945,2,S,False
1.0357142857142858,0.010857142857142857,0.0141573033707865,2,N,False
1.0357142857142858,0.010857142857142857,0.00316507606240376,2,C,False
1.0357142857142858,0.010857142857142857,39.6154093097913,3,H,True
1.0357142857142858,0.010857142857142857,1.52785529731927,3,S,True
1.0357142857142858,0.010857142857142857,0.0141573033707865,3,N,True
1.0357142857142858,0.010857142857142857,0.120355240080253,3,C,True
1.0357142857142858,0.01578571428571429,15.3061224489796,0,H,False
1.0357142857142858,0.01578571428571429,0.0,0,S,False
1.0357142857142858,0.01578571428571429,0.0184114285714286,0,N,False
1.0357142857142858,0.01578571428571429,0.151071428571428,0,C,False
1.0357142857142858,0.01578571428571429,15.3061224489796,1,H,True
1.0357142857142858,0.01578571428571429,37.1650822977472,1,S,True
1.0357142857142858,0.01578571428571429,0.0184114285714286,1,N,True
1.0357142857142858,0.01578571428571429,0.00278275020341741,1,C,True
1.0357142857142858,0.01578571428571429,74.9446654611208,2,H,False
1.0357142857142858,0.01578571428571429,94.7199340875896,2,S,False
1.0357142857142858,0.01578571428571429,0.00797468354430382,2,N,False
1.0357142857142858,0.01578571428571429,0.00430709182176892,2,C,False
1.0357142857142858,0.01578571428571429,74.9446654611210,3,H,True
1.0357142857142858,0.01578571428571429,7.81067542781201,3,S,True
1.0357142857142858,0.01578571428571429,0.00797468354430382,3,N,True
1.0357142857142858,0.01578571428571429,0.0751283110477042,3,C,True
1.0357142857142858,0.020714285714285716,15.3061224489796,0,H,False
1.0357142857142858,0.020714285714285716,0.0,0,S,False
1.0357142857142858,0.020714285714285716,0.0184114285714286,0,N,False
1.0357142857142858,0.020714285714285716,0.151071428571428,0,C,False
1.0357142857142858,0.020714285714285716,15.3061224489796,1,H,True
1.0357142857142858,0.020714285714285716,37.1650822977472,1,S,True
1.0357142857142858,0.020714285714285716,0.0184114285714286,1,N,True
1.0357142857142858,0.020714285714285716,0.00278275020341741,1,C,True
1.0357142857142858,0.020714285714285716,88.7962240402770,2,H,False
1.0357142857142858,0.020714285714285716,87.2922836074214,2,S,False
1.0357142857142858,0.020714285714285716,0.00555066079295154,2,N,False
1.0357142857142858,0.020714285714285716,0.00529591409444347,2,C,False
1.0357142857142858,0.020714285714285716,88.7962240402769,3,H,True
1.0357142857142858,0.020714285714285716,12.3266126311273,3,S,True
1.0357142857142858,0.020714285714285716,0.00555066079295154,3,N,True
1.0357142857142858,0.020714285714285716,0.0568550954652787,3,C,True
1.0357142857142858,0.025642857142857144,15.3061224489796,0,H,False
1.0357142857142858,0.025642857142857144,0.0,0,S,False
1.0357142857142858,0.025642857142857144,0.0184114285714286,0,N,False
1.0357142857142858,0.025642857142857144,0.151071428571428,0,C,False
1.0357142857142858,0.025642857142857144,15.3061224489796,1,H,True
1.0357142857142858,0.025642857142857144,37.1650822977472,1,S,True
1.0357142857142858,0.025642857142857144,0.0184114285714286,1,N,True
1.0357142857142858,0.025642857142857144,0.00278275020341741,1,C,True
1.0357142857142858,0.025642857142857144,96.1899613899615,2,H,False
1.0357142857142858,0.025642857142857144,79.5736605149212,2,S,False
1.0357142857142858,0.025642857142857144,0.00425675675675675,2,N,False
1.0357142857142858,0.025642857142857144,0.00618528357399833,2,C,False
1.0357142857142858,0.025642857142857144,96.1899613899614,3,H,True
1.0357142857142858,0.025642857142857144,15.6989821937696,3,S,True
1.0357142857142858,0.025642857142857144,0.00425675675675675,3,N,True
1.0357142857142858,0.025642857142857144,0.0467395971244380,3,C,True
1.0357142857142858,0.030571428571428576,15.3061224489796,0,H,False
1.0357142857142858,0.030571428571428576,0.0,0,S,False
1.0357142857142858,0.030571428571428576,0.0184114285714286,0,N,False
1.0357142857142858,0.030571428571428576,0.151071428571428,0,C,False
1.0357142857142858,0.030571428571428576,15.3061224489796,1,H,True
1.0357142857142858,0.030571428571428576,37.1650822977472,1,S,True
1.0357142857142858,0.030571428571428576,0.0184114285714286,1,N,True
1.0357142857142858,0.030571428571428576,0.00278275020341741,1,C,True
1.0357142857142858,0.030571428571428576,100.788258317025,2,H,False
1.0357142857142858,0.030571428571428576,73.1634180850322,2,S,False
1.0357142857142858,0.030571428571428576,0.00345205479452054,2,N,False
1.0357142857142858,0.030571428571428576,0.00700977998266128,2,C,False
1.0357142857142858,0.030571428571428576,100.788258317025,3,H,True
1.0357142857142858,0.030571428571428576,18.4260839889624,3,S,True
1.0357142857142858,0.030571428571428576,0.00345205479452054,3,N,True
1.0357142857142858,0.030571428571428576,0.0401772068760165,3,C,True
1.0357142857142858,0.035500000000000004,15.3061224489796,0,H,False
1.0357142857142858,0.035500000000000004,0.0,0,S,False
1.0357142857142858,0.035500000000000004,0.0184114285714286,0,N,False
1.0357142857142858,0.035500000000000004,0.151071428571428,0,C,False
1.0357142857142858,0.035500000000000004,15.3061224489796,1,H,True
1.0357142857142858,0.035500000000000004,37.1650822977472,1,S,True
1.0357142857142858,0.035500000000000004,0.0184114285714286,1,N,True
1.0357142857142858,0.035500000000000004,0.00278275020341741,1,C,True
1.0357142857142858,0.035500000000000004,103.924423963134,2,H,False
1.0357142857142858,0.035500000000000004,67.8783691314997,2,S,False
1.0357142857142858,0.035500000000000004,0.00290322580645161,2,N,False
1.0357142857142858,0.035500000000000004,0.00779452922003462,2,C,False
1.0357142857142858,0.035500000000000004,103.924423963134,3,H,True
1.0357142857142858,0.035500000000000004,20.7679854046231,3,S,True
1.0357142857142858,0.035500000000000004,0.00290322580645161,3,N,True
1.0357142857142858,0.035500000000000004,0.0354790553884852,3,C,True
1.0357142857142858,0.04042857142857143,15.3061224489796,0,H,False
1.0357142857142858,0.04042857142857143,0.0,0,S,False
1.0357142857142858,0.04042857142857143,0.0184114285714286,0,N,False
1.0357142857142858,0.04042857142857143,0.151071428571428,0,C,False
1.0357142857142858,0.04042857142857143,15.3061224489796,1,H,True
1.0357142857142858,0.04042857142857143,37.1650822977472,1,S,True
1.0357142857142858,0.04042857142857143,0.0184114285714286,1,N,True
1.0357142857142858,0.04042857142857143,0.00278275020341741,1,C,True
1.0357142857142858,0.04042857142857143,106.200170406135,2,H,False
1.0357142857142858,0.04042857142857143,63.4160621238597,2,S,False
1.0357142857142858,0.04042857142857143,0.00250497017892644,2,N,False
1.0357142857142858,0.04042857142857143,0.00856035667127372,2,C,False
1.0357142857142858,0.04042857142857143,106.200170406135,3,H,True
1.0357142857142858,0.04042857142857143,22.8756978023042,3,S,True
1.0357142857142858,0.04042857142857143,0.00250497017892644,3,N,True
1.0357142857142858,0.04042857142857143,0.0318734827656603,3,C,True
1.0357142857142858,0.04535714285714286,15.3061224489796,0,H,False
1.0357142857142858,0.04535714285714286,0.0,0,S,False
1.0357142857142858,0.04535714285714286,0.0184114285714286,0,N,False
1.0357142857142858,0.04535714285714286,0.151071428571428,0,C,False
1.0357142857142858,0.04535714285714286,15.3061224489796,1,H,True
1.0357142857142858,0.04535714285714286,37.1650822977472,1,S,True
1.0357142857142858,0.04535714285714286,0.0184114285714286,1,N,True
1.0357142857142858,0.04535714285714286,0.00278275020341741,1,C,True
1.0357142857142858,0.04535714285714286,107.926873126873,2,H,False
1.0357142857142858,0.04535714285714286,59.5315204714360,2,S,False
1.0357142857142858,0.04535714285714286,0.00220279720279721,2,N,False
1.0357142857142858,0.04535714285714286,0.00932741957514068,2,C,False
1.0357142857142858,0.04535714285714286,107.926873126873,3,H,True
1.0357142857142858,0.04535714285714286,24.8508723419853,3,S,True
1.0357142857142858,0.04535714285714286,0.00220279720279721,3,N,True
1.0357142857142858,0.04535714285714286,0.0289517880358000,3,C,True
1.0357142857142858,0.05028571428571429,15.3061224489796,0,H,False
1.0357142857142858,0.05028571428571429,0.0,0,S,False
1.0357142857142858,0.05028571428571429,0.0184114285714286,0,N,False
1.0357142857142858,0.05028571428571429,0.151071428571428,0,C,False
1.0357142857142858,0.05028571428571429,15.3061224489796,1,H,True
1.0357142857142858,0.05028571428571429,37.1650822977472,1,S,True
1.0357142857142858,0.05028571428571429,0.0184114285714286,1,N,True
1.0357142857142858,0.05028571428571429,0.00278275020341741,1,C,True
1.0357142857142858,0.05028571428571429,109.281836416314,2,H,False
1.0357142857142858,0.05028571428571429,56.0335752611025,2,S,False
1.0357142857142858,0.05028571428571429,0.00196567862714509,2,N,False
1.0357142857142858,0.05028571428571429,0.0101191041780282,2,C,False
1.0357142857142858,0.05028571428571429,109.281836416314,3,H,True
1.0357142857142858,0.05028571428571429,26.7762979730672,3,S,True
1.0357142857142858,0.05028571428571429,0.00196567862714509,3,N,True
1.0357142857142858,0.05028571428571429,0.0264693393011267,3,C,True
1.0357142857142858,0.055214285714285716,15.3061224489796,0,H,False
1.0357142857142858,0.055214285714285716,0.0,0,S,False
1.0357142857142858,0.055214285714285716,0.0184114285714286,0,N,False
1.0357142857142858,0.055214285714285716,0.151071428571428,0,C,False
1.0357142857142858,0.055214285714285716,15.3061224489796,1,H,True
1.0357142857142858,0.055214285714285716,37.1650822977472,1,S,True
1.0357142857142858,0.055214285714285716,0.0184114285714286,1,N,True
1.0357142857142858,0.055214285714285716,0.00278275020341741,1,C,True
1.0357142857142858,0.055214285714285716,110.373440643863,2,H,False
1.0357142857142858,0.055214285714285716,52.7562328283536,2,S,False
1.0357142857142858,0.055214285714285716,0.00177464788732394,2,N,False
1.0357142857142858,0.055214285714285716,0.0109686715106652,2,C,False
1.0357142857142858,0.055214285714285716,110.373440643863,3,H,True
1.0357142857142858,0.055214285714285716,28.7392958948079,3,S,True
1.0357142857142858,0.055214285714285716,0.00177464788732394,3,N,True
1.0357142857142858,0.055214285714285716,0.0242576352313327,3,C,True
1.0357142857142858,0.06014285714285715,15.3061224489796,0,H,False
1.0357142857142858,0.06014285714285715,0.0,0,S,False
1.0357142857142858,0.06014285714285715,0.0184114285714286,0,N,False
1.0357142857142858,0.06014285714285715,0.151071428571428,0,C,False
1.0357142857142858,0.06014285714285715,15.3061224489796,1,H,True
1.0357142857142858,0.06014285714285715,37.1650822977472,1,S,True
1.0357142857142858,0.06014285714285715,0.0184114285714286,1,N,True
1.0357142857142858,0.06014285714285715,0.00278275020341741,1,C,True
1.0357142857142858,0.06014285714285715,111.271666972309,2,H,False
1.0357142857142858,0.06014285714285715,49.5135768875445,2,S,False
1.0357142857142858,0.06014285714285715,0.00161745827984596,2,N,False
1.0357142857142858,0.06014285714285715,0.0119361114538916,2,C,False
1.0357142857142858,0.06014285714285715,111.271666972309,3,H,True
1.0357142857142858,0.06014285714285715,30.8686753421461,3,S,True
1.0357142857142858,0.06014285714285715,0.00161745827984596,3,N,True
1.0357142857142858,0.06014285714285715,0.0221693613362223,3,C,True
1.0357142857142858,0.06507142857142857,15.3061224489796,0,H,False
1.0357142857142858,0.06507142857142857,0.0,0,S,False
1.0357142857142858,0.06507142857142857,0.0184114285714286,0,N,False
1.0357142857142858,0.06507142857142857,0.151071428571428,0,C,False
1.0357142857142858,0.06507142857142857,15.3061224489796,1,H,True
1.0357142857142858,0.06507142857142857,37.1650822977472,1,S,True
1.0357142857142858,0.06507142857142857,0.0184114285714286,1,N,True
1.0357142857142858,0.06507142857142857,0.00278275020341741,1,C,True
1.0357142857142858,0.06507142857142857,112.023719676550,2,H,False
1.0357142857142858,0.06507142857142857,45.9662927920750,2,S,False
1.0357142857142858,0.06507142857142857,0.00148584905660377,2,N,False
1.0357142857142858,0.06507142857142857,0.0131750106423228,2,C,False
1.0357142857142858,0.06507142857142857,112.023719676550,3,H,True
1.0357142857142858,0.06507142857142857,33.4617932876082,3,S,True
1.0357142857142858,0.06507142857142857,0.00148584905660377,3,N,True
1.0357142857142858,0.06507142857142857,0.0199920280607184,3,C,True
1.0357142857142858,0.07,15.3061224489796,0,H,False
1.0357142857142858,0.07,0.0,0,S,False
1.0357142857142858,0.07,0.0184114285714286,0,N,False
1.0357142857142858,0.07,0.151071428571428,0,C,False
1.0357142857142858,0.07,15.3061224489796,1,H,True
1.0357142857142858,0.07,37.1650822977472,1,S,True
1.0357142857142858,0.07,0.0184114285714286,1,N,True
1.0357142857142858,0.07,0.00278275020341741,1,C,True
1.0357142857142858,0.07,,2,H,False
1.0357142857142858,0.07,,2,S,False
1.0357142857142858,0.07,,2,N,False
1.0357142857142858,0.07,,2,C,False
1.0357142857142858,0.07,,3,H,False
1.0357142857142858,0.07,,3,S,False
1.0357142857142858,0.07,,3,N,False
1.0357142857142858,0.07,,3,C,False
1.0714285714285714,0.001,13.4693877551021,0,H,True
1.0714285714285714,0.001,0.0,0,S,True
1.0714285714285714,0.001,0.0187328571428571,0,N,True
1.0714285714285714,0.001,0.152142857142857,0,C,True
1.0714285714285714,0.001,,1,H,False
1.0714285714285714,0.001,,1,S,False
1.0714285714285714,0.001,,1,N,False
1.0714285714285714,0.001,,1,C,False
1.0714285714285714,0.001,,2,H,False
1.0714285714285714,0.001,,2,S,False
1.0714285714285714,0.001,,2,N,False
1.0714285714285714,0.001,,2,C,False
1.0714285714285714,0.001,,3,H,False
1.0714285714285714,0.001,,3,S,False
1.0714285714285714,0.001,,3,N,False
1.0714285714285714,0.001,,3,C,False
1.0714285714285714,0.005928571428571429,13.4693877551021,0,H,True
1.0714285714285714,0.005928571428571429,0.0,0,S,True
1.0714285714285714,0.005928571428571429,0.0187328571428571,0,N,True
1.0714285714285714,0.005928571428571429,0.152142857142857,0,C,True
1.0714285714285714,0.005928571428571429,,1,H,False
1.0714285714285714,0.005928571428571429,,1,S,False
1.0714285714285714,0.005928571428571429,,1,N,False
1.0714285714285714,0.005928571428571429,,1,C,False
1.0714285714285714,0.005928571428571429,,2,H,False
1.0714285714285714,0.005928571428571429,,2,S,False
1.0714285714285714,0.005928571428571429,,2,N,False
1.0714285714285714,0.005928571428571429,,2,C,False
1.0714285714285714,0.005928571428571429,,3,H,False
1.0714285714285714,0.005928571428571429,,3,S,False
1.0714285714285714,0.005928571428571429,,3,N,False
1.0714285714285714,0.005928571428571429,,3,C,False
1.0714285714285714,0.010857142857142857,13.4693877551021,0,H,False
1.0714285714285714,0.010857142857142857,0.0,0,S,False
1.0714285714285714,0.010857142857142857,0.0187328571428571,0,N,False
1.0714285714285714,0.010857142857142857,0.152142857142857,0,C,False
1.0714285714285714,0.010857142857142857,13.4693877551021,1,H,True
1.0714285714285714,0.010857142857142857,32.3615357151468,1,S,True
1.0714285714285714,0.010857142857142857,0.0187328571428571,1,N,True
1.0714285714285714,0.010857142857142857,0.00283849918433932,1,C,True
1.0714285714285714,0.010857142857142857,39.6154093097909,2,H,False
1.0714285714285714,0.010857142857142857,75.4629675589594,2,S,False
1.0714285714285714,0.010857142857142857,0.0141573033707865,2,N,False
1.0714285714285714,0.010857142857142857,0.00326390443193939,2,C,False
1.0714285714285714,0.010857142857142857,39.6154093097913,3,H,True
1.0714285714285714,0.010857142857142857,1.65111197451280,3,S,True
1.0714285714285714,0.010857142857142857,0.0141573033707865,3,N,True
1.0714285714285714,0.010857142857142857,0.119049142473132,3,C,True
1.0714285714285714,0.01578571428571429,13.4693877551021,0,H,False
1.0714285714285714,0.01578571428571429,0.0,0,S,False
1.0714285714285714,0.01578571428571429,0.0187328571428571,0,N,False
1.0714285714285714,0.01578571428571429,0.152142857142857,0,C,False
1.0714285714285714,0.01578571428571429,13.4693877551021,1,H,True
1.0714285714285714,0.01578571428571429,32.3615357151468,1,S,True
1.0714285714285714,0.01578571428571429,0.0187328571428571,1,N,True
1.0714285714285714,0.01578571428571429,0.00283849918433932,1,C,True
1.0714285714285714,0.01578571428571429,74.9446654611208,2,H,False
1.0714285714285714,0.01578571428571429,91.5873237659207,2,S,False
1.0714285714285714,0.01578571428571429,0.00797468354430382,2,N,False
1.0714285714285714,0.01578571428571429,0.00447903009259778,2,C,False
1.0714285714285714,0.01578571428571429,74.9446654611210,3,H,True
1.0714285714285714,0.01578571428571429,8.11647186564192,3,S,True
1.0714285714285714,0.01578571428571429,0.00797468354430382,3,N,True
1.0714285714285714,0.01578571428571429,0.0736916577468309,3,C,True
1.0714285714285714,0.020714285714285716,13.4693877551021,0,H,False
1.0714285714285714,0.020714285714285716,0.0,0,S,False
1.0714285714285714,0.020714285714285716,0.0187328571428571,0,N,False
1.0714285714285714,0.020714285714285716,0.152142857142857,0,C,False
1.0714285714285714,0.020714285714285716,13.4693877551021,1,H,True
1.0714285714285714,0.020714285714285716,32.3615357151468,1,S,True
1.0714285714285714,0.020714285714285716,0.0187328571428571,1,N,True
1.0714285714285714,0.020714285714285716,0.00283849918433932,1,C,True
1.0714285714285714,0.020714285714285716,88.7962240402769,2,H,False
1.0714285714285714,0.020714285714285716,83.8891777707552,2,S,False
1.0714285714285714,0.020714285714285716,0.00555066079295154,2,N,False
1.0714285714285714,0.020714285714285716,0.00555282210942477,2,C,False
1.0714285714285714,0.020714285714285716,88.7962240402769,3,H,True
1.0714285714285714,0.020714285714285716,12.7895527865528,3,S,True
1.0714285714285714,0.020714285714285716,0.00555066079295154,3,N,True
1.0714285714285714,0.020714285714285716,0.0553109496205665,3,C,True
1.0714285714285714,0.025642857142857144,13.4693877551021,0,H,False
1.0714285714285714,0.025642857142857144,0.0,0,S,False
1.0714285714285714,0.025642857142857144,0.0187328571428571,0,N,False
1.0714285714285714,0.025642857142857144,0.152142857142857,0,C,False
1.0714285714285714,0.025642857142857144,13.4693877551021,1,H,True
1.0714285714285714,0.025642857142857144,32.3615357151468,1,S,True
1.0714285714285714,0.025642857142857144,0.0187328571428571,1,N,True
1.0714285714285714,0.025642857142857144,0.00283849918433932,1,C,True
1.0714285714285714,0.025642857142857144,96.1899613899615,2,H,False
1.0714285714285714,0.025642857142857144,75.9930117455868,2,S,False
1.0714285714285714,0.025642857142857144,0.00425675675675675,2,N,False
1.0714285714285714,0.025642857142857144,0.00654076327407027,2,C,False
1.0714285714285714,0.025642857142857144,96.1899613899614,3,H,True
1.0714285714285714,0.025642857142857144,16.3312085133634,3,S,True
1.0714285714285714,0.025642857142857144,0.00425675675675675,3,N,True
1.0714285714285714,0.025642857142857144,0.0450848572893970,3,C,True
1.0714285714285714,0.030571428571428576,13.4693877551021,0,H,False
1.0714285714285714,0.030571428571428576,0.0,0,S,False
1.0714285714285714,0.030571428571428576,0.0187328571428571,0,N,False
1.0714285714285714,0.030571428571428576,0.152142857142857,0,C,False
1.0714285714285714,0.030571428571428576,13.4693877551021,1,H,True
1.0714285714285714,0.030571428571428576,32.3615357151468,1,S,True
1.0714285714285714,0.030571428571428576,0.0187328571428571,1,N,True
1.0714285714285714,0.030571428571428576,0.00283849918433932,1,C,True
1.0714285714285714,0.030571428571428576,100.788258317025,2,H,False
1.0714285714285714,0.030571428571428576,69.3994238885993,2,S,False
1.0714285714285714,0.030571428571428576,0.00345205479452054,2,N,False
1.0714285714285714,0.030571428571428576,0.00748134838044945,2,C,False
1.0714285714285714,0.030571428571428576,100.788258317025,3,H,True
1.0714285714285714,0.030571428571428576,19.2548623197577,3,S,True
1.0714285714285714,0.030571428571428576,0.00345205479452054,3,N,True
1.0714285714285714,0.030571428571428576,0.0383989014575358,3,C,True
1.0714285714285714,0.035500000000000004,13.4693877551021,0,H,False
1.0714285714285714,0.035500000000000004,0.0,0,S,False
1.0714285714285714,0.035500000000000004,0.0187328571428571,0,N,False
1.0714285714285714,0.035500000000000004,0.152142857142857,0,C,False
1.0714285714285714,0.035500000000000004,13.4693877551021,1,H,True
1.0714285714285714,0.035500000000000004,32.3615357151468,1,S,True
1.0714285714285714,0.035500000000000004,0.0187328571428571,1,N,True
1.0714285714285714,0.035500000000000004,0.00283849918433932,1,C,True
1.0714285714285714,0.035500000000000004,103.924423963134,2,H,False
1.0714285714285714,0.035500000000000004,63.8927892185588,2,S,False
1.0714285714285714,0.035500000000000004,0.00290322580645161,2,N,False
1.0714285714285714,0.035500000000000004,0.00840652108453687,2,C,False
1.0714285714285714,0.035500000000000004,103.924423963134,3,H,True
1.0714285714285714,0.035500000000000004,21.8354249110043,3,S,True
1.0714285714285714,0.035500000000000004,0.00290322580645161,3,N,True
1.0714285714285714,0.035500000000000004,0.0335552270604929,3,C,True
1.0714285714285714,0.04042857142857143,13.4693877551021,0,H,False
1.0714285714285714,0.04042857142857143,0.0,0,S,False
1.0714285714285714,0.04042857142857143,0.0187328571428571,0,N,False
1.0714285714285714,0.04042857142857143,0.152142857142857,0,C,False
1.0714285714285714,0.04042857142857143,13.4693877551021,1,H,True
1.0714285714285714,0.04042857142857143,32.3615357151468,1,S,True
1.0714285714285714,0.04042857142857143,0.0187328571428571,1,N,True
1.0714285714285714,0.04042857142857143,0.00283849918433932,1,C,True
1.0714285714285714,0.04042857142857143,106.200170406135,2,H,False
1.0714285714285714,0.04042857142857143,59.1437646704018,2,S,False
1.0714285714285714,0.04042857142857143,0.00250497017892644,2,N,False
1.0714285714285714,0.04042857142857143,0.00934906625894220,2,C,False
1.0714285714285714,0.04042857142857143,106.200170406135,3,H,True
1.0714285714285714,0.04042857142857143,24.2463421781577,3,S,True
1.0714285714285714,0.04042857142857143,0.00250497017892644,3,N,True
1.0714285714285714,0.04042857142857143,0.0297692363236050,3,C,True
1.0714285714285714,0.04535714285714286,13.4693877551021,0,H,False
1.0714285714285714,0.04535714285714286,0.0,0,S,False
1.0714285714285714,0.04535714285714286,0.0187328571428571,0,N,False
1.0714285714285714,0.04535714285714286,0.152142857142857,0,C,False
1.0714285714285714,0.04535714285714286,13.4693877551021,1,H,True
1.0714285714285714,0.04535714285714286,32.3615357151468,1,S,True
1.0714285714285714,0.04535714285714286,0.0187328571428571,1,N,True
1.0714285714285714,0.04535714285714286,0.00283849918433932,1,C,True
1.0714285714285714,0.04535714285714286,107.926873126873,2,H,False
1.0714285714285714,0.04535714285714286,54.8648033017690,2,S,False
1.0714285714285714,0.04535714285714286,0.00220279720279721,2,N,False
1.0714285714285714,0.04535714285714286,0.0103520339994279,2,C,False
1.0714285714285714,0.04535714285714286,107.926873126873,3,H,True
1.0714285714285714,0.04535714285714286,26.6307447974225,3,S,True
1.0714285714285714,0.04535714285714286,0.00220279720279721,3,N,True
1.0714285714285714,0.04535714285714286,0.0266088291178791,3,C,True
1.0714285714285714,0.05028571428571429,13.4693877551021,0,H,False
1.0714285714285714,0.05028571428571429,0.0,0,S,False
1.0714285714285714,0.05028571428571429,0.0187328571428571,0,N,False
1.0714285714285714,0.05028571428571429,0.152142857142857,0,C,False
1.0714285714285714,0.05028571428571429,13.4693877551021,1,H,True
1.0714285714285714,0.05028571428571429,32.3615357151468,1,S,True
1.0714285714285714,0.05028571428571429,0.0187328571428571,1,N,True
1.0714285714285714,0.05028571428571429,0.00283849918433932,1,C,True
1.0714285714285714,0.05028571428571429,109.281836416314,2,H,False
1.0714285714285714,0.05028571428571429,50.7719447806102,2,S,False
1.0714285714285714,0.05028571428571429,0.00196567862714509,2,N,False
1.0714285714285714,0.05028571428571429,0.0114903210319270,2,C,False
1.0714285714285714,0.05028571428571429,109.281836416314,3,H,True
1.0714285714285714,0.05028571428571429,29.1640928981912,3,S,True
1.0714285714285714,0.05028571428571429,0.00196567862714509,3,N,True
1.0714285714285714,0.05028571428571429,0.0237775747671024,3,C,True
1.0714285714285714,0.055214285714285716,13.4693877551021,0,H,False
1.0714285714285714,0.055214285714285716,0.0,0,S,False
1.0714285714285714,0.055214285714285716,0.0187328571428571,0,N,False
1.0714285714285714,0.055214285714285716,0.152142857142857,0,C,False
1.0714285714285714,0.055214285714285716,13.4693877551021,1,H,True
1.0714285714285714,0.055214285714285716,32.3615357151468,1,S,True
1.0714285714285714,0.055214285714285716,0.0187328571428571,1,N,True
1.0714285714285714,0.055214285714285716,0.00283849918433932,1,C,True
1.0714285714285714,0.055214285714285716,110.373440643863,2,H,False
1.0714285714285714,0.055214285714285716,46.4133726470540,2,S,False
1.0714285714285714,0.055214285714285716,0.00177464788732394,2,N,False
1.0714285714285714,0.055214285714285716,0.0129563024102542,2,C,False
1.0714285714285714,0.055214285714285716,110.373440643863,3,H,True
1.0714285714285714,0.055214285714285716,32.2196894602684,3,S,True
1.0714285714285714,0.055214285714285716,0.00177464788732394,3,N,True
1.0714285714285714,0.055214285714285716,0.0209476816901066,3,C,True
1.0714285714285714,0.06014285714285715,13.4693877551021,0,H,False
1.0714285714285714,0.06014285714285715,0.0,0,S,False
1.0714285714285714,0.06014285714285715,0.0187328571428571,0,N,False
1.0714285714285714,0.06014285714285715,0.152142857142857,0,C,False
1.0714285714285714,0.06014285714285715,13.4693877551021,1,H,True
1.0714285714285714,0.06014285714285715,32.3615357151468,1,S,True
1.0714285714285714,0.06014285714285715,0.0187328571428571,1,N,True
1.0714285714285714,0.06014285714285715,0.00283849918433932,1,C,True
1.0714285714285714,0.06014285714285715,,2,H,False
1.0714285714285714,0.06014285714285715,,2,S,False
1.0714285714285714,0.06014285714285715,,2,N,False
1.0714285714285714,0.06014285714285715,,2,C,False
1.0714285714285714,0.06014285714285715,,3,H,False
1.0714285714285714,0.06014285714285715,,3,S,False
1.0714285714285714,0.06014285714285715,,3,N,False
1.0714285714285714,0.06014285714285715,,3,C,False
1.0714285714285714,0.06507142857142857,13.4693877551021,0,H,False
1.0714285714285714,0.06507142857142857,0.0,0,S,False
1.0714285714285714,0.06507142857142857,0.0187328571428571,0,N,False
1.0714285714285714,0.06507142857142857,0.152142857142857,0,C,False
1.0714285714285714,0.06507142857142857,13.4693877551021,1,H,True
1.0714285714285714,0.06507142857142857,32.3615357151468,1,S,True
1.0714285714285714,0.06507142857142857,0.0187328571428571,1,N,True
1.0714285714285714,0.06507142857142857,0.00283849918433932,1,C,True
1.0714285714285714,0.06507142857142857,,2,H,False
1.0714285714285714,0.06507142857142857,,2,S,False
1.0714285714285714,0.06507142857142857,,2,N,False
1.0714285714285714,0.06507142857142857,,2,C,False
1.0714285714285714,0.06507142857142857,,3,H,False
1.0714285714285714,0.06507142857142857,,3,S,False
1.0714285714285714,0.06507142857142857,,3,N,False
1.0714285714285714,0.06507142857142857,,3,C,False
1.0714285714285714,0.07,13.4693877551021,0,H,False
1.0714285714285714,0.07,0.0,0,S,False
1.0714285714285714,0.07,0.0187328571428571,0,N,False
1.0714285714285714,0.07,0.152142857142857,0,C,False
1.0714285714285714,0.07,13.4693877551021,1,H,True
1.0714285714285714,0.07,32.3615357151468,1,S,True
1.0714285714285714,0.07,0.0187328571428571,1,N,True
1.0714285714285714,0.07,0.00283849918433932,1,C,True
1.0714285714285714,0.07,,2,H,False
1.0714285714285714,0.07,,2,S,False
1.0714285714285714,0.07,,2,N,False
1.0714285714285714,0.07,,2,C,False
1.0714285714285714,0.07,,3,H,False
1.0714285714285714,0.07,,3,S,False
1.0714285714285714,0.07,,3,N,False
1.0714285714285714,0.07,,3,C,False
1.1071428571428572,0.001,11.6326530612245,0,H,True
1.1071428571428572,0.001,0.0,0,S,True
1.1071428571428572,0.001,0.0190542857142857,0,N,True
1.1071428571428572,0.001,0.153214285714286,0,C,True
1.1071428571428572,0.001,,1,H,False
1.1071428571428572,0.001,,1,S,False
1.1071428571428572,0.001,,1,N,False
1.1071428571428572,0.001,,1,C,False
1.1071428571428572,0.001,,2,H,False
1.1071428571428572,0.001,,2,S,False
1.1071428571428572,0.001,,2,N,False
1.1071428571428572,0.001,,2,C,False
1.1071428571428572,0.001,,3,H,False
1.1071428571428572,0.001,,3,S,False
1.1071428571428572,0.001,,3,N,False
1.1071428571428572,0.001,,3,C,False
1.1071428571428572,0.005928571428571429,11.6326530612245,0,H,True
1.1071428571428572,0.005928571428571429,0.0,0,S,True
1.1071428571428572,0.005928571428571429,0.0190542857142857,0,N,True
1.1071428571428572,0.005928571428571429,0.153214285714286,0,C,True
1.1071428571428572,0.005928571428571429,,1,H,False
1.1071428571428572,0.005928571428571429,,1,S,False
1.1071428571428572,0.005928571428571429,,1,N,False
1.1071428571428572,0.005928571428571429,,1,C,False
1.1071428571428572,0.005928571428571429,,2,H,False
1.1071428571428572,0.005928571428571429,,2,S,False
1.1071428571428572,0.005928571428571429,,2,N,False
1.1071428571428572,0.005928571428571429,,2,C,False
1.1071428571428572,0.005928571428571429,,3,H,False
1.1071428571428572,0.005928571428571429,,3,S,False
1.1071428571428572,0.005928571428571429,,3,N,False
1.1071428571428572,0.005928571428571429,,3,C,False
1.1071428571428572,0.010857142857142857,11.6326530612245,0,H,False
1.1071428571428572,0.010857142857142857,0.0,0,S,False
1.1071428571428572,0.010857142857142857,0.0190542857142857,0,N,False
1.1071428571428572,0.010857142857142857,0.153214285714286,0,C,False
1.1071428571428572,0.010857142857142857,11.6326530612245,1,H,True
1.1071428571428572,0.010857142857142857,27.6617483474952,1,S,True
1.1071428571428572,0.010857142857142857,0.0190542857142857,1,N,True
1.1071428571428572,0.010857142857142857,0.00289452166802944,1,C,True
1.1071428571428572,0.010857142857142857,39.6154093097910,2,H,False
1.1071428571428572,0.010857142857142857,73.4488235650741,2,S,False
1.1071428571428572,0.010857142857142857,0.0141573033707865,2,N,False
1.1071428571428572,0.010857142857142857,0.00336549149208808,2,C,False
1.1071428571428572,0.010857142857142857,39.6154093097914,3,H,True
1.1071428571428572,0.010857142857142857,1.77563103024945,3,S,True
1.1071428571428572,0.010857142857142857,0.0141573033707865,3,N,True
1.1071428571428572,0.010857142857142857,0.117734363350030,3,C,True
1.1071428571428572,0.01578571428571429,11.6326530612245,0,H,False
1.1071428571428572,0.01578571428571429,0.0,0,S,False
1.1071428571428572,0.01578571428571429,0.0190542857142857,0,N,False
1.1071428571428572,0.01578571428571429,0.153214285714286,0,C,False
1.1071428571428572,0.01578571428571429,11.6326530612245,1,H,True
1.1071428571428572,0.01578571428571429,27.6617483474952,1,S,True
1.1071428571428572,0.01578571428571429,0.0190542857142857,1,N,True
1.1071428571428572,0.01578571428571429,0.00289452166802944,1,C,True
1.1071428571428572,0.01578571428571429,74.9446654611209,2,H,False
1.1071428571428572,0.01578571428571429,88.5511739620927,2,S,False
1.1071428571428572,0.01578571428571429,0.00797468354430382,2,N,False
1.1071428571428572,0.01578571428571429,0.00465917513391340,2,C,False
1.1071428571428572,0.01578571428571429,74.9446654611210,3,H,True
1.1071428571428572,0.01578571428571429,8.42898800613532,3,S,True
1.1071428571428572,0.01578571428571429,0.00797468354430382,3,N,True
1.1071428571428572,0.01578571428571429,0.0722405930228294,3,C,True
1.1071428571428572,0.020714285714285716,11.6326530612245,0,H,False
1.1071428571428572,0.020714285714285716,0.0,0,S,False
1.1071428571428572,0.020714285714285716,0.0190542857142857,0,N,False
1.1071428571428572,0.020714285714285716,0.153214285714286,0,C,False
1.1071428571428572,0.020714285714285716,11.6326530612245,1,H,True
1.1071428571428572,0.020714285714285716,27.6617483474952,1,S,True
1.1071428571428572,0.020714285714285716,0.0190542857142857,1,N,True
1.1071428571428572,0.020714285714285716,0.00289452166802944,1,C,True
1.1071428571428572,0.020714285714285716,88.7962240402770,2,H,False
1.1071428571428572,0.020714285714285716,80.5762379817093,2,S,False
1.1071428571428572,0.020714285714285716,0.00555066079295154,2,N,False
1.1071428571428572,0.020714285714285716,0.00582766542932691,2,C,False
1.1071428571428572,0.020714285714285716,88.7962240402770,3,H,True
1.1071428571428572,0.020714285714285716,13.2708643289123,3,S,True
1.1071428571428572,0.020714285714285716,0.00555066079295154,3,N,True
1.1071428571428572,0.020714285714285716,0.0537425533221364,3,C,True
1.1071428571428572,0.025642857142857144,11.6326530612245,0,H,False
1.1071428571428572,0.025642857142857144,0.0,0,S,False
1.1071428571428572,0.025642857142857144,0.0190542857142857,0,N,False
1.1071428571428572,0.025642857142857144,0.153214285714286,0,C,False
1.1071428571428572,0.025642857142857144,11.6326530612245,1,H,True
1.1071428571428572,0.025642857142857144,27.6617483474952,1,S,True
1.1071428571428572,0.025642857142857144,0.0190542857142857,1,N,True
1.1071428571428572,0.025642857142857144,0.00289452166802944,1,C,True
1.1071428571428572,0.025642857142857144,96.1899613899615,2,H,False
1.1071428571428572,0.025642857142857144,72.4816690533570,2,S,False
1.1071428571428572,0.025642857142857144,0.00425675675675675,2,N,False
1.1071428571428572,0.025642857142857144,0.00693046364108122,2,C,False
1.1071428571428572,0.025642857142857144,96.1899613899615,3,H,True
1.1071428571428572,0.025642857142857144,17.0037744685691,3,S,True
1.1071428571428572,0.025642857142857144,0.00425675675675675,3,N,True
1.1071428571428572,0.025642857142857144,0.0433895226575640,3,C,True
1.1071428571428572,0.030571428571428576,11.6326530612245,0,H,False
1.1071428571428572,0.030571428571428576,0.0,0,S,False
1.1071428571428572,0.030571428571428576,0.0190542857142857,0,N,False
1.1071428571428572,0.030571428571428576,0.153214285714286,0,C,False
1.1071428571428572,0.030571428571428576,11.6326530612245,1,H,True
1.1071428571428572,0.030571428571428576,27.6617483474952,1,S,True
1.1071428571428572,0.030571428571428576,0.0190542857142857,1,N,True
1.1071428571428572,0.030571428571428576,0.00289452166802944,1,C,True
1.1071428571428572,0.030571428571428576,100.788258317026,2,H,False
1.1071428571428572,0.030571428571428576,65.6651372857027,2,S,False
1.1071428571428572,0.030571428571428576,0.00345205479452054,2,N,False
1.1071428571428572,0.030571428571428576,0.00801431041324142,2,C,False
1.1071428571428572,0.030571428571428576,100.788258317026,3,H,True
1.1071428571428572,0.030571428571428576,20.1636532366018,3,S,True
1.1071428571428572,0.030571428571428576,0.00345205479452054,3,N,True
1.1071428571428572,0.030571428571428576,0.0365527915928293,3,C,True
1.1071428571428572,0.035500000000000004,11.6326530612245,0,H,False
1.1071428571428572,0.035500000000000004,0.0,0,S,False
1.1071428571428572,0.035500000000000004,0.0190542857142857,0,N,False
1.1071428571428572,0.035500000000000004,0.153214285714286,0,C,False
1.1071428571428572,0.035500000000000004,11.6326530612245,1,H,True
1.1071428571428572,0.035500000000000004,27.6617483474952,1,S,True
1.1071428571428572,0.035500000000000004,0.0190542857142857,1,N,True
1.1071428571428572,0.035500000000000004,0.00289452166802944,1,C,True
1.1071428571428572,0.035500000000000004,103.924423963134,2,H,False
1.1071428571428572,0.035500000000000004,59.8640181417672,2,S,False
1.1071428571428572,0.035500000000000004,0.00290322580645161,2,N,False
1.1071428571428572,0.035500000000000004,0.00912696509654228,2,C,False
1.1071428571428572,0.035500000000000004,103.924423963134,3,H,True
1.1071428571428572,0.035500000000000004,23.0555561118528,3,S,True
1.1071428571428572,0.035500000000000004,0.00290322580645161,3,N,True
1.1071428571428572,0.035500000000000004,0.0315165107560676,3,C,True
1.1071428571428572,0.04042857142857143,11.6326530612245,0,H,False
1.1071428571428572,0.04042857142857143,0.0,0,S,False
1.1071428571428572,0.04042857142857143,0.0190542857142857,0,N,False
1.1071428571428572,0.04042857142857143,0.153214285714286,0,C,False
1.1071428571428572,0.04042857142857143,11.6326530612245,1,H,True
1.1071428571428572,0.04042857142857143,27.6617483474952,1,S,True
1.1071428571428572,0.04042857142857143,0.0190542857142857,1,N,True
1.1071428571428572,0.04042857142857143,0.00289452166802944,1,C,True
1.1071428571428572,0.04042857142857143,106.200170406135,2,H,False
1.1071428571428572,0.04042857142857143,54.6854535407049,2,S,False
1.1071428571428572,0.04042857142857143,0.00250497017892644,2,N,False
1.1071428571428572,0.04042857142857143,0.0103347025060603,2,C,False
1.1071428571428572,0.04042857142857143,106.200170406135,3,H,True
1.1071428571428572,0.04042857142857143,25.9122040602489,3,S,True
1.1071428571428572,0.04042857142857143,0.00250497017892644,3,N,True
1.1071428571428572,0.04042857142857143,0.0274616092391674,3,C,True
1.1071428571428572,0.04535714285714286,11.6326530612245,0,H,False
1.1071428571428572,0.04535714285714286,0.0,0,S,False
1.1071428571428572,0.04535714285714286,0.0190542857142857,0,N,False
1.1071428571428572,0.04535714285714286,0.153214285714286,0,C,False
1.1071428571428572,0.04535714285714286,11.6326530612245,1,H,True
1.1071428571428572,0.04535714285714286,27.6617483474952,1,S,True
1.1071428571428572,0.04535714285714286,0.0190542857142857,1,N,True
1.1071428571428572,0.04535714285714286,0.00289452166802944,1,C,True
1.1071428571428572,0.04535714285714286,107.926873126873,2,H,False
1.1071428571428572,0.04535714285714286,49.6863048857706,2,S,False
1.1071428571428572,0.04535714285714286,0.00220279720279721,2,N,False
1.1071428571428572,0.04535714285714286,0.0117690622213393,2,C,False
1.1071428571428572,0.04535714285714286,107.926873126873,3,H,True
1.1071428571428572,0.04535714285714286,29.0313001586938,3,S,True
1.1071428571428572,0.04535714285714286,0.00220279720279721,3,N,True
1.1071428571428572,0.04535714285714286,0.0238669886452102,3,C,True
1.1071428571428572,0.05028571428571429,11.6326530612245,0,H,False
1.1071428571428572,0.05028571428571429,0.0,0,S,False
1.1071428571428572,0.05028571428571429,0.0190542857142857,0,N,False
1.1071428571428572,0.05028571428571429,0.153214285714286,0,C,False
1.1071428571428572,0.05028571428571429,11.6326530612245,1,H,True
1.1071428571428572,0.05028571428571429,27.6617483474952,1,S,True
1.1071428571428572,0.05028571428571429,0.0190542857142857,1,N,True
1.1071428571428572,0.05028571428571429,0.00289452166802944,1,C,True
1.1071428571428572,0.05028571428571429,109.281836416314,2,H,False
1.1071428571428572,0.05028571428571429,43.8832383580582,2,S,False
1.1071428571428572,0.05028571428571429,0.00196567862714509,2,N,False
1.1071428571428572,0.05028571428571429,0.0139058959391040,2,C,False
1.1071428571428572,0.05028571428571429,109.281836416314,3,H,True
1.1071428571428572,0.05028571428571429,33.2875817549200,3,S,True
1.1071428571428572,0.05028571428571429,0.00196567862714509,3,N,True
1.1071428571428572,0.05028571428571429,0.0200349736139119,3,C,True
1.1071428571428572,0.055214285714285716,11.6326530612245,0,H,False
1.1071428571428572,0.055214285714285716,0.0,0,S,False
1.1071428571428572,0.055214285714285716,0.0190542857142857,0,N,False
1.1071428571428572,0.055214285714285716,0.153214285714286,0,C,False
1.1071428571428572,0.055214285714285716,11.6326530612245,1,H,True
1.1071428571428572,0.055214285714285716,27.6617483474952,1,S,True
1.1071428571428572,0.055214285714285716,0.0190542857142857,1,N,True
1.1071428571428572,0.055214285714285716,0.00289452166802944,1,C,True
1.1071428571428572,0.055214285714285716,,2,H,False
1.1071428571428572,0.055214285714285716,,2,S,False
1.1071428571428572,0.055214285714285716,,2,N,False
1.1071428571428572,0.055214285714285716,,2,C,False
1.1071428571428572,0.055214285714285716,,3,H,False
1.1071428571428572,0.055214285714285716,,3,S,False
1.1071428571428572,0.055214285714285716,,3,N,False
1.1071428571428572,0.055214285714285716,,3,C,False
1.1071428571428572,0.06014285714285715,11.6326530612245,0,H,False
1.1071428571428572,0.06014285714285715,0.0,0,S,False
1.1071428571428572,0.06014285714285715,0.0190542857142857,0,N,False
1.1071428571428572,0.06014285714285715,0.153214285714286,0,C,False
1.1071428571428572,0.06014285714285715,11.6326530612245,1,H,True
1.1071428571428572,0.06014285714285715,27.6617483474952,1,S,True
1.1071428571428572,0.06014285714285715,0.0190542857142857,1,N,True
1.1071428571428572,0.06014285714285715,0.00289452166802944,1,C,True
1.1071428571428572,0.06014285714285715,,2,H,False
1.1071428571428572,0.06014285714285715,,2,S,False
1.1071428571428572,0.06014285714285715,,2,N,False
1.1071428571428572,0.06014285714285715,,2,C,False
1.1071428571428572,0.06014285714285715,,3,H,False
1.1071428571428572,0.06014285714285715,,3,S,False
1.1071428571428572,0.06014285714285715,,3,N,False
1.1071428571428572,0.06014285714285715,,3,C,False
1.1071428571428572,0.06507142857142857,11.6326530612245,0,H,False
1.1071428571428572,0.06507142857142857,0.0,0,S,False
1.1071428571428572,0.06507142857142857,0.0190542857142857,0,N,False
1.1071428571428572,0.06507142857142857,0.153214285714286,0,C,False
1.1071428571428572,0.06507142857142857,11.6326530612245,1,H,True
1.1071428571428572,0.06507142857142857,27.6617483474952,1,S,True
1.1071428571428572,0.06507142857142857,0.0190542857142857,1,N,True
1.1071428571428572,0.06507142857142857,0.00289452166802944,1,C,True
1.1071428571428572,0.06507142857142857,,2,H,False
1.1071428571428572,0.06507142857142857,,2,S,False
1.1071428571428572,0.06507142857142857,,2,N,False
1.1071428571428572,0.06507142857142857,,2,C,False
1.1071428571428572,0.06507142857142857,,3,H,False
1.1071428571428572,0.06507142857142857,,3,S,False
1.1071428571428572,0.06507142857142857,,3,N,False
1.1071428571428572,0.06507142857142857,,3,C,False
1.1071428571428572,0.07,11.6326530612245,0,H,False
1.1071428571428572,0.07,0.0,0,S,False
1.1071428571428572,0.07,0.0190542857142857,0,N,False
1.1071428571428572,0.07,0.153214285714286,0,C,False
1.1071428571428572,0.07,11.6326530612245,1,H,True
1.1071428571428572,0.07,27.6617483474952,1,S,True
1.1071428571428572,0.07,0.0190542857142857,1,N,True
1.1071428571428572,0.07,0.00289452166802944,1,C,True
1.1071428571428572,0.07,,2,H,False
1.1071428571428572,0.07,,2,S,False
1.1071428571428572,0.07,,2,N,False
1.1071428571428572,0.07,,2,C,False
1.1071428571428572,0.07,,3,H,False
1.1071428571428572,0.07,,3,S,False
1.1071428571428572,0.07,,3,N,False
1.1071428571428572,0.07,,3,C,False
1.1428571428571428,0.001,9.79591836734694,0,H,True
1.1428571428571428,0.001,0.0,0,S,True
1.1428571428571428,0.001,0.0193757142857143,0,N,True
1.1428571428571428,0.001,0.154285714285714,0,C,True
1.1428571428571428,0.001,,1,H,False
1.1428571428571428,0.001,,1,S,False
1.1428571428571428,0.001,,1,N,False
1.1428571428571428,0.001,,1,C,False
1.1428571428571428,0.001,,2,H,False
1.1428571428571428,0.001,,2,S,False
1.1428571428571428,0.001,,2,N,False
1.1428571428571428,0.001,,2,C,False
1.1428571428571428,0.001,,3,H,False
1.1428571428571428,0.001,,3,S,False
1.1428571428571428,0.001,,3,N,False
1.1428571428571428,0.001,,3,C,False
1.1428571428571428,0.005928571428571429,9.79591836734694,0,H,True
1.1428571428571428,0.005928571428571429,0.0,0,S,True
1.1428571428571428,0.005928571428571429,0.0193757142857143,0,N,True
1.1428571428571428,0.005928571428571429,0.154285714285714,0,C,True
1.1428571428571428,0.005928571428571429,,1,H,False
1.1428571428571428,0.005928571428571429,,1,S,False
1.1428571428571428,0.005928571428571429,,1,N,False
1.1428571428571428,0.005928571428571429,,1,C,False
1.1428571428571428,0.005928571428571429,,2,H,False
1.1428571428571428,0.005928571428571429,,2,S,False
1.1428571428571428,0.005928571428571429,,2,N,False
1.1428571428571428,0.005928571428571429,,2,C,False
1.1428571428571428,0.005928571428571429,,3,H,False
1.1428571428571428,0.005928571428571429,,3,S,False
1.1428571428571428,0.005928571428571429,,3,N,False
1.1428571428571428,0.005928571428571429,,3,C,False
1.1428571428571428,0.010857142857142857,9.79591836734694,0,H,False
1.1428571428571428,0.010857142857142857,0.0,0,S,False
1.1428571428571428,0.010857142857142857,0.0193757142857143,0,N,False
1.1428571428571428,0.010857142857142857,0.154285714285714,0,C,False
1.1428571428571428,0.010857142857142857,9.79591836734694,1,H,True
1.1428571428571428,0.010857142857142857,23.0605553696889,1,S,True
1.1428571428571428,0.010857142857142857,0.0193757142857143,1,N,True
1.1428571428571428,0.010857142857142857,0.00295081967213115,1,C,True
1.1428571428571428,0.010857142857142857,39.6154093097910,2,H,False
1.1428571428571428,0.010857142857142857,71.5000415480304,2,S,False
1.1428571428571428,0.010857142857142857,0.0141573033707865,2,N,False
1.1428571428571428,0.010857142857142857,0.00346996080128174,2,C,False
1.1428571428571428,0.010857142857142857,39.6154093097913,3,H,True
1.1428571428571428,0.010857142857142857,1.90145241255836,3,S,True
1.1428571428571428,0.010857142857142857,0.0141573033707865,3,N,True
1.1428571428571428,0.010857142857142857,0.116410735459540,3,C,True
1.1428571428571428,0.01578571428571429,9.79591836734694,0,H,False
1.1428571428571428,0.01578571428571429,0.0,0,S,False
1.1428571428571428,0.01578571428571429,0.0193757142857143,0,N,False
1.1428571428571428,0.01578571428571429,0.154285714285714,0,C,False
1.1428571428571428,0.01578571428571429,9.79591836734694,1,H,True
1.1428571428571428,0.01578571428571429,23.0605553696889,1,S,True
1.1428571428571428,0.01578571428571429,0.0193757142857143,1,N,True
1.1428571428571428,0.01578571428571429,0.00295081967213115,1,C,True
1.1428571428571428,0.01578571428571429,74.9446654611208,2,H,False
1.1428571428571428,0.01578571428571429,85.6058841040932,2,S,False
1.1428571428571428,0.01578571428571429,0.00797468354430382,2,N,False
1.1428571428571428,0.01578571428571429,0.00484819390589761,2,C,False
1.1428571428571428,0.01578571428571429,74.9446654611210,3,H,True
1.1428571428571428,0.01578571428571429,8.74871877157911,3,S,True
1.1428571428571428,0.01578571428571429,0.00797468354430382,3,N,True
1.1428571428571428,0.01578571428571429,0.0707744041434904,3,C,True
1.1428571428571428,0.020714285714285716,9.79591836734694,0,H,False
1.1428571428571428,0.020714285714285716,0.0,0,S,False
1.1428571428571428,0.020714285714285716,0.0193757142857143,0,N,False
1.1428571428571428,0.020714285714285716,0.154285714285714,0,C,False
1.1428571428571428,0.020714285714285716,9.79591836734694,1,H,True
1.1428571428571428,0.020714285714285716,23.0605553696889,1,S,True
1.1428571428571428,0.020714285714285716,0.0193757142857143,1,N,True
1.1428571428571428,0.020714285714285716,0.00295081967213115,1,C,True
1.1428571428571428,0.020714285714285716,88.7962240402769,2,H,False
1.1428571428571428,0.020714285714285716,77.3458082584214,2,S,False
1.1428571428571428,0.020714285714285716,0.00555066079295154,2,N,False
1.1428571428571428,0.020714285714285716,0.00612272287654364,2,C,False
1.1428571428571428,0.020714285714285716,88.7962240402769,3,H,True
1.1428571428571428,0.020714285714285716,13.7728407180059,3,S,True
1.1428571428571428,0.020714285714285716,0.00555066079295154,3,N,True
1.1428571428571428,0.020714285714285716,0.0521475811604319,3,C,True
1.1428571428571428,0.025642857142857144,9.79591836734694,0,H,False
1.1428571428571428,0.025642857142857144,0.0,0,S,False
1.1428571428571428,0.025642857142857144,0.0193757142857143,0,N,False
1.1428571428571428,0.025642857142857144,0.154285714285714,0,C,False
1.1428571428571428,0.025642857142857144,9.79591836734694,1,H,True
1.1428571428571428,0.025642857142857144,23.0605553696889,1,S,True
1.1428571428571428,0.025642857142857144,0.0193757142857143,1,N,True
1.1428571428571428,0.025642857142857144,0.00295081967213115,1,C,True
1.1428571428571428,0.025642857142857144,96.1899613899615,2,H,False
1.1428571428571428,0.025642857142857144,69.0264779627802,2,S,False
1.1428571428571428,0.025642857142857144,0.00425675675675675,2,N,False
1.1428571428571428,0.025642857142857144,0.00736086014615013,2,C,False
1.1428571428571428,0.025642857142857144,96.1899613899614,3,H,True
1.1428571428571428,0.025642857142857144,17.7244226080735,3,S,True
1.1428571428571428,0.025642857142857144,0.00425675675675675,3,N,True
1.1428571428571428,0.025642857142857144,0.0416470707355512,3,C,True
1.1428571428571428,0.030571428571428576,9.79591836734694,0,H,False
1.1428571428571428,0.030571428571428576,0.0,0,S,False
1.1428571428571428,0.030571428571428576,0.0193757142857143,0,N,False
1.1428571428571428,0.030571428571428576,0.154285714285714,0,C,False
1.1428571428571428,0.030571428571428576,9.79591836734694,1,H,True
1.1428571428571428,0.030571428571428576,23.0605553696889,1,S,True
1.1428571428571428,0.030571428571428576,0.0193757142857143,1,N,True
1.1428571428571428,0.030571428571428576,0.00295081967213115,1,C,True
1.1428571428571428,0.030571428571428576,100.788258317025,2,H,False
1.1428571428571428,0.030571428571428576,61.9320088483248,2,S,False
1.1428571428571428,0.030571428571428576,0.00345205479452054,2,N,False
1.1428571428571428,0.030571428571428576,0.00862592832674079,2,C,False
1.1428571428571428,0.030571428571428576,100.788258317025,3,H,True
1.1428571428571428,0.030571428571428576,21.1755943051157,3,S,True
1.1428571428571428,0.030571428571428576,0.00345205479452054,3,N,True
1.1428571428571428,0.030571428571428576,0.0346215677433243,3,C,True
1.1428571428571428,0.035500000000000004,9.79591836734694,0,H,False
1.1428571428571428,0.035500000000000004,0.0,0,S,False
1.1428571428571428,0.035500000000000004,0.0193757142857143,0,N,False
1.1428571428571428,0.035500000000000004,0.154285714285714,0,C,False
1.1428571428571428,0.035500000000000004,9.79591836734694,1,H,True
1.1428571428571428,0.035500000000000004,23.0605553696889,1,S,True
1.1428571428571428,0.035500000000000004,0.0193757142857143,1,N,True
1.1428571428571428,0.035500000000000004,0.00295081967213115,1,C,True
1.1428571428571428,0.035500000000000004,103.924423963134,2,H,False
1.1428571428571428,0.035500000000000004,55.7180364536650,2,S,False
1.1428571428571428,0.035500000000000004,0.00290322580645161,2,N,False
1.1428571428571428,0.035500000000000004,0.0100029841710043,2,C,False
1.1428571428571428,0.035500000000000004,103.924423963134,3,H,True
1.1428571428571428,0.035500000000000004,24.4970001802083,3,S,True
1.1428571428571428,0.035500000000000004,0.00290322580645161,3,N,True
1.1428571428571428,0.035500000000000004,0.0293157360828296,3,C,True
1.1428571428571428,0.04042857142857143,9.79591836734694,0,H,False
1.1428571428571428,0.04042857142857143,0.0,0,S,False
1.1428571428571428,0.04042857142857143,0.0193757142857143,0,N,False
1.1428571428571428,0.04042857142857143,0.154285714285714,0,C,False
1.1428571428571428,0.04042857142857143,9.79591836734694,1,H,True
1.1428571428571428,0.04042857142857143,23.0605553696889,1,S,True
1.1428571428571428,0.04042857142857143,0.0193757142857143,1,N,True
1.1428571428571428,0.04042857142857143,0.00295081967213115,1,C,True
1.1428571428571428,0.04042857142857143,106.200170406135,2,H,False
1.1428571428571428,0.04042857142857143,49.8060334535551,2,S,False
1.1428571428571428,0.04042857142857143,0.00250497017892644,2,N,False
1.1428571428571428,0.04042857142857143,0.0116652046213896,2,C,False
1.1428571428571428,0.04042857142857143,106.200170406135,3,H,True
1.1428571428571428,0.04042857142857143,28.1029971923668,3,S,True
1.1428571428571428,0.04042857142857143,0.00250497017892644,3,N,True
1.1428571428571428,0.04042857142857143,0.0248026146922368,3,C,True
1.1428571428571428,0.04535714285714286,9.79591836734694,0,H,False
1.1428571428571428,0.04535714285714286,0.0,0,S,False
1.1428571428571428,0.04535714285714286,0.0193757142857143,0,N,False
1.1428571428571428,0.04535714285714286,0.154285714285714,0,C,False
1.1428571428571428,0.04535714285714286,9.79591836734694,1,H,True
1.1428571428571428,0.04535714285714286,23.0605553696889,1,S,True
1.1428571428571428,0.04535714285714286,0.0193757142857143,1,N,True
1.1428571428571428,0.04535714285714286,0.00295081967213115,1,C,True
1.1428571428571428,0.04535714285714286,107.926873126873,2,H,False
1.1428571428571428,0.04535714285714286,42.7248495330119,2,S,False
1.1428571428571428,0.04535714285714286,0.00220279720279721,2,N,False
1.1428571428571428,0.04535714285714286,0.0143509110194255,2,C,False
1.1428571428571428,0.04535714285714286,107.926873126873,3,H,True
1.1428571428571428,0.04535714285714286,33.3183491367580,3,S,True
1.1428571428571428,0.04535714285714286,0.00220279720279721,3,N,True
1.1428571428571428,0.04535714285714286,0.0199538121262813,3,C,True
1.1428571428571428,0.05028571428571429,9.79591836734694,0,H,False
1.1428571428571428,0.05028571428571429,0.0,0,S,False
1.1428571428571428,0.05028571428571429,0.0193757142857143,0,N,False
1.1428571428571428,0.05028571428571429,0.154285714285714,0,C,False
1.1428571428571428,0.05028571428571429,9.79591836734694,1,H,True
1.1428571428571428,0.05028571428571429,23.0605553696889,1,S,True
1.1428571428571428,0.05028571428571429,0.0193757142857143,1,N,True
1.1428571428571428,0.05028571428571429,0.00295081967213115,1,C,True
1.1428571428571428,0.05028571428571429,,2,H,False
1.1428571428571428,0.05028571428571429,,2,S,False
1.1428571428571428,0.05028571428571429,,2,N,False
1.1428571428571428,0.05028571428571429,,2,C,False
1.1428571428571428,0.05028571428571429,,3,H,False
1.1428571428571428,0.05028571428571429,,3,S,False
1.1428571428571428,0.05028571428571429,,3,N,False
1.1428571428571428,0.05028571428571429,,3,C,False
1.1428571428571428,0.055214285714285716,9.79591836734694,0,H,False
1.1428571428571428,0.055214285714285716,0.0,0,S,False
1.1428571428571428,0.055214285714285716,0.0193757142857143,0,N,False
1.1428571428571428,0.055214285714285716,0.154285714285714,0,C,False
1.1428571428571428,0.055214285714285716,9.79591836734694,1,H,True
1.1428571428571428,0.055214285714285716,23.0605553696889,1,S,True
1.1428571428571428,0.055214285714285716,0.0193757142857143,1,N,True
1.1428571428571428,0.055214285714285716,0.00295081967213115,1,C,True
1.1428571428571428,0.055214285714285716,,2,H,False
1.1428571428571428,0.055214285714285716,,2,S,False
1.1428571428571428,0.055214285714285716,,2,N,False
1.1428571428571428,0.055214285714285716,,2,C,False
1.1428571428571428,0.055214285714285716,,3,H,False
1.1428571428571428,0.055214285714285716,,3,S,False
1.1428571428571428,0.055214285714285716,,3,N,False
1.1428571428571428,0.055214285714285716,,3,C,False
1.1428571428571428,0.06014285714285715,9.79591836734694,0,H,False
1.1428571428571428,0.06014285714285715,0.0,0,S,False
1.1428571428571428,0.06014285714285715,0.0193757142857143,0,N,False
1.1428571428571428,0.06014285714285715,0.154285714285714,0,C,False
1.1428571428571428,0.06014285714285715,9.79591836734694,1,H,True
1.1428571428571428,0.06014285714285715,23.0605553696889,1,S,True
1.1428571428571428,0.06014285714285715,0.0193757142857143,1,N,True
1.1428571428571428,0.06014285714285715,0.00295081967213115,1,C,True
1.1428571428571428,0.06014285714285715,,2,H,False
1.1428571428571428,0.06014285714285715,,2,S,False
1.1428571428571428,0.06014285714285715,,2,N,False
1.1428571428571428,0.06014285714285715,,2,C,False
1.1428571428571428,0.06014285714285715,,3,H,False
1.1428571428571428,0.06014285714285715,,3,S,False
1.1428571428571428,0.06014285714285715,,3,N,False
1.1428571428571428,0.06014285714285715,,3,C,False
1.1428571428571428,0.06507142857142857,9.79591836734694,0,H,False
1.1428571428571428,0.06507142857142857,0.0,0,S,False
1.1428571428571428,0.06507142857142857,0.0193757142857143,0,N,False
1.1428571428571428,0.06507142857142857,0.154285714285714,0,C,False
1.1428571428571428,0.06507142857142857,9.79591836734694,1,H,True
1.1428571428571428,0.06507142857142857,23.0605553696889,1,S,True
1.1428571428571428,0.06507142857142857,0.0193757142857143,1,N,True
1.1428571428571428,0.06507142857142857,0.00295081967213115,1,C,True
1.1428571428571428,0.06507142857142857,,2,H,False
1.1428571428571428,0.06507142857142857,,2,S,False
1.1428571428571428,0.06507142857142857,,2,N,False
1.1428571428571428,0.06507142857142857,,2,C,False
1.1428571428571428,0.06507142857142857,,3,H,False
1.1428571428571428,0.06507142857142857,,3,S,False
1.1428571428571428,0.06507142857142857,,3,N,False
1.1428571428571428,0.06507142857142857,,3,C,False
1.1428571428571428,0.07,9.79591836734694,0,H,False
1.1428571428571428,0.07,0.0,0,S,False
1.1428571428571428,0.07,0.0193757142857143,0,N,False
1.1428571428571428,0.07,0.154285714285714,0,C,False
1.1428571428571428,0.07,9.79591836734694,1,H,True
1.1428571428571428,0.07,23.0605553696889,1,S,True
1.1428571428571428,0.07,0.0193757142857143,1,N,True
1.1428571428571428,0.07,0.00295081967213115,1,C,True
1.1428571428571428,0.07,,2,H,False
1.1428571428571428,0.07,,2,S,False
1.1428571428571428,0.07,,2,N,False
1.1428571428571428,0.07,,2,C,False
1.1428571428571428,0.07,,3,H,False
1.1428571428571428,0.07,,3,S,False
1.1428571428571428,0.07,,3,N,False
1.1428571428571428,0.07,,3,C,False
1.1785714285714286,0.001,7.95918367346940,0,H,True
1.1785714285714286,0.001,0.0,0,S,True
1.1785714285714286,0.001,0.0196971428571429,0,N,True
1.1785714285714286,0.001,0.155357142857143,0,C,True
1.1785714285714286,0.001,,1,H,False
1.1785714285714286,0.001,,1,S,False
1.1785714285714286,0.001,,1,N,False
1.1785714285714286,0.001,,1,C,False
1.1785714285714286,0.001,,2,H,False
1.1785714285714286,0.001,,2,S,False
1.1785714285714286,0.001,,2,N,False
1.1785714285714286,0.001,,2,C,False
1.1785714285714286,0.001,,3,H,False
1.1785714285714286,0.001,,3,S,False
1.1785714285714286,0.001,,3,N,False
1.1785714285714286,0.001,,3,C,False
1.1785714285714286,0.005928571428571429,7.95918367346940,0,H,True
1.1785714285714286,0.005928571428571429,0.0,0,S,True
1.1785714285714286,0.005928571428571429,0.0196971428571429,0,N,True
1.1785714285714286,0.005928571428571429,0.155357142857143,0,C,True
1.1785714285714286,0.005928571428571429,,1,H,False
1.1785714285714286,0.005928571428571429,,1,S,False
1.1785714285714286,0.005928571428571429,,1,N,False
1.1785714285714286,0.005928571428571429,,1,C,False
1.1785714285714286,0.005928571428571429,,2,H,False
1.1785714285714286,0.005928571428571429,,2,S,False
1.1785714285714286,0.005928571428571429,,2,N,False
1.1785714285714286,0.005928571428571429,,2,C,False
1.1785714285714286,0.005928571428571429,,3,H,False
1.1785714285714286,0.005928571428571429,,3,S,False
1.1785714285714286,0.005928571428571429,,3,N,False
1.1785714285714286,0.005928571428571429,,3,C,False
1.1785714285714286,0.010857142857142857,7.95918367346940,0,H,False
1.1785714285714286,0.010857142857142857,0.0,0,S,False
1.1785714285714286,0.010857142857142857,0.0196971428571429,0,N,False
1.1785714285714286,0.010857142857142857,0.155357142857143,0,C,False
1.1785714285714286,0.010857142857142857,7.95918367346940,1,H,True
1.1785714285714286,0.010857142857142857,18.5531308580655,1,S,True
1.1785714285714286,0.010857142857142857,0.0196971428571429,1,N,True
1.1785714285714286,0.010857142857142857,0.00300739523418242,1,C,True
1.1785714285714286,0.010857142857142857,39.6154093097910,2,H,False
1.1785714285714286,0.010857142857142857,69.6133273166472,2,S,False
1.1785714285714286,0.010857142857142857,0.0141573033707865,2,N,False
1.1785714285714286,0.010857142857142857,0.00357744379461854,2,C,False
1.1785714285714286,0.010857142857142857,39.6154093097913,3,H,True
1.1785714285714286,0.010857142857142857,2.02861848540782,3,S,True
1.1785714285714286,0.010857142857142857,0.0141573033707865,3,N,True
1.1785714285714286,0.010857142857142857,0.115078083242764,3,C,True
1.1785714285714286,0.01578571428571429,7.95918367346940,0,H,False
1.1785714285714286,0.01578571428571429,0.0,0,S,False
1.1785714285714286,0.01578571428571429,0.0196971428571429,0,N,False
1.1785714285714286,0.01578571428571429,0.155357142857143,0,C,False
1.1785714285714286,0.01578571428571429,7.95918367346940,1,H,True
1.1785714285714286,0.01578571428571429,18.5531308580655,1,S,True
1.1785714285714286,0.01578571428571429,0.0196971428571429,1,N,True
1.1785714285714286,0.01578571428571429,0.00300739523418242,1,C,True
1.1785714285714286,0.01578571428571429,74.9446654611208,2,H,False
1.1785714285714286,0.01578571428571429,82.7461275507734,2,S,False
1.1785714285714286,0.01578571428571429,0.00797468354430382,2,N,False
1.1785714285714286,0.01578571428571429,0.00504683475028105,2,C,False
1.1785714285714286,0.01578571428571429,74.9446654611210,3,H,True
1.1785714285714286,0.01578571428571429,9.07622046763423,3,S,True
1.1785714285714286,0.01578571428571429,0.00797468354430382,3,N,True
1.1785714285714286,0.01578571428571429,0.0692922965437291,3,C,True
1.1785714285714286,0.020714285714285716,7.95918367346940,0,H,False
1.1785714285714286,0.020714285714285716,0.0,0,S,False
1.1785714285714286,0.020714285714285716,0.0196971428571429,0,N,False
1.1785714285714286,0.020714285714285716,0.155357142857143,0,C,False
1.1785714285714286,0.020714285714285716,7.95918367346940,1,H,True
1.1785714285714286,0.020714285714285716,18.5531308580655,1,S,True
1.1785714285714286,0.020714285714285716,0.0196971428571429,1,N,True
1.1785714285714286,0.020714285714285716,0.00300739523418242,1,C,True
1.1785714285714286,0.020714285714285716,88.7962240402770,2,H,False
1.1785714285714286,0.020714285714285716,74.1901087927403,2,S,False
1.1785714285714286,0.020714285714285716,0.00555066079295154,2,N,False
1.1785714285714286,0.020714285714285716,0.00644073392687694,2,C,False
1.1785714285714286,0.020714285714285716,88.7962240402769,3,H,True
1.1785714285714286,0.020714285714285716,14.2982515048189,3,S,True
1.1785714285714286,0.020714285714285716,0.00555066079295154,3,N,True
1.1785714285714286,0.020714285714285716,0.0505232466131235,3,C,True
1.1785714285714286,0.025642857142857144,7.95918367346940,0,H,False
1.1785714285714286,0.025642857142857144,0.0,0,S,False
1.1785714285714286,0.025642857142857144,0.0196971428571429,0,N,False
1.1785714285714286,0.025642857142857144,0.155357142857143,0,C,False
1.1785714285714286,0.025642857142857144,7.95918367346940,1,H,True
1.1785714285714286,0.025642857142857144,18.5531308580655,1,S,True
1.1785714285714286,0.025642857142857144,0.0196971428571429,1,N,True
1.1785714285714286,0.025642857142857144,0.00300739523418242,1,C,True
1.1785714285714286,0.025642857142857144,96.1899613899615,2,H,False
1.1785714285714286,0.025642857142857144,65.6120745654865,2,S,False
1.1785714285714286,0.025642857142857144,0.00425675675675675,2,N,False
1.1785714285714286,0.025642857142857144,0.00784051557328534,2,C,False
1.1785714285714286,0.025642857142857144,96.1899613899614,3,H,True
1.1785714285714286,0.025642857142857144,18.5034604763127,3,S,True
1.1785714285714286,0.025642857142857144,0.00425675675675675,3,N,True
1.1785714285714286,0.025642857142857144,0.0398488912534263,3,C,True
1.1785714285714286,0.030571428571428576,7.95918367346940,0,H,False
1.1785714285714286,0.030571428571428576,0.0,0,S,False
1.1785714285714286,0.030571428571428576,0.0196971428571429,0,N,False
1.1785714285714286,0.030571428571428576,0.155357142857143,0,C,False
1.1785714285714286,0.030571428571428576,7.95918367346940,1,H,True
1.1785714285714286,0.030571428571428576,18.5531308580655,1,S,True
1.1785714285714286,0.030571428571428576,0.0196971428571429,1,N,True
1.1785714285714286,0.030571428571428576,0.00300739523418242,1,C,True
1.1785714285714286,0.030571428571428576,100.788258317025,2,H,False
1.1785714285714286,0.030571428571428576,58.1593761504874,2,S,False
1.1785714285714286,0.030571428571428576,0.00345205479452054,2,N,False
1.1785714285714286,0.030571428571428576,0.00934253313760526,2,C,False
1.1785714285714286,0.030571428571428576,100.788258317025,3,H,True
1.1785714285714286,0.030571428571428576,22.3262916842249,3,S,True
1.1785714285714286,0.030571428571428576,0.00345205479452054,3,N,True
1.1785714285714286,0.030571428571428576,0.0325788511331705,3,C,True
1.1785714285714286,0.035500000000000004,7.95918367346940,0,H,False
1.1785714285714286,0.035500000000000004,0.0,0,S,False
1.1785714285714286,0.035500000000000004,0.0196971428571429,0,N,False
1.1785714285714286,0.035500000000000004,0.155357142857143,0,C,False
1.1785714285714286,0.035500000000000004,7.95918367346940,1,H,True
1.1785714285714286,0.035500000000000004,18.5531308580655,1,S,True
1.1785714285714286,0.035500000000000004,0.0196971428571429,1,N,True
1.1785714285714286,0.035500000000000004,0.00300739523418242,1,C,True
1.1785714285714286,0.035500000000000004,103.924423963134,2,H,False
1.1785714285714286,0.035500000000000004,51.3145447561954,2,S,False
1.1785714285714286,0.035500000000000004,0.00290322580645161,2,N,False
1.1785714285714286,0.035500000000000004,0.0111264365625175,2,C,False
1.1785714285714286,0.035500000000000004,103.924423963134,3,H,True
1.1785714285714286,0.035500000000000004,26.2950129693067,3,S,True
1.1785714285714286,0.035500000000000004,0.00290322580645161,3,N,True
1.1785714285714286,0.035500000000000004,0.0268609968406153,3,C,True
1.1785714285714286,0.04042857142857143,7.95918367346940,0,H,False
1.1785714285714286,0.04042857142857143,0.0,0,S,False
1.1785714285714286,0.04042857142857143,0.0196971428571429,0,N,False
1.1785714285714286,0.04042857142857143,0.155357142857143,0,C,False
1.1785714285714286,0.04042857142857143,7.95918367346940,1,H,True
1.1785714285714286,0.04042857142857143,18.5531308580655,1,S,True
1.1785714285714286,0.04042857142857143,0.0196971428571429,1,N,True
1.1785714285714286,0.04042857142857143,0.00300739523418242,1,C,True
1.1785714285714286,0.04042857142857143,106.200170406135,2,H,False
1.1785714285714286,0.04042857142857143,43.6747042793542,2,S,False
1.1785714285714286,0.04042857142857143,0.00250497017892644,2,N,False
1.1785714285714286,0.04042857142857143,0.0138646046008226,2,C,False
1.1785714285714286,0.04042857142857143,106.200170406135,3,H,True
1.1785714285714286,0.04042857142857143,31.6444938172269,3,S,True
1.1785714285714286,0.04042857142857143,0.00250497017892644,3,N,True
1.1785714285714286,0.04042857142857143,0.0212681726061083,3,C,True
1.1785714285714286,0.04535714285714286,7.95918367346940,0,H,False
1.1785714285714286,0.04535714285714286,0.0,0,S,False
1.1785714285714286,0.04535714285714286,0.0196971428571429,0,N,False
1.1785714285714286,0.04535714285714286,0.155357142857143,0,C,False
1.1785714285714286,0.04535714285714286,7.95918367346940,1,H,True
1.1785714285714286,0.04535714285714286,18.5531308580655,1,S,True
1.1785714285714286,0.04535714285714286,0.0196971428571429,1,N,True
1.1785714285714286,0.04535714285714286,0.00300739523418242,1,C,True
1.1785714285714286,0.04535714285714286,,2,H,False
1.1785714285714286,0.04535714285714286,,2,S,False
1.1785714285714286,0.04535714285714286,,2,N,False
1.1785714285714286,0.04535714285714286,,2,C,False
1.1785714285714286,0.04535714285714286,,3,H,False
1.1785714285714286,0.04535714285714286,,3,S,False
1.1785714285714286,0.04535714285714286,,3,N,False
1.1785714285714286,0.04535714285714286,,3,C,False
1.1785714285714286,0.05028571428571429,7.95918367346940,0,H,False
1.1785714285714286,0.05028571428571429,0.0,0,S,False
1.1785714285714286,0.05028571428571429,0.0196971428571429,0,N,False
1.1785714285714286,0.05028571428571429,0.155357142857143,0,C,False
1.1785714285714286,0.05028571428571429,7.95918367346940,1,H,True
1.1785714285714286,0.05028571428571429,18.5531308580655,1,S,True
1.1785714285714286,0.05028571428571429,0.0196971428571429,1,N,True
1.1785714285714286,0.05028571428571429,0.00300739523418242,1,C,True
1.1785714285714286,0.05028571428571429,,2,H,False
1.1785714285714286,0.05028571428571429,,2,S,False
1.1785714285714286,0.05028571428571429,,2,N,False
1.1785714285714286,0.05028571428571429,,2,C,False
1.1785714285714286,0.05028571428571429,,3,H,False
1.1785714285714286,0.05028571428571429,,3,S,False
1.1785714285714286,0.05028571428571429,,3,N,False
1.1785714285714286,0.05028571428571429,,3,C,False
1.1785714285714286,0.055214285714285716,7.95918367346940,0,H,False
1.1785714285714286,0.055214285714285716,0.0,0,S,False
1.1785714285714286,0.055214285714285716,0.0196971428571429,0,N,False
1.1785714285714286,0.055214285714285716,0.155357142857143,0,C,False
1.1785714285714286,0.055214285714285716,7.95918367346940,1,H,True
1.1785714285714286,0.055214285714285716,18.5531308580655,1,S,True
1.1785714285714286,0.055214285714285716,0.0196971428571429,1,N,True
1.1785714285714286,0.055214285714285716,0.00300739523418242,1,C,True
1.1785714285714286,0.055214285714285716,,2,H,False
1.1785714285714286,0.055214285714285716,,2,S,False
1.1785714285714286,0.055214285714285716,,2,N,False
1.1785714285714286,0.055214285714285716,,2,C,False
1.1785714285714286,0.055214285714285716,,3,H,False
1.1785714285714286,0.055214285714285716,,3,S,False
1.1785714285714286,0.055214285714285716,,3,N,False
1.1785714285714286,0.055214285714285716,,3,C,False
1.1785714285714286,0.06014285714285715,7.95918367346940,0,H,False
1.1785714285714286,0.06014285714285715,0.0,0,S,False
1.1785714285714286,0.06014285714285715,0.0196971428571429,0,N,False
1.1785714285714286,0.06014285714285715,0.155357142857143,0,C,False
1.1785714285714286,0.06014285714285715,7.95918367346940,1,H,True
1.1785714285714286,0.06014285714285715,18.5531308580655,1,S,True
1.1785714285714286,0.06014285714285715,0.0196971428571429,1,N,True
1.1785714285714286,0.06014285714285715,0.00300739523418242,1,C,True
1.1785714285714286,0.06014285714285715,,2,H,False
1.1785714285714286,0.06014285714285715,,2,S,False
1.1785714285714286,0.06014285714285715,,2,N,False
1.1785714285714286,0.06014285714285715,,2,C,False
1.1785714285714286,0.06014285714285715,,3,H,False
1.1785714285714286,0.06014285714285715,,3,S,False
1.1785714285714286,0.06014285714285715,,3,N,False
1.1785714285714286,0.06014285714285715,,3,C,False
1.1785714285714286,0.06507142857142857,7.95918367346940,0,H,False
1.1785714285714286,0.06507142857142857,0.0,0,S,False
1.1785714285714286,0.06507142857142857,0.0196971428571429,0,N,False
1.1785714285714286,0.06507142857142857,0.155357142857143,0,C,False
1.1785714285714286,0.06507142857142857,7.95918367346940,1,H,True
1.1785714285714286,0.06507142857142857,18.5531308580655,1,S,True
1.1785714285714286,0.06507142857142857,0.0196971428571429,1,N,True
1.1785714285714286,0.06507142857142857,0.00300739523418242,1,C,True
1.1785714285714286,0.06507142857142857,,2,H,False
1.1785714285714286,0.06507142857142857,,2,S,False
1.1785714285714286,0.06507142857142857,,2,N,False
1.1785714285714286,0.06507142857142857,,2,C,False
1.1785714285714286,0.06507142857142857,,3,H,False
1.1785714285714286,0.06507142857142857,,3,S,False
1.1785714285714286,0.06507142857142857,,3,N,False
1.1785714285714286,0.06507142857142857,,3,C,False
1.1785714285714286,0.07,7.95918367346940,0,H,False
1.1785714285714286,0.07,0.0,0,S,False
1.1785714285714286,0.07,0.0196971428571429,0,N,False
1.1785714285714286,0.07,0.155357142857143,0,C,False
1.1785714285714286,0.07,7.95918367346940,1,H,True
1.1785714285714286,0.07,18.5531308580655,1,S,True
1.1785714285714286,0.07,0.0196971428571429,1,N,True
1.1785714285714286,0.07,0.00300739523418242,1,C,True
1.1785714285714286,0.07,,2,H,False
1.1785714285714286,0.07,,2,S,False
1.1785714285714286,0.07,,2,N,False
1.1785714285714286,0.07,,2,C,False
1.1785714285714286,0.07,,3,H,False
1.1785714285714286,0.07,,3,S,False
1.1785714285714286,0.07,,3,N,False
1.1785714285714286,0.07,,3,C,False
1.2142857142857142,0.001,6.12244897959183,0,H,True
1.2142857142857142,0.001,0.0,0,S,True
1.2142857142857142,0.001,0.0200185714285714,0,N,True
1.2142857142857142,0.001,0.156428571428571,0,C,True
1.2142857142857142,0.001,,1,H,False
1.2142857142857142,0.001,,1,S,False
1.2142857142857142,0.001,,1,N,False
1.2142857142857142,0.001,,1,C,False
1.2142857142857142,0.001,,2,H,False
1.2142857142857142,0.001,,2,S,False
1.2142857142857142,0.001,,2,N,False
1.2142857142857142,0.001,,2,C,False
1.2142857142857142,0.001,,3,H,False
1.2142857142857142,0.001,,3,S,False
1.2142857142857142,0.001,,3,N,False
1.2142857142857142,0.001,,3,C,False
1.2142857142857142,0.005928571428571429,6.12244897959183,0,H,True
1.2142857142857142,0.005928571428571429,0.0,0,S,True
1.2142857142857142,0.005928571428571429,0.0200185714285714,0,N,True
1.2142857142857142,0.005928571428571429,0.156428571428571,0,C,True
1.2142857142857142,0.005928571428571429,,1,H,False
1.2142857142857142,0.005928571428571429,,1,S,False
1.2142857142857142,0.005928571428571429,,1,N,False
1.2142857142857142,0.005928571428571429,,1,C,False
1.2142857142857142,0.005928571428571429,,2,H,False
1.2142857142857142,0.005928571428571429,,2,S,False
1.2142857142857142,0.005928571428571429,,2,N,False
1.2142857142857142,0.005928571428571429,,2,C,False
1.2142857142857142,0.005928571428571429,,3,H,False
1.2142857142857142,0.005928571428571429,,3,S,False
1.2142857142857142,0.005928571428571429,,3,N,False
1.2142857142857142,0.005928571428571429,,3,C,False
1.2142857142857142,0.010857142857142857,6.12244897959183,0,H,False
1.2142857142857142,0.010857142857142857,0.0,0,S,False
1.2142857142857142,0.010857142857142857,0.0200185714285714,0,N,False
1.2142857142857142,0.010857142857142857,0.156428571428571,0,C,False
1.2142857142857142,0.010857142857142857,6.12244897959183,1,H,True
1.2142857142857142,0.010857142857142857,14.1349604623696,1,S,True
1.2142857142857142,0.010857142857142857,0.0200185714285714,1,N,True
1.2142857142857142,0.010857142857142857,0.00306425041186161,1,C,True
1.2142857142857142,0.010857142857142857,39.6154093097910,2,H,False
1.2142857142857142,0.010857142857142857,67.7855941128099,2,S,False
1.2142857142857142,0.010857142857142857,0.0141573033707865,2,N,False
1.2142857142857142,0.010857142857142857,0.00368808045134441,2,C,False
1.2142857142857142,0.010857142857142857,39.6154093097913,3,H,True
1.2142857142857142,0.010857142857142857,2.15717423510599,3,S,True
1.2142857142857142,0.010857142857142857,0.0141573033707865,3,N,True
1.2142857142857142,0.010857142857142857,0.113736222160506,3,C,True
1.2142857142857142,0.01578571428571429,6.12244897959183,0,H,False
1.2142857142857142,0.01578571428571429,0.0,0,S,False
1.2142857142857142,0.01578571428571429,0.0200185714285714,0,N,False
1.2142857142857142,0.01578571428571429,0.156428571428571,0,C,False
1.2142857142857142,0.01578571428571429,6.12244897959183,1,H,True
1.2142857142857142,0.01578571428571429,14.1349604623696,1,S,True
1.2142857142857142,0.01578571428571429,0.0200185714285714,1,N,True
1.2142857142857142,0.01578571428571429,0.00306425041186161,1,C,True
1.2142857142857142,0.01578571428571429,74.9446654611208,2,H,False
1.2142857142857142,0.01578571428571429,79.9668139089863,2,S,False
1.2142857142857142,0.01578571428571429,0.00797468354430382,2,N,False
1.2142857142857142,0.01578571428571429,0.00525594121029760,2,C,False
1.2142857142857142,0.01578571428571429,74.9446654611210,3,H,True
1.2142857142857142,0.01578571428571429,9.41212143101751,3,S,True
1.2142857142857142,0.01578571428571429,0.00797468354430382,3,N,True
1.2142857142857142,0.01578571428571429,0.0677933800000544,3,C,True
1.2142857142857142,0.020714285714285716,6.12244897959183,0,H,False
1.2142857142857142,0.020714285714285716,0.0,0,S,False
1.2142857142857142,0.020714285714285716,0.0200185714285714,0,N,False
1.2142857142857142,0.020714285714285716,0.156428571428571,0,C,False
1.2142857142857142,0.020714285714285716,6.12244897959183,1,H,True
1.2142857142857142,0.020714285714285716,14.1349604623696,1,S,True
1.2142857142857142,0.020714285714285716,0.0200185714285714,1,N,True
1.2142857142857142,0.020714285714285716,0.00306425041186161,1,C,True
1.2142857142857142,0.020714285714285716,88.7962240402769,2,H,False
1.2142857142857142,0.020714285714285716,71.1010637832634,2,S,False
1.2142857142857142,0.020714285714285716,0.00555066079295154,2,N,False
1.2142857142857142,0.020714285714285716,0.00678503497840130,2,C,False
1.2142857142857142,0.020714285714285716,88.7962240402769,3,H,True
1.2142857142857142,0.020714285714285716,14.8504860976135,3,S,True
1.2142857142857142,0.020714285714285716,0.00555066079295154,3,N,True
1.2142857142857142,0.020714285714285716,0.0488661657705699,3,C,True
1.2142857142857142,0.025642857142857144,6.12244897959183,0,H,False
1.2142857142857142,0.025642857142857144,0.0,0,S,False
1.2142857142857142,0.025642857142857144,0.0200185714285714,0,N,False
1.2142857142857142,0.025642857142857144,0.156428571428571,0,C,False
1.2142857142857142,0.025642857142857144,6.12244897959183,1,H,True
1.2142857142857142,0.025642857142857144,14.1349604623696,1,S,True
1.2142857142857142,0.025642857142857144,0.0200185714285714,1,N,True
1.2142857142857142,0.025642857142857144,0.00306425041186161,1,C,True
1.2142857142857142,0.025642857142857144,96.1899613899614,2,H,False
1.2142857142857142,0.025642857142857144,62.2195408346602,2,S,False
1.2142857142857142,0.025642857142857144,0.00425675675675675,2,N,False
1.2142857142857142,0.025642857142857144,0.00838113170695045,2,C,False
1.2142857142857142,0.025642857142857144,96.1899613899614,3,H,True
1.2142857142857142,0.025642857142857144,19.3550766328726,3,S,True
1.2142857142857142,0.025642857142857144,0.00425675675675675,3,N,True
1.2142857142857142,0.025642857142857144,0.0379832344714190,3,C,True
1.2142857142857142,0.030571428571428576,6.12244897959183,0,H,False
1.2142857142857142,0.030571428571428576,0.0,0,S,False
1.2142857142857142,0.030571428571428576,0.0200185714285714,0,N,False
1.2142857142857142,0.030571428571428576,0.156428571428571,0,C,False
1.2142857142857142,0.030571428571428576,6.12244897959183,1,H,True
1.2142857142857142,0.030571428571428576,14.1349604623696,1,S,True
1.2142857142857142,0.030571428571428576,0.0200185714285714,1,N,True
1.2142857142857142,0.030571428571428576,0.00306425041186161,1,C,True
1.2142857142857142,0.030571428571428576,100.788258317025,2,H,False
1.2142857142857142,0.030571428571428576,54.2828253854866,2,S,False
1.2142857142857142,0.030571428571428576,0.00345205479452054,2,N,False
1.2142857142857142,0.030571428571428576,0.0102078392150805,2,C,False
1.2142857142857142,0.030571428571428576,100.788258317025,3,H,True
1.2142857142857142,0.030571428571428576,23.6754298406262,3,S,True
1.2142857142857142,0.030571428571428576,0.00345205479452054,3,N,True
1.2142857142857142,0.030571428571428576,0.0303808791618462,3,C,True
1.2142857142857142,0.035500000000000004,6.12244897959183,0,H,False
1.2142857142857142,0.035500000000000004,0.0,0,S,False
1.2142857142857142,0.035500000000000004,0.0200185714285714,0,N,False
1.2142857142857142,0.035500000000000004,0.156428571428571,0,C,False
1.2142857142857142,0.035500000000000004,6.12244897959183,1,H,True
1.2142857142857142,0.035500000000000004,14.1349604623696,1,S,True
1.2142857142857142,0.035500000000000004,0.0200185714285714,1,N,True
1.2142857142857142,0.035500000000000004,0.00306425041186161,1,C,True
1.2142857142857142,0.035500000000000004,103.924423963134,2,H,False
1.2142857142857142,0.035500000000000004,46.2990234787661,2,S,False
1.2142857142857142,0.035500000000000004,0.00290322580645161,2,N,False
1.2142857142857142,0.035500000000000004,0.0127318959971875,2,C,False
1.2142857142857142,0.035500000000000004,103.924423963134,3,H,True
1.2142857142857142,0.035500000000000004,28.7993966363465,3,S,True
1.2142857142857142,0.035500000000000004,0.00290322580645161,3,N,True
1.2142857142857142,0.035500000000000004,0.0239176708838243,3,C,True
1.2142857142857142,0.04042857142857143,6.12244897959183,0,H,False
1.2142857142857142,0.04042857142857143,0.0,0,S,False
1.2142857142857142,0.04042857142857143,0.0200185714285714,0,N,False
1.2142857142857142,0.04042857142857143,0.156428571428571,0,C,False
1.2142857142857142,0.04042857142857143,6.12244897959183,1,H,True
1.2142857142857142,0.04042857142857143,14.1349604623696,1,S,True
1.2142857142857142,0.04042857142857143,0.0200185714285714,1,N,True
1.2142857142857142,0.04042857142857143,0.00306425041186161,1,C,True
1.2142857142857142,0.04042857142857143,,2,H,False
1.2142857142857142,0.04042857142857143,,2,S,False
1.2142857142857142,0.04042857142857143,,2,N,False
1.2142857142857142,0.04042857142857143,,2,C,False
1.2142857142857142,0.04042857142857143,,3,H,False
1.2142857142857142,0.04042857142857143,,3,S,False
1.2142857142857142,0.04042857142857143,,3,N,False
1.2142857142857142,0.04042857142857143,,3,C,False
1.2142857142857142,0.04535714285714286,6.12244897959183,0,H,False
1.2142857142857142,0.04535714285714286,0.0,0,S,False
1.2142857142857142,0.04535714285714286,0.0200185714285714,0,N,False
1.2142857142857142,0.04535714285714286,0.156428571428571,0,C,False
1.2142857142857142,0.04535714285714286,6.12244897959183,1,H,True
1.2142857142857142,0.04535714285714286,14.1349604623696,1,S,True
1.2142857142857142,0.04535714285714286,0.0200185714285714,1,N,True
1.2142857142857142,0.04535714285714286,0.00306425041186161,1,C,True
1.2142857142857142,0.04535714285714286,,2,H,False
1.2142857142857142,0.04535714285714286,,2,S,False
1.2142857142857142,0.04535714285714286,,2,N,False
1.2142857142857142,0.04535714285714286,,2,C,False
1.2142857142857142,0.04535714285714286,,3,H,False
1.2142857142857142,0.04535714285714286,,3,S,False
1.2142857142857142,0.04535714285714286,,3,N,False
1.2142857142857142,0.04535714285714286,,3,C,False
1.2142857142857142,0.05028571428571429,6.12244897959183,0,H,False
1.2142857142857142,0.05028571428571429,0.0,0,S,False
1.2142857142857142,0.05028571428571429,0.0200185714285714,0,N,False
1.2142857142857142,0.05028571428571429,0.156428571428571,0,C,False
1.2142857142857142,0.05028571428571429,6.12244897959183,1,H,True
1.2142857142857142,0.05028571428571429,14.1349604623696,1,S,True
1.2142857142857142,0.05028571428571429,0.0200185714285714,1,N,True
1.2142857142857142,0.05028571428571429,0.00306425041186161,1,C,True
1.2142857142857142,0.05028571428571429,,2,H,False
1.2142857142857142,0.05028571428571429,,2,S,False
1.2142857142857142,0.05028571428571429,,2,N,False
1.2142857142857142,0.05028571428571429,,2,C,False
1.2142857142857142,0.05028571428571429,,3,H,False
1.2142857142857142,0.05028571428571429,,3,S,False
1.2142857142857142,0.05028571428571429,,3,N,False
1.2142857142857142,0.05028571428571429,,3,C,False
1.2142857142857142,0.055214285714285716,6.12244897959183,0,H,False
1.2142857142857142,0.055214285714285716,0.0,0,S,False
1.2142857142857142,0.055214285714285716,0.0200185714285714,0,N,False
1.2142857142857142,0.055214285714285716,0.156428571428571,0,C,False
1.2142857142857142,0.055214285714285716,6.12244897959183,1,H,True
1.2142857142857142,0.055214285714285716,14.1349604623696,1,S,True
1.2142857142857142,0.055214285714285716,0.0200185714285714,1,N,True
1.2142857142857142,0.055214285714285716,0.00306425041186161,1,C,True
1.2142857142857142,0.055214285714285716,,2,H,False
1.2142857142857142,0.055214285714285716,,2,S,False
1.2142857142857142,0.055214285714285716,,2,N,False
1.2142857142857142,0.055214285714285716,,2,C,False
1.2142857142857142,0.055214285714285716,,3,H,False
1.2142857142857142,0.055214285714285716,,3,S,False
1.2142857142857142,0.055214285714285716,,3,N,False
1.2142857142857142,0.055214285714285716,,3,C,False
1.2142857142857142,0.06014285714285715,6.12244897959183,0,H,False
1.2142857142857142,0.06014285714285715,0.0,0,S,False
1.2142857142857142,0.06014285714285715,0.0200185714285714,0,N,False
1.2142857142857142,0.06014285714285715,0.156428571428571,0,C,False
1.2142857142857142,0.06014285714285715,6.12244897959183,1,H,True
1.2142857142857142,0.06014285714285715,14.1349604623696,1,S,True
1.2142857142857142,0.06014285714285715,0.0200185714285714,1,N,True
1.2142857142857142,0.06014285714285715,0.00306425041186161,1,C,True
1.2142857142857142,0.06014285714285715,,2,H,False
1.2142857142857142,0.06014285714285715,,2,S,False
1.2142857142857142,0.06014285714285715,,2,N,False
1.2142857142857142,0.06014285714285715,,2,C,False
1.2142857142857142,0.06014285714285715,,3,H,False
1.2142857142857142,0.06014285714285715,,3,S,False
1.2142857142857142,0.06014285714285715,,3,N,False
1.2142857142857142,0.06014285714285715,,3,C,False
1.2142857142857142,0.06507142857142857,6.12244897959183,0,H,False
1.2142857142857142,0.06507142857142857,0.0,0,S,False
1.2142857142857142,0.06507142857142857,0.0200185714285714,0,N,False
1.2142857142857142,0.06507142857142857,0.156428571428571,0,C,False
1.2142857142857142,0.06507142857142857,6.12244897959183,1,H,True
1.2142857142857142,0.06507142857142857,14.1349604623696,1,S,True
1.2142857142857142,0.06507142857142857,0.0200185714285714,1,N,True
1.2142857142857142,0.06507142857142857,0.00306425041186161,1,C,True
1.2142857142857142,0.06507142857142857,,2,H,False
1.2142857142857142,0.06507142857142857,,2,S,False
1.2142857142857142,0.06507142857142857,,2,N,False
1.2142857142857142,0.06507142857142857,,2,C,False
1.2142857142857142,0.06507142857142857,,3,H,False
1.2142857142857142,0.06507142857142857,,3,S,False
1.2142857142857142,0.06507142857142857,,3,N,False
1.2142857142857142,0.06507142857142857,,3,C,False
1.2142857142857142,0.07,6.12244897959183,0,H,False
1.2142857142857142,0.07,0.0,0,S,False
1.2142857142857142,0.07,0.0200185714285714,0,N,False
1.2142857142857142,0.07,0.156428571428571,0,C,False
1.2142857142857142,0.07,6.12244897959183,1,H,True
1.2142857142857142,0.07,14.1349604623696,1,S,True
1.2142857142857142,0.07,0.0200185714285714,1,N,True
1.2142857142857142,0.07,0.00306425041186161,1,C,True
1.2142857142857142,0.07,,2,H,False
1.2142857142857142,0.07,,2,S,False
1.2142857142857142,0.07,,2,N,False
1.2142857142857142,0.07,,2,C,False
1.2142857142857142,0.07,,3,H,False
1.2142857142857142,0.07,,3,S,False
1.2142857142857142,0.07,,3,N,False
1.2142857142857142,0.07,,3,C,False
1.25,0.001,4.28571428571429,0,H,True
1.25,0.001,0.0,0,S,True
1.25,0.001,0.0203400000000000,0,N,True
1.25,0.001,0.157500000000000,0,C,True
1.25,0.001,,1,H,False
1.25,0.001,,1,S,False
1.25,0.001,,1,N,False
1.25,0.001,,1,C,False
1.25,0.001,,2,H,False
1.25,0.001,,2,S,False
1.25,0.001,,2,N,False
1.25,0.001,,2,C,False
1.25,0.001,,3,H,False
1.25,0.001,,3,S,False
1.25,0.001,,3,N,False
1.25,0.001,,3,C,False
1.25,0.005928571428571429,4.28571428571429,0,H,True
1.25,0.005928571428571429,0.0,0,S,True
1.25,0.005928571428571429,0.0203400000000000,0,N,True
1.25,0.005928571428571429,0.157500000000000,0,C,True
1.25,0.005928571428571429,,1,H,False
1.25,0.005928571428571429,,1,S,False
1.25,0.005928571428571429,,1,N,False
1.25,0.005928571428571429,,1,C,False
1.25,0.005928571428571429,,2,H,False
1.25,0.005928571428571429,,2,S,False
1.25,0.005928571428571429,,2,N,False
1.25,0.005928571428571429,,2,C,False
1.25,0.005928571428571429,,3,H,False
1.25,0.005928571428571429,,3,S,False
1.25,0.005928571428571429,,3,N,False
1.25,0.005928571428571429,,3,C,False
1.25,0.010857142857142857,4.28571428571429,0,H,False
1.25,0.010857142857142857,0.0,0,S,False
1.25,0.010857142857142857,0.0203400000000000,0,N,False
1.25,0.010857142857142857,0.157500000000000,0,C,False
1.25,0.010857142857142857,4.28571428571429,1,H,True
1.25,0.010857142857142857,9.80181668042939,1,S,True
1.25,0.010857142857142857,0.0203400000000000,1,N,True
1.25,0.010857142857142857,0.00312138728323699,1,C,True
1.25,0.010857142857142857,39.6154093097910,2,H,False
1.25,0.010857142857142857,66.0139457146191,2,S,False
1.25,0.010857142857142857,0.0141573033707865,2,N,False
1.25,0.010857142857142857,0.00380202003418480,2,C,False
1.25,0.010857142857142857,39.6154093097913,3,H,True
1.25,0.010857142857142857,2.28716749925940,3,S,True
1.25,0.010857142857142857,0.0141573033707865,3,N,True
1.25,0.010857142857142857,0.112384957948539,3,C,True
1.25,0.01578571428571429,4.28571428571429,0,H,False
1.25,0.01578571428571429,0.0,0,S,False
1.25,0.01578571428571429,0.0203400000000000,0,N,False
1.25,0.01578571428571429,0.157500000000000,0,C,False
1.25,0.01578571428571429,4.28571428571429,1,H,True
1.25,0.01578571428571429,9.80181668042939,1,S,True
1.25,0.01578571428571429,0.0203400000000000,1,N,True
1.25,0.01578571428571429,0.00312138728323699,1,C,True
1.25,0.01578571428571429,74.9446654611208,2,H,False
1.25,0.01578571428571429,77.2630514958030,2,S,False
1.25,0.01578571428571429,0.00797468354430382,2,N,False
1.25,0.01578571428571429,0.00547646895231590,2,C,False
1.25,0.01578571428571429,74.9446654611210,3,H,True
1.25,0.01578571428571429,9.75713510697559,3,S,True
1.25,0.01578571428571429,0.00797468354430382,3,N,True
1.25,0.01578571428571429,0.0662766517032779,3,C,True
1.25,0.020714285714285716,4.28571428571429,0,H,False
1.25,0.020714285714285716,0.0,0,S,False
1.25,0.020714285714285716,0.0203400000000000,0,N,False
1.25,0.020714285714285716,0.157500000000000,0,C,False
1.25,0.020714285714285716,4.28571428571429,1,H,True
1.25,0.020714285714285716,9.80181668042939,1,S,True
1.25,0.020714285714285716,0.0203400000000000,1,N,True
1.25,0.020714285714285716,0.00312138728323699,1,C,True
1.25,0.020714285714285716,88.7962240402769,2,H,False
1.25,0.020714285714285716,68.0700721906499,2,S,False
1.25,0.020714285714285716,0.00555066079295154,2,N,False
1.25,0.020714285714285716,0.00715975147330800,2,C,False
1.25,0.020714285714285716,88.7962240402769,3,H,True
1.25,0.020714285714285716,15.4337573106967,3,S,True
1.25,0.020714285714285716,0.00555066079295154,3,N,True
1.25,0.020714285714285716,0.0471721652082126,3,C,True
1.25,0.025642857142857144,4.28571428571429,0,H,False
1.25,0.025642857142857144,0.0,0,S,False
1.25,0.025642857142857144,0.0203400000000000,0,N,False
1.25,0.025642857142857144,0.157500000000000,0,C,False
1.25,0.025642857142857144,4.28571428571429,1,H,True
1.25,0.025642857142857144,9.80181668042939,1,S,True
1.25,0.025642857142857144,0.0203400000000000,1,N,True
1.25,0.025642857142857144,0.00312138728323699,1,C,True
1.25,0.025642857142857144,96.1899613899615,2,H,False
1.25,0.025642857142857144,58.8240615809622,2,S,False
1.25,0.025642857142857144,0.00425675675675675,2,N,False
1.25,0.025642857142857144,0.00899939147227342,2,C,False
1.25,0.025642857142857144,96.1899613899614,3,H,True
1.25,0.025642857142857144,20.2996577606705,3,S,True
1.25,0.025642857142857144,0.00425675675675675,3,N,True
1.25,0.025642857142857144,0.0360333690338974,3,C,True
1.25,0.030571428571428576,4.28571428571429,0,H,False
1.25,0.030571428571428576,0.0,0,S,False
1.25,0.030571428571428576,0.0203400000000000,0,N,False
1.25,0.030571428571428576,0.157500000000000,0,C,False
1.25,0.030571428571428576,4.28571428571429,1,H,True
1.25,0.030571428571428576,9.80181668042939,1,S,True
1.25,0.030571428571428576,0.0203400000000000,1,N,True
1.25,0.030571428571428576,0.00312138728323699,1,C,True
1.25,0.030571428571428576,100.788258317025,2,H,False
1.25,0.030571428571428576,50.1837028430171,2,S,False
1.25,0.030571428571428576,0.00345205479452054,2,N,False
1.25,0.030571428571428576,0.0113046255251258,2,C,False
1.25,0.030571428571428576,100.788258317025,3,H,True
1.25,0.030571428571428576,25.3372341338009,3,S,True
1.25,0.030571428571428576,0.00345205479452054,3,N,True
1.25,0.030571428571428576,0.0279448241541836,3,C,True
1.25,0.035500000000000004,4.28571428571429,0,H,False
1.25,0.035500000000000004,0.0,0,S,False
1.25,0.035500000000000004,0.0203400000000000,0,N,False
1.25,0.035500000000000004,0.157500000000000,0,C,False
1.25,0.035500000000000004,4.28571428571429,1,H,True
1.25,0.035500000000000004,9.80181668042939,1,S,True
1.25,0.035500000000000004,0.0203400000000000,1,N,True
1.25,0.035500000000000004,0.00312138728323699,1,C,True
1.25,0.035500000000000004,103.924423963134,2,H,False
1.25,0.035500000000000004,38.1710826247275,2,S,False
1.25,0.035500000000000004,0.00290322580645161,2,N,False
1.25,0.035500000000000004,0.0164623214272807,2,C,False
1.25,0.035500000000000004,103.924423963134,3,H,True
1.25,0.035500000000000004,34.5061240215972,3,S,True
1.25,0.035500000000000004,0.00290322580645161,3,N,True
1.25,0.035500000000000004,0.0188427503608974,3,C,True
1.25,0.04042857142857143,4.28571428571429,0,H,False
1.25,0.04042857142857143,0.0,0,S,False
1.25,0.04042857142857143,0.0203400000000000,0,N,False
1.25,0.04042857142857143,0.157500000000000,0,C,False
1.25,0.04042857142857143,4.28571428571429,1,H,True
1.25,0.04042857142857143,9.80181668042939,1,S,True
1.25,0.04042857142857143,0.0203400000000000,1,N,True
1.25,0.04042857142857143,0.00312138728323699,1,C,True
1.25,0.04042857142857143,,2,H,False
1.25,0.04042857142857143,,2,S,False
1.25,0.04042857142857143,,2,N,False
1.25,0.04042857142857143,,2,C,False
1.25,0.04042857142857143,,3,H,False
1.25,0.04042857142857143,,3,S,False
1.25,0.04042857142857143,,3,N,False
1.25,0.04042857142857143,,3,C,False
1.25,0.04535714285714286,4.28571428571429,0,H,False
1.25,0.04535714285714286,0.0,0,S,False
1.25,0.04535714285714286,0.0203400000000000,0,N,False
1.25,0.04535714285714286,0.157500000000000,0,C,False
1.25,0.04535714285714286,4.28571428571429,1,H,True
1.25,0.04535714285714286,9.80181668042939,1,S,True
1.25,0.04535714285714286,0.0203400000000000,1,N,True
1.25,0.04535714285714286,0.00312138728323699,1,C,True
1.25,0.04535714285714286,,2,H,False
1.25,0.04535714285714286,,2,S,False
1.25,0.04535714285714286,,2,N,False
1.25,0.04535714285714286,,2,C,False
1.25,0.04535714285714286,,3,H,False
1.25,0.04535714285714286,,3,S,False
1.25,0.04535714285714286,,3,N,False
1.25,0.04535714285714286,,3,C,False
1.25,0.05028571428571429,4.28571428571429,0,H,False
1.25,0.05028571428571429,0.0,0,S,False
1.25,0.05028571428571429,0.0203400000000000,0,N,False
1.25,0.05028571428571429,0.157500000000000,0,C,False
1.25,0.05028571428571429,4.28571428571429,1,H,True
1.25,0.05028571428571429,9.80181668042939,1,S,True
1.25,0.05028571428571429,0.0203400000000000,1,N,True
1.25,0.05028571428571429,0.00312138728323699,1,C,True
1.25,0.05028571428571429,,2,H,False
1.25,0.05028571428571429,,2,S,False
1.25,0.05028571428571429,,2,N,False
1.25,0.05028571428571429,,2,C,False
1.25,0.05028571428571429,,3,H,False
1.25,0.05028571428571429,,3,S,False
1.25,0.05028571428571429,,3,N,False
1.25,0.05028571428571429,,3,C,False
1.25,0.055214285714285716,4.28571428571429,0,H,False
1.25,0.055214285714285716,0.0,0,S,False
1.25,0.055214285714285716,0.0203400000000000,0,N,False
1.25,0.055214285714285716,0.157500000000000,0,C,False
1.25,0.055214285714285716,4.28571428571429,1,H,True
1.25,0.055214285714285716,9.80181668042939,1,S,True
1.25,0.055214285714285716,0.0203400000000000,1,N,True
1.25,0.055214285714285716,0.00312138728323699,1,C,True
1.25,0.055214285714285716,,2,H,False
1.25,0.055214285714285716,,2,S,False
1.25,0.055214285714285716,,2,N,False
1.25,0.055214285714285716,,2,C,False
1.25,0.055214285714285716,,3,H,False
1.25,0.055214285714285716,,3,S,False
1.25,0.055214285714285716,,3,N,False
1.25,0.055214285714285716,,3,C,False
1.25,0.06014285714285715,4.28571428571429,0,H,False
1.25,0.06014285714285715,0.0,0,S,False
1.25,0.06014285714285715,0.0203400000000000,0,N,False
1.25,0.06014285714285715,0.157500000000000,0,C,False
1.25,0.06014285714285715,4.28571428571429,1,H,True
1.25,0.06014285714285715,9.80181668042939,1,S,True
1.25,0.06014285714285715,0.0203400000000000,1,N,True
1.25,0.06014285714285715,0.00312138728323699,1,C,True
1.25,0.06014285714285715,,2,H,False
1.25,0.06014285714285715,,2,S,False
1.25,0.06014285714285715,,2,N,False
1.25,0.06014285714285715,,2,C,False
1.25,0.06014285714285715,,3,H,False
1.25,0.06014285714285715,,3,S,False
1.25,0.06014285714285715,,3,N,False
1.25,0.06014285714285715,,3,C,False
1.25,0.06507142857142857,4.28571428571429,0,H,False
1.25,0.06507142857142857,0.0,0,S,False
1.25,0.06507142857142857,0.0203400000000000,0,N,False
1.25,0.06507142857142857,0.157500000000000,0,C,False
1.25,0.06507142857142857,4.28571428571429,1,H,True
1.25,0.06507142857142857,9.80181668042939,1,S,True
1.25,0.06507142857142857,0.0203400000000000,1,N,True
1.25,0.06507142857142857,0.00312138728323699,1,C,True
1.25,0.06507142857142857,,2,H,False
1.25,0.06507142857142857,,2,S,False
1.25,0.06507142857142857,,2,N,False
1.25,0.06507142857142857,,2,C,False
1.25,0.06507142857142857,,3,H,False
1.25,0.06507142857142857,,3,S,False
1.25,0.06507142857142857,,3,N,False
1.25,0.06507142857142857,,3,C,False
1.25,0.07,4.28571428571429,0,H,False
1.25,0.07,0.0,0,S,False
1.25,0.07,0.0203400000000000,0,N,False
1.25,0.07,0.157500000000000,0,C,False
1.25,0.07,4.28571428571429,1,H,True
1.25,0.07,9.80181668042939,1,S,True
1.25,0.07,0.0203400000000000,1,N,True
1.25,0.07,0.00312138728323699,1,C,True
1.25,0.07,,2,H,False
1.25,0.07,,2,S,False
1.25,0.07,,2,N,False
1.25,0.07,,2,C,False
1.25,0.07,,3,H,False
1.25,0.07,,3,S,False
1.25,0.07,,3,N,False
1.25,0.07,,3,C,False
1.2857142857142856,0.001,2.44897959183673,0,H,True
1.2857142857142856,0.001,0.0,0,S,True
1.2857142857142856,0.001,0.0206614285714286,0,N,True
1.2857142857142856,0.001,0.158571428571429,0,C,True
1.2857142857142856,0.001,,1,H,False
1.2857142857142856,0.001,,1,S,False
1.2857142857142856,0.001,,1,N,False
1.2857142857142856,0.001,,1,C,False
1.2857142857142856,0.001,,2,H,False
1.2857142857142856,0.001,,2,S,False
1.2857142857142856,0.001,,2,N,False
1.2857142857142856,0.001,,2,C,False
1.2857142857142856,0.001,,3,H,False
1.2857142857142856,0.001,,3,S,False
1.2857142857142856,0.001,,3,N,False
1.2857142857142856,0.001,,3,C,False
1.2857142857142856,0.005928571428571429,2.44897959183673,0,H,True
1.2857142857142856,0.005928571428571429,0.0,0,S,True
1.2857142857142856,0.005928571428571429,0.0206614285714286,0,N,True
1.2857142857142856,0.005928571428571429,0.158571428571429,0,C,True
1.2857142857142856,0.005928571428571429,,1,H,False
1.2857142857142856,0.005928571428571429,,1,S,False
1.2857142857142856,0.005928571428571429,,1,N,False
1.2857142857142856,0.005928571428571429,,1,C,False
1.2857142857142856,0.005928571428571429,,2,H,False
1.2857142857142856,0.005928571428571429,,2,S,False
1.2857142857142856,0.005928571428571429,,2,N,False
1.2857142857142856,0.005928571428571429,,2,C,False
1.2857142857142856,0.005928571428571429,,3,H,False
1.2857142857142856,0.005928571428571429,,3,S,False
1.2857142857142856,0.005928571428571429,,3,N,False
1.2857142857142856,0.005928571428571429,,3,C,False
1.2857142857142856,0.010857142857142857,2.44897959183673,0,H,False
1.2857142857142856,0.010857142857142857,0.0,0,S,False
1.2857142857142856,0.010857142857142857,0.0206614285714286,0,N,False
1.2857142857142856,0.010857142857142857,0.158571428571429,0,C,False
1.2857142857142856,0.010857142857142857,2.44897959183673,1,H,True
1.2857142857142856,0.010857142857142857,5.54973645087174,1,S,True
1.2857142857142856,0.010857142857142857,0.0206614285714286,1,N,True
1.2857142857142856,0.010857142857142857,0.00317880794701987,1,C,True
1.2857142857142856,0.010857142857142857,39.6154093097910,2,H,False
1.2857142857142856,0.010857142857142857,64.2956610766156,2,S,False
1.2857142857142856,0.010857142857142857,0.0141573033707865,2,N,False
1.2857142857142856,0.010857142857142857,0.00391942191003407,2,C,False
1.2857142857142856,0.010857142857142857,39.6154093097913,3,H,True
1.2857142857142856,0.010857142857142857,2.41864922131533,3,S,True
1.2857142857142856,0.010857142857142857,0.0141573033707865,3,N,True
1.2857142857142856,0.010857142857142857,0.111024085791432,3,C,True
1.2857142857142856,0.01578571428571429,2.44897959183673,0,H,False
1.2857142857142856,0.01578571428571429,0.0,0,S,False
1.2857142857142856,0.01578571428571429,0.0206614285714286,0,N,False
1.2857142857142856,0.01578571428571429,0.158571428571429,0,C,False
1.2857142857142856,0.01578571428571429,2.44897959183673,1,H,True
1.2857142857142856,0.01578571428571429,5.54973645087174,1,S,True
1.2857142857142856,0.01578571428571429,0.0206614285714286,1,N,True
1.2857142857142856,0.01578571428571429,0.00317880794701987,1,C,True
1.2857142857142856,0.01578571428571429,74.9446654611208,2,H,False
1.2857142857142856,0.01578571428571429,74.6301089605980,2,S,False
1.2857142857142856,0.01578571428571429,0.00797468354430382,2,N,False
1.2857142857142856,0.01578571428571429,0.00570950667606160,2,C,False
1.2857142857142856,0.01578571428571429,74.9446654611210,3,H,True
1.2857142857142856,0.01578571428571429,10.1120762601405,3,S,True
1.2857142857142856,0.01578571428571429,0.00797468354430382,3,N,True
1.2857142857142856,0.01578571428571429,0.0647409753425487,3,C,True
1.2857142857142856,0.020714285714285716,2.44897959183673,0,H,False
1.2857142857142856,0.020714285714285716,0.0,0,S,False
1.2857142857142856,0.020714285714285716,0.0206614285714286,0,N,False
1.2857142857142856,0.020714285714285716,0.158571428571429,0,C,False
1.2857142857142856,0.020714285714285716,2.44897959183673,1,H,True
1.2857142857142856,0.020714285714285716,5.54973645087174,1,S,True
1.2857142857142856,0.020714285714285716,0.0206614285714286,1,N,True
1.2857142857142856,0.020714285714285716,0.00317880794701987,1,C,True
1.2857142857142856,0.020714285714285716,88.7962240402769,2,H,False
1.2857142857142856,0.020714285714285716,65.0876879900574,2,S,False
1.2857142857142856,0.020714285714285716,0.00555066079295154,2,N,False
1.2857142857142856,0.020714285714285716,0.00757007650572118,2,C,False
1.2857142857142856,0.020714285714285716,88.7962240402769,3,H,True
1.2857142857142856,0.020714285714285716,16.0533978251734,3,S,True
1.2857142857142856,0.020714285714285716,0.00555066079295154,3,N,True
1.2857142857142856,0.020714285714285716,0.0454360033729146,3,C,True
1.2857142857142856,0.025642857142857144,2.44897959183673,0,H,False
1.2857142857142856,0.025642857142857144,0.0,0,S,False
1.2857142857142856,0.025642857142857144,0.0206614285714286,0,N,False
1.2857142857142856,0.025642857142857144,0.158571428571429,0,C,False
1.2857142857142856,0.025642857142857144,2.44897959183673,1,H,True
1.2857142857142856,0.025642857142857144,5.54973645087174,1,S,True
1.2857142857142856,0.025642857142857144,0.0206614285714286,1,N,True
1.2857142857142856,0.025642857142857144,0.00317880794701987,1,C,True
1.2857142857142856,0.025642857142857144,96.1899613899615,2,H,False
1.2857142857142856,0.025642857142857144,55.3904690164449,2,S,False
1.2857142857142856,0.025642857142857144,0.00425675675675675,2,N,False
1.2857142857142856,0.025642857142857144,0.00972046353733924,2,C,False
1.2857142857142856,0.025642857142857144,96.1899613899614,3,H,True
1.2857142857142856,0.025642857142857144,21.3682205977518,3,S,True
1.2857142857142856,0.025642857142857144,0.00425675675675675,3,N,True
1.2857142857142856,0.025642857142857144,0.0339740773611751,3,C,True
1.2857142857142856,0.030571428571428576,2.44897959183673,0,H,False
1.2857142857142856,0.030571428571428576,0.0,0,S,False
1.2857142857142856,0.030571428571428576,0.0206614285714286,0,N,False
1.2857142857142856,0.030571428571428576,0.158571428571429,0,C,False
1.2857142857142856,0.030571428571428576,2.44897959183673,1,H,True
1.2857142857142856,0.030571428571428576,5.54973645087174,1,S,True
1.2857142857142856,0.030571428571428576,0.0206614285714286,1,N,True
1.2857142857142856,0.030571428571428576,0.00317880794701987,1,C,True
1.2857142857142856,0.030571428571428576,100.788258317025,2,H,False
1.2857142857142856,0.030571428571428576,45.5798738368064,2,S,False
1.2857142857142856,0.030571428571428576,0.00345205479452054,2,N,False
1.2857142857142856,0.030571428571428576,0.0128319409262789,2,C,False
1.2857142857142856,0.030571428571428576,100.788258317025,3,H,True
1.2857142857142856,0.030571428571428576,27.5896883823253,3,S,True
1.2857142857142856,0.030571428571428576,0.00345205479452054,3,N,True
1.2857142857142856,0.030571428571428576,0.0250715880585710,3,C,True
1.2857142857142856,0.035500000000000004,2.44897959183673,0,H,False
1.2857142857142856,0.035500000000000004,0.0,0,S,False
1.2857142857142856,0.035500000000000004,0.0206614285714286,0,N,False
1.2857142857142856,0.035500000000000004,0.158571428571429,0,C,False
1.2857142857142856,0.035500000000000004,2.44897959183673,1,H,True
1.2857142857142856,0.035500000000000004,5.54973645087174,1,S,True
1.2857142857142856,0.035500000000000004,0.0206614285714286,1,N,True
1.2857142857142856,0.035500000000000004,0.00317880794701987,1,C,True
1.2857142857142856,0.035500000000000004,,2,H,False
1.2857142857142856,0.035500000000000004,,2,S,False
1.2857142857142856,0.035500000000000004,,2,N,False
1.2857142857142856,0.035500000000000004,,2,C,False
1.2857142857142856,0.035500000000000004,,3,H,False
1.2857142857142856,0.035500000000000004,,3,S,False
1.2857142857142856,0.035500000000000004,,3,N,False
1.2857142857142856,0.035500000000000004,,3,C,False
1.2857142857142856,0.04042857142857143,2.44897959183673,0,H,False
1.2857142857142856,0.04042857142857143,0.0,0,S,False
1.2857142857142856,0.04042857142857143,0.0206614285714286,0,N,False
1.2857142857142856,0.04042857142857143,0.158571428571429,0,C,False
1.2857142857142856,0.04042857142857143,2.44897959183673,1,H,True
1.2857142857142856,0.04042857142857143,5.54973645087174,1,S,True
1.2857142857142856,0.04042857142857143,0.0206614285714286,1,N,True
1.2857142857142856,0.04042857142857143,0.00317880794701987,1,C,True
1.2857142857142856,0.04042857142857143,,2,H,False
1.2857142857142856,0.04042857142857143,,2,S,False
1.2857142857142856,0.04042857142857143,,2,N,False
1.2857142857142856,0.04042857142857143,,2,C,False
1.2857142857142856,0.04042857142857143,,3,H,False
1.2857142857142856,0.04042857142857143,,3,S,False
1.2857142857142856,0.04042857142857143,,3,N,False
1.2857142857142856,0.04042857142857143,,3,C,False
1.2857142857142856,0.04535714285714286,2.44897959183673,0,H,False
1.2857142857142856,0.04535714285714286,0.0,0,S,False
1.2857142857142856,0.04535714285714286,0.0206614285714286,0,N,False
1.2857142857142856,0.04535714285714286,0.158571428571429,0,C,False
1.2857142857142856,0.04535714285714286,2.44897959183673,1,H,True
1.2857142857142856,0.04535714285714286,5.54973645087174,1,S,True
1.2857142857142856,0.04535714285714286,0.0206614285714286,1,N,True
1.2857142857142856,0.04535714285714286,0.00317880794701987,1,C,True
1.2857142857142856,0.04535714285714286,,2,H,False
1.2857142857142856,0.04535714285714286,,2,S,False
1.2857142857142856,0.04535714285714286,,2,N,False
1.2857142857142856,0.04535714285714286,,2,C,False
1.2857142857142856,0.04535714285714286,,3,H,False
1.2857142857142856,0.04535714285714286,,3,S,False
1.2857142857142856,0.04535714285714286,,3,N,False
1.2857142857142856,0.04535714285714286,,3,C,False
1.2857142857142856,0.05028571428571429,2.44897959183673,0,H,False
1.2857142857142856,0.05028571428571429,0.0,0,S,False
1.2857142857142856,0.05028571428571429,0.0206614285714286,0,N,False
1.2857142857142856,0.05028571428571429,0.158571428571429,0,C,False
1.2857142857142856,0.05028571428571429,2.44897959183673,1,H,True
1.2857142857142856,0.05028571428571429,5.54973645087174,1,S,True
1.2857142857142856,0.05028571428571429,0.0206614285714286,1,N,True
1.2857142857142856,0.05028571428571429,0.00317880794701987,1,C,True
1.2857142857142856,0.05028571428571429,,2,H,False
1.2857142857142856,0.05028571428571429,,2,S,False
1.2857142857142856,0.05028571428571429,,2,N,False
1.2857142857142856,0.05028571428571429,,2,C,False
1.2857142857142856,0.05028571428571429,,3,H,False
1.2857142857142856,0.05028571428571429,,3,S,False
1.2857142857142856,0.05028571428571429,,3,N,False
1.2857142857142856,0.05028571428571429,,3,C,False
1.2857142857142856,0.055214285714285716,2.44897959183673,0,H,False
1.2857142857142856,0.055214285714285716,0.0,0,S,False
1.2857142857142856,0.055214285714285716,0.0206614285714286,0,N,False
1.2857142857142856,0.055214285714285716,0.158571428571429,0,C,False
1.2857142857142856,0.055214285714285716,2.44897959183673,1,H,True
1.2857142857142856,0.055214285714285716,5.54973645087174,1,S,True
1.2857142857142856,0.055214285714285716,0.0206614285714286,1,N,True
1.2857142857142856,0.055214285714285716,0.00317880794701987,1,C,True
1.2857142857142856,0.055214285714285716,,2,H,False
1.2857142857142856,0.055214285714285716,,2,S,False
1.2857142857142856,0.055214285714285716,,2,N,False
1.2857142857142856,0.055214285714285716,,2,C,False
1.2857142857142856,0.055214285714285716,,3,H,False
1.2857142857142856,0.055214285714285716,,3,S,False
1.2857142857142856,0.055214285714285716,,3,N,False
1.2857142857142856,0.055214285714285716,,3,C,False
1.2857142857142856,0.06014285714285715,2.44897959183673,0,H,False
1.2857142857142856,0.06014285714285715,0.0,0,S,False
1.2857142857142856,0.06014285714285715,0.0206614285714286,0,N,False
1.2857142857142856,0.06014285714285715,0.158571428571429,0,C,False
1.2857142857142856,0.06014285714285715,2.44897959183673,1,H,True
1.2857142857142856,0.06014285714285715,5.54973645087174,1,S,True
1.2857142857142856,0.06014285714285715,0.0206614285714286,1,N,True
1.2857142857142856,0.06014285714285715,0.00317880794701987,1,C,True
1.2857142857142856,0.06014285714285715,,2,H,False
1.2857142857142856,0.06014285714285715,,2,S,False
1.2857142857142856,0.06014285714285715,,2,N,False
1.2857142857142856,0.06014285714285715,,2,C,False
1.2857142857142856,0.06014285714285715,,3,H,False
1.2857142857142856,0.06014285714285715,,3,S,False
1.2857142857142856,0.06014285714285715,,3,N,False
1.2857142857142856,0.06014285714285715,,3,C,False
1.2857142857142856,0.06507142857142857,2.44897959183673,0,H,False
1.2857142857142856,0.06507142857142857,0.0,0,S,False
1.2857142857142856,0.06507142857142857,0.0206614285714286,0,N,False
1.2857142857142856,0.06507142857142857,0.158571428571429,0,C,False
1.2857142857142856,0.06507142857142857,2.44897959183673,1,H,True
1.2857142857142856,0.06507142857142857,5.54973645087174,1,S,True
1.2857142857142856,0.06507142857142857,0.0206614285714286,1,N,True
1.2857142857142856,0.06507142857142857,0.00317880794701987,1,C,True
1.2857142857142856,0.06507142857142857,,2,H,False
1.2857142857142856,0.06507142857142857,,2,S,False
1.2857142857142856,0.06507142857142857,,2,N,False
1.2857142857142856,0.06507142857142857,,2,C,False
1.2857142857142856,0.06507142857142857,,3,H,False
1.2857142857142856,0.06507142857142857,,3,S,False
1.2857142857142856,0.06507142857142857,,3,N,False
1.2857142857142856,0.06507142857142857,,3,C,False
1.2857142857142856,0.07,2.44897959183673,0,H,False
1.2857142857142856,0.07,0.0,0,S,False
1.2857142857142856,0.07,0.0206614285714286,0,N,False
1.2857142857142856,0.07,0.158571428571429,0,C,False
1.2857142857142856,0.07,2.44897959183673,1,H,True
1.2857142857142856,0.07,5.54973645087174,1,S,True
1.2857142857142856,0.07,0.0206614285714286,1,N,True
1.2857142857142856,0.07,0.00317880794701987,1,C,True
1.2857142857142856,0.07,,2,H,False
1.2857142857142856,0.07,,2,S,False
1.2857142857142856,0.07,,2,N,False
1.2857142857142856,0.07,,2,C,False
1.2857142857142856,0.07,,3,H,False
1.2857142857142856,0.07,,3,S,False
1.2857142857142856,0.07,,3,N,False
1.2857142857142856,0.07,,3,C,False
1.3214285714285714,0.001,0.612244897959213,0,H,True
1.3214285714285714,0.001,0.0,0,S,True
1.3214285714285714,0.001,0.0209828571428571,0,N,True
1.3214285714285714,0.001,0.159642857142857,0,C,True
1.3214285714285714,0.001,,1,H,False
1.3214285714285714,0.001,,1,S,False
1.3214285714285714,0.001,,1,N,False
1.3214285714285714,0.001,,1,C,False
1.3214285714285714,0.001,,2,H,False
1.3214285714285714,0.001,,2,S,False
1.3214285714285714,0.001,,2,N,False
1.3214285714285714,0.001,,2,C,False
1.3214285714285714,0.001,,3,H,False
1.3214285714285714,0.001,,3,S,False
1.3214285714285714,0.001,,3,N,False
1.3214285714285714,0.001,,3,C,False
1.3214285714285714,0.005928571428571429,0.612244897959213,0,H,True
1.3214285714285714,0.005928571428571429,0.0,0,S,True
1.3214285714285714,0.005928571428571429,0.0209828571428571,0,N,True
1.3214285714285714,0.005928571428571429,0.159642857142857,0,C,True
1.3214285714285714,0.005928571428571429,,1,H,False
1.3214285714285714,0.005928571428571429,,1,S,False
1.3214285714285714,0.005928571428571429,,1,N,False
1.3214285714285714,0.005928571428571429,,1,C,False
1.3214285714285714,0.005928571428571429,,2,H,False
1.3214285714285714,0.005928571428571429,,2,S,False
1.3214285714285714,0.005928571428571429,,2,N,False
1.3214285714285714,0.005928571428571429,,2,C,False
1.3214285714285714,0.005928571428571429,,3,H,False
1.3214285714285714,0.005928571428571429,,3,S,False
1.3214285714285714,0.005928571428571429,,3,N,False
1.3214285714285714,0.005928571428571429,,3,C,False
1.3214285714285714,0.010857142857142857,0.612244897959213,0,H,False
1.3214285714285714,0.010857142857142857,0.0,0,S,False
1.3214285714285714,0.010857142857142857,0.0209828571428571,0,N,False
1.3214285714285714,0.010857142857142857,0.159642857142857,0,C,False
1.3214285714285714,0.010857142857142857,0.612244897959213,1,H,True
1.3214285714285714,0.010857142857142857,1.37500081424214,1,S,True
1.3214285714285714,0.010857142857142857,0.0209828571428571,1,N,True
1.3214285714285714,0.010857142857142857,0.00323651452282158,1,C,True
1.3214285714285714,0.010857142857142857,39.6154093097910,2,H,False
1.3214285714285714,0.010857142857142857,62.6281803352876,2,S,False
1.3214285714285714,0.010857142857142857,0.0141573033707865,2,N,False
1.3214285714285714,0.010857142857142857,0.00404045646301792,2,C,False
1.3214285714285714,0.010857142857142857,39.6154093097914,3,H,True
1.3214285714285714,0.010857142857142857,2.55167373419985,3,S,True
1.3214285714285714,0.010857142857142857,0.0141573033707865,3,N,True
1.3214285714285714,0.010857142857142857,0.109653389403922,3,C,True
1.3214285714285714,0.01578571428571429,0.612244897959213,0,H,False
1.3214285714285714,0.01578571428571429,0.0,0,S,False
1.3214285714285714,0.01578571428571429,0.0209828571428571,0,N,False
1.3214285714285714,0.01578571428571429,0.159642857142857,0,C,False
1.3214285714285714,0.01578571428571429,0.612244897959213,1,H,True
1.3214285714285714,0.01578571428571429,1.37500081424214,1,S,True
1.3214285714285714,0.01578571428571429,0.0209828571428571,1,N,True
1.3214285714285714,0.01578571428571429,0.00323651452282158,1,C,True
1.3214285714285714,0.01578571428571429,74.9446654611209,2,H,False
1.3214285714285714,0.01578571428571429,72.0633748643443,2,S,False
1.3214285714285714,0.01578571428571429,0.00797468354430382,2,N,False
1.3214285714285714,0.01578571428571429,0.00595630221507530,2,C,False
1.3214285714285714,0.01578571428571429,74.9446654611210,3,H,True
1.3214285714285714,0.01578571428571429,10.4778812744517,3,S,True
1.3214285714285714,0.01578571428571429,0.00797468354430382,3,N,True
1.3214285714285714,0.01578571428571429,0.0631850549990643,3,C,True
1.3214285714285714,0.020714285714285716,0.612244897959213,0,H,False
1.3214285714285714,0.020714285714285716,0.0,0,S,False
1.3214285714285714,0.020714285714285716,0.0209828571428571,0,N,False
1.3214285714285714,0.020714285714285716,0.159642857142857,0,C,False
1.3214285714285714,0.020714285714285716,0.612244897959213,1,H,True
1.3214285714285714,0.020714285714285716,1.37500081424214,1,S,True
1.3214285714285714,0.020714285714285716,0.0209828571428571,1,N,True
1.3214285714285714,0.020714285714285716,0.00323651452282158,1,C,True
1.3214285714285714,0.020714285714285716,88.7962240402770,2,H,False
1.3214285714285714,0.020714285714285716,62.1431525340569,2,S,False
1.3214285714285714,0.020714285714285716,0.00555066079295154,2,N,False
1.3214285714285714,0.020714285714285716,0.00802268856795933,2,C,False
1.3214285714285714,0.020714285714285716,88.7962240402770,3,H,True
1.3214285714285714,0.020714285714285716,16.7163066888797,3,S,True
1.3214285714285714,0.020714285714285716,0.00555066079295154,3,N,True
1.3214285714285714,0.020714285714285716,0.0436509528307648,3,C,True
1.3214285714285714,0.025642857142857144,0.612244897959213,0,H,False
1.3214285714285714,0.025642857142857144,0.0,0,S,False
1.3214285714285714,0.025642857142857144,0.0209828571428571,0,N,False
1.3214285714285714,0.025642857142857144,0.159642857142857,0,C,False
1.3214285714285714,0.025642857142857144,0.612244897959213,1,H,True
1.3214285714285714,0.025642857142857144,1.37500081424214,1,S,True
1.3214285714285714,0.025642857142857144,0.0209828571428571,1,N,True
1.3214285714285714,0.025642857142857144,0.00323651452282158,1,C,True
1.3214285714285714,0.025642857142857144,96.1899613899615,2,H,False
1.3214285714285714,0.025642857142857144,51.8637241101379,2,S,False
1.3214285714285714,0.025642857142857144,0.00425675675675675,2,N,False
1.3214285714285714,0.025642857142857144,0.0105854705139515,2,C,False
1.3214285714285714,0.025642857142857144,96.1899613899615,3,H,True
1.3214285714285714,0.025642857142857144,22.6119092471689,3,S,True
1.3214285714285714,0.025642857142857144,0.00425675675675675,3,N,True
1.3214285714285714,0.025642857142857144,0.0317641874427604,3,C,True
1.3214285714285714,0.030571428571428576,0.612244897959213,0,H,False
1.3214285714285714,0.030571428571428576,0.0,0,S,False
1.3214285714285714,0.030571428571428576,0.0209828571428571,0,N,False
1.3214285714285714,0.030571428571428576,0.159642857142857,0,C,False
1.3214285714285714,0.030571428571428576,0.612244897959213,1,H,True
1.3214285714285714,0.030571428571428576,1.37500081424214,1,S,True
1.3214285714285714,0.030571428571428576,0.0209828571428571,1,N,True
1.3214285714285714,0.030571428571428576,0.00323651452282158,1,C,True
1.3214285714285714,0.030571428571428576,100.788258317026,2,H,False
1.3214285714285714,0.030571428571428576,39.1212450296877,2,S,False
1.3214285714285714,0.030571428571428576,0.00345205479452054,2,N,False
1.3214285714285714,0.030571428571428576,0.0157387712407299,2,C,False
1.3214285714285714,0.030571428571428576,100.788258317026,3,H,True
1.3214285714285714,0.030571428571428576,31.7789912026574,3,S,True
1.3214285714285714,0.030571428571428576,0.00345205479452054,3,N,True
1.3214285714285714,0.030571428571428576,0.0208121353698538,3,C,True
1.3214285714285714,0.035500000000000004,0.612244897959213,0,H,False
1.3214285714285714,0.035500000000000004,0.0,0,S,False
1.3214285714285714,0.035500000000000004,0.0209828571428571,0,N,False
1.3214285714285714,0.035500000000000004,0.159642857142857,0,C,False
1.3214285714285714,0.035500000000000004,0.612244897959213,1,H,True
1.3214285714285714,0.035500000000000004,1.37500081424214,1,S,True
1.3214285714285714,0.035500000000000004,0.0209828571428571,1,N,True
1.3214285714285714,0.035500000000000004,0.00323651452282158,1,C,True
1.3214285714285714,0.035500000000000004,,2,H,False
1.3214285714285714,0.035500000000000004,,2,S,False
1.3214285714285714,0.035500000000000004,,2,N,False
1.3214285714285714,0.035500000000000004,,2,C,False
1.3214285714285714,0.035500000000000004,,3,H,False
1.3214285714285714,0.035500000000000004,,3,S,False
1.3214285714285714,0.035500000000000004,,3,N,False
1.3214285714285714,0.035500000000000004,,3,C,False
1.3214285714285714,0.04042857142857143,0.612244897959213,0,H,False
1.3214285714285714,0.04042857142857143,0.0,0,S,False
1.3214285714285714,0.04042857142857143,0.0209828571428571,0,N,False
1.3214285714285714,0.04042857142857143,0.159642857142857,0,C,False
1.3214285714285714,0.04042857142857143,0.612244897959213,1,H,True
1.3214285714285714,0.04042857142857143,1.37500081424214,1,S,True
1.3214285714285714,0.04042857142857143,0.0209828571428571,1,N,True
1.3214285714285714,0.04042857142857143,0.00323651452282158,1,C,True
1.3214285714285714,0.04042857142857143,,2,H,False
1.3214285714285714,0.04042857142857143,,2,S,False
1.3214285714285714,0.04042857142857143,,2,N,False
1.3214285714285714,0.04042857142857143,,2,C,False
1.3214285714285714,0.04042857142857143,,3,H,False
1.3214285714285714,0.04042857142857143,,3,S,False
1.3214285714285714,0.04042857142857143,,3,N,False
1.3214285714285714,0.04042857142857143,,3,C,False
1.3214285714285714,0.04535714285714286,0.612244897959213,0,H,False
1.3214285714285714,0.04535714285714286,0.0,0,S,False
1.3214285714285714,0.04535714285714286,0.0209828571428571,0,N,False
1.3214285714285714,0.04535714285714286,0.159642857142857,0,C,False
1.3214285714285714,0.04535714285714286,0.612244897959213,1,H,True
1.3214285714285714,0.04535714285714286,1.37500081424214,1,S,True
1.3214285714285714,0.04535714285714286,0.0209828571428571,1,N,True
1.3214285714285714,0.04535714285714286,0.00323651452282158,1,C,True
1.3214285714285714,0.04535714285714286,,2,H,False
1.3214285714285714,0.04535714285714286,,2,S,False
1.3214285714285714,0.04535714285714286,,2,N,False
1.3214285714285714,0.04535714285714286,,2,C,False
1.3214285714285714,0.04535714285714286,,3,H,False
1.3214285714285714,0.04535714285714286,,3,S,False
1.3214285714285714,0.04535714285714286,,3,N,False
1.3214285714285714,0.04535714285714286,,3,C,False
1.3214285714285714,0.05028571428571429,0.612244897959213,0,H,False
1.3214285714285714,0.05028571428571429,0.0,0,S,False
1.3214285714285714,0.05028571428571429,0.0209828571428571,0,N,False
1.3214285714285714,0.05028571428571429,0.159642857142857,0,C,False
1.3214285714285714,0.05028571428571429,0.612244897959213,1,H,True
1.3214285714285714,0.05028571428571429,1.37500081424214,1,S,True
1.3214285714285714,0.05028571428571429,0.0209828571428571,1,N,True
1.3214285714285714,0.05028571428571429,0.00323651452282158,1,C,True
1.3214285714285714,0.05028571428571429,,2,H,False
1.3214285714285714,0.05028571428571429,,2,S,False
1.3214285714285714,0.05028571428571429,,2,N,False
1.3214285714285714,0.05028571428571429,,2,C,False
1.3214285714285714,0.05028571428571429,,3,H,False
1.3214285714285714,0.05028571428571429,,3,S,False
1.3214285714285714,0.05028571428571429,,3,N,False
1.3214285714285714,0.05028571428571429,,3,C,False
1.3214285714285714,0.055214285714285716,0.612244897959213,0,H,False
1.3214285714285714,0.055214285714285716,0.0,0,S,False
1.3214285714285714,0.055214285714285716,0.0209828571428571,0,N,False
1.3214285714285714,0.055214285714285716,0.159642857142857,0,C,False
1.3214285714285714,0.055214285714285716,0.612244897959213,1,H,True
1.3214285714285714,0.055214285714285716,1.37500081424214,1,S,True
1.3214285714285714,0.055214285714285716,0.0209828571428571,1,N,True
1.3214285714285714,0.055214285714285716,0.00323651452282158,1,C,True
1.3214285714285714,0.055214285714285716,,2,H,False
1.3214285714285714,0.055214285714285716,,2,S,False
1.3214285714285714,0.055214285714285716,,2,N,False
1.3214285714285714,0.055214285714285716,,2,C,False
1.3214285714285714,0.055214285714285716,,3,H,False
1.3214285714285714,0.055214285714285716,,3,S,False
1.3214285714285714,0.055214285714285716,,3,N,False
1.3214285714285714,0.055214285714285716,,3,C,False
1.3214285714285714,0.06014285714285715,0.612244897959213,0,H,False
1.3214285714285714,0.06014285714285715,0.0,0,S,False
1.3214285714285714,0.06014285714285715,0.0209828571428571,0,N,False
1.3214285714285714,0.06014285714285715,0.159642857142857,0,C,False
1.3214285714285714,0.06014285714285715,0.612244897959213,1,H,True
1.3214285714285714,0.06014285714285715,1.37500081424214,1,S,True
1.3214285714285714,0.06014285714285715,0.0209828571428571,1,N,True
1.3214285714285714,0.06014285714285715,0.00323651452282158,1,C,True
1.3214285714285714,0.06014285714285715,,2,H,False
1.3214285714285714,0.06014285714285715,,2,S,False
1.3214285714285714,0.06014285714285715,,2,N,False
1.3214285714285714,0.06014285714285715,,2,C,False
1.3214285714285714,0.06014285714285715,,3,H,False
1.3214285714285714,0.06014285714285715,,3,S,False
1.3214285714285714,0.06014285714285715,,3,N,False
1.3214285714285714,0.06014285714285715,,3,C,False
1.3214285714285714,0.06507142857142857,0.612244897959213,0,H,False
1.3214285714285714,0.06507142857142857,0.0,0,S,False
1.3214285714285714,0.06507142857142857,0.0209828571428571,0,N,False
1.3214285714285714,0.06507142857142857,0.159642857142857,0,C,False
1.3214285714285714,0.06507142857142857,0.612244897959213,1,H,True
1.3214285714285714,0.06507142857142857,1.37500081424214,1,S,True
1.3214285714285714,0.06507142857142857,0.0209828571428571,1,N,True
1.3214285714285714,0.06507142857142857,0.00323651452282158,1,C,True
1.3214285714285714,0.06507142857142857,,2,H,False
1.3214285714285714,0.06507142857142857,,2,S,False
1.3214285714285714,0.06507142857142857,,2,N,False
1.3214285714285714,0.06507142857142857,,2,C,False
1.3214285714285714,0.06507142857142857,,3,H,False
1.3214285714285714,0.06507142857142857,,3,S,False
1.3214285714285714,0.06507142857142857,,3,N,False
1.3214285714285714,0.06507142857142857,,3,C,False
1.3214285714285714,0.07,0.612244897959213,0,H,False
1.3214285714285714,0.07,0.0,0,S,False
1.3214285714285714,0.07,0.0209828571428571,0,N,False
1.3214285714285714,0.07,0.159642857142857,0,C,False
1.3214285714285714,0.07,0.612244897959213,1,H,True
1.3214285714285714,0.07,1.37500081424214,1,S,True
1.3214285714285714,0.07,0.0209828571428571,1,N,True
1.3214285714285714,0.07,0.00323651452282158,1,C,True
1.3214285714285714,0.07,,2,H,False
1.3214285714285714,0.07,,2,S,False
1.3214285714285714,0.07,,2,N,False
1.3214285714285714,0.07,,2,C,False
1.3214285714285714,0.07,,3,H,False
1.3214285714285714,0.07,,3,S,False
1.3214285714285714,0.07,,3,N,False
1.3214285714285714,0.07,,3,C,False
1.3571428571428572,0.001,,0,H,False
1.3571428571428572,0.001,,0,S,False
1.3571428571428572,0.001,,0,N,False
1.3571428571428572,0.001,,0,C,False
1.3571428571428572,0.001,,1,H,False
1.3571428571428572,0.001,,1,S,False
1.3571428571428572,0.001,,1,N,False
1.3571428571428572,0.001,,1,C,False
1.3571428571428572,0.001,,2,H,False
1.3571428571428572,0.001,,2,S,False
1.3571428571428572,0.001,,2,N,False
1.3571428571428572,0.001,,2,C,False
1.3571428571428572,0.001,,3,H,False
1.3571428571428572,0.001,,3,S,False
1.3571428571428572,0.001,,3,N,False
1.3571428571428572,0.001,,3,C,False
1.3571428571428572,0.005928571428571429,,0,H,False
1.3571428571428572,0.005928571428571429,,0,S,False
1.3571428571428572,0.005928571428571429,,0,N,False
1.3571428571428572,0.005928571428571429,,0,C,False
1.3571428571428572,0.005928571428571429,,1,H,False
1.3571428571428572,0.005928571428571429,,1,S,False
1.3571428571428572,0.005928571428571429,,1,N,False
1.3571428571428572,0.005928571428571429,,1,C,False
1.3571428571428572,0.005928571428571429,,2,H,False
1.3571428571428572,0.005928571428571429,,2,S,False
1.3571428571428572,0.005928571428571429,,2,N,False
1.3571428571428572,0.005928571428571429,,2,C,False
1.3571428571428572,0.005928571428571429,,3,H,False
1.3571428571428572,0.005928571428571429,,3,S,False
1.3571428571428572,0.005928571428571429,,3,N,False
1.3571428571428572,0.005928571428571429,,3,C,False
1.3571428571428572,0.010857142857142857,,0,H,False
1.3571428571428572,0.010857142857142857,,0,S,False
1.3571428571428572,0.010857142857142857,,0,N,False
1.3571428571428572,0.010857142857142857,,0,C,False
1.3571428571428572,0.010857142857142857,,1,H,False
1.3571428571428572,0.010857142857142857,,1,S,False
1.3571428571428572,0.010857142857142857,,1,N,False
1.3571428571428572,0.010857142857142857,,1,C,False
1.3571428571428572,0.010857142857142857,39.6154093097911,2,H,False
1.3571428571428572,0.010857142857142857,61.0090920278772,2,S,False
1.3571428571428572,0.010857142857142857,0.0141573033707865,2,N,False
1.3571428571428572,0.010857142857142857,0.00416530611273482,2,C,False
1.3571428571428572,0.010857142857142857,39.6154093097914,3,H,True
1.3571428571428572,0.010857142857142857,2.68629907714032,3,S,True
1.3571428571428572,0.010857142857142857,0.0141573033707865,3,N,True
1.3571428571428572,0.010857142857142857,0.108272640007028,3,C,True
1.3571428571428572,0.01578571428571429,,0,H,False
1.3571428571428572,0.01578571428571429,,0,S,False
1.3571428571428572,0.01578571428571429,,0,N,False
1.3571428571428572,0.01578571428571429,,0,C,False
1.3571428571428572,0.01578571428571429,,1,H,False
1.3571428571428572,0.01578571428571429,,1,S,False
1.3571428571428572,0.01578571428571429,,1,N,False
1.3571428571428572,0.01578571428571429,,1,C,False
1.3571428571428572,0.01578571428571429,74.9446654611209,2,H,False
1.3571428571428572,0.01578571428571429,69.5583136815684,2,S,False
1.3571428571428572,0.01578571428571429,0.00797468354430382,2,N,False
1.3571428571428572,0.01578571428571429,0.00621829547977754,2,C,False
1.3571428571428572,0.01578571428571429,74.9446654611211,3,H,True
1.3571428571428572,0.01578571428571429,10.8556338596787,3,S,True
1.3571428571428572,0.01578571428571429,0.00797468354430382,3,N,True
1.3571428571428572,0.01578571428571429,0.0616074021970905,3,C,True
1.3571428571428572,0.020714285714285716,,0,H,False
1.3571428571428572,0.020714285714285716,,0,S,False
1.3571428571428572,0.020714285714285716,,0,N,False
1.3571428571428572,0.020714285714285716,,0,C,False
1.3571428571428572,0.020714285714285716,,1,H,False
1.3571428571428572,0.020714285714285716,,1,S,False
1.3571428571428572,0.020714285714285716,,1,N,False
1.3571428571428572,0.020714285714285716,,1,C,False
1.3571428571428572,0.020714285714285716,88.7962240402770,2,H,False
1.3571428571428572,0.020714285714285716,59.2236751600395,2,S,False
1.3571428571428572,0.020714285714285716,0.00555066079295154,2,N,False
1.3571428571428572,0.020714285714285716,0.00852640364177863,2,C,False
1.3571428571428572,0.020714285714285716,88.7962240402770,3,H,True
1.3571428571428572,0.020714285714285716,17.4316494934975,3,S,True
1.3571428571428572,0.020714285714285716,0.00555066079295154,3,N,True
1.3571428571428572,0.020714285714285716,0.0418081481698131,3,C,True
1.3571428571428572,0.025642857142857144,,0,H,False
1.3571428571428572,0.025642857142857144,,0,S,False
1.3571428571428572,0.025642857142857144,,0,N,False
1.3571428571428572,0.025642857142857144,,0,C,False
1.3571428571428572,0.025642857142857144,,1,H,False
1.3571428571428572,0.025642857142857144,,1,S,False
1.3571428571428572,0.025642857142857144,,1,N,False
1.3571428571428572,0.025642857142857144,,1,C,False
1.3571428571428572,0.025642857142857144,96.1899613899615,2,H,False
1.3571428571428572,0.025642857142857144,48.1448258631906,2,S,False
1.3571428571428572,0.025642857142857144,0.00425675675675675,2,N,False
1.3571428571428572,0.025642857142857144,0.0116703060094544,2,C,False
1.3571428571428572,0.025642857142857144,96.1899613899615,3,H,True
1.3571428571428572,0.025642857142857144,24.1260665069249,3,S,True
1.3571428571428572,0.025642857142857144,0.00425675675675675,3,N,True
1.3571428571428572,0.025642857142857144,0.0293277557794561,3,C,True
1.3571428571428572,0.030571428571428576,,0,H,False
1.3571428571428572,0.030571428571428576,,0,S,False
1.3571428571428572,0.030571428571428576,,0,N,False
1.3571428571428572,0.030571428571428576,,0,C,False
1.3571428571428572,0.030571428571428576,,1,H,False
1.3571428571428572,0.030571428571428576,,1,S,False
1.3571428571428572,0.030571428571428576,,1,N,False
1.3571428571428572,0.030571428571428576,,1,C,False
1.3571428571428572,0.030571428571428576,,2,H,False
1.3571428571428572,0.030571428571428576,,2,S,False
1.3571428571428572,0.030571428571428576,,2,N,False
1.3571428571428572,0.030571428571428576,,2,C,False
1.3571428571428572,0.030571428571428576,,3,H,False
1.3571428571428572,0.030571428571428576,,3,S,False
1.3571428571428572,0.030571428571428576,,3,N,False
1.3571428571428572,0.030571428571428576,,3,C,False
1.3571428571428572,0.035500000000000004,,0,H,False
1.3571428571428572,0.035500000000000004,,0,S,False
1.3571428571428572,0.035500000000000004,,0,N,False
1.3571428571428572,0.035500000000000004,,0,C,False
1.3571428571428572,0.035500000000000004,,1,H,False
1.3571428571428572,0.035500000000000004,,1,S,False
1.3571428571428572,0.035500000000000004,,1,N,False
1.3571428571428572,0.035500000000000004,,1,C,False
1.3571428571428572,0.035500000000000004,,2,H,False
1.3571428571428572,0.035500000000000004,,2,S,False
1.3571428571428572,0.035500000000000004,,2,N,False
1.3571428571428572,0.035500000000000004,,2,C,False
1.3571428571428572,0.035500000000000004,,3,H,False
1.3571428571428572,0.035500000000000004,,3,S,False
1.3571428571428572,0.035500000000000004,,3,N,False
1.3571428571428572,0.035500000000000004,,3,C,False
1.3571428571428572,0.04042857142857143,,0,H,False
1.3571428571428572,0.04042857142857143,,0,S,False
1.3571428571428572,0.04042857142857143,,0,N,False
1.3571428571428572,0.04042857142857143,,0,C,False
1.3571428571428572,0.04042857142857143,,1,H,False
1.3571428571428572,0.04042857142857143,,1,S,False
1.3571428571428572,0.04042857142857143,,1,N,False
1.3571428571428572,0.04042857142857143,,1,C,False
1.3571428571428572,0.04042857142857143,,2,H,False
1.3571428571428572,0.04042857142857143,,2,S,False
1.3571428571428572,0.04042857142857143,,2,N,False
1.3571428571428572,0.04042857142857143,,2,C,False
1.3571428571428572,0.04042857142857143,,3,H,False
1.3571428571428572,0.04042857142857143,,3,S,False
1.3571428571428572,0.04042857142857143,,3,N,False
1.3571428571428572,0.04042857142857143,,3,C,False
1.3571428571428572,0.04535714285714286,,0,H,False
1.3571428571428572,0.04535714285714286,,0,S,False
1.3571428571428572,0.04535714285714286,,0,N,False
1.3571428571428572,0.04535714285714286,,0,C,False
1.3571428571428572,0.04535714285714286,,1,H,False
1.3571428571428572,0.04535714285714286,,1,S,False
1.3571428571428572,0.04535714285714286,,1,N,False
1.3571428571428572,0.04535714285714286,,1,C,False
1.3571428571428572,0.04535714285714286,,2,H,False
1.3571428571428572,0.04535714285714286,,2,S,False
1.3571428571428572,0.04535714285714286,,2,N,False
1.3571428571428572,0.04535714285714286,,2,C,False
1.3571428571428572,0.04535714285714286,,3,H,False
1.3571428571428572,0.04535714285714286,,3,S,False
1.3571428571428572,0.04535714285714286,,3,N,False
1.3571428571428572,0.04535714285714286,,3,C,False
1.3571428571428572,0.05028571428571429,,0,H,False
1.3571428571428572,0.05028571428571429,,0,S,False
1.3571428571428572,0.05028571428571429,,0,N,False
1.3571428571428572,0.05028571428571429,,0,C,False
1.3571428571428572,0.05028571428571429,,1,H,False
1.3571428571428572,0.05028571428571429,,1,S,False
1.3571428571428572,0.05028571428571429,,1,N,False
1.3571428571428572,0.05028571428571429,,1,C,False
1.3571428571428572,0.05028571428571429,,2,H,False
1.3571428571428572,0.05028571428571429,,2,S,False
1.3571428571428572,0.05028571428571429,,2,N,False
1.3571428571428572,0.05028571428571429,,2,C,False
1.3571428571428572,0.05028571428571429,,3,H,False
1.3571428571428572,0.05028571428571429,,3,S,False
1.3571428571428572,0.05028571428571429,,3,N,False
1.3571428571428572,0.05028571428571429,,3,C,False
1.3571428571428572,0.055214285714285716,,0,H,False
1.3571428571428572,0.055214285714285716,,0,S,False
1.3571428571428572,0.055214285714285716,,0,N,False
1.3571428571428572,0.055214285714285716,,0,C,False
1.3571428571428572,0.055214285714285716,,1,H,False
1.3571428571428572,0.055214285714285716,,1,S,False
1.3571428571428572,0.055214285714285716,,1,N,False
1.3571428571428572,0.055214285714285716,,1,C,False
1.3571428571428572,0.055214285714285716,,2,H,False
1.3571428571428572,0.055214285714285716,,2,S,False
1.3571428571428572,0.055214285714285716,,2,N,False
1.3571428571428572,0.055214285714285716,,2,C,False
1.3571428571428572,0.055214285714285716,,3,H,False
1.3571428571428572,0.055214285714285716,,3,S,False
1.3571428571428572,0.055214285714285716,,3,N,False
1.3571428571428572,0.055214285714285716,,3,C,False
1.3571428571428572,0.06014285714285715,,0,H,False
1.3571428571428572,0.06014285714285715,,0,S,False
1.3571428571428572,0.06014285714285715,,0,N,False
1.3571428571428572,0.06014285714285715,,0,C,False
1.3571428571428572,0.06014285714285715,,1,H,False
1.3571428571428572,0.06014285714285715,,1,S,False
1.3571428571428572,0.06014285714285715,,1,N,False
1.3571428571428572,0.06014285714285715,,1,C,False
1.3571428571428572,0.06014285714285715,,2,H,False
1.3571428571428572,0.06014285714285715,,2,S,False
1.3571428571428572,0.06014285714285715,,2,N,False
1.3571428571428572,0.06014285714285715,,2,C,False
1.3571428571428572,0.06014285714285715,,3,H,False
1.3571428571428572,0.06014285714285715,,3,S,False
1.3571428571428572,0.06014285714285715,,3,N,False
1.3571428571428572,0.06014285714285715,,3,C,False
1.3571428571428572,0.06507142857142857,,0,H,False
1.3571428571428572,0.06507142857142857,,0,S,False
1.3571428571428572,0.06507142857142857,,0,N,False
1.3571428571428572,0.06507142857142857,,0,C,False
1.3571428571428572,0.06507142857142857,,1,H,False
1.3571428571428572,0.06507142857142857,,1,S,False
1.3571428571428572,0.06507142857142857,,1,N,False
1.3571428571428572,0.06507142857142857,,1,C,False
1.3571428571428572,0.06507142857142857,,2,H,False
1.3571428571428572,0.06507142857142857,,2,S,False
1.3571428571428572,0.06507142857142857,,2,N,False
1.3571428571428572,0.06507142857142857,,2,C,False
1.3571428571428572,0.06507142857142857,,3,H,False
1.3571428571428572,0.06507142857142857,,3,S,False
1.3571428571428572,0.06507142857142857,,3,N,False
1.3571428571428572,0.06507142857142857,,3,C,False
1.3571428571428572,0.07,,0,H,False
1.3571428571428572,0.07,,0,S,False
1.3571428571428572,0.07,,0,N,False
1.3571428571428572,0.07,,0,C,False
1.3571428571428572,0.07,,1,H,False
1.3571428571428572,0.07,,1,S,False
1.3571428571428572,0.07,,1,N,False
1.3571428571428572,0.07,,1,C,False
1.3571428571428572,0.07,,2,H,False
1.3571428571428572,0.07,,2,S,False
1.3571428571428572,0.07,,2,N,False
1.3571428571428572,0.07,,2,C,False
1.3571428571428572,0.07,,3,H,False
1.3571428571428572,0.07,,3,S,False
1.3571428571428572,0.07,,3,N,False
1.3571428571428572,0.07,,3,C,False
1.3928571428571428,0.001,,0,H,False
1.3928571428571428,0.001,,0,S,False
1.3928571428571428,0.001,,0,N,False
1.3928571428571428,0.001,,0,C,False
1.3928571428571428,0.001,,1,H,False
1.3928571428571428,0.001,,1,S,False
1.3928571428571428,0.001,,1,N,False
1.3928571428571428,0.001,,1,C,False
1.3928571428571428,0.001,,2,H,False
1.3928571428571428,0.001,,2,S,False
1.3928571428571428,0.001,,2,N,False
1.3928571428571428,0.001,,2,C,False
1.3928571428571428,0.001,,3,H,False
1.3928571428571428,0.001,,3,S,False
1.3928571428571428,0.001,,3,N,False
1.3928571428571428,0.001,,3,C,False
1.3928571428571428,0.005928571428571429,,0,H,False
1.3928571428571428,0.005928571428571429,,0,S,False
1.3928571428571428,0.005928571428571429,,0,N,False
1.3928571428571428,0.005928571428571429,,0,C,False
1.3928571428571428,0.005928571428571429,,1,H,False
1.3928571428571428,0.005928571428571429,,1,S,False
1.3928571428571428,0.005928571428571429,,1,N,False
1.3928571428571428,0.005928571428571429,,1,C,False
1.3928571428571428,0.005928571428571429,,2,H,False
1.3928571428571428,0.005928571428571429,,2,S,False
1.3928571428571428,0.005928571428571429,,2,N,False
1.3928571428571428,0.005928571428571429,,2,C,False
1.3928571428571428,0.005928571428571429,,3,H,False
1.3928571428571428,0.005928571428571429,,3,S,False
1.3928571428571428,0.005928571428571429,,3,N,False
1.3928571428571428,0.005928571428571429,,3,C,False
1.3928571428571428,0.010857142857142857,,0,H,False
1.3928571428571428,0.010857142857142857,,0,S,False
1.3928571428571428,0.010857142857142857,,0,N,False
1.3928571428571428,0.010857142857142857,,0,C,False
1.3928571428571428,0.010857142857142857,,1,H,False
1.3928571428571428,0.010857142857142857,,1,S,False
1.3928571428571428,0.010857142857142857,,1,N,False
1.3928571428571428,0.010857142857142857,,1,C,False
1.3928571428571428,0.010857142857142857,39.6154093097910,2,H,False
1.3928571428571428,0.010857142857142857,59.4361213894903,2,S,False
1.3928571428571428,0.010857142857142857,0.0141573033707865,2,N,False
1.3928571428571428,0.010857142857142857,0.00429416645261402,2,C,False
1.3928571428571428,0.010857142857142857,39.6154093097913,3,H,True
1.3928571428571428,0.010857142857142857,2.82258735044967,3,S,True
1.3928571428571428,0.010857142857142857,0.0141573033707865,3,N,True
1.3928571428571428,0.010857142857142857,0.106881595183956,3,C,True
1.3928571428571428,0.01578571428571429,,0,H,False
1.3928571428571428,0.01578571428571429,,0,S,False
1.3928571428571428,0.01578571428571429,,0,N,False
1.3928571428571428,0.01578571428571429,,0,C,False
1.3928571428571428,0.01578571428571429,,1,H,False
1.3928571428571428,0.01578571428571429,,1,S,False
1.3928571428571428,0.01578571428571429,,1,N,False
1.3928571428571428,0.01578571428571429,,1,C,False
1.3928571428571428,0.01578571428571429,74.9446654611209,2,H,False
1.3928571428571428,0.01578571428571429,67.1104161873800,2,S,False
1.3928571428571428,0.01578571428571429,0.00797468354430382,2,N,False
1.3928571428571428,0.01578571428571429,0.00649716055282698,2,C,False
1.3928571428571428,0.01578571428571429,74.9446654611210,3,H,True
1.3928571428571428,0.01578571428571429,11.2465980110033,3,S,True
1.3928571428571428,0.01578571428571429,0.00797468354430382,3,N,True
1.3928571428571428,0.01578571428571429,0.0600062938025960,3,C,True
1.3928571428571428,0.020714285714285716,,0,H,False
1.3928571428571428,0.020714285714285716,,0,S,False
1.3928571428571428,0.020714285714285716,,0,N,False
1.3928571428571428,0.020714285714285716,,0,C,False
1.3928571428571428,0.020714285714285716,,1,H,False
1.3928571428571428,0.020714285714285716,,1,S,False
1.3928571428571428,0.020714285714285716,,1,N,False
1.3928571428571428,0.020714285714285716,,1,C,False
1.3928571428571428,0.020714285714285716,88.7962240402770,2,H,False
1.3928571428571428,0.020714285714285716,56.3132618449153,2,S,False
1.3928571428571428,0.020714285714285716,0.00555066079295154,2,N,False
1.3928571428571428,0.020714285714285716,0.00909324474446775,2,C,False
1.3928571428571428,0.020714285714285716,88.7962240402769,3,H,True
1.3928571428571428,0.020714285714285716,18.2120122252763,3,S,True
1.3928571428571428,0.020714285714285716,0.00555066079295154,3,N,True
1.3928571428571428,0.020714285714285716,0.0398955164478621,3,C,True
1.3928571428571428,0.025642857142857144,,0,H,False
1.3928571428571428,0.025642857142857144,,0,S,False
1.3928571428571428,0.025642857142857144,,0,N,False
1.3928571428571428,0.025642857142857144,,0,C,False
1.3928571428571428,0.025642857142857144,,1,H,False
1.3928571428571428,0.025642857142857144,,1,S,False
1.3928571428571428,0.025642857142857144,,1,N,False
1.3928571428571428,0.025642857142857144,,1,C,False
1.3928571428571428,0.025642857142857144,96.1899613899615,2,H,False
1.3928571428571428,0.025642857142857144,44.0099071990234,2,S,False
1.3928571428571428,0.025642857142857144,0.00425675675675675,2,N,False
1.3928571428571428,0.025642857142857144,0.0131484610357367,2,C,False
1.3928571428571428,0.025642857142857144,96.1899613899615,3,H,True
1.3928571428571428,0.025642857142857144,26.1311203218912,3,S,True
1.3928571428571428,0.025642857142857144,0.00425675675675675,3,N,True
1.3928571428571428,0.025642857142857144,0.0264912409681855,3,C,True
1.3928571428571428,0.030571428571428576,,0,H,False
1.3928571428571428,0.030571428571428576,,0,S,False
1.3928571428571428,0.030571428571428576,,0,N,False
1.3928571428571428,0.030571428571428576,,0,C,False
1.3928571428571428,0.030571428571428576,,1,H,False
1.3928571428571428,0.030571428571428576,,1,S,False
1.3928571428571428,0.030571428571428576,,1,N,False
1.3928571428571428,0.030571428571428576,,1,C,False
1.3928571428571428,0.030571428571428576,,2,H,False
1.3928571428571428,0.030571428571428576,,2,S,False
1.3928571428571428,0.030571428571428576,,2,N,False
1.3928571428571428,0.030571428571428576,,2,C,False
1.3928571428571428,0.030571428571428576,,3,H,False
1.3928571428571428,0.030571428571428576,,3,S,False
1.3928571428571428,0.030571428571428576,,3,N,False
1.3928571428571428,0.030571428571428576,,3,C,False
1.3928571428571428,0.035500000000000004,,0,H,False
1.3928571428571428,0.035500000000000004,,0,S,False
1.3928571428571428,0.035500000000000004,,0,N,False
1.3928571428571428,0.035500000000000004,,0,C,False
1.3928571428571428,0.035500000000000004,,1,H,False
1.3928571428571428,0.035500000000000004,,1,S,False
1.3928571428571428,0.035500000000000004,,1,N,False
1.3928571428571428,0.035500000000000004,,1,C,False
1.3928571428571428,0.035500000000000004,,2,H,False
1.3928571428571428,0.035500000000000004,,2,S,False
1.3928571428571428,0.035500000000000004,,2,N,False
1.3928571428571428,0.035500000000000004,,2,C,False
1.3928571428571428,0.035500000000000004,,3,H,False
1.3928571428571428,0.035500000000000004,,3,S,False
1.3928571428571428,0.035500000000000004,,3,N,False
1.3928571428571428,0.035500000000000004,,3,C,False
1.3928571428571428,0.04042857142857143,,0,H,False
1.3928571428571428,0.04042857142857143,,0,S,False
1.3928571428571428,0.04042857142857143,,0,N,False
1.3928571428571428,0.04042857142857143,,0,C,False
1.3928571428571428,0.04042857142857143,,1,H,False
1.3928571428571428,0.04042857142857143,,1,S,False
1.3928571428571428,0.04042857142857143,,1,N,False
1.3928571428571428,0.04042857142857143,,1,C,False
1.3928571428571428,0.04042857142857143,,2,H,False
1.3928571428571428,0.04042857142857143,,2,S,False
1.3928571428571428,0.04042857142857143,,2,N,False
1.3928571428571428,0.04042857142857143,,2,C,False
1.3928571428571428,0.04042857142857143,,3,H,False
1.3928571428571428,0.04042857142857143,,3,S,False
1.3928571428571428,0.04042857142857143,,3,N,False
1.3928571428571428,0.04042857142857143,,3,C,False
1.3928571428571428,0.04535714285714286,,0,H,False
1.3928571428571428,0.04535714285714286,,0,S,False
1.3928571428571428,0.04535714285714286,,0,N,False
1.3928571428571428,0.04535714285714286,,0,C,False
1.3928571428571428,0.04535714285714286,,1,H,False
1.3928571428571428,0.04535714285714286,,1,S,False
1.3928571428571428,0.04535714285714286,,1,N,False
1.3928571428571428,0.04535714285714286,,1,C,False
1.3928571428571428,0.04535714285714286,,2,H,False
1.3928571428571428,0.04535714285714286,,2,S,False
1.3928571428571428,0.04535714285714286,,2,N,False
1.3928571428571428,0.04535714285714286,,2,C,False
1.3928571428571428,0.04535714285714286,,3,H,False
1.3928571428571428,0.04535714285714286,,3,S,False
1.3928571428571428,0.04535714285714286,,3,N,False
1.3928571428571428,0.04535714285714286,,3,C,False
1.3928571428571428,0.05028571428571429,,0,H,False
1.3928571428571428,0.05028571428571429,,0,S,False
1.3928571428571428,0.05028571428571429,,0,N,False
1.3928571428571428,0.05028571428571429,,0,C,False
1.3928571428571428,0.05028571428571429,,1,H,False
1.3928571428571428,0.05028571428571429,,1,S,False
1.3928571428571428,0.05028571428571429,,1,N,False
1.3928571428571428,0.05028571428571429,,1,C,False
1.3928571428571428,0.05028571428571429,,2,H,False
1.3928571428571428,0.05028571428571429,,2,S,False
1.3928571428571428,0.05028571428571429,,2,N,False
1.3928571428571428,0.05028571428571429,,2,C,False
1.3928571428571428,0.05028571428571429,,3,H,False
1.3928571428571428,0.05028571428571429,,3,S,False
1.3928571428571428,0.05028571428571429,,3,N,False
1.3928571428571428,0.05028571428571429,,3,C,False
1.3928571428571428,0.055214285714285716,,0,H,False
1.3928571428571428,0.055214285714285716,,0,S,False
1.3928571428571428,0.055214285714285716,,0,N,False
1.3928571428571428,0.055214285714285716,,0,C,False
1.3928571428571428,0.055214285714285716,,1,H,False
1.3928571428571428,0.055214285714285716,,1,S,False
1.3928571428571428,0.055214285714285716,,1,N,False
1.3928571428571428,0.055214285714285716,,1,C,False
1.3928571428571428,0.055214285714285716,,2,H,False
1.3928571428571428,0.055214285714285716,,2,S,False
1.3928571428571428,0.055214285714285716,,2,N,False
1.3928571428571428,0.055214285714285716,,2,C,False
1.3928571428571428,0.055214285714285716,,3,H,False
1.3928571428571428,0.055214285714285716,,3,S,False
1.3928571428571428,0.055214285714285716,,3,N,False
1.3928571428571428,0.055214285714285716,,3,C,False
1.3928571428571428,0.06014285714285715,,0,H,False
1.3928571428571428,0.06014285714285715,,0,S,False
1.3928571428571428,0.06014285714285715,,0,N,False
1.3928571428571428,0.06014285714285715,,0,C,False
1.3928571428571428,0.06014285714285715,,1,H,False
1.3928571428571428,0.06014285714285715,,1,S,False
1.3928571428571428,0.06014285714285715,,1,N,False
1.3928571428571428,0.06014285714285715,,1,C,False
1.3928571428571428,0.06014285714285715,,2,H,False
1.3928571428571428,0.06014285714285715,,2,S,False
1.3928571428571428,0.06014285714285715,,2,N,False
1.3928571428571428,0.06014285714285715,,2,C,False
1.3928571428571428,0.06014285714285715,,3,H,False
1.3928571428571428,0.06014285714285715,,3,S,False
1.3928571428571428,0.06014285714285715,,3,N,False
1.3928571428571428,0.06014285714285715,,3,C,False
1.3928571428571428,0.06507142857142857,,0,H,False
1.3928571428571428,0.06507142857142857,,0,S,False
1.3928571428571428,0.06507142857142857,,0,N,False
1.3928571428571428,0.06507142857142857,,0,C,False
1.3928571428571428,0.06507142857142857,,1,H,False
1.3928571428571428,0.06507142857142857,,1,S,False
1.3928571428571428,0.06507142857142857,,1,N,False
1.3928571428571428,0.06507142857142857,,1,C,False
1.3928571428571428,0.06507142857142857,,2,H,False
1.3928571428571428,0.06507142857142857,,2,S,False
1.3928571428571428,0.06507142857142857,,2,N,False
1.3928571428571428,0.06507142857142857,,2,C,False
1.3928571428571428,0.06507142857142857,,3,H,False
1.3928571428571428,0.06507142857142857,,3,S,False
1.3928571428571428,0.06507142857142857,,3,N,False
1.3928571428571428,0.06507142857142857,,3,C,False
1.3928571428571428,0.07,,0,H,False
1.3928571428571428,0.07,,0,S,False
1.3928571428571428,0.07,,0,N,False
1.3928571428571428,0.07,,0,C,False
1.3928571428571428,0.07,,1,H,False
1.3928571428571428,0.07,,1,S,False
1.3928571428571428,0.07,,1,N,False
1.3928571428571428,0.07,,1,C,False
1.3928571428571428,0.07,,2,H,False
1.3928571428571428,0.07,,2,S,False
1.3928571428571428,0.07,,2,N,False
1.3928571428571428,0.07,,2,C,False
1.3928571428571428,0.07,,3,H,False
1.3928571428571428,0.07,,3,S,False
1.3928571428571428,0.07,,3,N,False
1.3928571428571428,0.07,,3,C,False
1.4285714285714286,0.001,,0,H,False
1.4285714285714286,0.001,,0,S,False
1.4285714285714286,0.001,,0,N,False
1.4285714285714286,0.001,,0,C,False
1.4285714285714286,0.001,,1,H,False
1.4285714285714286,0.001,,1,S,False
1.4285714285714286,0.001,,1,N,False
1.4285714285714286,0.001,,1,C,False
1.4285714285714286,0.001,,2,H,False
1.4285714285714286,0.001,,2,S,False
1.4285714285714286,0.001,,2,N,False
1.4285714285714286,0.001,,2,C,False
1.4285714285714286,0.001,,3,H,False
1.4285714285714286,0.001,,3,S,False
1.4285714285714286,0.001,,3,N,False
1.4285714285714286,0.001,,3,C,False
1.4285714285714286,0.005928571428571429,,0,H,False
1.4285714285714286,0.005928571428571429,,0,S,False
1.4285714285714286,0.005928571428571429,,0,N,False
1.4285714285714286,0.005928571428571429,,0,C,False
1.4285714285714286,0.005928571428571429,,1,H,False
1.4285714285714286,0.005928571428571429,,1,S,False
1.4285714285714286,0.005928571428571429,,1,N,False
1.4285714285714286,0.005928571428571429,,1,C,False
1.4285714285714286,0.005928571428571429,,2,H,False
1.4285714285714286,0.005928571428571429,,2,S,False
1.4285714285714286,0.005928571428571429,,2,N,False
1.4285714285714286,0.005928571428571429,,2,C,False
1.4285714285714286,0.005928571428571429,,3,H,False
1.4285714285714286,0.005928571428571429,,3,S,False
1.4285714285714286,0.005928571428571429,,3,N,False
1.4285714285714286,0.005928571428571429,,3,C,False
1.4285714285714286,0.010857142857142857,,0,H,False
1.4285714285714286,0.010857142857142857,,0,S,False
1.4285714285714286,0.010857142857142857,,0,N,False
1.4285714285714286,0.010857142857142857,,0,C,False
1.4285714285714286,0.010857142857142857,,1,H,False
1.4285714285714286,0.010857142857142857,,1,S,False
1.4285714285714286,0.010857142857142857,,1,N,False
1.4285714285714286,0.010857142857142857,,1,C,False
1.4285714285714286,0.010857142857142857,39.6154093097910,2,H,False
1.4285714285714286,0.010857142857142857,57.9071196079881,2,S,False
1.4285714285714286,0.010857142857142857,0.0141573033707865,2,N,False
1.4285714285714286,0.010857142857142857,0.00442724752587927,2,C,False
1.4285714285714286,0.010857142857142857,39.6154093097913,3,H,True
1.4285714285714286,0.010857142857142857,2.96060511387502,3,S,True
1.4285714285714286,0.010857142857142857,0.0141573033707865,3,N,True
1.4285714285714286,0.010857142857142857,0.105479997598317,3,C,True
1.4285714285714286,0.01578571428571429,,0,H,False
1.4285714285714286,0.01578571428571429,,0,S,False
1.4285714285714286,0.01578571428571429,,0,N,False
1.4285714285714286,0.01578571428571429,,0,C,False
1.4285714285714286,0.01578571428571429,,1,H,False
1.4285714285714286,0.01578571428571429,,1,S,False
1.4285714285714286,0.01578571428571429,,1,N,False
1.4285714285714286,0.01578571428571429,,1,C,False
1.4285714285714286,0.01578571428571429,74.9446654611208,2,H,False
1.4285714285714286,0.01578571428571429,64.7151414256320,2,S,False
1.4285714285714286,0.01578571428571429,0.00797468354430382,2,N,False
1.4285714285714286,0.01578571428571429,0.00679486022453388,2,C,False
1.4285714285714286,0.01578571428571429,74.9446654611209,3,H,True
1.4285714285714286,0.01578571428571429,11.6522608569863,3,S,True
1.4285714285714286,0.01578571428571429,0.00797468354430382,3,N,True
1.4285714285714286,0.01578571428571429,0.0583797174817445,3,C,True
1.4285714285714286,0.020714285714285716,,0,H,False
1.4285714285714286,0.020714285714285716,,0,S,False
1.4285714285714286,0.020714285714285716,,0,N,False
1.4285714285714286,0.020714285714285716,,0,C,False
1.4285714285714286,0.020714285714285716,,1,H,False
1.4285714285714286,0.020714285714285716,,1,S,False
1.4285714285714286,0.020714285714285716,,1,N,False
1.4285714285714286,0.020714285714285716,,1,C,False
1.4285714285714286,0.020714285714285716,88.7962240402769,2,H,False
1.4285714285714286,0.020714285714285716,53.3906748851963,2,S,False
1.4285714285714286,0.020714285714285716,0.00555066079295154,2,N,False
1.4285714285714286,0.020714285714285716,0.00974030926883190,2,C,False
1.4285714285714286,0.020714285714285716,88.7962240402768,3,H,True
1.4285714285714286,0.020714285714285716,19.0754256341268,3,S,True
1.4285714285714286,0.020714285714285716,0.00555066079295154,3,N,True
1.4285714285714286,0.020714285714285716,0.0378959098462801,3,C,True
1.4285714285714286,0.025642857142857144,,0,H,False
1.4285714285714286,0.025642857142857144,,0,S,False
1.4285714285714286,0.025642857142857144,,0,N,False
1.4285714285714286,0.025642857142857144,,0,C,False
1.4285714285714286,0.025642857142857144,,1,H,False
1.4285714285714286,0.025642857142857144,,1,S,False
1.4285714285714286,0.025642857142857144,,1,N,False
1.4285714285714286,0.025642857142857144,,1,C,False
1.4285714285714286,0.025642857142857144,96.1899613899614,2,H,False
1.4285714285714286,0.025642857142857144,38.5824384278737,2,S,False
1.4285714285714286,0.025642857142857144,0.00425675675675675,2,N,False
1.4285714285714286,0.025642857142857144,0.0156977470438829,2,C,False
1.4285714285714286,0.025642857142857144,96.1899613899614,3,H,True
1.4285714285714286,0.025642857142857144,29.5003642195038,3,S,True
1.4285714285714286,0.025642857142857144,0.00425675675675675,3,N,True
1.4285714285714286,0.025642857142857144,0.0225767806610794,3,C,True
1.4285714285714286,0.030571428571428576,,0,H,False
1.4285714285714286,0.030571428571428576,,0,S,False
1.4285714285714286,0.030571428571428576,,0,N,False
1.4285714285714286,0.030571428571428576,,0,C,False
1.4285714285714286,0.030571428571428576,,1,H,False
1.4285714285714286,0.030571428571428576,,1,S,False
1.4285714285714286,0.030571428571428576,,1,N,False
1.4285714285714286,0.030571428571428576,,1,C,False
1.4285714285714286,0.030571428571428576,,2,H,False
1.4285714285714286,0.030571428571428576,,2,S,False
1.4285714285714286,0.030571428571428576,,2,N,False
1.4285714285714286,0.030571428571428576,,2,C,False
1.4285714285714286,0.030571428571428576,,3,H,False
1.4285714285714286,0.030571428571428576,,3,S,False
1.4285714285714286,0.030571428571428576,,3,N,False
1.4285714285714286,0.030571428571428576,,3,C,False
1.4285714285714286,0.035500000000000004,,0,H,False
1.4285714285714286,0.035500000000000004,,0,S,False
1.4285714285714286,0.035500000000000004,,0,N,False
1.4285714285714286,0.035500000000000004,,0,C,False
1.4285714285714286,0.035500000000000004,,1,H,False
1.4285714285714286,0.035500000000000004,,1,S,False
1.4285714285714286,0.035500000000000004,,1,N,False
1.4285714285714286,0.035500000000000004,,1,C,False
1.4285714285714286,0.035500000000000004,,2,H,False
1.4285714285714286,0.035500000000000004,,2,S,False
1.4285714285714286,0.035500000000000004,,2,N,False
1.4285714285714286,0.035500000000000004,,2,C,False
1.4285714285714286,0.035500000000000004,,3,H,False
1.4285714285714286,0.035500000000000004,,3,S,False
1.4285714285714286,0.035500000000000004,,3,N,False
1.4285714285714286,0.035500000000000004,,3,C,False
1.4285714285714286,0.04042857142857143,,0,H,False
1.4285714285714286,0.04042857142857143,,0,S,False
1.4285714285714286,0.04042857142857143,,0,N,False
1.4285714285714286,0.04042857142857143,,0,C,False
1.4285714285714286,0.04042857142857143,,1,H,False
1.4285714285714286,0.04042857142857143,,1,S,False
1.4285714285714286,0.04042857142857143,,1,N,False
1.4285714285714286,0.04042857142857143,,1,C,False
1.4285714285714286,0.04042857142857143,,2,H,False
1.4285714285714286,0.04042857142857143,,2,S,False
1.4285714285714286,0.04042857142857143,,2,N,False
1.4285714285714286,0.04042857142857143,,2,C,False
1.4285714285714286,0.04042857142857143,,3,H,False
1.4285714285714286,0.04042857142857143,,3,S,False
1.4285714285714286,0.04042857142857143,,3,N,False
1.4285714285714286,0.04042857142857143,,3,C,False
1.4285714285714286,0.04535714285714286,,0,H,False
1.4285714285714286,0.04535714285714286,,0,S,False
1.4285714285714286,0.04535714285714286,,0,N,False
1.4285714285714286,0.04535714285714286,,0,C,False
1.4285714285714286,0.04535714285714286,,1,H,False
1.4285714285714286,0.04535714285714286,,1,S,False
1.4285714285714286,0.04535714285714286,,1,N,False
1.4285714285714286,0.04535714285714286,,1,C,False
1.4285714285714286,0.04535714285714286,,2,H,False
1.4285714285714286,0.04535714285714286,,2,S,False
1.4285714285714286,0.04535714285714286,,2,N,False
1.4285714285714286,0.04535714285714286,,2,C,False
1.4285714285714286,0.04535714285714286,,3,H,False
1.4285714285714286,0.04535714285714286,,3,S,False
1.4285714285714286,0.04535714285714286,,3,N,False
1.4285714285714286,0.04535714285714286,,3,C,False
1.4285714285714286,0.05028571428571429,,0,H,False
1.4285714285714286,0.05028571428571429,,0,S,False
1.4285714285714286,0.05028571428571429,,0,N,False
1.4285714285714286,0.05028571428571429,,0,C,False
1.4285714285714286,0.05028571428571429,,1,H,False
1.4285714285714286,0.05028571428571429,,1,S,False
1.4285714285714286,0.05028571428571429,,1,N,False
1.4285714285714286,0.05028571428571429,,1,C,False
1.4285714285714286,0.05028571428571429,,2,H,False
1.4285714285714286,0.05028571428571429,,2,S,False
1.4285714285714286,0.05028571428571429,,2,N,False
1.4285714285714286,0.05028571428571429,,2,C,False
1.4285714285714286,0.05028571428571429,,3,H,False
1.4285714285714286,0.05028571428571429,,3,S,False
1.4285714285714286,0.05028571428571429,,3,N,False
1.4285714285714286,0.05028571428571429,,3,C,False
1.4285714285714286,0.055214285714285716,,0,H,False
1.4285714285714286,0.055214285714285716,,0,S,False
1.4285714285714286,0.055214285714285716,,0,N,False
1.4285714285714286,0.055214285714285716,,0,C,False
1.4285714285714286,0.055214285714285716,,1,H,False
1.4285714285714286,0.055214285714285716,,1,S,False
1.4285714285714286,0.055214285714285716,,1,N,False
1.4285714285714286,0.055214285714285716,,1,C,False
1.4285714285714286,0.055214285714285716,,2,H,False
1.4285714285714286,0.055214285714285716,,2,S,False
1.4285714285714286,0.055214285714285716,,2,N,False
1.4285714285714286,0.055214285714285716,,2,C,False
1.4285714285714286,0.055214285714285716,,3,H,False
1.4285714285714286,0.055214285714285716,,3,S,False
1.4285714285714286,0.055214285714285716,,3,N,False
1.4285714285714286,0.055214285714285716,,3,C,False
1.4285714285714286,0.06014285714285715,,0,H,False
1.4285714285714286,0.06014285714285715,,0,S,False
1.4285714285714286,0.06014285714285715,,0,N,False
1.4285714285714286,0.06014285714285715,,0,C,False
1.4285714285714286,0.06014285714285715,,1,H,False
1.4285714285714286,0.06014285714285715,,1,S,False
1.4285714285714286,0.06014285714285715,,1,N,False
1.4285714285714286,0.06014285714285715,,1,C,False
1.4285714285714286,0.06014285714285715,,2,H,False
1.4285714285714286,0.06014285714285715,,2,S,False
1.4285714285714286,0.06014285714285715,,2,N,False
1.4285714285714286,0.06014285714285715,,2,C,False
1.4285714285714286,0.06014285714285715,,3,H,False
1.4285714285714286,0.06014285714285715,,3,S,False
1.4285714285714286,0.06014285714285715,,3,N,False
1.4285714285714286,0.06014285714285715,,3,C,False
1.4285714285714286,0.06507142857142857,,0,H,False
1.4285714285714286,0.06507142857142857,,0,S,False
1.4285714285714286,0.06507142857142857,,0,N,False
1.4285714285714286,0.06507142857142857,,0,C,False
1.4285714285714286,0.06507142857142857,,1,H,False
1.4285714285714286,0.06507142857142857,,1,S,False
1.4285714285714286,0.06507142857142857,,1,N,False
1.4285714285714286,0.06507142857142857,,1,C,False
1.4285714285714286,0.06507142857142857,,2,H,False
1.4285714285714286,0.06507142857142857,,2,S,False
1.4285714285714286,0.06507142857142857,,2,N,False
1.4285714285714286,0.06507142857142857,,2,C,False
1.4285714285714286,0.06507142857142857,,3,H,False
1.4285714285714286,0.06507142857142857,,3,S,False
1.4285714285714286,0.06507142857142857,,3,N,False
1.4285714285714286,0.06507142857142857,,3,C,False
1.4285714285714286,0.07,,0,H,False
1.4285714285714286,0.07,,0,S,False
1.4285714285714286,0.07,,0,N,False
1.4285714285714286,0.07,,0,C,False
1.4285714285714286,0.07,,1,H,False
1.4285714285714286,0.07,,1,S,False
1.4285714285714286,0.07,,1,N,False
1.4285714285714286,0.07,,1,C,False
1.4285714285714286,0.07,,2,H,False
1.4285714285714286,0.07,,2,S,False
1.4285714285714286,0.07,,2,N,False
1.4285714285714286,0.07,,2,C,False
1.4285714285714286,0.07,,3,H,False
1.4285714285714286,0.07,,3,S,False
1.4285714285714286,0.07,,3,N,False
1.4285714285714286,0.07,,3,C,False
1.4642857142857142,0.001,,0,H,False
1.4642857142857142,0.001,,0,S,False
1.4642857142857142,0.001,,0,N,False
1.4642857142857142,0.001,,0,C,False
1.4642857142857142,0.001,,1,H,False
1.4642857142857142,0.001,,1,S,False
1.4642857142857142,0.001,,1,N,False
1.4642857142857142,0.001,,1,C,False
1.4642857142857142,0.001,,2,H,False
1.4642857142857142,0.001,,2,S,False
1.4642857142857142,0.001,,2,N,False
1.4642857142857142,0.001,,2,C,False
1.4642857142857142,0.001,,3,H,False
1.4642857142857142,0.001,,3,S,False
1.4642857142857142,0.001,,3,N,False
1.4642857142857142,0.001,,3,C,False
1.4642857142857142,0.005928571428571429,,0,H,False
1.4642857142857142,0.005928571428571429,,0,S,False
1.4642857142857142,0.005928571428571429,,0,N,False
1.4642857142857142,0.005928571428571429,,0,C,False
1.4642857142857142,0.005928571428571429,,1,H,False
1.4642857142857142,0.005928571428571429,,1,S,False
1.4642857142857142,0.005928571428571429,,1,N,False
1.4642857142857142,0.005928571428571429,,1,C,False
1.4642857142857142,0.005928571428571429,,2,H,False
1.4642857142857142,0.005928571428571429,,2,S,False
1.4642857142857142,0.005928571428571429,,2,N,False
1.4642857142857142,0.005928571428571429,,2,C,False
1.4642857142857142,0.005928571428571429,,3,H,False
1.4642857142857142,0.005928571428571429,,3,S,False
1.4642857142857142,0.005928571428571429,,3,N,False
1.4642857142857142,0.005928571428571429,,3,C,False
1.4642857142857142,0.010857142857142857,,0,H,False
1.4642857142857142,0.010857142857142857,,0,S,False
1.4642857142857142,0.010857142857142857,,0,N,False
1.4642857142857142,0.010857142857142857,,0,C,False
1.4642857142857142,0.010857142857142857,,1,H,False
1.4642857142857142,0.010857142857142857,,1,S,False
1.4642857142857142,0.010857142857142857,,1,N,False
1.4642857142857142,0.010857142857142857,,1,C,False
1.4642857142857142,0.010857142857142857,39.6154093097910,2,H,False
1.4642857142857142,0.010857142857142857,56.4200539284855,2,S,False
1.4642857142857142,0.010857142857142857,0.0141573033707865,2,N,False
1.4642857142857142,0.010857142857142857,0.00456477525967100,2,C,False
1.4642857142857142,0.010857142857142857,39.6154093097913,3,H,True
1.4642857142857142,0.010857142857142857,3.10042383510506,3,S,True
1.4642857142857142,0.010857142857142857,0.0141573033707865,3,N,True
1.4642857142857142,0.010857142857142857,0.104067573554102,3,C,True
1.4642857142857142,0.01578571428571429,,0,H,False
1.4642857142857142,0.01578571428571429,,0,S,False
1.4642857142857142,0.01578571428571429,,0,N,False
1.4642857142857142,0.01578571428571429,,0,C,False
1.4642857142857142,0.01578571428571429,,1,H,False
1.4642857142857142,0.01578571428571429,,1,S,False
1.4642857142857142,0.01578571428571429,,1,N,False
1.4642857142857142,0.01578571428571429,,1,C,False
1.4642857142857142,0.01578571428571429,74.9446654611208,2,H,False
1.4642857142857142,0.01578571428571429,62.3678462704659,2,S,False
1.4642857142857142,0.01578571428571429,0.00797468354430382,2,N,False
1.4642857142857142,0.01578571428571429,0.00711371774450466,2,C,False
1.4642857142857142,0.01578571428571429,74.9446654611209,3,H,True
1.4642857142857142,0.01578571428571429,12.0743892345741,3,S,True
1.4642857142857142,0.01578571428571429,0.00797468354430382,3,N,True
1.4642857142857142,0.01578571428571429,0.0567252999430612,3,C,True
1.4642857142857142,0.020714285714285716,,0,H,False
1.4642857142857142,0.020714285714285716,,0,S,False
1.4642857142857142,0.020714285714285716,,0,N,False
1.4642857142857142,0.020714285714285716,,0,C,False
1.4642857142857142,0.020714285714285716,,1,H,False
1.4642857142857142,0.020714285714285716,,1,S,False
1.4642857142857142,0.020714285714285716,,1,N,False
1.4642857142857142,0.020714285714285716,,1,C,False
1.4642857142857142,0.020714285714285716,88.7962240402769,2,H,False
1.4642857142857142,0.020714285714285716,50.4255640640297,2,S,False
1.4642857142857142,0.020714285714285716,0.00555066079295154,2,N,False
1.4642857142857142,0.020714285714285716,0.0104933063908081,2,C,False
1.4642857142857142,0.020714285714285716,88.7962240402769,3,H,True
1.4642857142857142,0.020714285714285716,20.0492195028986,3,S,True
1.4642857142857142,0.020714285714285716,0.00555066079295154,3,N,True
1.4642857142857142,0.020714285714285716,0.0357835682560859,3,C,True
1.4642857142857142,0.025642857142857144,,0,H,False
1.4642857142857142,0.025642857142857144,,0,S,False
1.4642857142857142,0.025642857142857144,,0,N,False
1.4642857142857142,0.025642857142857144,,0,C,False
1.4642857142857142,0.025642857142857144,,1,H,False
1.4642857142857142,0.025642857142857144,,1,S,False
1.4642857142857142,0.025642857142857144,,1,N,False
1.4642857142857142,0.025642857142857144,,1,C,False
1.4642857142857142,0.025642857142857144,,2,H,False
1.4642857142857142,0.025642857142857144,,2,S,False
1.4642857142857142,0.025642857142857144,,2,N,False
1.4642857142857142,0.025642857142857144,,2,C,False
1.4642857142857142,0.025642857142857144,,3,H,False
1.4642857142857142,0.025642857142857144,,3,S,False
1.4642857142857142,0.025642857142857144,,3,N,False
1.4642857142857142,0.025642857142857144,,3,C,False
1.4642857142857142,0.030571428571428576,,0,H,False
1.4642857142857142,0.030571428571428576,,0,S,False
1.4642857142857142,0.030571428571428576,,0,N,False
1.4642857142857142,0.030571428571428576,,0,C,False
1.4642857142857142,0.030571428571428576,,1,H,False
1.4642857142857142,0.030571428571428576,,1,S,False
1.4642857142857142,0.030571428571428576,,1,N,False
1.4642857142857142,0.030571428571428576,,1,C,False
1.4642857142857142,0.030571428571428576,,2,H,False
1.4642857142857142,0.030571428571428576,,2,S,False
1.4642857142857142,0.030571428571428576,,2,N,False
1.4642857142857142,0.030571428571428576,,2,C,False
1.4642857142857142,0.030571428571428576,,3,H,False
1.4642857142857142,0.030571428571428576,,3,S,False
1.4642857142857142,0.030571428571428576,,3,N,False
1.4642857142857142,0.030571428571428576,,3,C,False
1.4642857142857142,0.035500000000000004,,0,H,False
1.4642857142857142,0.035500000000000004,,0,S,False
1.4642857142857142,0.035500000000000004,,0,N,False
1.4642857142857142,0.035500000000000004,,0,C,False
1.4642857142857142,0.035500000000000004,,1,H,False
1.4642857142857142,0.035500000000000004,,1,S,False
1.4642857142857142,0.035500000000000004,,1,N,False
1.4642857142857142,0.035500000000000004,,1,C,False
1.4642857142857142,0.035500000000000004,,2,H,False
1.4642857142857142,0.035500000000000004,,2,S,False
1.4642857142857142,0.035500000000000004,,2,N,False
1.4642857142857142,0.035500000000000004,,2,C,False
1.4642857142857142,0.035500000000000004,,3,H,False
1.4642857142857142,0.035500000000000004,,3,S,False
1.4642857142857142,0.035500000000000004,,3,N,False
1.4642857142857142,0.035500000000000004,,3,C,False
1.4642857142857142,0.04042857142857143,,0,H,False
1.4642857142857142,0.04042857142857143,,0,S,False
1.4642857142857142,0.04042857142857143,,0,N,False
1.4642857142857142,0.04042857142857143,,0,C,False
1.4642857142857142,0.04042857142857143,,1,H,False
1.4642857142857142,0.04042857142857143,,1,S,False
1.4642857142857142,0.04042857142857143,,1,N,False
1.4642857142857142,0.04042857142857143,,1,C,False
1.4642857142857142,0.04042857142857143,,2,H,False
1.4642857142857142,0.04042857142857143,,2,S,False
1.4642857142857142,0.04042857142857143,,2,N,False
1.4642857142857142,0.04042857142857143,,2,C,False
1.4642857142857142,0.04042857142857143,,3,H,False
1.4642857142857142,0.04042857142857143,,3,S,False
1.4642857142857142,0.04042857142857143,,3,N,False
1.4642857142857142,0.04042857142857143,,3,C,False
1.4642857142857142,0.04535714285714286,,0,H,False
1.4642857142857142,0.04535714285714286,,0,S,False
1.4642857142857142,0.04535714285714286,,0,N,False
1.4642857142857142,0.04535714285714286,,0,C,False
1.4642857142857142,0.04535714285714286,,1,H,False
1.4642857142857142,0.04535714285714286,,1,S,False
1.4642857142857142,0.04535714285714286,,1,N,False
1.4642857142857142,0.04535714285714286,,1,C,False
1.4642857142857142,0.04535714285714286,,2,H,False
1.4642857142857142,0.04535714285714286,,2,S,False
1.4642857142857142,0.04535714285714286,,2,N,False
1.4642857142857142,0.04535714285714286,,2,C,False
1.4642857142857142,0.04535714285714286,,3,H,False
1.4642857142857142,0.04535714285714286,,3,S,False
1.4642857142857142,0.04535714285714286,,3,N,False
1.4642857142857142,0.04535714285714286,,3,C,False
1.4642857142857142,0.05028571428571429,,0,H,False
1.4642857142857142,0.05028571428571429,,0,S,False
1.4642857142857142,0.05028571428571429,,0,N,False
1.4642857142857142,0.05028571428571429,,0,C,False
1.4642857142857142,0.05028571428571429,,1,H,False
1.4642857142857142,0.05028571428571429,,1,S,False
1.4642857142857142,0.05028571428571429,,1,N,False
1.4642857142857142,0.05028571428571429,,1,C,False
1.4642857142857142,0.05028571428571429,,2,H,False
1.4642857142857142,0.05028571428571429,,2,S,False
1.4642857142857142,0.05028571428571429,,2,N,False
1.4642857142857142,0.05028571428571429,,2,C,False
1.4642857142857142,0.05028571428571429,,3,H,False
1.4642857142857142,0.05028571428571429,,3,S,False
1.4642857142857142,0.05028571428571429,,3,N,False
1.4642857142857142,0.05028571428571429,,3,C,False
1.4642857142857142,0.055214285714285716,,0,H,False
1.4642857142857142,0.055214285714285716,,0,S,False
1.4642857142857142,0.055214285714285716,,0,N,False
1.4642857142857142,0.055214285714285716,,0,C,False
1.4642857142857142,0.055214285714285716,,1,H,False
1.4642857142857142,0.055214285714285716,,1,S,False
1.4642857142857142,0.055214285714285716,,1,N,False
1.4642857142857142,0.055214285714285716,,1,C,False
1.4642857142857142,0.055214285714285716,,2,H,False
1.4642857142857142,0.055214285714285716,,2,S,False
1.4642857142857142,0.055214285714285716,,2,N,False
1.4642857142857142,0.055214285714285716,,2,C,False
1.4642857142857142,0.055214285714285716,,3,H,False
1.4642857142857142,0.055214285714285716,,3,S,False
1.4642857142857142,0.055214285714285716,,3,N,False
1.4642857142857142,0.055214285714285716,,3,C,False
1.4642857142857142,0.06014285714285715,,0,H,False
1.4642857142857142,0.06014285714285715,,0,S,False
1.4642857142857142,0.06014285714285715,,0,N,False
1.4642857142857142,0.06014285714285715,,0,C,False
1.4642857142857142,0.06014285714285715,,1,H,False
1.4642857142857142,0.06014285714285715,,1,S,False
1.4642857142857142,0.06014285714285715,,1,N,False
1.4642857142857142,0.06014285714285715,,1,C,False
1.4642857142857142,0.06014285714285715,,2,H,False
1.4642857142857142,0.06014285714285715,,2,S,False
1.4642857142857142,0.06014285714285715,,2,N,False
1.4642857142857142,0.06014285714285715,,2,C,False
1.4642857142857142,0.06014285714285715,,3,H,False
1.4642857142857142,0.06014285714285715,,3,S,False
1.4642857142857142,0.06014285714285715,,3,N,False
1.4642857142857142,0.06014285714285715,,3,C,False
1.4642857142857142,0.06507142857142857,,0,H,False
1.4642857142857142,0.06507142857142857,,0,S,False
1.4642857142857142,0.06507142857142857,,0,N,False
1.4642857142857142,0.06507142857142857,,0,C,False
1.4642857142857142,0.06507142857142857,,1,H,False
1.4642857142857142,0.06507142857142857,,1,S,False
1.4642857142857142,0.06507142857142857,,1,N,False
1.4642857142857142,0.06507142857142857,,1,C,False
1.4642857142857142,0.06507142857142857,,2,H,False
1.4642857142857142,0.06507142857142857,,2,S,False
1.4642857142857142,0.06507142857142857,,2,N,False
1.4642857142857142,0.06507142857142857,,2,C,False
1.4642857142857142,0.06507142857142857,,3,H,False
1.4642857142857142,0.06507142857142857,,3,S,False
1.4642857142857142,0.06507142857142857,,3,N,False
1.4642857142857142,0.06507142857142857,,3,C,False
1.4642857142857142,0.07,,0,H,False
1.4642857142857142,0.07,,0,S,False
1.4642857142857142,0.07,,0,N,False
1.4642857142857142,0.07,,0,C,False
1.4642857142857142,0.07,,1,H,False
1.4642857142857142,0.07,,1,S,False
1.4642857142857142,0.07,,1,N,False
1.4642857142857142,0.07,,1,C,False
1.4642857142857142,0.07,,2,H,False
1.4642857142857142,0.07,,2,S,False
1.4642857142857142,0.07,,2,N,False
1.4642857142857142,0.07,,2,C,False
1.4642857142857142,0.07,,3,H,False
1.4642857142857142,0.07,,3,S,False
1.4642857142857142,0.07,,3,N,False
1.4642857142857142,0.07,,3,C,False
1.5,0.001,,0,H,False
1.5,0.001,,0,S,False
1.5,0.001,,0,N,False
1.5,0.001,,0,C,False
1.5,0.001,,1,H,False
1.5,0.001,,1,S,False
1.5,0.001,,1,N,False
1.5,0.001,,1,C,False
1.5,0.001,,2,H,False
1.5,0.001,,2,S,False
1.5,0.001,,2,N,False
1.5,0.001,,2,C,False
1.5,0.001,,3,H,False
1.5,0.001,,3,S,False
1.5,0.001,,3,N,False
1.5,0.001,,3,C,False
1.5,0.005928571428571429,,0,H,False
1.5,0.005928571428571429,,0,S,False
1.5,0.005928571428571429,,0,N,False
1.5,0.005928571428571429,,0,C,False
1.5,0.005928571428571429,,1,H,False
1.5,0.005928571428571429,,1,S,False
1.5,0.005928571428571429,,1,N,False
1.5,0.005928571428571429,,1,C,False
1.5,0.005928571428571429,,2,H,False
1.5,0.005928571428571429,,2,S,False
1.5,0.005928571428571429,,2,N,False
1.5,0.005928571428571429,,2,C,False
1.5,0.005928571428571429,,3,H,False
1.5,0.005928571428571429,,3,S,False
1.5,0.005928571428571429,,3,N,False
1.5,0.005928571428571429,,3,C,False
1.5,0.010857142857142857,,0,H,False
1.5,0.010857142857142857,,0,S,False
1.5,0.010857142857142857,,0,N,False
1.5,0.010857142857142857,,0,C,False
1.5,0.010857142857142857,,1,H,False
1.5,0.010857142857142857,,1,S,False
1.5,0.010857142857142857,,1,N,False
1.5,0.010857142857142857,,1,C,False
1.5,0.010857142857142857,39.6154093097910,2,H,False
1.5,0.010857142857142857,54.9729985096875,2,S,False
1.5,0.010857142857142857,0.0141573033707865,2,N,False
1.5,0.010857142857142857,0.00470699308157782,2,C,False
1.5,0.010857142857142857,39.6154093097913,3,H,True
1.5,0.010857142857142857,3.24212039623095,3,S,True
1.5,0.010857142857142857,0.0141573033707865,3,N,True
1.5,0.010857142857142857,0.102644031373148,3,C,True
1.5,0.01578571428571429,,0,H,False
1.5,0.01578571428571429,,0,S,False
1.5,0.01578571428571429,,0,N,False
1.5,0.01578571428571429,,0,C,False
1.5,0.01578571428571429,,1,H,False
1.5,0.01578571428571429,,1,S,False
1.5,0.01578571428571429,,1,N,False
1.5,0.01578571428571429,,1,C,False
1.5,0.01578571428571429,74.9446654611209,2,H,False
1.5,0.01578571428571429,60.0636967281200,2,S,False
1.5,0.01578571428571429,0.00797468354430382,2,N,False
1.5,0.01578571428571429,0.00745651288854913,2,C,False
1.5,0.01578571428571429,74.9446654611210,3,H,True
1.5,0.01578571428571429,12.5151057122344,3,S,True
1.5,0.01578571428571429,0.00797468354430382,3,N,True
1.5,0.01578571428571429,0.0550402108642433,3,C,True
1.5,0.020714285714285716,,0,H,False
1.5,0.020714285714285716,,0,S,False
1.5,0.020714285714285716,,0,N,False
1.5,0.020714285714285716,,0,C,False
1.5,0.020714285714285716,,1,H,False
1.5,0.020714285714285716,,1,S,False
1.5,0.020714285714285716,,1,N,False
1.5,0.020714285714285716,,1,C,False
1.5,0.020714285714285716,88.7962240402769,2,H,False
1.5,0.020714285714285716,47.3702457244066,2,S,False
1.5,0.020714285714285716,0.00555066079295154,2,N,False
1.5,0.020714285714285716,0.0113940504798262,2,C,False
1.5,0.020714285714285716,88.7962240402769,3,H,True
1.5,0.020714285714285716,21.1782302589142,3,S,True
1.5,0.020714285714285716,0.00555066079295154,3,N,True
1.5,0.020714285714285716,0.0335166258611948,3,C,True
1.5,0.025642857142857144,,0,H,False
1.5,0.025642857142857144,,0,S,False
1.5,0.025642857142857144,,0,N,False
1.5,0.025642857142857144,,0,C,False
1.5,0.025642857142857144,,1,H,False
1.5,0.025642857142857144,,1,S,False
1.5,0.025642857142857144,,1,N,False
1.5,0.025642857142857144,,1,C,False
1.5,0.025642857142857144,,2,H,False
1.5,0.025642857142857144,,2,S,False
1.5,0.025642857142857144,,2,N,False
1.5,0.025642857142857144,,2,C,False
1.5,0.025642857142857144,,3,H,False
1.5,0.025642857142857144,,3,S,False
1.5,0.025642857142857144,,3,N,False
1.5,0.025642857142857144,,3,C,False
1.5,0.030571428571428576,,0,H,False
1.5,0.030571428571428576,,0,S,False
1.5,0.030571428571428576,,0,N,False
1.5,0.030571428571428576,,0,C,False
1.5,0.030571428571428576,,1,H,False
1.5,0.030571428571428576,,1,S,False
1.5,0.030571428571428576,,1,N,False
1.5,0.030571428571428576,,1,C,False
1.5,0.030571428571428576,,2,H,False
1.5,0.030571428571428576,,2,S,False
1.5,0.030571428571428576,,2,N,False
1.5,0.030571428571428576,,2,C,False
1.5,0.030571428571428576,,3,H,False
1.5,0.030571428571428576,,3,S,False
1.5,0.030571428571428576,,3,N,False
1.5,0.030571428571428576,,3,C,False
1.5,0.035500000000000004,,0,H,False
1.5,0.035500000000000004,,0,S,False
1.5,0.035500000000000004,,0,N,False
1.5,0.035500000000000004,,0,C,False
1.5,0.035500000000000004,,1,H,False
1.5,0.035500000000000004,,1,S,False
1.5,0.035500000000000004,,1,N,False
1.5,0.035500000000000004,,1,C,False
1.5,0.035500000000000004,,2,H,False
1.5,0.035500000000000004,,2,S,False
1.5,0.035500000000000004,,2,N,False
1.5,0.035500000000000004,,2,C,False
1.5,0.035500000000000004,,3,H,False
1.5,0.035500000000000004,,3,S,False
1.5,0.035500000000000004,,3,N,False
1.5,0.035500000000000004,,3,C,False
1.5,0.04042857142857143,,0,H,False
1.5,0.04042857142857143,,0,S,False
1.5,0.04042857142857143,,0,N,False
1.5,0.04042857142857143,,0,C,False
1.5,0.04042857142857143,,1,H,False
1.5,0.04042857142857143,,1,S,False
1.5,0.04042857142857143,,1,N,False
1.5,0.04042857142857143,,1,C,False
1.5,0.04042857142857143,,2,H,False
1.5,0.04042857142857143,,2,S,False
1.5,0.04042857142857143,,2,N,False
1.5,0.04042857142857143,,2,C,False
1.5,0.04042857142857143,,3,H,False
1.5,0.04042857142857143,,3,S,False
1.5,0.04042857142857143,,3,N,False
1.5,0.04042857142857143,,3,C,False
1.5,0.04535714285714286,,0,H,False
1.5,0.04535714285714286,,0,S,False
1.5,0.04535714285714286,,0,N,False
1.5,0.04535714285714286,,0,C,False
1.5,0.04535714285714286,,1,H,False
1.5,0.04535714285714286,,1,S,False
1.5,0.04535714285714286,,1,N,False
1.5,0.04535714285714286,,1,C,False
1.5,0.04535714285714286,,2,H,False
1.5,0.04535714285714286,,2,S,False
1.5,0.04535714285714286,,2,N,False
1.5,0.04535714285714286,,2,C,False
1.5,0.04535714285714286,,3,H,False
1.5,0.04535714285714286,,3,S,False
1.5,0.04535714285714286,,3,N,False
1.5,0.04535714285714286,,3,C,False
1.5,0.05028571428571429,,0,H,False
1.5,0.05028571428571429,,0,S,False
1.5,0.05028571428571429,,0,N,False
1.5,0.05028571428571429,,0,C,False
1.5,0.05028571428571429,,1,H,False
1.5,0.05028571428571429,,1,S,False
1.5,0.05028571428571429,,1,N,False
1.5,0.05028571428571429,,1,C,False
1.5,0.05028571428571429,,2,H,False
1.5,0.05028571428571429,,2,S,False
1.5,0.05028571428571429,,2,N,False
1.5,0.05028571428571429,,2,C,False
1.5,0.05028571428571429,,3,H,False
1.5,0.05028571428571429,,3,S,False
1.5,0.05028571428571429,,3,N,False
1.5,0.05028571428571429,,3,C,False
1.5,0.055214285714285716,,0,H,False
1.5,0.055214285714285716,,0,S,False
1.5,0.055214285714285716,,0,N,False
1.5,0.055214285714285716,,0,C,False
1.5,0.055214285714285716,,1,H,False
1.5,0.055214285714285716,,1,S,False
1.5,0.055214285714285716,,1,N,False
1.5,0.055214285714285716,,1,C,False
1.5,0.055214285714285716,,2,H,False
1.5,0.055214285714285716,,2,S,False
1.5,0.055214285714285716,,2,N,False
1.5,0.055214285714285716,,2,C,False
1.5,0.055214285714285716,,3,H,False
1.5,0.055214285714285716,,3,S,False
1.5,0.055214285714285716,,3,N,False
1.5,0.055214285714285716,,3,C,False
1.5,0.06014285714285715,,0,H,False
1.5,0.06014285714285715,,0,S,False
1.5,0.06014285714285715,,0,N,False
1.5,0.06014285714285715,,0,C,False
1.5,0.06014285714285715,,1,H,False
1.5,0.06014285714285715,,1,S,False
1.5,0.06014285714285715,,1,N,False
1.5,0.06014285714285715,,1,C,False
1.5,0.06014285714285715,,2,H,False
1.5,0.06014285714285715,,2,S,False
1.5,0.06014285714285715,,2,N,False
1.5,0.06014285714285715,,2,C,False
1.5,0.06014285714285715,,3,H,False
1.5,0.06014285714285715,,3,S,False
1.5,0.06014285714285715,,3,N,False
1.5,0.06014285714285715,,3,C,False
1.5,0.06507142857142857,,0,H,False
1.5,0.06507142857142857,,0,S,False
1.5,0.06507142857142857,,0,N,False
1.5,0.06507142857142857,,0,C,False
1.5,0.06507142857142857,,1,H,False
1.5,0.06507142857142857,,1,S,False
1.5,0.06507142857142857,,1,N,False
1.5,0.06507142857142857,,1,C,False
1.5,0.06507142857142857,,2,H,False
1.5,0.06507142857142857,,2,S,False
1.5,0.06507142857142857,,2,N,False
1.5,0.06507142857142857,,2,C,False
1.5,0.06507142857142857,,3,H,False
1.5,0.06507142857142857,,3,S,False
1.5,0.06507142857142857,,3,N,False
1.5,0.06507142857142857,,3,C,False
1.5,0.07,,0,H,False
1.5,0.07,,0,S,False
1.5,0.07,,0,N,False
1.5,0.07,,0,C,False
1.5,0.07,,1,H,False
1.5,0.07,,1,S,False
1.5,0.07,,1,N,False
1.5,0.07,,1,C,False
1.5,0.07,,2,H,False
1.5,0.07,,2,S,False
1.5,0.07,,2,N,False
1.5,0.07,,2,C,False
1.5,0.07,,3,H,False
1.5,0.07,,3,S,False
1.5,0.07,,3,N,False
1.5,0.07,,3,C,False
