$\epsilon$,$p_{\max}$,value,fp_num,name,stability
1.0,0.001,17.1428571428571,0,H,True
1.0,0.001,0.0,0,S,True
1.0,0.001,0.0180900000000000,0,N,True
1.0,0.001,0.150000000000000,0,C,True
1.0,0.001,,1,H,False
1.0,0.001,,1,S,False
1.0,0.001,,1,N,False
1.0,0.001,,1,C,False
1.0,0.001,,2,H,False
1.0,0.001,,2,S,False
1.0,0.001,,2,N,False
1.0,0.001,,2,C,False
1.0,0.001,,3,H,False
1.0,0.001,,3,S,False
1.0,0.001,,3,N,False
1.0,0.001,,3,C,False
1.0,0.07235714285714286,17.1428571428571,0,H,False
1.0,0.07235714285714286,0.0,0,S,False
1.0,0.07235714285714286,0.0180900000000000,0,N,False
1.0,0.07235714285714286,0.150000000000000,0,C,False
1.0,0.07235714285714286,17.1428571428571,1,H,True
1.0,0.07235714285714286,15.1114781172583,1,S,True
1.0,0.07235714285714286,0.0180900000000000,1,N,True
1.0,0.07235714285714286,0.0971098265895958,1,C,True
1.0,0.07235714285714286,,2,H,False
1.0,0.07235714285714286,,2,S,False
1.0,0.07235714285714286,,2,N,False
1.0,0.07235714285714286,,2,C,False
1.0,0.07235714285714286,,3,H,False
1.0,0.07235714285714286,,3,S,False
1.0,0.07235714285714286,,3,N,False
1.0,0.07235714285714286,,3,C,False
1.0,0.1437142857142857,17.1428571428571,0,H,False
1.0,0.1437142857142857,0.0,0,S,False
1.0,0.1437142857142857,0.0180900000000000,0,N,False
1.0,0.1437142857142857,0.150000000000000,0,C,False
1.0,0.1437142857142857,17.1428571428571,1,H,True
1.0,0.1437142857142857,38.7615797172110,1,S,True
1.0,0.1437142857142857,0.0180900000000001,1,N,True
1.0,0.1437142857142857,0.0143344709897611,1,C,True
1.0,0.1437142857142857,,2,H,False
1.0,0.1437142857142857,,2,S,False
1.0,0.1437142857142857,,2,N,False
1.0,0.1437142857142857,,2,C,False
1.0,0.1437142857142857,,3,H,False
1.0,0.1437142857142857,,3,S,False
1.0,0.1437142857142857,,3,N,False
1.0,0.1437142857142857,,3,C,False
1.0,0.21507142857142858,17.1428571428571,0,H,False
1.0,0.21507142857142858,0.0,0,S,False
1.0,0.21507142857142858,0.0180900000000000,0,N,False
1.0,0.21507142857142858,0.150000000000000,0,C,False
1.0,0.21507142857142858,17.1428571428571,1,H,True
1.0,0.21507142857142858,40.6461801671379,1,S,True
1.0,0.21507142857142858,0.0180900000000000,1,N,True
1.0,0.21507142857142858,0.00773836941501615,1,C,True
1.0,0.21507142857142858,,2,H,False
1.0,0.21507142857142858,,2,S,False
1.0,0.21507142857142858,,2,N,False
1.0,0.21507142857142858,,2,C,False
1.0,0.21507142857142858,,3,H,False
1.0,0.21507142857142858,,3,S,False
1.0,0.21507142857142858,,3,N,False
1.0,0.21507142857142858,,3,C,False
1.0,0.2864285714285714,17.1428571428571,0,H,False
1.0,0.2864285714285714,0.0,0,S,False
1.0,0.2864285714285714,0.0180900000000000,0,N,False
1.0,0.2864285714285714,0.150000000000000,0,C,False
1.0,0.2864285714285714,17.1428571428571,1,H,True
1.0,0.2864285714285714,41.3429472735469,1,S,True
1.0,0.2864285714285714,0.0180900000000000,1,N,True
1.0,0.2864285714285714,0.00529968454258674,1,C,True
1.0,0.2864285714285714,,2,H,False
1.0,0.2864285714285714,,2,S,False
1.0,0.2864285714285714,,2,N,False
1.0,0.2864285714285714,,2,C,False
1.0,0.2864285714285714,,3,H,False
1.0,0.2864285714285714,,3,S,False
1.0,0.2864285714285714,,3,N,False
1.0,0.2864285714285714,,3,C,False
1.0,0.35778571428571426,17.1428571428571,0,H,False
1.0,0.35778571428571426,0.0,0,S,False
1.0,0.35778571428571426,0.0180900000000000,0,N,False
1.0,0.35778571428571426,0.150000000000000,0,C,False
1.0,0.35778571428571426,17.1428571428571,1,H,True
1.0,0.35778571428571426,41.7057876160778,1,S,True
1.0,0.35778571428571426,0.0180900000000000,1,N,True
1.0,0.35778571428571426,0.00402974334372752,1,C,True
1.0,0.35778571428571426,104.929870129870,2,H,False
1.0,0.35778571428571426,56.3897820153860,2,S,False
1.0,0.35778571428571426,0.00272727272727273,2,N,False
1.0,0.35778571428571426,0.0153375495409099,2,C,False
1.0,0.35778571428571426,104.929870129870,3,H,True
1.0,0.35778571428571426,37.8198396159104,3,S,True
1.0,0.35778571428571426,0.00272727272727273,3,N,True
1.0,0.35778571428571426,0.0259560373231735,3,C,True
1.0,0.42914285714285716,17.1428571428571,0,H,False
1.0,0.42914285714285716,0.0,0,S,False
1.0,0.42914285714285716,0.0180900000000000,0,N,False
1.0,0.42914285714285716,0.150000000000000,0,C,False
1.0,0.42914285714285716,17.1428571428571,1,H,True
1.0,0.42914285714285716,41.9283502874836,1,S,True
1.0,0.42914285714285716,0.0180900000000000,1,N,True
1.0,0.42914285714285716,0.00325077399380804,1,C,True
1.0,0.42914285714285716,104.929870129870,2,H,False
1.0,0.42914285714285716,66.0283640348646,2,S,False
1.0,0.42914285714285716,0.00272727272727273,2,N,False
1.0,0.42914285714285716,0.00982610727520446,2,C,False
1.0,0.42914285714285716,104.929870129870,3,H,True
1.0,0.42914285714285716,26.0554724048000,3,S,True
1.0,0.42914285714285716,0.00272727272727273,3,N,True
1.0,0.42914285714285716,0.0326830258517305,3,C,True
1.0,0.5005,17.1428571428571,0,H,False
1.0,0.5005,0.0,0,S,False
1.0,0.5005,0.0180900000000000,0,N,False
1.0,0.5005,0.150000000000000,0,C,False
1.0,0.5005,17.1428571428571,1,H,True
1.0,0.5005,42.0788065509972,1,S,True
1.0,0.5005,0.0180900000000000,1,N,True
1.0,0.5005,0.00272417707150965,1,C,True
1.0,0.5005,104.929870129870,2,H,False
1.0,0.5005,70.0720954936990,2,S,False
1.0,0.5005,0.00272727272727273,2,N,False
1.0,0.5005,0.00751385922581921,2,C,False
1.0,0.5005,104.929870129870,3,H,True
1.0,0.5005,20.5746729284681,3,S,True
1.0,0.5005,0.00272727272727273,3,N,True
1.0,0.5005,0.0358170044621387,3,C,True
1.0,0.5718571428571428,17.1428571428571,0,H,False
1.0,0.5718571428571428,0.0,0,S,False
1.0,0.5718571428571428,0.0180900000000000,0,N,False
1.0,0.5718571428571428,0.150000000000000,0,C,False
1.0,0.5718571428571428,17.1428571428571,1,H,True
1.0,0.5718571428571428,42.1873131055379,1,S,True
1.0,0.5718571428571428,0.0180900000000000,1,N,True
1.0,0.5718571428571428,0.00234440413061681,1,C,True
1.0,0.5718571428571428,104.929870129870,2,H,False
1.0,0.5718571428571428,72.4959998467295,2,S,False
1.0,0.5718571428571428,0.00272727272727273,2,N,False
1.0,0.5718571428571428,0.00612784530050096,2,C,False
1.0,0.5718571428571428,104.929870129870,3,H,True
1.0,0.5718571428571428,17.1143790255589,3,S,True
1.0,0.5718571428571428,0.00272727272727273,3,N,True
1.0,0.5718571428571428,0.0377956367993138,3,C,True
1.0,0.6432142857142857,17.1428571428571,0,H,False
1.0,0.6432142857142857,0.0,0,S,False
1.0,0.6432142857142857,0.0180900000000000,0,N,False
1.0,0.6432142857142857,0.150000000000000,0,C,False
1.0,0.6432142857142857,17.1428571428571,1,H,True
1.0,0.6432142857142857,42.2692677805966,1,S,True
1.0,0.6432142857142857,0.0180900000000000,1,N,True
1.0,0.6432142857142857,0.00205756276791182,1,C,True
1.0,0.6432142857142857,104.929870129870,2,H,False
1.0,0.6432142857142857,74.1403172983774,2,S,False
1.0,0.6432142857142857,0.00272727272727273,2,N,False
1.0,0.6432142857142857,0.00518760733988231,2,C,False
1.0,0.6432142857142857,104.929870129870,3,H,True
1.0,0.6432142857142857,14.6872796566908,3,S,True
1.0,0.6432142857142857,0.00272727272727273,3,N,True
1.0,0.6432142857142857,0.0391834776681897,3,C,True
1.0,0.7145714285714285,17.1428571428571,0,H,False
1.0,0.7145714285714285,0.0,0,S,False
1.0,0.7145714285714285,0.0180900000000000,0,N,False
1.0,0.7145714285714285,0.150000000000000,0,C,False
1.0,0.7145714285714285,17.1428571428571,1,H,True
1.0,0.7145714285714285,42.3333541186006,1,S,True
1.0,0.7145714285714285,0.0180900000000000,1,N,True
1.0,0.7145714285714285,0.00183326058489743,1,C,True
1.0,0.7145714285714285,104.929870129870,2,H,False
1.0,0.7145714285714285,75.3372184420321,2,S,False
1.0,0.7145714285714285,0.00272727272727273,2,N,False
1.0,0.7145714285714285,0.00450320671563300,2,C,False
1.0,0.7145714285714285,104.929870129870,3,H,True
1.0,0.7145714285714285,12.8782642377417,3,S,True
1.0,0.7145714285714285,0.00272727272727273,3,N,True
1.0,0.7145714285714285,0.0402178916534793,3,C,True
1.0,0.7859285714285714,17.1428571428571,0,H,False
1.0,0.7859285714285714,0.0,0,S,False
1.0,0.7859285714285714,0.0180900000000000,0,N,False
1.0,0.7859285714285714,0.150000000000000,0,C,False
1.0,0.7859285714285714,17.1428571428571,1,H,True
1.0,0.7859285714285714,42.3848413713612,1,S,True
1.0,0.7859285714285714,0.0180900000000000,1,N,True
1.0,0.7859285714285714,0.00165305520023615,1,C,True
1.0,0.7859285714285714,104.929870129870,2,H,False
1.0,0.7859285714285714,76.2504212866426,2,S,False
1.0,0.7859285714285714,0.00272727272727273,2,N,False
1.0,0.7859285714285714,0.00398102775354355,2,C,False
1.0,0.7859285714285714,104.929870129870,3,H,True
1.0,0.7859285714285714,11.4732860258407,3,S,True
1.0,0.7859285714285714,0.00272727272727273,3,N,True
1.0,0.7859285714285714,0.0410212729271789,3,C,True
1.0,0.8572857142857143,17.1428571428571,0,H,False
1.0,0.8572857142857143,0.0,0,S,False
1.0,0.8572857142857143,0.0180900000000000,0,N,False
1.0,0.8572857142857143,0.150000000000000,0,C,False
1.0,0.8572857142857143,17.1428571428571,1,H,True
1.0,0.8572857142857143,42.4271123966519,1,S,True
1.0,0.8572857142857143,0.0180900000000000,1,N,True
1.0,0.8572857142857143,0.00150510661171833,1,C,True
1.0,0.8572857142857143,104.929870129870,2,H,False
1.0,0.8572857142857143,76.9713814167303,2,S,False
1.0,0.8572857142857143,0.00272727272727273,2,N,False
1.0,0.8572857142857143,0.00356877519141104,2,C,False
1.0,0.8572857142857143,104.929870129870,3,H,True
1.0,0.8572857142857143,10.3485784073229,3,S,True
1.0,0.8572857142857143,0.00272727272727273,3,N,True
1.0,0.8572857142857143,0.0416643925367576,3,C,True
1.0,0.9286428571428571,17.1428571428571,0,H,False
1.0,0.9286428571428571,0.0,0,S,False
1.0,0.9286428571428571,0.0180900000000000,0,N,False
1.0,0.9286428571428571,0.150000000000000,0,C,False
1.0,0.9286428571428571,17.1428571428571,1,H,True
1.0,0.9286428571428571,42.4624384742797,1,S,True
1.0,0.9286428571428571,0.0180900000000000,1,N,True
1.0,0.9286428571428571,0.00138146534002138,1,C,True
1.0,0.9286428571428571,104.929870129870,2,H,False
1.0,0.9286428571428571,77.5556368316957,2,S,False
1.0,0.9286428571428571,0.00272727272727273,2,N,False
1.0,0.9286428571428571,0.00323469181882574,2,C,False
1.0,0.9286428571428571,104.929870129870,3,H,True
1.0,0.9286428571428571,9.42690947990668,3,S,True
1.0,0.9286428571428571,0.00272727272727273,3,N,True
1.0,0.9286428571428571,0.0421914124937682,3,C,True
1.0,1.0,17.1428571428571,0,H,False
1.0,1.0,0.0,0,S,False
1.0,1.0,0.0180900000000000,0,N,False
1.0,1.0,0.150000000000000,0,C,False
1.0,1.0,17.1428571428571,1,H,True
1.0,1.0,42.4924012158055,1,S,True
1.0,1.0,0.0180900000000000,1,N,True
1.0,1.0,0.00127659574468085,1,C,True
1.0,1.0,104.929870129870,2,H,False
1.0,1.0,78.0390241483471,2,S,False
1.0,1.0,0.00272727272727273,2,N,False
1.0,1.0,0.00295828588252569,2,C,False
1.0,1.0,104.929870129870,3,H,True
1.0,1.0,8.65733602146373,3,S,True
1.0,1.0,0.00272727272727273,3,N,True
1.0,1.0,0.0426314626667973,3,C,True
1.0357142857142858,0.001,15.3061224489796,0,H,True
1.0357142857142858,0.001,0.0,0,S,True
1.0357142857142858,0.001,0.0184114285714286,0,N,True
1.0357142857142858,0.001,0.151071428571428,0,C,True
1.0357142857142858,0.001,,1,H,False
1.0357142857142858,0.001,,1,S,False
1.0357142857142858,0.001,,1,N,False
1.0357142857142858,0.001,,1,C,False
1.0357142857142858,0.001,,2,H,False
1.0357142857142858,0.001,,2,S,False
1.0357142857142858,0.001,,2,N,False
1.0357142857142858,0.001,,2,C,False
1.0357142857142858,0.001,,3,H,False
1.0357142857142858,0.001,,3,S,False
1.0357142857142858,0.001,,3,N,False
1.0357142857142858,0.001,,3,C,False
1.0357142857142858,0.07235714285714286,15.3061224489796,0,H,False
1.0357142857142858,0.07235714285714286,0.0,0,S,False
1.0357142857142858,0.07235714285714286,0.0184114285714286,0,N,False
1.0357142857142858,0.07235714285714286,0.151071428571428,0,C,False
1.0357142857142858,0.07235714285714286,15.3061224489796,1,H,True
1.0357142857142858,0.07235714285714286,10.7377394662061,1,S,True
1.0357142857142858,0.07235714285714286,0.0184114285714286,1,N,True
1.0357142857142858,0.07235714285714286,0.108227848101266,1,C,True
1.0357142857142858,0.07235714285714286,,2,H,False
1.0357142857142858,0.07235714285714286,,2,S,False
1.0357142857142858,0.07235714285714286,,2,N,False
1.0357142857142858,0.07235714285714286,,2,C,False
1.0357142857142858,0.07235714285714286,,3,H,False
1.0357142857142858,0.07235714285714286,,3,S,False
1.0357142857142858,0.07235714285714286,,3,N,False
1.0357142857142858,0.07235714285714286,,3,C,False
1.0357142857142858,0.1437142857142857,15.3061224489796,0,H,False
1.0357142857142858,0.1437142857142857,0.0,0,S,False
1.0357142857142858,0.1437142857142857,0.0184114285714286,0,N,False
1.0357142857142858,0.1437142857142857,0.151071428571428,0,C,False
1.0357142857142858,0.1437142857142857,15.3061224489796,1,H,True
1.0357142857142858,0.1437142857142857,34.1583524188913,1,S,True
1.0357142857142858,0.1437142857142857,0.0184114285714286,1,N,True
1.0357142857142858,0.1437142857142857,0.0147796024200518,1,C,True
1.0357142857142858,0.1437142857142857,,2,H,False
1.0357142857142858,0.1437142857142857,,2,S,False
1.0357142857142858,0.1437142857142857,,2,N,False
1.0357142857142858,0.1437142857142857,,2,C,False
1.0357142857142858,0.1437142857142857,,3,H,False
1.0357142857142858,0.1437142857142857,,3,S,False
1.0357142857142858,0.1437142857142857,,3,N,False
1.0357142857142858,0.1437142857142857,,3,C,False
1.0357142857142858,0.21507142857142858,15.3061224489796,0,H,False
1.0357142857142858,0.21507142857142858,0.0,0,S,False
1.0357142857142858,0.21507142857142858,0.0184114285714286,0,N,False
1.0357142857142858,0.21507142857142858,0.151071428571428,0,C,False
1.0357142857142858,0.21507142857142858,15.3061224489796,1,H,True
1.0357142857142858,0.21507142857142858,35.8747053161662,1,S,True
1.0357142857142858,0.21507142857142858,0.0184114285714287,1,N,True
1.0357142857142858,0.21507142857142858,0.00793135435992574,1,C,True
1.0357142857142858,0.21507142857142858,,2,H,False
1.0357142857142858,0.21507142857142858,,2,S,False
1.0357142857142858,0.21507142857142858,,2,N,False
1.0357142857142858,0.21507142857142858,,2,C,False
1.0357142857142858,0.21507142857142858,,3,H,False
1.0357142857142858,0.21507142857142858,,3,S,False
1.0357142857142858,0.21507142857142858,,3,N,False
1.0357142857142858,0.21507142857142858,,3,C,False
1.0357142857142858,0.2864285714285714,15.3061224489796,0,H,False
1.0357142857142858,0.2864285714285714,0.0,0,S,False
1.0357142857142858,0.2864285714285714,0.0184114285714286,0,N,False
1.0357142857142858,0.2864285714285714,0.151071428571428,0,C,False
1.0357142857142858,0.2864285714285714,15.3061224489796,1,H,True
1.0357142857142858,0.2864285714285714,36.5041253802382,1,S,True
1.0357142857142858,0.2864285714285714,0.0184114285714286,1,N,True
1.0357142857142858,0.2864285714285714,0.00541996830427892,1,C,True
1.0357142857142858,0.2864285714285714,,2,H,False
1.0357142857142858,0.2864285714285714,,2,S,False
1.0357142857142858,0.2864285714285714,,2,N,False
1.0357142857142858,0.2864285714285714,,2,C,False
1.0357142857142858,0.2864285714285714,,3,H,False
1.0357142857142858,0.2864285714285714,,3,S,False
1.0357142857142858,0.2864285714285714,,3,N,False
1.0357142857142858,0.2864285714285714,,3,C,False
1.0357142857142858,0.35778571428571426,15.3061224489796,0,H,False
1.0357142857142858,0.35778571428571426,0.0,0,S,False
1.0357142857142858,0.35778571428571426,0.0184114285714286,0,N,False
1.0357142857142858,0.35778571428571426,0.151071428571428,0,C,False
1.0357142857142858,0.35778571428571426,15.3061224489796,1,H,True
1.0357142857142858,0.35778571428571426,36.8308056060779,1,S,True
1.0357142857142858,0.35778571428571426,0.0184114285714286,1,N,True
1.0357142857142858,0.35778571428571426,0.00411651420317767,1,C,True
1.0357142857142858,0.35778571428571426,,2,H,False
1.0357142857142858,0.35778571428571426,,2,S,False
1.0357142857142858,0.35778571428571426,,2,N,False
1.0357142857142858,0.35778571428571426,,2,C,False
1.0357142857142858,0.35778571428571426,,3,H,False
1.0357142857142858,0.35778571428571426,,3,S,False
1.0357142857142858,0.35778571428571426,,3,N,False
1.0357142857142858,0.35778571428571426,,3,C,False
1.0357142857142858,0.42914285714285716,15.3061224489796,0,H,False
1.0357142857142858,0.42914285714285716,0.0,0,S,False
1.0357142857142858,0.42914285714285716,0.0184114285714286,0,N,False
1.0357142857142858,0.42914285714285716,0.151071428571428,0,C,False
1.0357142857142858,0.42914285714285716,15.3061224489796,1,H,True
1.0357142857142858,0.42914285714285716,37.0308203766050,1,S,True
1.0357142857142858,0.42914285714285716,0.0184114285714286,1,N,True
1.0357142857142858,0.42914285714285716,0.00331845526877546,1,C,True
1.0357142857142858,0.42914285714285716,104.929870129870,2,H,False
1.0357142857142858,0.42914285714285716,61.3552237224658,2,S,False
1.0357142857142858,0.42914285714285716,0.00272727272727273,2,N,False
1.0357142857142858,0.42914285714285716,0.0108003371876343,2,C,False
1.0357142857142858,0.42914285714285716,104.929870129870,3,H,True
1.0357142857142858,0.42914285714285716,27.7591348711074,3,S,True
1.0357142857142858,0.42914285714285716,0.00272727272727273,3,N,True
1.0357142857142858,0.42914285714285716,0.0303539794253084,3,C,True
1.0357142857142858,0.5005,15.3061224489796,0,H,False
1.0357142857142858,0.5005,0.0,0,S,False
1.0357142857142858,0.5005,0.0184114285714286,0,N,False
1.0357142857142858,0.5005,0.151071428571428,0,C,False
1.0357142857142858,0.5005,15.3061224489796,1,H,True
1.0357142857142858,0.5005,37.1658758637258,1,S,True
1.0357142857142858,0.5005,0.0184114285714285,1,N,True
1.0357142857142858,0.5005,0.00277958387516255,1,C,True
1.0357142857142858,0.5005,104.929870129870,2,H,False
1.0357142857142858,0.5005,66.0072687040092,2,S,False
1.0357142857142858,0.5005,0.00272727272727273,2,N,False
1.0357142857142858,0.5005,0.00809274751417127,2,C,False
1.0357142857142858,0.5005,104.929870129870,3,H,True
1.0357142857142858,0.5005,21.6127248282739,3,S,True
1.0357142857142858,0.5005,0.00272727272727273,3,N,True
1.0357142857142858,0.5005,0.0339313215247220,3,C,True
1.0357142857142858,0.5718571428571428,15.3061224489796,0,H,False
1.0357142857142858,0.5718571428571428,0.0,0,S,False
1.0357142857142858,0.5718571428571428,0.0184114285714286,0,N,False
1.0357142857142858,0.5718571428571428,0.151071428571428,0,C,False
1.0357142857142858,0.5718571428571428,15.3061224489796,1,H,True
1.0357142857142858,0.5718571428571428,37.2631966475511,1,S,True
1.0357142857142858,0.5718571428571428,0.0184114285714285,1,N,True
1.0357142857142858,0.5718571428571428,0.00239127394769963,1,C,True
1.0357142857142858,0.5718571428571428,104.929870129870,2,H,False
1.0357142857142858,0.5718571428571428,68.6709716174669,2,S,False
1.0357142857142858,0.5718571428571428,0.00272727272727273,2,N,False
1.0357142857142858,0.5718571428571428,0.00654241544939899,2,C,False
1.0357142857142858,0.5718571428571428,104.929870129870,3,H,True
1.0357142857142858,0.5718571428571428,17.8721846667639,3,S,True
1.0357142857142858,0.5718571428571428,0.00272727272727273,3,N,True
1.0357142857142858,0.5718571428571428,0.0361083958983916,3,C,True
1.0357142857142858,0.6432142857142857,15.3061224489796,0,H,False
1.0357142857142858,0.6432142857142857,0.0,0,S,False
1.0357142857142858,0.6432142857142857,0.0184114285714286,0,N,False
1.0357142857142858,0.6432142857142857,0.151071428571428,0,C,False
1.0357142857142858,0.6432142857142857,15.3061224489796,1,H,True
1.0357142857142858,0.6432142857142857,37.3366589128386,1,S,True
1.0357142857142858,0.6432142857142857,0.0184114285714286,1,N,True
1.0357142857142858,0.6432142857142857,0.00209815950920245,1,C,True
1.0357142857142858,0.6432142857142857,104.929870129870,2,H,False
1.0357142857142858,0.6432142857142857,70.4433997321523,2,S,False
1.0357142857142858,0.6432142857142857,0.00272727272727273,2,N,False
1.0357142857142858,0.6432142857142857,0.00551082437938222,2,C,False
1.0357142857142858,0.6432142857142857,104.929870129870,3,H,True
1.0357142857142858,0.6432142857142857,15.2869095888862,3,S,True
1.0357142857142858,0.6432142857142857,0.00272727272727273,3,N,True
1.0357142857142858,0.6432142857142857,0.0376130812855050,3,C,True
1.0357142857142858,0.7145714285714285,15.3061224489796,0,H,False
1.0357142857142858,0.7145714285714285,0.0,0,S,False
1.0357142857142858,0.7145714285714285,0.0184114285714286,0,N,False
1.0357142857142858,0.7145714285714285,0.151071428571428,0,C,False
1.0357142857142858,0.7145714285714285,15.3061224489796,1,H,True
1.0357142857142858,0.7145714285714285,37.3940781563702,1,S,True
1.0357142857142858,0.7145714285714285,0.0184114285714285,1,N,True
1.0357142857142858,0.7145714285714285,0.00186905672751120,1,C,True
1.0357142857142858,0.7145714285714285,104.929870129870,2,H,False
1.0357142857142858,0.7145714285714285,71.7195946182485,2,S,False
1.0357142857142858,0.7145714285714285,0.00272727272727273,2,N,False
1.0357142857142858,0.7145714285714285,0.00476805166144232,2,C,False
1.0357142857142858,0.7145714285714285,104.929870129870,3,H,True
1.0357142857142858,0.7145714285714285,13.3753809358440,3,S,True
1.0357142857142858,0.7145714285714285,0.00272727272727273,3,N,True
1.0357142857142858,0.7145714285714285,0.0387256318438162,3,C,True
1.0357142857142858,0.7859285714285714,15.3061224489796,0,H,False
1.0357142857142858,0.7859285714285714,0.0,0,S,False
1.0357142857142858,0.7859285714285714,0.0184114285714286,0,N,False
1.0357142857142858,0.7859285714285714,0.151071428571428,0,C,False
1.0357142857142858,0.7859285714285714,15.3061224489796,1,H,True
1.0357142857142858,0.7859285714285714,37.4401923497861,1,S,True
1.0357142857142858,0.7859285714285714,0.0184114285714286,1,N,True
1.0357142857142858,0.7859285714285714,0.00168506109578242,1,C,True
1.0357142857142858,0.7859285714285714,104.929870129870,2,H,False
1.0357142857142858,0.7859285714285714,72.6864661991055,2,S,False
1.0357142857142858,0.7859285714285714,0.00272727272727273,2,N,False
1.0357142857142858,0.7859285714285714,0.00420531172271044,2,C,False
1.0357142857142858,0.7859285714285714,104.929870129870,3,H,True
1.0357142857142858,0.7859285714285714,11.8982639666734,3,S,True
1.0357142857142858,0.7859285714285714,0.00272727272727273,3,N,True
1.0357142857142858,0.7859285714285714,0.0395853455112656,3,C,True
1.0357142857142858,0.8572857142857143,15.3061224489796,0,H,False
1.0357142857142858,0.8572857142857143,0.0,0,S,False
1.0357142857142858,0.8572857142857143,0.0184114285714286,0,N,False
1.0357142857142858,0.8572857142857143,0.151071428571428,0,C,False
1.0357142857142858,0.8572857142857143,15.3061224489796,1,H,True
1.0357142857142858,0.8572857142857143,37.4780409866893,1,S,True
1.0357142857142858,0.8572857142857143,0.0184114285714286,1,N,True
1.0357142857142858,0.8572857142857143,0.00153404503453844,1,C,True
1.0357142857142858,0.8572857142857143,104.929870129870,2,H,False
1.0357142857142858,0.8572857142857143,73.4460277270461,2,S,False
1.0357142857142858,0.8572857142857143,0.00272727272727273,2,N,False
1.0357142857142858,0.8572857142857143,0.00376323066855653,2,C,False
1.0357142857142858,0.8572857142857143,104.929870129870,3,H,True
1.0357142857142858,0.8572857142857143,10.7199139702940,3,S,True
1.0357142857142858,0.8572857142857143,0.00272727272727273,3,N,True
1.0357142857142858,0.8572857142857143,0.0402711704107624,3,C,True
1.0357142857142858,0.9286428571428571,15.3061224489796,0,H,False
1.0357142857142858,0.9286428571428571,0.0,0,S,False
1.0357142857142858,0.9286428571428571,0.0184114285714286,0,N,False
1.0357142857142858,0.9286428571428571,0.151071428571428,0,C,False
1.0357142857142858,0.9286428571428571,15.3061224489796,1,H,True
1.0357142857142858,0.9286428571428571,37.5096635757963,1,S,True
1.0357142857142858,0.9286428571428571,0.0184114285714285,1,N,True
1.0357142857142858,0.9286428571428571,0.00140787090400132,1,C,True
1.0357142857142858,0.9286428571428571,104.929870129870,2,H,False
1.0357142857142858,0.9286428571428571,74.0593038047007,2,S,False
1.0357142857142858,0.9286428571428571,0.00272727272727273,2,N,False
1.0357142857142858,0.9286428571428571,0.00340629087510496,2,C,False
1.0357142857142858,0.9286428571428571,104.929870129870,3,H,True
1.0357142857142858,0.9286428571428571,9.75673954110671,3,S,True
1.0357142857142858,0.9286428571428571,0.00272727272727273,3,N,True
1.0357142857142858,0.9286428571428571,0.0408317585281510,3,C,True
1.0357142857142858,1.0,15.3061224489796,0,H,False
1.0357142857142858,1.0,0.0,0,S,False
1.0357142857142858,1.0,0.0184114285714286,0,N,False
1.0357142857142858,1.0,0.151071428571428,0,C,False
1.0357142857142858,1.0,15.3061224489796,1,H,True
1.0357142857142858,1.0,37.5364796275861,1,S,True
1.0357142857142858,1.0,0.0184114285714286,1,N,True
1.0357142857142858,1.0,0.00130087485736021,1,C,True
1.0357142857142858,1.0,104.929870129870,2,H,False
1.0357142857142858,1.0,74.5652582419694,2,S,False
1.0357142857142858,1.0,0.00272727272727273,2,N,False
1.0357142857142858,1.0,0.00311181457166721,2,C,False
1.0357142857142858,1.0,104.929870129870,3,H,True
1.0357142857142858,1.0,8.95407023700405,3,S,True
1.0357142857142858,1.0,0.00272727272727273,3,N,True
1.0357142857142858,1.0,0.0412989292299856,3,C,True
1.0714285714285714,0.001,13.4693877551021,0,H,True
1.0714285714285714,0.001,0.0,0,S,True
1.0714285714285714,0.001,0.0187328571428571,0,N,True
1.0714285714285714,0.001,0.152142857142857,0,C,True
1.0714285714285714,0.001,,1,H,False
1.0714285714285714,0.001,,1,S,False
1.0714285714285714,0.001,,1,N,False
1.0714285714285714,0.001,,1,C,False
1.0714285714285714,0.001,,2,H,False
1.0714285714285714,0.001,,2,S,False
1.0714285714285714,0.001,,2,N,False
1.0714285714285714,0.001,,2,C,False
1.0714285714285714,0.001,,3,H,False
1.0714285714285714,0.001,,3,S,False
1.0714285714285714,0.001,,3,N,False
1.0714285714285714,0.001,,3,C,False
1.0714285714285714,0.07235714285714286,13.4693877551021,0,H,False
1.0714285714285714,0.07235714285714286,0.0,0,S,False
1.0714285714285714,0.07235714285714286,0.0187328571428571,0,N,False
1.0714285714285714,0.07235714285714286,0.152142857142857,0,C,False
1.0714285714285714,0.07235714285714286,13.4693877551021,1,H,True
1.0714285714285714,0.07235714285714286,6.60315054403714,1,S,True
1.0714285714285714,0.07235714285714286,0.0187328571428571,1,N,True
1.0714285714285714,0.07235714285714286,0.121678321678322,1,C,True
1.0714285714285714,0.07235714285714286,,2,H,False
1.0714285714285714,0.07235714285714286,,2,S,False
1.0714285714285714,0.07235714285714286,,2,N,False
1.0714285714285714,0.07235714285714286,,2,C,False
1.0714285714285714,0.07235714285714286,,3,H,False
1.0714285714285714,0.07235714285714286,,3,S,False
1.0714285714285714,0.07235714285714286,,3,N,False
1.0714285714285714,0.07235714285714286,,3,C,False
1.0714285714285714,0.1437142857142857,13.4693877551021,0,H,False
1.0714285714285714,0.1437142857142857,0.0,0,S,False
1.0714285714285714,0.1437142857142857,0.0187328571428571,0,N,False
1.0714285714285714,0.1437142857142857,0.152142857142857,0,C,False
1.0714285714285714,0.1437142857142857,13.4693877551021,1,H,True
1.0714285714285714,0.1437142857142857,29.6743000600203,1,S,True
1.0714285714285714,0.1437142857142857,0.0187328571428572,1,N,True
1.0714285714285714,0.1437142857142857,0.0152364273204904,1,C,True
1.0714285714285714,0.1437142857142857,,2,H,False
1.0714285714285714,0.1437142857142857,,2,S,False
1.0714285714285714,0.1437142857142857,,2,N,False
1.0714285714285714,0.1437142857142857,,2,C,False
1.0714285714285714,0.1437142857142857,,3,H,False
1.0714285714285714,0.1437142857142857,,3,S,False
1.0714285714285714,0.1437142857142857,,3,N,False
1.0714285714285714,0.1437142857142857,,3,C,False
1.0714285714285714,0.21507142857142858,13.4693877551021,0,H,False
1.0714285714285714,0.21507142857142858,0.0,0,S,False
1.0714285714285714,0.21507142857142858,0.0187328571428571,0,N,False
1.0714285714285714,0.21507142857142858,0.152142857142857,0,C,False
1.0714285714285714,0.21507142857142858,13.4693877551021,1,H,True
1.0714285714285714,0.21507142857142858,31.2152502612282,1,S,True
1.0714285714285714,0.21507142857142858,0.0187328571428572,1,N,True
1.0714285714285714,0.21507142857142858,0.00812704343764591,1,C,True
1.0714285714285714,0.21507142857142858,,2,H,False
1.0714285714285714,0.21507142857142858,,2,S,False
1.0714285714285714,0.21507142857142858,,2,N,False
1.0714285714285714,0.21507142857142858,,2,C,False
1.0714285714285714,0.21507142857142858,,3,H,False
1.0714285714285714,0.21507142857142858,,3,S,False
1.0714285714285714,0.21507142857142858,,3,N,False
1.0714285714285714,0.21507142857142858,,3,C,False
1.0714285714285714,0.2864285714285714,13.4693877551021,0,H,False
1.0714285714285714,0.2864285714285714,0.0,0,S,False
1.0714285714285714,0.2864285714285714,0.0187328571428571,0,N,False
1.0714285714285714,0.2864285714285714,0.152142857142857,0,C,False
1.0714285714285714,0.2864285714285714,13.4693877551021,1,H,True
1.0714285714285714,0.2864285714285714,31.7756850159351,1,S,True
1.0714285714285714,0.2864285714285714,0.0187328571428572,1,N,True
1.0714285714285714,0.2864285714285714,0.00554140127388533,1,C,True
1.0714285714285714,0.2864285714285714,,2,H,False
1.0714285714285714,0.2864285714285714,,2,S,False
1.0714285714285714,0.2864285714285714,,2,N,False
1.0714285714285714,0.2864285714285714,,2,C,False
1.0714285714285714,0.2864285714285714,,3,H,False
1.0714285714285714,0.2864285714285714,,3,S,False
1.0714285714285714,0.2864285714285714,,3,N,False
1.0714285714285714,0.2864285714285714,,3,C,False
1.0714285714285714,0.35778571428571426,13.4693877551021,0,H,False
1.0714285714285714,0.35778571428571426,0.0,0,S,False
1.0714285714285714,0.35778571428571426,0.0187328571428571,0,N,False
1.0714285714285714,0.35778571428571426,0.152142857142857,0,C,False
1.0714285714285714,0.35778571428571426,13.4693877551021,1,H,True
1.0714285714285714,0.35778571428571426,32.0655837378065,1,S,True
1.0714285714285714,0.35778571428571426,0.0187328571428571,1,N,True
1.0714285714285714,0.35778571428571426,0.00420391398888622,1,C,True
1.0714285714285714,0.35778571428571426,,2,H,False
1.0714285714285714,0.35778571428571426,,2,S,False
1.0714285714285714,0.35778571428571426,,2,N,False
1.0714285714285714,0.35778571428571426,,2,C,False
1.0714285714285714,0.35778571428571426,,3,H,False
1.0714285714285714,0.35778571428571426,,3,S,False
1.0714285714285714,0.35778571428571426,,3,N,False
1.0714285714285714,0.35778571428571426,,3,C,False
1.0714285714285714,0.42914285714285716,13.4693877551021,0,H,False
1.0714285714285714,0.42914285714285716,0.0,0,S,False
1.0714285714285714,0.42914285714285716,0.0187328571428571,0,N,False
1.0714285714285714,0.42914285714285716,0.152142857142857,0,C,False
1.0714285714285714,0.42914285714285716,13.4693877551021,1,H,True
1.0714285714285714,0.42914285714285716,32.2427503370041,1,S,True
1.0714285714285714,0.42914285714285716,0.0187328571428571,1,N,True
1.0714285714285714,0.42914285714285716,0.00338653172440639,1,C,True
1.0714285714285714,0.42914285714285716,104.929870129870,2,H,False
1.0714285714285714,0.42914285714285716,56.3488063729154,2,S,False
1.0714285714285714,0.42914285714285716,0.00272727272727273,2,N,False
1.0714285714285714,0.42914285714285716,0.0120673784736854,2,C,False
1.0714285714285714,0.42914285714285716,104.929870129870,3,H,True
1.0714285714285714,0.42914285714285716,29.9118273662383,3,S,True
1.0714285714285714,0.42914285714285716,0.00272727272727273,3,N,True
1.0714285714285714,0.42914285714285716,0.0277242110578419,3,C,True
1.0714285714285714,0.5005,13.4693877551021,0,H,False
1.0714285714285714,0.5005,0.0,0,S,False
1.0714285714285714,0.5005,0.0187328571428571,0,N,False
1.0714285714285714,0.5005,0.152142857142857,0,C,False
1.0714285714285714,0.5005,13.4693877551021,1,H,True
1.0714285714285714,0.5005,32.3622374730769,1,S,True
1.0714285714285714,0.5005,0.0187328571428571,1,N,True
1.0714285714285714,0.5005,0.00283526152843409,1,C,True
1.0714285714285714,0.5005,104.929870129870,2,H,False
1.0714285714285714,0.5005,61.9182308601734,2,S,False
1.0714285714285714,0.5005,0.00272727272727273,2,N,False
1.0714285714285714,0.5005,0.00876898546270346,2,C,False
1.0714285714285714,0.5005,104.929870129870,3,H,True
1.0714285714285714,0.5005,22.7901458264164,3,S,True
1.0714285714285714,0.5005,0.00272727272727273,3,N,True
1.0714285714285714,0.5005,0.0319419008157566,3,C,True
1.0714285714285714,0.5718571428571428,13.4693877551021,0,H,False
1.0714285714285714,0.5718571428571428,0.0,0,S,False
1.0714285714285714,0.5718571428571428,0.0187328571428571,0,N,False
1.0714285714285714,0.5718571428571428,0.152142857142857,0,C,False
1.0714285714285714,0.5718571428571428,13.4693877551021,1,H,True
1.0714285714285714,0.5718571428571428,32.4482695505912,1,S,True
1.0714285714285714,0.5718571428571428,0.0187328571428571,1,N,True
1.0714285714285714,0.5718571428571428,0.00243834080717489,1,C,True
1.0714285714285714,0.5718571428571428,104.929870129870,2,H,False
1.0714285714285714,0.5718571428571428,64.8881552044130,2,S,False
1.0714285714285714,0.5718571428571428,0.00272727272727273,2,N,False
1.0714285714285714,0.5718571428571428,0.00701010037096810,2,C,False
1.0714285714285714,0.5718571428571428,104.929870129870,3,H,True
1.0714285714285714,0.5718571428571428,18.7025790023464,3,S,True
1.0714285714285714,0.5718571428571428,0.00272727272727273,3,N,True
1.0714285714285714,0.5718571428571428,0.0343626898713009,3,C,True
1.0714285714285714,0.6432142857142857,13.4693877551021,0,H,False
1.0714285714285714,0.6432142857142857,0.0,0,S,False
1.0714285714285714,0.6432142857142857,0.0187328571428571,0,N,False
1.0714285714285714,0.6432142857142857,0.152142857142857,0,C,False
1.0714285714285714,0.6432142857142857,13.4693877551021,1,H,True
1.0714285714285714,0.6432142857142857,32.5131716845439,1,S,True
1.0714285714285714,0.6432142857142857,0.0187328571428571,1,N,True
1.0714285714285714,0.6432142857142857,0.00213890596189306,1,C,True
1.0714285714285714,0.6432142857142857,104.929870129870,2,H,False
1.0714285714285714,0.6432142857142857,66.8148152428955,2,S,False
1.0714285714285714,0.6432142857142857,0.00272727272727273,2,N,False
1.0714285714285714,0.6432142857142857,0.00586907008677841,2,C,False
1.0714285714285714,0.6432142857142857,104.929870129870,3,H,True
1.0714285714285714,0.6432142857142857,15.9327755221032,3,S,True
1.0714285714285714,0.6432142857142857,0.00272727272727273,3,N,True
1.0714285714285714,0.6432142857142857,0.0360030569257298,3,C,True
1.0714285714285714,0.7145714285714285,13.4693877551021,0,H,False
1.0714285714285714,0.7145714285714285,0.0,0,S,False
1.0714285714285714,0.7145714285714285,0.0187328571428571,0,N,False
1.0714285714285714,0.7145714285714285,0.152142857142857,0,C,False
1.0714285714285714,0.7145714285714285,13.4693877551021,1,H,True
1.0714285714285714,0.7145714285714285,32.5638769207916,1,S,True
1.0714285714285714,0.7145714285714285,0.0187328571428571,1,N,True
1.0714285714285714,0.7145714285714285,0.00190497044011386,1,C,True
1.0714285714285714,0.7145714285714285,104.929870129870,2,H,False
1.0714285714285714,0.7145714285714285,68.1835550022304,2,S,False
1.0714285714285714,0.7145714285714285,0.00272727272727273,2,N,False
1.0714285714285714,0.7145714285714285,0.00505845820643555,2,C,False
1.0714285714285714,0.7145714285714285,104.929870129870,3,H,True
1.0714285714285714,0.7145714285714285,13.9053241796279,3,S,True
1.0714285714285714,0.7145714285714285,0.00272727272727273,3,N,True
1.0714285714285714,0.7145714285714285,0.0372037790745669,3,C,True
1.0714285714285714,0.7859285714285714,13.4693877551021,0,H,False
1.0714285714285714,0.7859285714285714,0.0,0,S,False
1.0714285714285714,0.7859285714285714,0.0187328571428571,0,N,False
1.0714285714285714,0.7859285714285714,0.152142857142857,0,C,False
1.0714285714285714,0.7859285714285714,13.4693877551021,1,H,True
1.0714285714285714,0.7859285714285714,32.6045842233551,1,S,True
1.0714285714285714,0.7859285714285714,0.0187328571428571,1,N,True
1.0714285714285714,0.7859285714285714,0.00171716174874174,1,C,True
1.0714285714285714,0.7859285714285714,104.929870129870,2,H,False
1.0714285714285714,0.7859285714285714,69.2118643493689,2,S,False
1.0714285714285714,0.7859285714285714,0.00272727272727273,2,N,False
1.0714285714285714,0.7859285714285714,0.00444946020826045,2,C,False
1.0714285714285714,0.7859285714285714,104.929870129870,3,H,True
1.0714285714285714,0.7859285714285714,12.3481863780494,3,S,True
1.0714285714285714,0.7859285714285714,0.00272727272727273,3,N,True
1.0714285714285714,0.7859285714285714,0.0381259663586594,3,C,True
1.0714285714285714,0.8572857142857143,13.4693877551021,0,H,False
1.0714285714285714,0.8572857142857143,0.0,0,S,False
1.0714285714285714,0.8572857142857143,0.0187328571428571,0,N,False
1.0714285714285714,0.8572857142857143,0.152142857142857,0,C,False
1.0714285714285714,0.8572857142857143,13.4693877551021,1,H,True
1.0714285714285714,0.8572857142857143,32.6379852745242,1,S,True
1.0714285714285714,0.8572857142857143,0.0187328571428571,1,N,True
1.0714285714285714,0.8572857142857143,0.00156306144448437,1,C,True
1.0714285714285714,0.8572857142857143,104.929870129870,2,H,False
1.0714285714285714,0.8572857142857143,70.0150321338673,2,S,False
1.0714285714285714,0.8572857142857143,0.00272727272727273,2,N,False
1.0714285714285714,0.8572857142857143,0.00397379831301501,2,C,False
1.0714285714285714,0.8572857142857143,104.929870129870,3,H,True
1.0714285714285714,0.8572857142857143,11.1111056306638,3,S,True
1.0714285714285714,0.8572857142857143,0.00272727272727273,3,N,True
1.0714285714285714,0.8572857142857143,0.0388586055210239,3,C,True
1.0714285714285714,0.9286428571428571,13.4693877551021,0,H,False
1.0714285714285714,0.9286428571428571,0.0,0,S,False
1.0714285714285714,0.9286428571428571,0.0187328571428571,0,N,False
1.0714285714285714,0.9286428571428571,0.152142857142857,0,C,False
1.0714285714285714,0.9286428571428571,13.4693877551021,1,H,True
1.0714285714285714,0.9286428571428571,32.6658851056590,1,S,True
1.0714285714285714,0.9286428571428571,0.0187328571428571,1,N,True
1.0714285714285714,0.9286428571428571,0.00143434176902152,1,C,True
1.0714285714285714,0.9286428571428571,104.929870129870,2,H,False
1.0714285714285714,0.9286428571428571,70.6607744733896,2,S,False
1.0714285714285714,0.9286428571428571,0.00272727272727273,2,N,False
1.0714285714285714,0.9286428571428571,0.00359136884935158,2,C,False
1.0714285714285714,0.9286428571428571,104.929870129870,3,H,True
1.0714285714285714,0.9286428571428571,10.1029166624268,3,S,True
1.0714285714285714,0.9286428571428571,0.00272727272727273,3,N,True
1.0714285714285714,0.9286428571428571,0.0394556875811523,3,C,True
1.0714285714285714,1.0,13.4693877551021,0,H,False
1.0714285714285714,1.0,0.0,0,S,False
1.0714285714285714,1.0,0.0187328571428571,0,N,False
1.0714285714285714,1.0,0.152142857142857,0,C,False
1.0714285714285714,1.0,13.4693877551021,1,H,True
1.0714285714285714,1.0,32.6895394027034,1,S,True
1.0714285714285714,1.0,0.0187328571428571,1,N,True
1.0714285714285714,1.0,0.00132520944402133,1,C,True
1.0714285714285714,1.0,104.929870129870,2,H,False
1.0714285714285714,1.0,71.1917883173253,2,S,False
1.0714285714285714,1.0,0.00272727272727273,2,N,False
1.0714285714285714,1.0,0.00327688530521177,2,C,False
1.0714285714285714,1.0,104.929870129870,3,H,True
1.0714285714285714,1.0,9.26460991134340,3,S,True
1.0714285714285714,1.0,0.00272727272727273,3,N,True
1.0714285714285714,1.0,0.0399521599070019,3,C,True
1.1071428571428572,0.001,11.6326530612245,0,H,True
1.1071428571428572,0.001,0.0,0,S,True
1.1071428571428572,0.001,0.0190542857142857,0,N,True
1.1071428571428572,0.001,0.153214285714286,0,C,True
1.1071428571428572,0.001,,1,H,False
1.1071428571428572,0.001,,1,S,False
1.1071428571428572,0.001,,1,N,False
1.1071428571428572,0.001,,1,C,False
1.1071428571428572,0.001,,2,H,False
1.1071428571428572,0.001,,2,S,False
1.1071428571428572,0.001,,2,N,False
1.1071428571428572,0.001,,2,C,False
1.1071428571428572,0.001,,3,H,False
1.1071428571428572,0.001,,3,S,False
1.1071428571428572,0.001,,3,N,False
1.1071428571428572,0.001,,3,C,False
1.1071428571428572,0.07235714285714286,11.6326530612245,0,H,False
1.1071428571428572,0.07235714285714286,0.0,0,S,False
1.1071428571428572,0.07235714285714286,0.0190542857142857,0,N,False
1.1071428571428572,0.07235714285714286,0.153214285714286,0,C,False
1.1071428571428572,0.07235714285714286,11.6326530612245,1,H,True
1.1071428571428572,0.07235714285714286,2.74796783120053,1,S,True
1.1071428571428572,0.07235714285714286,0.0190542857142857,1,N,True
1.1071428571428572,0.07235714285714286,0.138281249999999,1,C,True
1.1071428571428572,0.07235714285714286,,2,H,False
1.1071428571428572,0.07235714285714286,,2,S,False
1.1071428571428572,0.07235714285714286,,2,N,False
1.1071428571428572,0.07235714285714286,,2,C,False
1.1071428571428572,0.07235714285714286,,3,H,False
1.1071428571428572,0.07235714285714286,,3,S,False
1.1071428571428572,0.07235714285714286,,3,N,False
1.1071428571428572,0.07235714285714286,,3,C,False
1.1071428571428572,0.1437142857142857,11.6326530612245,0,H,False
1.1071428571428572,0.1437142857142857,0.0,0,S,False
1.1071428571428572,0.1437142857142857,0.0190542857142857,0,N,False
1.1071428571428572,0.1437142857142857,0.153214285714286,0,C,False
1.1071428571428572,0.1437142857142857,11.6326530612245,1,H,True
1.1071428571428572,0.1437142857142857,25.3042962631942,1,S,True
1.1071428571428572,0.1437142857142857,0.0190542857142857,1,N,True
1.1071428571428572,0.1437142857142857,0.0157054125998225,1,C,True
1.1071428571428572,0.1437142857142857,,2,H,False
1.1071428571428572,0.1437142857142857,,2,S,False
1.1071428571428572,0.1437142857142857,,2,N,False
1.1071428571428572,0.1437142857142857,,2,C,False
1.1071428571428572,0.1437142857142857,,3,H,False
1.1071428571428572,0.1437142857142857,,3,S,False
1.1071428571428572,0.1437142857142857,,3,N,False
1.1071428571428572,0.1437142857142857,,3,C,False
1.1071428571428572,0.21507142857142858,11.6326530612245,0,H,False
1.1071428571428572,0.21507142857142858,0.0,0,S,False
1.1071428571428572,0.21507142857142858,0.0190542857142857,0,N,False
1.1071428571428572,0.21507142857142858,0.153214285714286,0,C,False
1.1071428571428572,0.21507142857142858,11.6326530612245,1,H,True
1.1071428571428572,0.21507142857142858,26.6623442590999,1,S,True
1.1071428571428572,0.21507142857142858,0.0190542857142858,1,N,True
1.1071428571428572,0.21507142857142858,0.00832549388523042,1,C,True
1.1071428571428572,0.21507142857142858,,2,H,False
1.1071428571428572,0.21507142857142858,,2,S,False
1.1071428571428572,0.21507142857142858,,2,N,False
1.1071428571428572,0.21507142857142858,,2,C,False
1.1071428571428572,0.21507142857142858,,3,H,False
1.1071428571428572,0.21507142857142858,,3,S,False
1.1071428571428572,0.21507142857142858,,3,N,False
1.1071428571428572,0.21507142857142858,,3,C,False
1.1071428571428572,0.2864285714285714,11.6326530612245,0,H,False
1.1071428571428572,0.2864285714285714,0.0,0,S,False
1.1071428571428572,0.2864285714285714,0.0190542857142857,0,N,False
1.1071428571428572,0.2864285714285714,0.153214285714286,0,C,False
1.1071428571428572,0.2864285714285714,11.6326530612245,1,H,True
1.1071428571428572,0.2864285714285714,27.1521106883434,1,S,True
1.1071428571428572,0.2864285714285714,0.0190542857142858,1,N,True
1.1071428571428572,0.2864285714285714,0.00566399999999997,1,C,True
1.1071428571428572,0.2864285714285714,,2,H,False
1.1071428571428572,0.2864285714285714,,2,S,False
1.1071428571428572,0.2864285714285714,,2,N,False
1.1071428571428572,0.2864285714285714,,2,C,False
1.1071428571428572,0.2864285714285714,,3,H,False
1.1071428571428572,0.2864285714285714,,3,S,False
1.1071428571428572,0.2864285714285714,,3,N,False
1.1071428571428572,0.2864285714285714,,3,C,False
1.1071428571428572,0.35778571428571426,11.6326530612245,0,H,False
1.1071428571428572,0.35778571428571426,0.0,0,S,False
1.1071428571428572,0.35778571428571426,0.0190542857142857,0,N,False
1.1071428571428572,0.35778571428571426,0.153214285714286,0,C,False
1.1071428571428572,0.35778571428571426,11.6326530612245,1,H,True
1.1071428571428572,0.35778571428571426,27.4045945459019,1,S,True
1.1071428571428572,0.35778571428571426,0.0190542857142858,1,N,True
1.1071428571428572,0.35778571428571426,0.00429194956353054,1,C,True
1.1071428571428572,0.35778571428571426,,2,H,False
1.1071428571428572,0.35778571428571426,,2,S,False
1.1071428571428572,0.35778571428571426,,2,N,False
1.1071428571428572,0.35778571428571426,,2,C,False
1.1071428571428572,0.35778571428571426,,3,H,False
1.1071428571428572,0.35778571428571426,,3,S,False
1.1071428571428572,0.35778571428571426,,3,N,False
1.1071428571428572,0.35778571428571426,,3,C,False
1.1071428571428572,0.42914285714285716,11.6326530612245,0,H,False
1.1071428571428572,0.42914285714285716,0.0,0,S,False
1.1071428571428572,0.42914285714285716,0.0190542857142857,0,N,False
1.1071428571428572,0.42914285714285716,0.153214285714286,0,C,False
1.1071428571428572,0.42914285714285716,11.6326530612245,1,H,True
1.1071428571428572,0.42914285714285716,27.5586082204813,1,S,True
1.1071428571428572,0.42914285714285716,0.0190542857142857,1,N,True
1.1071428571428572,0.42914285714285716,0.00345500683193440,1,C,True
1.1071428571428572,0.42914285714285716,104.929870129870,2,H,False
1.1071428571428572,0.42914285714285716,50.4974743773955,2,S,False
1.1071428571428572,0.42914285714285716,0.00272727272727273,2,N,False
1.1071428571428572,0.42914285714285716,0.0139456729036962,2,C,False
1.1071428571428572,0.42914285714285716,104.929870129870,3,H,True
1.1071428571428572,0.42914285714285716,33.0194170936068,3,S,True
1.1071428571428572,0.42914285714285716,0.00272727272727273,3,N,True
1.1071428571428572,0.42914285714285716,0.0244752094932354,3,C,True
1.1071428571428572,0.5005,11.6326530612245,0,H,False
1.1071428571428572,0.5005,0.0,0,S,False
1.1071428571428572,0.5005,0.0190542857142857,0,N,False
1.1071428571428572,0.5005,0.153214285714286,0,C,False
1.1071428571428572,0.5005,11.6326530612245,1,H,True
1.1071428571428572,0.5005,27.6623573864344,1,S,True
1.1071428571428572,0.5005,0.0190542857142858,1,N,True
1.1071428571428572,0.5005,0.00289121202221496,1,C,True
1.1071428571428572,0.5005,104.929870129870,2,H,False
1.1071428571428572,0.5005,57.7413379953305,2,S,False
1.1071428571428572,0.5005,0.00272727272727273,2,N,False
1.1071428571428572,0.5005,0.00958165659592086,2,C,False
1.1071428571428572,0.5005,104.929870129870,3,H,True
1.1071428571428572,0.5005,24.1648023387049,3,S,True
1.1071428571428572,0.5005,0.00272727272727273,3,N,True
1.1071428571428572,0.5005,0.0298096118546745,3,C,True
1.1071428571428572,0.5718571428571428,11.6326530612245,0,H,False
1.1071428571428572,0.5718571428571428,0.0,0,S,False
1.1071428571428572,0.5718571428571428,0.0190542857142857,0,N,False
1.1071428571428572,0.5718571428571428,0.153214285714286,0,C,False
1.1071428571428572,0.5718571428571428,11.6326530612245,1,H,True
1.1071428571428572,0.5718571428571428,27.7369967597216,1,S,True
1.1071428571428572,0.5718571428571428,0.0190542857142857,1,N,True
1.1071428571428572,0.5718571428571428,0.00248560595421991,1,C,True
1.1071428571428572,0.5718571428571428,104.929870129870,2,H,False
1.1071428571428572,0.5718571428571428,61.1214759526735,2,S,False
1.1071428571428572,0.5718571428571428,0.00272727272727273,2,N,False
1.1071428571428572,0.5718571428571428,0.00754531550139074,2,C,False
1.1071428571428572,0.5718571428571428,104.929870129870,3,H,True
1.1071428571428572,0.5718571428571428,19.6258554957173,3,S,True
1.1071428571428572,0.5718571428571428,0.00272727272727273,3,N,True
1.1071428571428572,0.5718571428571428,0.0325440694711707,3,C,True
1.1071428571428572,0.6432142857142857,11.6326530612245,0,H,False
1.1071428571428572,0.6432142857142857,0.0,0,S,False
1.1071428571428572,0.6432142857142857,0.0190542857142857,0,N,False
1.1071428571428572,0.6432142857142857,0.153214285714286,0,C,False
1.1071428571428572,0.6432142857142857,11.6326530612245,1,H,True
1.1071428571428572,0.6432142857142857,27.7932704350005,1,S,True
1.1071428571428572,0.6432142857142857,0.0190542857142858,1,N,True
1.1071428571428572,0.6432142857142857,0.00217980295566502,1,C,True
1.1071428571428572,0.6432142857142857,104.929870129870,2,H,False
1.1071428571428572,0.6432142857142857,63.2385574407466,2,S,False
1.1071428571428572,0.6432142857142857,0.00272727272727273,2,N,False
1.1071428571428572,0.6432142857142857,0.00626989417568206,2,C,False
1.1071428571428572,0.6432142857142857,104.929870129870,3,H,True
1.1071428571428572,0.6432142857142857,16.6351006088858,3,S,True
1.1071428571428572,0.6432142857142857,0.00272727272727273,3,N,True
1.1071428571428572,0.6432142857142857,0.0343458293864700,3,C,True
1.1071428571428572,0.7145714285714285,11.6326530612245,0,H,False
1.1071428571428572,0.7145714285714285,0.0,0,S,False
1.1071428571428572,0.7145714285714285,0.0190542857142857,0,N,False
1.1071428571428572,0.7145714285714285,0.153214285714286,0,C,False
1.1071428571428572,0.7145714285714285,11.6326530612245,1,H,True
1.1071428571428572,0.7145714285714285,27.8372143807907,1,S,True
1.1071428571428572,0.7145714285714285,0.0190542857142857,1,N,True
1.1071428571428572,0.7145714285714285,0.00194100230288409,1,C,True
1.1071428571428572,0.7145714285714285,104.929870129870,2,H,False
1.1071428571428572,0.7145714285714285,64.7171296519204,2,S,False
1.1071428571428572,0.7145714285714285,0.00272727272727273,2,N,False
1.1071428571428572,0.7145714285714285,0.00537913841575724,2,C,False
1.1071428571428572,0.7145714285714285,104.929870129870,3,H,True
1.1071428571428572,0.7145714285714285,14.4742794370191,3,S,True
1.1071428571428572,0.7145714285714285,0.00272727272727273,3,N,True
1.1071428571428572,0.7145714285714285,0.0356476013868242,3,C,True
1.1071428571428572,0.7859285714285714,11.6326530612245,0,H,False
1.1071428571428572,0.7859285714285714,0.0,0,S,False
1.1071428571428572,0.7859285714285714,0.0190542857142857,0,N,False
1.1071428571428572,0.7859285714285714,0.153214285714286,0,C,False
1.1071428571428572,0.7859285714285714,11.6326530612245,1,H,True
1.1071428571428572,0.7859285714285714,27.8724807219468,1,S,True
1.1071428571428572,0.7859285714285714,0.0190542857142857,1,N,True
1.1071428571428572,0.7859285714285714,0.00174935758054951,1,C,True
1.1071428571428572,0.7859285714285714,104.929870129870,2,H,False
1.1071428571428572,0.7859285714285714,65.8166515115729,2,S,False
1.1071428571428572,0.7859285714285714,0.00272727272727273,2,N,False
1.1071428571428572,0.7859285714285714,0.00471673895887116,2,C,False
1.1071428571428572,0.7859285714285714,104.929870129870,3,H,True
1.1071428571428572,0.7859285714285714,12.8272322204954,3,S,True
1.1071428571428572,0.7859285714285714,0.00272727272727273,3,N,True
1.1071428571428572,0.7859285714285714,0.0366398537664506,3,C,True
1.1071428571428572,0.8572857142857143,11.6326530612245,0,H,False
1.1071428571428572,0.8572857142857143,0.0,0,S,False
1.1071428571428572,0.8572857142857143,0.0190542857142857,0,N,False
1.1071428571428572,0.8572857142857143,0.153214285714286,0,C,False
1.1071428571428572,0.8572857142857143,11.6326530612245,1,H,True
1.1071428571428572,0.8572857142857143,27.9014088289002,1,S,True
1.1071428571428572,0.8572857142857143,0.0190542857142857,1,N,True
1.1071428571428572,0.8572857142857143,0.00159215615723666,1,C,True
1.1071428571428572,0.8572857142857143,104.929870129870,2,H,False
1.1071428571428572,0.8572857142857143,66.6695707040436,2,S,False
1.1071428571428572,0.8572857142857143,0.00272727272727273,2,N,False
1.1071428571428572,0.8572857142857143,0.00420290359952768,2,C,False
1.1071428571428572,0.8572857142857143,104.929870129870,3,H,True
1.1071428571428572,0.8572857142857143,11.5251915267822,3,S,True
1.1071428571428572,0.8572857142857143,0.00272727272727273,3,N,True
1.1071428571428572,0.8572857142857143,0.0374242593158155,3,C,True
1.1071428571428572,0.9286428571428571,11.6326530612245,0,H,False
1.1071428571428572,0.9286428571428571,0.0,0,S,False
1.1071428571428572,0.9286428571428571,0.0190542857142857,0,N,False
1.1071428571428572,0.9286428571428571,0.153214285714286,0,C,False
1.1071428571428572,0.9286428571428571,11.6326530612245,1,H,True
1.1071428571428572,0.9286428571428571,27.9255665200651,1,S,True
1.1071428571428572,0.9286428571428571,0.0190542857142857,1,N,True
1.1071428571428572,0.9286428571428571,0.00146087817761637,1,C,True
1.1071428571428572,0.9286428571428571,104.929870129870,2,H,False
1.1071428571428572,0.9286428571428571,67.3519360473116,2,S,False
1.1071428571428572,0.9286428571428571,0.00272727272727273,2,N,False
1.1071428571428572,0.9286428571428571,0.00379181724520848,2,C,False
1.1071428571428572,0.9286428571428571,104.929870129870,3,H,True
1.1071428571428572,0.9286428571428571,10.4677674719286,3,S,True
1.1071428571428572,0.9286428571428571,0.00272727272727273,3,N,True
1.1071428571428572,0.9286428571428571,0.0380612972368760,3,C,True
1.1071428571428572,1.0,11.6326530612245,0,H,False
1.1071428571428572,1.0,0.0,0,S,False
1.1071428571428572,1.0,0.0190542857142857,0,N,False
1.1071428571428572,1.0,0.153214285714286,0,C,False
1.1071428571428572,1.0,11.6326530612245,1,H,True
1.1071428571428572,1.0,27.9460439163809,1,S,True
1.1071428571428572,1.0,0.0190542857142857,1,N,True
1.1071428571428572,1.0,0.00134959969500572,1,C,True
1.1071428571428572,1.0,104.929870129870,2,H,False
1.1071428571428572,1.0,67.9109760699237,2,S,False
1.1071428571428572,1.0,0.00272727272727273,2,N,False
1.1071428571428572,1.0,0.00345502739050467,2,C,False
1.1071428571428572,1.0,104.929870129870,3,H,True
1.1071428571428572,1.0,9.59080692345312,3,S,True
1.1071428571428572,1.0,0.00272727272727273,3,N,True
1.1071428571428572,1.0,0.0385896161474289,3,C,True
1.1428571428571428,0.001,9.79591836734694,0,H,True
1.1428571428571428,0.001,0.0,0,S,True
1.1428571428571428,0.001,0.0193757142857143,0,N,True
1.1428571428571428,0.001,0.154285714285714,0,C,True
1.1428571428571428,0.001,,1,H,False
1.1428571428571428,0.001,,1,S,False
1.1428571428571428,0.001,,1,N,False
1.1428571428571428,0.001,,1,C,False
1.1428571428571428,0.001,,2,H,False
1.1428571428571428,0.001,,2,S,False
1.1428571428571428,0.001,,2,N,False
1.1428571428571428,0.001,,2,C,False
1.1428571428571428,0.001,,3,H,False
1.1428571428571428,0.001,,3,S,False
1.1428571428571428,0.001,,3,N,False
1.1428571428571428,0.001,,3,C,False
1.1428571428571428,0.07235714285714286,9.79591836734694,0,H,True
1.1428571428571428,0.07235714285714286,0.0,0,S,True
1.1428571428571428,0.07235714285714286,0.0193757142857143,0,N,True
1.1428571428571428,0.07235714285714286,0.154285714285714,0,C,True
1.1428571428571428,0.07235714285714286,,1,H,False
1.1428571428571428,0.07235714285714286,,1,S,False
1.1428571428571428,0.07235714285714286,,1,N,False
1.1428571428571428,0.07235714285714286,,1,C,False
1.1428571428571428,0.07235714285714286,,2,H,False
1.1428571428571428,0.07235714285714286,,2,S,False
1.1428571428571428,0.07235714285714286,,2,N,False
1.1428571428571428,0.07235714285714286,,2,C,False
1.1428571428571428,0.07235714285714286,,3,H,False
1.1428571428571428,0.07235714285714286,,3,S,False
1.1428571428571428,0.07235714285714286,,3,N,False
1.1428571428571428,0.07235714285714286,,3,C,False
1.1428571428571428,0.1437142857142857,9.79591836734694,0,H,False
1.1428571428571428,0.1437142857142857,0.0,0,S,False
1.1428571428571428,0.1437142857142857,0.0193757142857143,0,N,False
1.1428571428571428,0.1437142857142857,0.154285714285714,0,C,False
1.1428571428571428,0.1437142857142857,9.79591836734694,1,H,True
1.1428571428571428,0.1437142857142857,21.0436059315812,1,S,True
1.1428571428571428,0.1437142857142857,0.0193757142857143,1,N,True
1.1428571428571428,0.1437142857142857,0.0161870503597122,1,C,True
1.1428571428571428,0.1437142857142857,,2,H,False
1.1428571428571428,0.1437142857142857,,2,S,False
1.1428571428571428,0.1437142857142857,,2,N,False
1.1428571428571428,0.1437142857142857,,2,C,False
1.1428571428571428,0.1437142857142857,,3,H,False
1.1428571428571428,0.1437142857142857,,3,S,False
1.1428571428571428,0.1437142857142857,,3,N,False
1.1428571428571428,0.1437142857142857,,3,C,False
1.1428571428571428,0.21507142857142858,9.79591836734694,0,H,False
1.1428571428571428,0.21507142857142858,0.0,0,S,False
1.1428571428571428,0.21507142857142858,0.0193757142857143,0,N,False
1.1428571428571428,0.21507142857142858,0.154285714285714,0,C,False
1.1428571428571428,0.21507142857142858,9.79591836734694,1,H,True
1.1428571428571428,0.21507142857142858,22.2108875762527,1,S,True
1.1428571428571428,0.21507142857142858,0.0193757142857144,1,N,True
1.1428571428571428,0.21507142857142858,0.00852676456655609,1,C,True
1.1428571428571428,0.21507142857142858,,2,H,False
1.1428571428571428,0.21507142857142858,,2,S,False
1.1428571428571428,0.21507142857142858,,2,N,False
1.1428571428571428,0.21507142857142858,,2,C,False
1.1428571428571428,0.21507142857142858,,3,H,False
1.1428571428571428,0.21507142857142858,,3,S,False
1.1428571428571428,0.21507142857142858,,3,N,False
1.1428571428571428,0.21507142857142858,,3,C,False
1.1428571428571428,0.2864285714285714,9.79591836734694,0,H,False
1.1428571428571428,0.2864285714285714,0.0,0,S,False
1.1428571428571428,0.2864285714285714,0.0193757142857143,0,N,False
1.1428571428571428,0.2864285714285714,0.154285714285714,0,C,False
1.1428571428571428,0.2864285714285714,9.79591836734694,1,H,True
1.1428571428571428,0.2864285714285714,22.6282564472736,1,S,True
1.1428571428571428,0.2864285714285714,0.0193757142857143,1,N,True
1.1428571428571428,0.2864285714285714,0.00578778135048230,1,C,True
1.1428571428571428,0.2864285714285714,,2,H,False
1.1428571428571428,0.2864285714285714,,2,S,False
1.1428571428571428,0.2864285714285714,,2,N,False
1.1428571428571428,0.2864285714285714,,2,C,False
1.1428571428571428,0.2864285714285714,,3,H,False
1.1428571428571428,0.2864285714285714,,3,S,False
1.1428571428571428,0.2864285714285714,,3,N,False
1.1428571428571428,0.2864285714285714,,3,C,False
1.1428571428571428,0.35778571428571426,9.79591836734694,0,H,False
1.1428571428571428,0.35778571428571426,0.0,0,S,False
1.1428571428571428,0.35778571428571426,0.0193757142857143,0,N,False
1.1428571428571428,0.35778571428571426,0.154285714285714,0,C,False
1.1428571428571428,0.35778571428571426,9.79591836734694,1,H,True
1.1428571428571428,0.35778571428571426,22.8426798317284,1,S,True
1.1428571428571428,0.35778571428571426,0.0193757142857143,1,N,True
1.1428571428571428,0.35778571428571426,0.00438062788999756,1,C,True
1.1428571428571428,0.35778571428571426,,2,H,False
1.1428571428571428,0.35778571428571426,,2,S,False
1.1428571428571428,0.35778571428571426,,2,N,False
1.1428571428571428,0.35778571428571426,,2,C,False
1.1428571428571428,0.35778571428571426,,3,H,False
1.1428571428571428,0.35778571428571426,,3,S,False
1.1428571428571428,0.35778571428571426,,3,N,False
1.1428571428571428,0.35778571428571426,,3,C,False
1.1428571428571428,0.42914285714285716,9.79591836734694,0,H,False
1.1428571428571428,0.42914285714285716,0.0,0,S,False
1.1428571428571428,0.42914285714285716,0.0193757142857143,0,N,False
1.1428571428571428,0.42914285714285716,0.154285714285714,0,C,False
1.1428571428571428,0.42914285714285716,9.79591836734694,1,H,True
1.1428571428571428,0.42914285714285716,22.9732312658815,1,S,True
1.1428571428571428,0.42914285714285716,0.0193757142857143,1,N,True
1.1428571428571428,0.42914285714285716,0.00352388410336726,1,C,True
1.1428571428571428,0.42914285714285716,,2,H,False
1.1428571428571428,0.42914285714285716,,2,S,False
1.1428571428571428,0.42914285714285716,,2,N,False
1.1428571428571428,0.42914285714285716,,2,C,False
1.1428571428571428,0.42914285714285716,,3,H,False
1.1428571428571428,0.42914285714285716,,3,S,False
1.1428571428571428,0.42914285714285716,,3,N,False
1.1428571428571428,0.42914285714285716,,3,C,False
1.1428571428571428,0.5005,9.79591836734694,0,H,False
1.1428571428571428,0.5005,0.0,0,S,False
1.1428571428571428,0.5005,0.0193757142857143,0,N,False
1.1428571428571428,0.5005,0.154285714285714,0,C,False
1.1428571428571428,0.5005,9.79591836734694,1,H,True
1.1428571428571428,0.5005,23.0610707685727,1,S,True
1.1428571428571428,0.5005,0.0193757142857143,1,N,True
1.1428571428571428,0.5005,0.00294743736695595,1,C,True
1.1428571428571428,0.5005,104.929870129870,2,H,False
1.1428571428571428,0.5005,53.3632020346722,2,S,False
1.1428571428571428,0.5005,0.00272727272727273,2,N,False
1.1428571428571428,0.5005,0.0106029198187203,2,C,False
1.1428571428571428,0.5005,104.929870129870,3,H,True
1.1428571428571428,0.5005,25.8446908119760,3,S,True
1.1428571428571428,0.5005,0.00272727272727273,3,N,True
1.1428571428571428,0.5005,0.0274622483191841,3,C,True
1.1428571428571428,0.5718571428571428,9.79591836734694,0,H,False
1.1428571428571428,0.5718571428571428,0.0,0,S,False
1.1428571428571428,0.5718571428571428,0.0193757142857143,0,N,False
1.1428571428571428,0.5718571428571428,0.154285714285714,0,C,False
1.1428571428571428,0.5718571428571428,9.79591836734694,1,H,True
1.1428571428571428,0.5718571428571428,23.1242123643716,1,S,True
1.1428571428571428,0.5718571428571428,0.0193757142857143,1,N,True
1.1428571428571428,0.5718571428571428,0.00253307064452575,1,C,True
1.1428571428571428,0.5718571428571428,104.929870129870,2,H,False
1.1428571428571428,0.5718571428571428,57.3348500312440,2,S,False
1.1428571428571428,0.5718571428571428,0.00272727272727273,2,N,False
1.1428571428571428,0.5718571428571428,0.00816967342248417,2,C,False
1.1428571428571428,0.5718571428571428,104.929870129870,3,H,True
1.1428571428571428,0.5718571428571428,20.6727026651431,3,S,True
1.1428571428571428,0.5718571428571428,0.00272727272727273,3,N,True
1.1428571428571428,0.5718571428571428,0.0306308880200137,3,C,True
1.1428571428571428,0.6432142857142857,9.79591836734694,0,H,False
1.1428571428571428,0.6432142857142857,0.0,0,S,False
1.1428571428571428,0.6432142857142857,0.0193757142857143,0,N,False
1.1428571428571428,0.6432142857142857,0.154285714285714,0,C,False
1.1428571428571428,0.6432142857142857,9.79591836734694,1,H,True
1.1428571428571428,0.6432142857142857,23.1717886414282,1,S,True
1.1428571428571428,0.6432142857142857,0.0193757142857143,1,N,True
1.1428571428571428,0.6432142857142857,0.00222085132634176,1,C,True
1.1428571428571428,0.6432142857142857,104.929870129870,2,H,False
1.1428571428571428,0.6432142857142857,59.6950877294048,2,S,False
1.1428571428571428,0.6432142857142857,0.00272727272727273,2,N,False
1.1428571428571428,0.6432142857142857,0.00672366413911679,2,C,False
1.1428571428571428,0.6432142857142857,104.929870129870,3,H,True
1.1428571428571428,0.6432142857142857,17.4080260653606,3,S,True
1.1428571428571428,0.6432142857142857,0.00272727272727273,3,N,True
1.1428571428571428,0.6432142857142857,0.0326310054972309,3,C,True
1.1428571428571428,0.7145714285714285,9.79591836734694,0,H,False
1.1428571428571428,0.7145714285714285,0.0,0,S,False
1.1428571428571428,0.7145714285714285,0.0193757142857143,0,N,False
1.1428571428571428,0.7145714285714285,0.154285714285714,0,C,False
1.1428571428571428,0.7145714285714285,9.79591836734694,1,H,True
1.1428571428571428,0.7145714285714285,23.2089236397547,1,S,True
1.1428571428571428,0.7145714285714285,0.0193757142857143,1,N,True
1.1428571428571428,0.7145714285714285,0.00197715289982425,1,C,True
1.1428571428571428,0.7145714285714285,104.929870129870,2,H,False
1.1428571428571428,0.7145714285714285,61.3067791064940,2,S,False
1.1428571428571428,0.7145714285714285,0.00272727272727273,2,N,False
1.1428571428571428,0.7145714285714285,0.00573625482224561,2,C,False
1.1428571428571428,0.7145714285714285,104.929870129870,3,H,True
1.1428571428571428,0.7145714285714285,15.0903875403224,3,S,True
1.1428571428571428,0.7145714285714285,0.00272727272727273,3,N,True
1.1428571428571428,0.7145714285714285,0.0340509162228780,3,C,True
1.1428571428571428,0.7859285714285714,9.79591836734694,0,H,False
1.1428571428571428,0.7859285714285714,0.0,0,S,False
1.1428571428571428,0.7859285714285714,0.0193757142857143,0,N,False
1.1428571428571428,0.7859285714285714,0.154285714285714,0,C,False
1.1428571428571428,0.7859285714285714,9.79591836734694,1,H,True
1.1428571428571428,0.7859285714285714,23.2387147078965,1,S,True
1.1428571428571428,0.7859285714285714,0.0193757142857143,1,N,True
1.1428571428571428,0.7859285714285714,0.00178164901514401,1,C,True
1.1428571428571428,0.7859285714285714,104.929870129870,2,H,False
1.1428571428571428,0.7859285714285714,62.4901006645905,2,S,False
1.1428571428571428,0.7859285714285714,0.00272727272727273,2,N,False
1.1428571428571428,0.7859285714285714,0.00501128802777848,2,C,False
1.1428571428571428,0.7859285714285714,104.929870129870,3,H,True
1.1428571428571428,0.7859285714285714,13.3407290888158,3,S,True
1.1428571428571428,0.7859285714285714,0.00272727272727273,3,N,True
1.1428571428571428,0.7859285714285714,0.0351228516324228,3,C,True
1.1428571428571428,0.8572857142857143,9.79591836734694,0,H,False
1.1428571428571428,0.8572857142857143,0.0,0,S,False
1.1428571428571428,0.8572857142857143,0.0193757142857143,0,N,False
1.1428571428571428,0.8572857142857143,0.154285714285714,0,C,False
1.1428571428571428,0.8572857142857143,9.79591836734694,1,H,True
1.1428571428571428,0.8572857142857143,23.2631443497955,1,S,True
1.1428571428571428,0.8572857142857143,0.0193757142857143,1,N,True
1.1428571428571428,0.8572857142857143,0.00162132949018195,1,C,True
1.1428571428571428,0.8572857142857143,104.929870129870,2,H,False
1.1428571428571428,0.8572857142857143,63.4004552403727,2,S,False
1.1428571428571428,0.8572857142857143,0.00272727272727273,2,N,False
1.1428571428571428,0.8572857142857143,0.00445355557194883,2,C,False
1.1428571428571428,0.8572857142857143,104.929870129870,3,H,True
1.1428571428571428,0.8572857142857143,11.9659598960631,3,S,True
1.1428571428571428,0.8572857142857143,0.00272727272727273,3,N,True
1.1428571428571428,0.8572857142857143,0.0359651096036251,3,C,True
1.1428571428571428,0.9286428571428571,9.79591836734694,0,H,False
1.1428571428571428,0.9286428571428571,0.0,0,S,False
1.1428571428571428,0.9286428571428571,0.0193757142857143,0,N,False
1.1428571428571428,0.9286428571428571,0.154285714285714,0,C,False
1.1428571428571428,0.9286428571428571,9.79591836734694,1,H,True
1.1428571428571428,0.9286428571428571,23.2835404056673,1,S,True
1.1428571428571428,0.9286428571428571,0.0193757142857143,1,N,True
1.1428571428571428,0.9286428571428571,0.00148748037352285,1,C,True
1.1428571428571428,0.9286428571428571,104.929870129870,2,H,False
1.1428571428571428,0.9286428571428571,64.1245341926049,2,S,False
1.1428571428571428,0.9286428571428571,0.00272727272727273,2,N,False
1.1428571428571428,0.9286428571428571,0.00400994563908704,2,C,False
1.1428571428571428,0.9286428571428571,104.929870129870,3,H,True
1.1428571428571428,0.9286428571428571,10.8541459735594,3,S,True
1.1428571428571428,0.9286428571428571,0.00272727272727273,3,N,True
1.1428571428571428,0.9286428571428571,0.0366462669525524,3,C,True
1.1428571428571428,1.0,9.79591836734694,0,H,False
1.1428571428571428,1.0,0.0,0,S,False
1.1428571428571428,1.0,0.0193757142857143,0,N,False
1.1428571428571428,1.0,0.154285714285714,0,C,False
1.1428571428571428,1.0,9.79591836734694,1,H,True
1.1428571428571428,1.0,23.3008256737810,1,S,True
1.1428571428571428,1.0,0.0193757142857143,1,N,True
1.1428571428571428,1.0,0.00137404580152672,1,C,True
1.1428571428571428,1.0,104.929870129870,2,H,False
1.1428571428571428,1.0,64.7151776258182,2,S,False
1.1428571428571428,1.0,0.00272727272727273,2,N,False
1.1428571428571428,1.0,0.00364808552294185,2,C,False
1.1428571428571428,1.0,104.929870129870,3,H,True
1.1428571428571428,1.0,9.93490455256323,3,S,True
1.1428571428571428,1.0,0.00272727272727273,3,N,True
1.1428571428571428,1.0,0.0372094439704655,3,C,True
1.1785714285714286,0.001,7.95918367346940,0,H,True
1.1785714285714286,0.001,0.0,0,S,True
1.1785714285714286,0.001,0.0196971428571429,0,N,True
1.1785714285714286,0.001,0.155357142857143,0,C,True
1.1785714285714286,0.001,,1,H,False
1.1785714285714286,0.001,,1,S,False
1.1785714285714286,0.001,,1,N,False
1.1785714285714286,0.001,,1,C,False
1.1785714285714286,0.001,,2,H,False
1.1785714285714286,0.001,,2,S,False
1.1785714285714286,0.001,,2,N,False
1.1785714285714286,0.001,,2,C,False
1.1785714285714286,0.001,,3,H,False
1.1785714285714286,0.001,,3,S,False
1.1785714285714286,0.001,,3,N,False
1.1785714285714286,0.001,,3,C,False
1.1785714285714286,0.07235714285714286,7.95918367346940,0,H,True
1.1785714285714286,0.07235714285714286,0.0,0,S,True
1.1785714285714286,0.07235714285714286,0.0196971428571429,0,N,True
1.1785714285714286,0.07235714285714286,0.155357142857143,0,C,True
1.1785714285714286,0.07235714285714286,,1,H,False
1.1785714285714286,0.07235714285714286,,1,S,False
1.1785714285714286,0.07235714285714286,,1,N,False
1.1785714285714286,0.07235714285714286,,1,C,False
1.1785714285714286,0.07235714285714286,,2,H,False
1.1785714285714286,0.07235714285714286,,2,S,False
1.1785714285714286,0.07235714285714286,,2,N,False
1.1785714285714286,0.07235714285714286,,2,C,False
1.1785714285714286,0.07235714285714286,,3,H,False
1.1785714285714286,0.07235714285714286,,3,S,False
1.1785714285714286,0.07235714285714286,,3,N,False
1.1785714285714286,0.07235714285714286,,3,C,False
1.1785714285714286,0.1437142857142857,7.95918367346940,0,H,False
1.1785714285714286,0.1437142857142857,0.0,0,S,False
1.1785714285714286,0.1437142857142857,0.0196971428571429,0,N,False
1.1785714285714286,0.1437142857142857,0.155357142857143,0,C,False
1.1785714285714286,0.1437142857142857,7.95918367346940,1,H,True
1.1785714285714286,0.1437142857142857,16.8878565069795,1,S,True
1.1785714285714286,0.1437142857142857,0.0196971428571429,1,N,True
1.1785714285714286,0.1437142857142857,0.0166818596171376,1,C,True
1.1785714285714286,0.1437142857142857,,2,H,False
1.1785714285714286,0.1437142857142857,,2,S,False
1.1785714285714286,0.1437142857142857,,2,N,False
1.1785714285714286,0.1437142857142857,,2,C,False
1.1785714285714286,0.1437142857142857,,3,H,False
1.1785714285714286,0.1437142857142857,,3,S,False
1.1785714285714286,0.1437142857142857,,3,N,False
1.1785714285714286,0.1437142857142857,,3,C,False
1.1785714285714286,0.21507142857142858,7.95918367346940,0,H,False
1.1785714285714286,0.21507142857142858,0.0,0,S,False
1.1785714285714286,0.21507142857142858,0.0196971428571429,0,N,False
1.1785714285714286,0.21507142857142858,0.155357142857143,0,C,False
1.1785714285714286,0.21507142857142858,7.95918367346940,1,H,True
1.1785714285714286,0.21507142857142858,17.8561212997275,1,S,True
1.1785714285714286,0.21507142857142858,0.0196971428571428,1,N,True
1.1785714285714286,0.21507142857142858,0.00873091603053436,1,C,True
1.1785714285714286,0.21507142857142858,,2,H,False
1.1785714285714286,0.21507142857142858,,2,S,False
1.1785714285714286,0.21507142857142858,,2,N,False
1.1785714285714286,0.21507142857142858,,2,C,False
1.1785714285714286,0.21507142857142858,,3,H,False
1.1785714285714286,0.21507142857142858,,3,S,False
1.1785714285714286,0.21507142857142858,,3,N,False
1.1785714285714286,0.21507142857142858,,3,C,False
1.1785714285714286,0.2864285714285714,7.95918367346940,0,H,False
1.1785714285714286,0.2864285714285714,0.0,0,S,False
1.1785714285714286,0.2864285714285714,0.0196971428571429,0,N,False
1.1785714285714286,0.2864285714285714,0.155357142857143,0,C,False
1.1785714285714286,0.2864285714285714,7.95918367346940,1,H,True
1.1785714285714286,0.2864285714285714,18.1993156382235,1,S,True
1.1785714285714286,0.2864285714285714,0.0196971428571430,1,N,True
1.1785714285714286,0.2864285714285714,0.00591276252019384,1,C,True
1.1785714285714286,0.2864285714285714,,2,H,False
1.1785714285714286,0.2864285714285714,,2,S,False
1.1785714285714286,0.2864285714285714,,2,N,False
1.1785714285714286,0.2864285714285714,,2,C,False
1.1785714285714286,0.2864285714285714,,3,H,False
1.1785714285714286,0.2864285714285714,,3,S,False
1.1785714285714286,0.2864285714285714,,3,N,False
1.1785714285714286,0.2864285714285714,,3,C,False
1.1785714285714286,0.35778571428571426,7.95918367346940,0,H,False
1.1785714285714286,0.35778571428571426,0.0,0,S,False
1.1785714285714286,0.35778571428571426,0.0196971428571429,0,N,False
1.1785714285714286,0.35778571428571426,0.155357142857143,0,C,False
1.1785714285714286,0.35778571428571426,7.95918367346940,1,H,True
1.1785714285714286,0.35778571428571426,18.3750204094708,1,S,True
1.1785714285714286,0.35778571428571426,0.0196971428571428,1,N,True
1.1785714285714286,0.35778571428571426,0.00446995603321936,1,C,True
1.1785714285714286,0.35778571428571426,,2,H,False
1.1785714285714286,0.35778571428571426,,2,S,False
1.1785714285714286,0.35778571428571426,,2,N,False
1.1785714285714286,0.35778571428571426,,2,C,False
1.1785714285714286,0.35778571428571426,,3,H,False
1.1785714285714286,0.35778571428571426,,3,S,False
1.1785714285714286,0.35778571428571426,,3,N,False
1.1785714285714286,0.35778571428571426,,3,C,False
1.1785714285714286,0.42914285714285716,7.95918367346940,0,H,False
1.1785714285714286,0.42914285714285716,0.0,0,S,False
1.1785714285714286,0.42914285714285716,0.0196971428571429,0,N,False
1.1785714285714286,0.42914285714285716,0.155357142857143,0,C,False
1.1785714285714286,0.42914285714285716,7.95918367346940,1,H,True
1.1785714285714286,0.42914285714285716,18.4817956435197,1,S,True
1.1785714285714286,0.42914285714285716,0.0196971428571428,1,N,True
1.1785714285714286,0.42914285714285716,0.00359316709208718,1,C,True
1.1785714285714286,0.42914285714285716,,2,H,False
1.1785714285714286,0.42914285714285716,,2,S,False
1.1785714285714286,0.42914285714285716,,2,N,False
1.1785714285714286,0.42914285714285716,,2,C,False
1.1785714285714286,0.42914285714285716,,3,H,False
1.1785714285714286,0.42914285714285716,,3,S,False
1.1785714285714286,0.42914285714285716,,3,N,False
1.1785714285714286,0.42914285714285716,,3,C,False
1.1785714285714286,0.5005,7.95918367346940,0,H,False
1.1785714285714286,0.5005,0.0,0,S,False
1.1785714285714286,0.5005,0.0196971428571429,0,N,False
1.1785714285714286,0.5005,0.155357142857143,0,C,False
1.1785714285714286,0.5005,7.95918367346940,1,H,True
1.1785714285714286,0.5005,18.5535516855742,1,S,True
1.1785714285714286,0.5005,0.0196971428571429,1,N,True
1.1785714285714286,0.5005,0.00300393959290873,1,C,True
1.1785714285714286,0.5005,104.929870129870,2,H,False
1.1785714285714286,0.5005,48.5288395962701,2,S,False
1.1785714285714286,0.5005,0.00272727272727273,2,N,False
1.1785714285714286,0.5005,0.0119977599738868,2,C,False
1.1785714285714286,0.5005,104.929870129870,3,H,True
1.1785714285714286,0.5005,28.0797572993427,3,S,True
1.1785714285714286,0.5005,0.00272727272727273,3,N,True
1.1785714285714286,0.5005,0.0247347774820912,3,C,True
1.1785714285714286,0.5718571428571428,7.95918367346940,0,H,False
1.1785714285714286,0.5718571428571428,0.0,0,S,False
1.1785714285714286,0.5718571428571428,0.0196971428571429,0,N,False
1.1785714285714286,0.5718571428571428,0.155357142857143,0,C,False
1.1785714285714286,0.5718571428571428,7.95918367346940,1,H,True
1.1785714285714286,0.5718571428571428,18.6050893420660,1,S,True
1.1785714285714286,0.5718571428571428,0.0196971428571428,1,N,True
1.1785714285714286,0.5718571428571428,0.00258073614440841,1,C,True
1.1785714285714286,0.5718571428571428,104.929870129870,2,H,False
1.1785714285714286,0.5718571428571428,53.4731059292491,2,S,False
1.1785714285714286,0.5718571428571428,0.00272727272727273,2,N,False
1.1785714285714286,0.5718571428571428,0.00891814955744082,2,C,False
1.1785714285714286,0.5718571428571428,104.929870129870,3,H,True
1.1785714285714286,0.5718571428571428,21.8932509629449,3,S,True
1.1785714285714286,0.5718571428571428,0.00272727272727273,3,N,True
1.1785714285714286,0.5718571428571428,0.0285881357099640,3,C,True
1.1785714285714286,0.6432142857142857,7.95918367346940,0,H,False
1.1785714285714286,0.6432142857142857,0.0,0,S,False
1.1785714285714286,0.6432142857142857,0.0196971428571429,0,N,False
1.1785714285714286,0.6432142857142857,0.155357142857143,0,C,False
1.1785714285714286,0.6432142857142857,7.95918367346940,1,H,True
1.1785714285714286,0.6432142857142857,18.6438986626282,1,S,True
1.1785714285714286,0.6432142857142857,0.0196971428571429,1,N,True
1.1785714285714286,0.6432142857142857,0.00226205191594561,1,C,True
1.1785714285714286,0.6432142857142857,104.929870129870,2,H,False
1.1785714285714286,0.6432142857142857,56.1589251068612,2,S,False
1.1785714285714286,0.6432142857142857,0.00272727272727273,2,N,False
1.1785714285714286,0.6432142857142857,0.00724524681332823,2,C,False
1.1785714285714286,0.6432142857142857,104.929870129870,3,H,True
1.1785714285714286,0.6432142857142857,18.2719897456757,3,S,True
1.1785714285714286,0.6432142857142857,0.00272727272727273,3,N,True
1.1785714285714286,0.6432142857142857,0.0308436925538558,3,C,True
1.1785714285714286,0.7145714285714285,7.95918367346940,0,H,False
1.1785714285714286,0.7145714285714285,0.0,0,S,False
1.1785714285714286,0.7145714285714285,0.0196971428571429,0,N,False
1.1785714285714286,0.7145714285714285,0.155357142857143,0,C,False
1.1785714285714286,0.7145714285714285,7.95918367346940,1,H,True
1.1785714285714286,0.7145714285714285,18.6741766791435,1,S,True
1.1785714285714286,0.7145714285714285,0.0196971428571429,1,N,True
1.1785714285714286,0.7145714285714285,0.00201342281879195,1,C,True
1.1785714285714286,0.7145714285714285,104.929870129870,2,H,False
1.1785714285714286,0.7145714285714285,57.9364186476940,2,S,False
1.1785714285714286,0.7145714285714285,0.00272727272727273,2,N,False
1.1785714285714286,0.7145714285714285,0.00613810831089715,2,C,False
1.1785714285714286,0.7145714285714285,104.929870129870,3,H,True
1.1785714285714286,0.7145714285714285,15.7646887999345,3,S,True
1.1785714285714286,0.7145714285714285,0.00272727272727273,3,N,True
1.1785714285714286,0.7145714285714285,0.0324054025406672,3,C,True
1.1785714285714286,0.7859285714285714,7.95918367346940,0,H,False
1.1785714285714286,0.7859285714285714,0.0,0,S,False
1.1785714285714286,0.7859285714285714,0.0196971428571429,0,N,False
1.1785714285714286,0.7859285714285714,0.155357142857143,0,C,False
1.1785714285714286,0.7859285714285714,7.95918367346940,1,H,True
1.1785714285714286,0.7859285714285714,18.6984579195884,1,S,True
1.1785714285714286,0.7859285714285714,0.0196971428571429,1,N,True
1.1785714285714286,0.7859285714285714,0.00181403647898493,1,C,True
1.1785714285714286,0.7859285714285714,104.929870129870,2,H,False
1.1785714285714286,0.7859285714285714,59.2202191537231,2,S,False
1.1785714285714286,0.7859285714285714,0.00272727272727273,2,N,False
1.1785714285714286,0.7859285714285714,0.00533847391728991,2,C,False
1.1785714285714286,0.7859285714285714,104.929870129870,3,H,True
1.1785714285714286,0.7859285714285714,13.8956244253783,3,S,True
1.1785714285714286,0.7859285714285714,0.00272727272727273,3,N,True
1.1785714285714286,0.7859285714285714,0.0335695773098335,3,C,True
1.1785714285714286,0.8572857142857143,7.95918367346940,0,H,False
1.1785714285714286,0.8572857142857143,0.0,0,S,False
1.1785714285714286,0.8572857142857143,0.0196971428571429,0,N,False
1.1785714285714286,0.8572857142857143,0.155357142857143,0,C,False
1.1785714285714286,0.8572857142857143,7.95918367346940,1,H,True
1.1785714285714286,0.8572857142857143,18.7183634120032,1,S,True
1.1785714285714286,0.8572857142857143,0.0196971428571428,1,N,True
1.1785714285714286,0.8572857142857143,0.00165058176242446,1,C,True
1.1785714285714286,0.8572857142857143,104.929870129870,2,H,False
1.1785714285714286,0.8572857142857143,60.1978297173979,2,S,False
1.1785714285714286,0.8572857142857143,0.00272727272727273,2,N,False
1.1785714285714286,0.8572857142857143,0.00472955452008028,2,C,False
1.1785714285714286,0.8572857142857143,104.929870129870,3,H,True
1.1785714285714286,0.8572857142857143,12.4382210141296,3,S,True
1.1785714285714286,0.8572857142857143,0.00272727272727273,3,N,True
1.1785714285714286,0.8572857142857143,0.0344773428758402,3,C,True
1.1785714285714286,0.9286428571428571,7.95918367346940,0,H,False
1.1785714285714286,0.9286428571428571,0.0,0,S,False
1.1785714285714286,0.9286428571428571,0.0196971428571429,0,N,False
1.1785714285714286,0.9286428571428571,0.155357142857143,0,C,False
1.1785714285714286,0.9286428571428571,7.95918367346940,1,H,True
1.1785714285714286,0.9286428571428571,18.7349782231468,1,S,True
1.1785714285714286,0.9286428571428571,0.0196971428571428,1,N,True
1.1785714285714286,0.9286428571428571,0.00151414860168790,1,C,True
1.1785714285714286,0.9286428571428571,104.929870129870,2,H,False
1.1785714285714286,0.9286428571428571,60.9699680281654,2,S,False
1.1785714285714286,0.9286428571428571,0.00272727272727273,2,N,False
1.1785714285714286,0.9286428571428571,0.00424861659630481,2,C,False
1.1785714285714286,0.9286428571428571,104.929870129870,3,H,True
1.1785714285714286,0.9286428571428571,11.2656069259073,3,S,True
1.1785714285714286,0.9286428571428571,0.00272727272727273,3,N,True
1.1785714285714286,0.9286428571428571,0.0352077231420637,3,C,True
1.1785714285714286,1.0,7.95918367346940,0,H,False
1.1785714285714286,1.0,0.0,0,S,False
1.1785714285714286,1.0,0.0196971428571429,0,N,False
1.1785714285714286,1.0,0.155357142857143,0,C,False
1.1785714285714286,1.0,7.95918367346940,1,H,True
1.1785714285714286,1.0,18.7490560535746,1,S,True
1.1785714285714286,1.0,0.0196971428571429,1,N,True
1.1785714285714286,1.0,0.00139854795567444,1,C,True
1.1785714285714286,1.0,104.929870129870,2,H,False
1.1785714285714286,1.0,61.5965931045190,2,S,False
1.1785714285714286,1.0,0.00272727272727273,2,N,False
1.1785714285714286,1.0,0.00385831377230981,2,C,False
1.1785714285714286,1.0,104.929870129870,3,H,True
1.1785714285714286,1.0,10.2996562901617,3,S,True
1.1785714285714286,1.0,0.00272727272727273,3,N,True
1.1785714285714286,1.0,0.0358093799783415,3,C,True
1.2142857142857142,0.001,6.12244897959183,0,H,True
1.2142857142857142,0.001,0.0,0,S,True
1.2142857142857142,0.001,0.0200185714285714,0,N,True
1.2142857142857142,0.001,0.156428571428571,0,C,True
1.2142857142857142,0.001,,1,H,False
1.2142857142857142,0.001,,1,S,False
1.2142857142857142,0.001,,1,N,False
1.2142857142857142,0.001,,1,C,False
1.2142857142857142,0.001,,2,H,False
1.2142857142857142,0.001,,2,S,False
1.2142857142857142,0.001,,2,N,False
1.2142857142857142,0.001,,2,C,False
1.2142857142857142,0.001,,3,H,False
1.2142857142857142,0.001,,3,S,False
1.2142857142857142,0.001,,3,N,False
1.2142857142857142,0.001,,3,C,False
1.2142857142857142,0.07235714285714286,6.12244897959183,0,H,True
1.2142857142857142,0.07235714285714286,0.0,0,S,True
1.2142857142857142,0.07235714285714286,0.0200185714285714,0,N,True
1.2142857142857142,0.07235714285714286,0.156428571428571,0,C,True
1.2142857142857142,0.07235714285714286,,1,H,False
1.2142857142857142,0.07235714285714286,,1,S,False
1.2142857142857142,0.07235714285714286,,1,N,False
1.2142857142857142,0.07235714285714286,,1,C,False
1.2142857142857142,0.07235714285714286,,2,H,False
1.2142857142857142,0.07235714285714286,,2,S,False
1.2142857142857142,0.07235714285714286,,2,N,False
1.2142857142857142,0.07235714285714286,,2,C,False
1.2142857142857142,0.07235714285714286,,3,H,False
1.2142857142857142,0.07235714285714286,,3,S,False
1.2142857142857142,0.07235714285714286,,3,N,False
1.2142857142857142,0.07235714285714286,,3,C,False
1.2142857142857142,0.1437142857142857,6.12244897959183,0,H,False
1.2142857142857142,0.1437142857142857,0.0,0,S,False
1.2142857142857142,0.1437142857142857,0.0200185714285714,0,N,False
1.2142857142857142,0.1437142857142857,0.156428571428571,0,C,False
1.2142857142857142,0.1437142857142857,6.12244897959183,1,H,True
1.2142857142857142,0.1437142857142857,12.8330122818908,1,S,True
1.2142857142857142,0.1437142857142857,0.0200185714285714,1,N,True
1.2142857142857142,0.1437142857142857,0.0171903881700555,1,C,True
1.2142857142857142,0.1437142857142857,,2,H,False
1.2142857142857142,0.1437142857142857,,2,S,False
1.2142857142857142,0.1437142857142857,,2,N,False
1.2142857142857142,0.1437142857142857,,2,C,False
1.2142857142857142,0.1437142857142857,,3,H,False
1.2142857142857142,0.1437142857142857,,3,S,False
1.2142857142857142,0.1437142857142857,,3,N,False
1.2142857142857142,0.1437142857142857,,3,C,False
1.2142857142857142,0.21507142857142858,6.12244897959183,0,H,False
1.2142857142857142,0.21507142857142858,0.0,0,S,False
1.2142857142857142,0.21507142857142858,0.0200185714285714,0,N,False
1.2142857142857142,0.21507142857142858,0.156428571428571,0,C,False
1.2142857142857142,0.21507142857142858,6.12244897959183,1,H,True
1.2142857142857142,0.21507142857142858,13.5936000789613,1,S,True
1.2142857142857142,0.21507142857142858,0.0200185714285714,1,N,True
1.2142857142857142,0.21507142857142858,0.00893801057184046,1,C,True
1.2142857142857142,0.21507142857142858,,2,H,False
1.2142857142857142,0.21507142857142858,,2,S,False
1.2142857142857142,0.21507142857142858,,2,N,False
1.2142857142857142,0.21507142857142858,,2,C,False
1.2142857142857142,0.21507142857142858,,3,H,False
1.2142857142857142,0.21507142857142858,,3,S,False
1.2142857142857142,0.21507142857142858,,3,N,False
1.2142857142857142,0.21507142857142858,,3,C,False
1.2142857142857142,0.2864285714285714,6.12244897959183,0,H,False
1.2142857142857142,0.2864285714285714,0.0,0,S,False
1.2142857142857142,0.2864285714285714,0.0200185714285714,0,N,False
1.2142857142857142,0.2864285714285714,0.156428571428571,0,C,False
1.2142857142857142,0.2864285714285714,6.12244897959183,1,H,True
1.2142857142857142,0.2864285714285714,13.8607935842959,1,S,True
1.2142857142857142,0.2864285714285714,0.0200185714285714,1,N,True
1.2142857142857142,0.2864285714285714,0.00603896103896106,1,C,True
1.2142857142857142,0.2864285714285714,,2,H,False
1.2142857142857142,0.2864285714285714,,2,S,False
1.2142857142857142,0.2864285714285714,,2,N,False
1.2142857142857142,0.2864285714285714,,2,C,False
1.2142857142857142,0.2864285714285714,,3,H,False
1.2142857142857142,0.2864285714285714,,3,S,False
1.2142857142857142,0.2864285714285714,,3,N,False
1.2142857142857142,0.2864285714285714,,3,C,False
1.2142857142857142,0.35778571428571426,6.12244897959183,0,H,False
1.2142857142857142,0.35778571428571426,0.0,0,S,False
1.2142857142857142,0.35778571428571426,0.0200185714285714,0,N,False
1.2142857142857142,0.35778571428571426,0.156428571428571,0,C,False
1.2142857142857142,0.35778571428571426,6.12244897959183,1,H,True
1.2142857142857142,0.35778571428571426,13.9971087803246,1,S,True
1.2142857142857142,0.35778571428571426,0.0200185714285714,1,N,True
1.2142857142857142,0.35778571428571426,0.00455994116204953,1,C,True
1.2142857142857142,0.35778571428571426,,2,H,False
1.2142857142857142,0.35778571428571426,,2,S,False
1.2142857142857142,0.35778571428571426,,2,N,False
1.2142857142857142,0.35778571428571426,,2,C,False
1.2142857142857142,0.35778571428571426,,3,H,False
1.2142857142857142,0.35778571428571426,,3,S,False
1.2142857142857142,0.35778571428571426,,3,N,False
1.2142857142857142,0.35778571428571426,,3,C,False
1.2142857142857142,0.42914285714285716,6.12244897959183,0,H,False
1.2142857142857142,0.42914285714285716,0.0,0,S,False
1.2142857142857142,0.42914285714285716,0.0200185714285714,0,N,False
1.2142857142857142,0.42914285714285716,0.156428571428571,0,C,False
1.2142857142857142,0.42914285714285716,6.12244897959183,1,H,True
1.2142857142857142,0.42914285714285716,14.0797891276598,1,S,True
1.2142857142857142,0.42914285714285716,0.0200185714285714,1,N,True
1.2142857142857142,0.42914285714285716,0.00366285939346200,1,C,True
1.2142857142857142,0.42914285714285716,,2,H,False
1.2142857142857142,0.42914285714285716,,2,S,False
1.2142857142857142,0.42914285714285716,,2,N,False
1.2142857142857142,0.42914285714285716,,2,C,False
1.2142857142857142,0.42914285714285716,,3,H,False
1.2142857142857142,0.42914285714285716,,3,S,False
1.2142857142857142,0.42914285714285716,,3,N,False
1.2142857142857142,0.42914285714285716,,3,C,False
1.2142857142857142,0.5005,6.12244897959183,0,H,False
1.2142857142857142,0.5005,0.0,0,S,False
1.2142857142857142,0.5005,0.0200185714285714,0,N,False
1.2142857142857142,0.5005,0.156428571428571,0,C,False
1.2142857142857142,0.5005,6.12244897959183,1,H,True
1.2142857142857142,0.5005,14.1352857767927,1,S,True
1.2142857142857142,0.5005,0.0200185714285714,1,N,True
1.2142857142857142,0.5005,0.00306072075037025,1,C,True
1.2142857142857142,0.5005,104.929870129870,2,H,False
1.2142857142857142,0.5005,42.2429589535121,2,S,False
1.2142857142857142,0.5005,0.00272727272727273,2,N,False
1.2142857142857142,0.5005,0.0144102477127976,2,C,False
1.2142857142857142,0.5005,104.929870129870,3,H,True
1.2142857142857142,0.5005,31.8605819343523,3,S,True
1.2142857142857142,0.5005,0.00272727272727273,3,N,True
1.2142857142857142,0.5005,0.0209830803348336,3,C,True
1.2142857142857142,0.5718571428571428,6.12244897959183,0,H,False
1.2142857142857142,0.5718571428571428,0.0,0,S,False
1.2142857142857142,0.5718571428571428,0.0200185714285714,0,N,False
1.2142857142857142,0.5718571428571428,0.156428571428571,0,C,False
1.2142857142857142,0.5718571428571428,6.12244897959183,1,H,True
1.2142857142857142,0.5718571428571428,14.1751122301981,1,S,True
1.2142857142857142,0.5718571428571428,0.0200185714285714,1,N,True
1.2142857142857142,0.5718571428571428,0.00262860373092142,1,C,True
1.2142857142857142,0.5718571428571428,104.929870129870,2,H,False
1.2142857142857142,0.5718571428571428,49.4395382139690,2,S,False
1.2142857142857142,0.5718571428571428,0.00272727272727273,2,N,False
1.2142857142857142,0.5718571428571428,0.00985426685765145,2,C,False
1.2142857142857142,0.5718571428571428,104.929870129870,3,H,True
1.2142857142857142,0.5718571428571428,23.3794904534192,3,S,True
1.2142857142857142,0.5718571428571428,0.00272727272727273,3,N,True
1.2142857142857142,0.5718571428571428,0.0263522549133983,3,C,True
1.2142857142857142,0.6432142857142857,6.12244897959183,0,H,False
1.2142857142857142,0.6432142857142857,0.0,0,S,False
1.2142857142857142,0.6432142857142857,0.0200185714285714,0,N,False
1.2142857142857142,0.6432142857142857,0.156428571428571,0,C,False
1.2142857142857142,0.6432142857142857,6.12244897959183,1,H,True
1.2142857142857142,0.6432142857142857,14.2050844106743,1,S,True
1.2142857142857142,0.6432142857142857,0.0200185714285714,1,N,True
1.2142857142857142,0.6432142857142857,0.00230340557275542,1,C,True
1.2142857142857142,0.6432142857142857,104.929870129870,2,H,False
1.2142857142857142,0.6432142857142857,52.5940276851482,2,S,False
1.2142857142857142,0.6432142857142857,0.00272727272727273,2,N,False
1.2142857142857142,0.6432142857142857,0.00785723561290148,2,C,False
1.2142857142857142,0.6432142857142857,104.929870129870,3,H,True
1.2142857142857142,0.6432142857142857,19.2583160579266,3,S,True
1.2142857142857142,0.6432142857142857,0.00272727272727273,3,N,True
1.2142857142857142,0.6432142857142857,0.0289612710816423,3,C,True
1.2142857142857142,0.7145714285714285,6.12244897959183,0,H,False
1.2142857142857142,0.7145714285714285,0.0,0,S,False
1.2142857142857142,0.7145714285714285,0.0200185714285714,0,N,False
1.2142857142857142,0.7145714285714285,0.156428571428571,0,C,False
1.2142857142857142,0.7145714285714285,6.12244897959183,1,H,True
1.2142857142857142,0.7145714285714285,14.2284570301419,1,S,True
1.2142857142857142,0.7145714285714285,0.0200185714285714,1,N,True
1.2142857142857142,0.7145714285714285,0.00204981265153185,1,C,True
1.2142857142857142,0.7145714285714285,104.929870129870,2,H,False
1.2142857142857142,0.7145714285714285,54.5857786805178,2,S,False
1.2142857142857142,0.7145714285714285,0.00272727272727273,2,N,False
1.2142857142857142,0.7145714285714285,0.00659630606919688,2,C,False
1.2142857142857142,0.7145714285714285,104.929870129870,3,H,True
1.2142857142857142,0.7145714285714285,16.5127340592022,3,S,True
1.2142857142857142,0.7145714285714285,0.00272727272727273,3,N,True
1.2142857142857142,0.7145714285714285,0.0306994328623586,3,C,True
1.2142857142857142,0.7859285714285714,6.12244897959183,0,H,False
1.2142857142857142,0.7859285714285714,0.0,0,S,False
1.2142857142857142,0.7859285714285714,0.0200185714285714,0,N,False
1.2142857142857142,0.7859285714285714,0.156428571428571,0,C,False
1.2142857142857142,0.7859285714285714,6.12244897959183,1,H,True
1.2142857142857142,0.7859285714285714,14.2471936430875,1,S,True
1.2142857142857142,0.7859285714285714,0.0200185714285715,1,N,True
1.2142857142857142,0.7859285714285714,0.00184652040107217,1,C,True
1.2142857142857142,0.7859285714285714,104.929870129870,2,H,False
1.2142857142857142,0.7859285714285714,55.9929734467058,2,S,False
1.2142857142857142,0.7859285714285714,0.00272727272727273,2,N,False
1.2142857142857142,0.7859285714285714,0.00570544498336965,2,C,False
1.2142857142857142,0.7859285714285714,104.929870129870,3,H,True
1.2142857142857142,0.7859285714285714,14.5012321995876,3,S,True
1.2142857142857142,0.7859285714285714,0.00272727272727273,3,N,True
1.2142857142857142,0.7859285714285714,0.0319728662021192,3,C,True
1.2142857142857142,0.8572857142857143,6.12244897959183,0,H,False
1.2142857142857142,0.8572857142857143,0.0,0,S,False
1.2142857142857142,0.8572857142857143,0.0200185714285714,0,N,False
1.2142857142857142,0.8572857142857143,0.156428571428571,0,C,False
1.2142857142857142,0.8572857142857143,6.12244897959183,1,H,True
1.2142857142857142,0.8572857142857143,14.2625491367534,1,S,True
1.2142857142857142,0.8572857142857143,0.0200185714285714,1,N,True
1.2142857142857142,0.8572857142857143,0.00167991329479769,1,C,True
1.2142857142857142,0.8572857142857143,104.929870129870,2,H,False
1.2142857142857142,0.8572857142857143,57.0507317260235,2,S,False
1.2142857142857142,0.8572857142857143,0.00272727272727273,2,N,False
1.2142857142857142,0.8572857142857143,0.00503580371415948,2,C,False
1.2142857142857142,0.8572857142857143,104.929870129870,3,H,True
1.2142857142857142,0.8572857142857143,12.9482171856459,3,S,True
1.2142857142857142,0.8572857142857143,0.00272727272727273,3,N,True
1.2142857142857142,0.8572857142857143,0.0329560425717801,3,C,True
1.2142857142857142,0.9286428571428571,6.12244897959183,0,H,False
1.2142857142857142,0.9286428571428571,0.0,0,S,False
1.2142857142857142,0.9286428571428571,0.0200185714285714,0,N,False
1.2142857142857142,0.9286428571428571,0.156428571428571,0,C,False
1.2142857142857142,0.9286428571428571,6.12244897959183,1,H,True
1.2142857142857142,0.9286428571428571,14.2753629788291,1,S,True
1.2142857142857142,0.9286428571428571,0.0200185714285715,1,N,True
1.2142857142857142,0.9286428571428571,0.00154088310827603,1,C,True
1.2142857142857142,0.9286428571428571,104.929870129870,2,H,False
1.2142857142857142,0.9286428571428571,57.8790093694724,2,S,False
1.2142857142857142,0.9286428571428571,0.00272727272727273,2,N,False
1.2142857142857142,0.9286428571428571,0.00451144110385186,2,C,False
1.2142857142857142,0.9286428571428571,104.929870129870,3,H,True
1.2142857142857142,0.9286428571428571,11.7066580337993,3,S,True
1.2142857142857142,0.9286428571428571,0.00272727272727273,3,N,True
1.2142857142857142,0.9286428571428571,0.0337420437428399,3,C,True
1.2142857142857142,1.0,6.12244897959183,0,H,False
1.2142857142857142,1.0,0.0,0,S,False
1.2142857142857142,1.0,0.0200185714285714,0,N,False
1.2142857142857142,1.0,0.156428571428571,0,C,False
1.2142857142857142,1.0,6.12244897959183,1,H,True
1.2142857142857142,1.0,14.2862179795530,1,S,True
1.2142857142857142,1.0,0.0200185714285714,1,N,True
1.2142857142857142,1.0,0.00142310635042081,1,C,True
1.2142857142857142,1.0,104.929870129870,2,H,False
1.2142857142857142,1.0,58.5470698546011,2,S,False
1.2142857142857142,1.0,0.00272727272727273,2,N,False
1.2142857142857142,1.0,0.00408850811441751,2,C,False
1.2142857142857142,1.0,104.929870129870,3,H,True
1.2142857142857142,1.0,10.6884940397970,3,S,True
1.2142857142857142,1.0,0.00272727272727273,3,N,True
1.2142857142857142,1.0,0.0343866188244431,3,C,True
1.25,0.001,4.28571428571429,0,H,True
1.25,0.001,0.0,0,S,True
1.25,0.001,0.0203400000000000,0,N,True
1.25,0.001,0.157500000000000,0,C,True
1.25,0.001,,1,H,False
1.25,0.001,,1,S,False
1.25,0.001,,1,N,False
1.25,0.001,,1,C,False
1.25,0.001,,2,H,False
1.25,0.001,,2,S,False
1.25,0.001,,2,N,False
1.25,0.001,,2,C,False
1.25,0.001,,3,H,False
1.25,0.001,,3,S,False
1.25,0.001,,3,N,False
1.25,0.001,,3,C,False
1.25,0.07235714285714286,4.28571428571429,0,H,True
1.25,0.07235714285714286,0.0,0,S,True
1.25,0.07235714285714286,0.0203400000000000,0,N,True
1.25,0.07235714285714286,0.157500000000000,0,C,True
1.25,0.07235714285714286,,1,H,False
1.25,0.07235714285714286,,1,S,False
1.25,0.07235714285714286,,1,N,False
1.25,0.07235714285714286,,1,C,False
1.25,0.07235714285714286,,2,H,False
1.25,0.07235714285714286,,2,S,False
1.25,0.07235714285714286,,2,N,False
1.25,0.07235714285714286,,2,C,False
1.25,0.07235714285714286,,3,H,False
1.25,0.07235714285714286,,3,S,False
1.25,0.07235714285714286,,3,N,False
1.25,0.07235714285714286,,3,C,False
1.25,0.1437142857142857,4.28571428571429,0,H,False
1.25,0.1437142857142857,0.0,0,S,False
1.25,0.1437142857142857,0.0203400000000000,0,N,False
1.25,0.1437142857142857,0.157500000000000,0,C,False
1.25,0.1437142857142857,4.28571428571429,1,H,True
1.25,0.1437142857142857,8.87535145267100,1,S,True
1.25,0.1437142857142857,0.0203400000000000,1,N,True
1.25,0.1437142857142857,0.0177132146204311,1,C,True
1.25,0.1437142857142857,,2,H,False
1.25,0.1437142857142857,,2,S,False
1.25,0.1437142857142857,,2,N,False
1.25,0.1437142857142857,,2,C,False
1.25,0.1437142857142857,,3,H,False
1.25,0.1437142857142857,,3,S,False
1.25,0.1437142857142857,,3,N,False
1.25,0.1437142857142857,,3,C,False
1.25,0.21507142857142858,4.28571428571429,0,H,False
1.25,0.21507142857142858,0.0,0,S,False
1.25,0.21507142857142858,0.0203400000000000,0,N,False
1.25,0.21507142857142858,0.157500000000000,0,C,False
1.25,0.21507142857142858,4.28571428571429,1,H,True
1.25,0.21507142857142858,9.41916747337847,1,S,True
1.25,0.21507142857142858,0.0203400000000001,1,N,True
1.25,0.21507142857142858,0.00914811229428848,1,C,True
1.25,0.21507142857142858,,2,H,False
1.25,0.21507142857142858,,2,S,False
1.25,0.21507142857142858,,2,N,False
1.25,0.21507142857142858,,2,C,False
1.25,0.21507142857142858,,3,H,False
1.25,0.21507142857142858,,3,S,False
1.25,0.21507142857142858,,3,N,False
1.25,0.21507142857142858,,3,C,False
1.25,0.2864285714285714,4.28571428571429,0,H,False
1.25,0.2864285714285714,0.0,0,S,False
1.25,0.2864285714285714,0.0203400000000000,0,N,False
1.25,0.2864285714285714,0.157500000000000,0,C,False
1.25,0.2864285714285714,4.28571428571429,1,H,True
1.25,0.2864285714285714,9.60848287112560,1,S,True
1.25,0.2864285714285714,0.0203399999999999,1,N,True
1.25,0.2864285714285714,0.00616639477977163,1,C,True
1.25,0.2864285714285714,,2,H,False
1.25,0.2864285714285714,,2,S,False
1.25,0.2864285714285714,,2,N,False
1.25,0.2864285714285714,,2,C,False
1.25,0.2864285714285714,,3,H,False
1.25,0.2864285714285714,,3,S,False
1.25,0.2864285714285714,,3,N,False
1.25,0.2864285714285714,,3,C,False
1.25,0.35778571428571426,4.28571428571429,0,H,False
1.25,0.35778571428571426,0.0,0,S,False
1.25,0.35778571428571426,0.0203400000000000,0,N,False
1.25,0.35778571428571426,0.157500000000000,0,C,False
1.25,0.35778571428571426,4.28571428571429,1,H,True
1.25,0.35778571428571426,9.70472440944882,1,S,True
1.25,0.35778571428571426,0.0203400000000000,1,N,True
1.25,0.35778571428571426,0.00465059055118110,1,C,True
1.25,0.35778571428571426,,2,H,False
1.25,0.35778571428571426,,2,S,False
1.25,0.35778571428571426,,2,N,False
1.25,0.35778571428571426,,2,C,False
1.25,0.35778571428571426,,3,H,False
1.25,0.35778571428571426,,3,S,False
1.25,0.35778571428571426,,3,N,False
1.25,0.35778571428571426,,3,C,False
1.25,0.42914285714285716,4.28571428571429,0,H,False
1.25,0.42914285714285716,0.0,0,S,False
1.25,0.42914285714285716,0.0203400000000000,0,N,False
1.25,0.42914285714285716,0.157500000000000,0,C,False
1.25,0.42914285714285716,4.28571428571429,1,H,True
1.25,0.42914285714285716,9.76298637171639,1,S,True
1.25,0.42914285714285716,0.0203400000000000,1,N,True
1.25,0.42914285714285716,0.00373296464546711,1,C,True
1.25,0.42914285714285716,,2,H,False
1.25,0.42914285714285716,,2,S,False
1.25,0.42914285714285716,,2,N,False
1.25,0.42914285714285716,,2,C,False
1.25,0.42914285714285716,,3,H,False
1.25,0.42914285714285716,,3,S,False
1.25,0.42914285714285716,,3,N,False
1.25,0.42914285714285716,,3,C,False
1.25,0.5005,4.28571428571429,0,H,False
1.25,0.5005,0.0,0,S,False
1.25,0.5005,0.0203400000000000,0,N,False
1.25,0.5005,0.157500000000000,0,C,False
1.25,0.5005,4.28571428571429,1,H,True
1.25,0.5005,9.80204552952818,1,S,True
1.25,0.5005,0.0203399999999999,1,N,True
1.25,0.5005,0.00311778290993072,1,C,True
1.25,0.5005,,2,H,False
1.25,0.5005,,2,S,False
1.25,0.5005,,2,N,False
1.25,0.5005,,2,C,False
1.25,0.5005,,3,H,False
1.25,0.5005,,3,S,False
1.25,0.5005,,3,N,False
1.25,0.5005,,3,C,False
1.25,0.5718571428571428,4.28571428571429,0,H,False
1.25,0.5718571428571428,0.0,0,S,False
1.25,0.5718571428571428,0.0203400000000000,0,N,False
1.25,0.5718571428571428,0.157500000000000,0,C,False
1.25,0.5718571428571428,4.28571428571429,1,H,True
1.25,0.5718571428571428,9.83005240050983,1,S,True
1.25,0.5718571428571428,0.0203400000000000,1,N,True
1.25,0.5718571428571428,0.00267667469196998,1,C,True
1.25,0.5718571428571428,104.929870129870,2,H,False
1.25,0.5718571428571428,45.0236179730338,2,S,False
1.25,0.5718571428571428,0.00272727272727273,2,N,False
1.25,0.5718571428571428,0.0111187192146856,2,C,False
1.25,0.5718571428571428,104.929870129870,3,H,True
1.25,0.5718571428571428,25.3375345270318,3,S,True
1.25,0.5718571428571428,0.00272727272727273,3,N,True
1.25,0.5718571428571428,0.0237825167678560,3,C,True
1.25,0.6432142857142857,4.28571428571429,0,H,False
1.25,0.6432142857142857,0.0,0,S,False
1.25,0.6432142857142857,0.0203400000000000,0,N,False
1.25,0.6432142857142857,0.157500000000000,0,C,False
1.25,0.6432142857142857,4.28571428571429,1,H,True
1.25,0.6432142857142857,9.85111662531017,1,S,True
1.25,0.6432142857142857,0.0203400000000000,1,N,True
1.25,0.6432142857142857,0.00234491315136476,1,C,True
1.25,0.6432142857142857,104.929870129870,2,H,False
1.25,0.6432142857142857,48.9438103550300,2,S,False
1.25,0.6432142857142857,0.00272727272727273,2,N,False
1.25,0.6432142857142857,0.00859691121609350,2,C,False
1.25,0.6432142857142857,104.929870129870,3,H,True
1.25,0.6432142857142857,20.4191724555773,3,S,True
1.25,0.6432142857142857,0.00272727272727273,3,N,True
1.25,0.6432142857142857,0.0269464341482195,3,C,True
1.25,0.7145714285714285,4.28571428571429,0,H,False
1.25,0.7145714285714285,0.0,0,S,False
1.25,0.7145714285714285,0.0203400000000000,0,N,False
1.25,0.7145714285714285,0.157500000000000,0,C,False
1.25,0.7145714285714285,4.28571428571429,1,H,True
1.25,0.7145714285714285,9.86753504801855,1,S,True
1.25,0.7145714285714285,0.0203400000000000,1,N,True
1.25,0.7145714285714285,0.00208632299370791,1,C,True
1.25,0.7145714285714285,104.929870129870,2,H,False
1.25,0.7145714285714285,51.2274231478520,2,S,False
1.25,0.7145714285714285,0.00272727272727273,2,N,False
1.25,0.7145714285714285,0.00712789325843557,2,C,False
1.25,0.7145714285714285,104.929870129870,3,H,True
1.25,0.7145714285714285,17.3575404357692,3,S,True
1.25,0.7145714285714285,0.00272727272727273,3,N,True
1.25,0.7145714285714285,0.0289159416019241,3,C,True
1.25,0.7859285714285714,4.28571428571429,0,H,False
1.25,0.7859285714285714,0.0,0,S,False
1.25,0.7859285714285714,0.0203400000000000,0,N,False
1.25,0.7859285714285714,0.157500000000000,0,C,False
1.25,0.7859285714285714,4.28571428571429,1,H,True
1.25,0.7859285714285714,9.88069198647842,1,S,True
1.25,0.7859285714285714,0.0203400000000000,1,N,True
1.25,0.7859285714285714,0.00187910121296481,1,C,True
1.25,0.7859285714285714,104.929870129870,2,H,False
1.25,0.7859285714285714,52.7910171669341,2,S,False
1.25,0.7859285714285714,0.00272727272727273,2,N,False
1.25,0.7859285714285714,0.00612205387106766,2,C,False
1.25,0.7859285714285714,104.929870129870,3,H,True
1.25,0.7859285714285714,15.1704790305762,3,S,True
1.25,0.7859285714285714,0.00272727272727273,3,N,True
1.25,0.7859285714285714,0.0303228493267486,3,C,True
1.25,0.8572857142857143,4.28571428571429,0,H,False
1.25,0.8572857142857143,0.0,0,S,False
1.25,0.8572857142857143,0.0203400000000000,0,N,False
1.25,0.8572857142857143,0.157500000000000,0,C,False
1.25,0.8572857142857143,4.28571428571429,1,H,True
1.25,0.8572857142857143,9.89147146603961,1,S,True
1.25,0.8572857142857143,0.0203400000000000,1,N,True
1.25,0.8572857142857143,0.00170932440987610,1,C,True
1.25,0.8572857142857143,104.929870129870,2,H,False
1.25,0.8572857142857143,53.9464231297943,2,S,False
1.25,0.8572857142857143,0.00272727272727273,2,N,False
1.25,0.8572857142857143,0.00537879647070550,2,C,False
1.25,0.8572857142857143,104.929870129870,3,H,True
1.25,0.8572857142857143,13.5042662439137,3,S,True
1.25,0.8572857142857143,0.00272727272727273,3,N,True
1.25,0.8572857142857143,0.0313947020123616,3,C,True
1.25,0.9286428571428571,4.28571428571429,0,H,False
1.25,0.9286428571428571,0.0,0,S,False
1.25,0.9286428571428571,0.0203400000000000,0,N,False
1.25,0.9286428571428571,0.157500000000000,0,C,False
1.25,0.9286428571428571,4.28571428571429,1,H,True
1.25,0.9286428571428571,9.90046449900465,1,S,True
1.25,0.9286428571428571,0.0203400000000000,1,N,True
1.25,0.9286428571428571,0.00156768414067684,1,C,True
1.25,0.9286428571428571,104.929870129870,2,H,False
1.25,0.9286428571428571,54.8413977811171,2,S,False
1.25,0.9286428571428571,0.00272727272727273,2,N,False
1.25,0.9286428571428571,0.00480307109441825,2,C,False
1.25,0.9286428571428571,104.929870129870,3,H,True
1.25,0.9286428571428571,12.1831390516318,3,S,True
1.25,0.9286428571428571,0.00272727272727273,3,N,True
1.25,0.9286428571428571,0.0322445656914899,3,C,True
1.25,1.0,4.28571428571429,0,H,False
1.25,1.0,0.0,0,S,False
1.25,1.0,0.0203400000000000,0,N,False
1.25,1.0,0.157500000000000,0,C,False
1.25,1.0,4.28571428571429,1,H,True
1.25,1.0,9.90808119494446,1,S,True
1.25,1.0,0.0203400000000000,1,N,True
1.25,1.0,0.00144772117962466,1,C,True
1.25,1.0,104.929870129870,2,H,False
1.25,1.0,55.5578317510027,2,S,False
1.25,1.0,0.00272727272727273,2,N,False
1.25,1.0,0.00434219858111551,2,C,False
1.25,1.0,104.929870129870,3,H,True
1.25,1.0,11.1057729756270,3,S,True
1.25,1.0,0.00272727272727273,3,N,True
1.25,1.0,0.0329376210630472,3,C,True
1.2857142857142856,0.001,2.44897959183673,0,H,True
1.2857142857142856,0.001,0.0,0,S,True
1.2857142857142856,0.001,0.0206614285714286,0,N,True
1.2857142857142856,0.001,0.158571428571429,0,C,True
1.2857142857142856,0.001,,1,H,False
1.2857142857142856,0.001,,1,S,False
1.2857142857142856,0.001,,1,N,False
1.2857142857142856,0.001,,1,C,False
1.2857142857142856,0.001,,2,H,False
1.2857142857142856,0.001,,2,S,False
1.2857142857142856,0.001,,2,N,False
1.2857142857142856,0.001,,2,C,False
1.2857142857142856,0.001,,3,H,False
1.2857142857142856,0.001,,3,S,False
1.2857142857142856,0.001,,3,N,False
1.2857142857142856,0.001,,3,C,False
1.2857142857142856,0.07235714285714286,2.44897959183673,0,H,True
1.2857142857142856,0.07235714285714286,0.0,0,S,True
1.2857142857142856,0.07235714285714286,0.0206614285714286,0,N,True
1.2857142857142856,0.07235714285714286,0.158571428571429,0,C,True
1.2857142857142856,0.07235714285714286,,1,H,False
1.2857142857142856,0.07235714285714286,,1,S,False
1.2857142857142856,0.07235714285714286,,1,N,False
1.2857142857142856,0.07235714285714286,,1,C,False
1.2857142857142856,0.07235714285714286,,2,H,False
1.2857142857142856,0.07235714285714286,,2,S,False
1.2857142857142856,0.07235714285714286,,2,N,False
1.2857142857142856,0.07235714285714286,,2,C,False
1.2857142857142856,0.07235714285714286,,3,H,False
1.2857142857142856,0.07235714285714286,,3,S,False
1.2857142857142856,0.07235714285714286,,3,N,False
1.2857142857142856,0.07235714285714286,,3,C,False
1.2857142857142856,0.1437142857142857,2.44897959183673,0,H,False
1.2857142857142856,0.1437142857142857,0.0,0,S,False
1.2857142857142856,0.1437142857142857,0.0206614285714286,0,N,False
1.2857142857142856,0.1437142857142857,0.158571428571429,0,C,False
1.2857142857142856,0.1437142857142857,2.44897959183673,1,H,True
1.2857142857142856,0.1437142857142857,5.01144564289592,1,S,True
1.2857142857142856,0.1437142857142857,0.0206614285714286,1,N,True
1.2857142857142856,0.1437142857142857,0.0182509505703422,1,C,True
1.2857142857142856,0.1437142857142857,,2,H,False
1.2857142857142856,0.1437142857142857,,2,S,False
1.2857142857142856,0.1437142857142857,,2,N,False
1.2857142857142856,0.1437142857142857,,2,C,False
1.2857142857142856,0.1437142857142857,,3,H,False
1.2857142857142856,0.1437142857142857,,3,S,False
1.2857142857142856,0.1437142857142857,,3,N,False
1.2857142857142856,0.1437142857142857,,3,C,False
1.2857142857142856,0.21507142857142858,2.44897959183673,0,H,False
1.2857142857142856,0.21507142857142858,0.0,0,S,False
1.2857142857142856,0.21507142857142858,0.0206614285714286,0,N,False
1.2857142857142856,0.21507142857142858,0.158571428571429,0,C,False
1.2857142857142856,0.21507142857142858,2.44897959183673,1,H,True
1.2857142857142856,0.21507142857142858,5.32893362123005,1,S,True
1.2857142857142856,0.21507142857142858,0.0206614285714286,1,N,True
1.2857142857142856,0.21507142857142858,0.00936128717698684,1,C,True
1.2857142857142856,0.21507142857142858,,2,H,False
1.2857142857142856,0.21507142857142858,,2,S,False
1.2857142857142856,0.21507142857142858,,2,N,False
1.2857142857142856,0.21507142857142858,,2,C,False
1.2857142857142856,0.21507142857142858,,3,H,False
1.2857142857142856,0.21507142857142858,,3,S,False
1.2857142857142856,0.21507142857142858,,3,N,False
1.2857142857142856,0.21507142857142858,,3,C,False
1.2857142857142856,0.2864285714285714,2.44897959183673,0,H,False
1.2857142857142856,0.2864285714285714,0.0,0,S,False
1.2857142857142856,0.2864285714285714,0.0206614285714286,0,N,False
1.2857142857142856,0.2864285714285714,0.158571428571429,0,C,False
1.2857142857142856,0.2864285714285714,2.44897959183673,1,H,True
1.2857142857142856,0.2864285714285714,5.43844095015056,1,S,True
1.2857142857142856,0.2864285714285714,0.0206614285714286,1,N,True
1.2857142857142856,0.2864285714285714,0.00629508196721311,1,C,True
1.2857142857142856,0.2864285714285714,,2,H,False
1.2857142857142856,0.2864285714285714,,2,S,False
1.2857142857142856,0.2864285714285714,,2,N,False
1.2857142857142856,0.2864285714285714,,2,C,False
1.2857142857142856,0.2864285714285714,,3,H,False
1.2857142857142856,0.2864285714285714,,3,S,False
1.2857142857142856,0.2864285714285714,,3,N,False
1.2857142857142856,0.2864285714285714,,3,C,False
1.2857142857142856,0.35778571428571426,2.44897959183673,0,H,False
1.2857142857142856,0.35778571428571426,0.0,0,S,False
1.2857142857142856,0.35778571428571426,0.0206614285714286,0,N,False
1.2857142857142856,0.35778571428571426,0.158571428571429,0,C,False
1.2857142857142856,0.35778571428571426,2.44897959183673,1,H,True
1.2857142857142856,0.35778571428571426,5.49391132101149,1,S,True
1.2857142857142856,0.35778571428571426,0.0206614285714286,1,N,True
1.2857142857142856,0.35778571428571426,0.00474191158310694,1,C,True
1.2857142857142856,0.35778571428571426,,2,H,False
1.2857142857142856,0.35778571428571426,,2,S,False
1.2857142857142856,0.35778571428571426,,2,N,False
1.2857142857142856,0.35778571428571426,,2,C,False
1.2857142857142856,0.35778571428571426,,3,H,False
1.2857142857142856,0.35778571428571426,,3,S,False
1.2857142857142856,0.35778571428571426,,3,N,False
1.2857142857142856,0.35778571428571426,,3,C,False
1.2857142857142856,0.42914285714285716,2.44897959183673,0,H,False
1.2857142857142856,0.42914285714285716,0.0,0,S,False
1.2857142857142856,0.42914285714285716,0.0206614285714286,0,N,False
1.2857142857142856,0.42914285714285716,0.158571428571429,0,C,False
1.2857142857142856,0.42914285714285716,2.44897959183673,1,H,True
1.2857142857142856,0.42914285714285716,5.52742650150393,1,S,True
1.2857142857142856,0.42914285714285716,0.0206614285714286,1,N,True
1.2857142857142856,0.42914285714285716,0.00380348652931854,1,C,True
1.2857142857142856,0.42914285714285716,,2,H,False
1.2857142857142856,0.42914285714285716,,2,S,False
1.2857142857142856,0.42914285714285716,,2,N,False
1.2857142857142856,0.42914285714285716,,2,C,False
1.2857142857142856,0.42914285714285716,,3,H,False
1.2857142857142856,0.42914285714285716,,3,S,False
1.2857142857142856,0.42914285714285716,,3,N,False
1.2857142857142856,0.42914285714285716,,3,C,False
1.2857142857142856,0.5005,2.44897959183673,0,H,False
1.2857142857142856,0.5005,0.0,0,S,False
1.2857142857142856,0.5005,0.0206614285714286,0,N,False
1.2857142857142856,0.5005,0.158571428571429,0,C,False
1.2857142857142856,0.5005,2.44897959183673,1,H,True
1.2857142857142856,0.5005,5.54986787173940,1,S,True
1.2857142857142856,0.5005,0.0206614285714286,1,N,True
1.2857142857142856,0.5005,0.00317512816272532,1,C,True
1.2857142857142856,0.5005,,2,H,False
1.2857142857142856,0.5005,,2,S,False
1.2857142857142856,0.5005,,2,N,False
1.2857142857142856,0.5005,,2,C,False
1.2857142857142856,0.5005,,3,H,False
1.2857142857142856,0.5005,,3,S,False
1.2857142857142856,0.5005,,3,N,False
1.2857142857142856,0.5005,,3,C,False
1.2857142857142856,0.5718571428571428,2.44897959183673,0,H,False
1.2857142857142856,0.5718571428571428,0.0,0,S,False
1.2857142857142856,0.5718571428571428,0.0206614285714286,0,N,False
1.2857142857142856,0.5718571428571428,0.158571428571429,0,C,False
1.2857142857142856,0.5718571428571428,2.44897959183673,1,H,True
1.2857142857142856,0.5718571428571428,5.56594565160722,1,S,True
1.2857142857142856,0.5718571428571428,0.0206614285714286,1,N,True
1.2857142857142856,0.5718571428571428,0.00272495032642634,1,C,True
1.2857142857142856,0.5718571428571428,104.929870129870,2,H,False
1.2857142857142856,0.5718571428571428,39.4857214067534,2,S,False
1.2857142857142856,0.5718571428571428,0.00272727272727273,2,N,False
1.2857142857142856,0.5718571428571428,0.0132065615709249,2,C,False
1.2857142857142856,0.5718571428571428,104.929870129870,3,H,True
1.2857142857142856,0.5718571428571428,28.5028678873806,3,S,True
1.2857142857142856,0.5718571428571428,0.00272727272727273,3,N,True
1.2857142857142856,0.5718571428571428,0.0203838310622721,3,C,True
1.2857142857142856,0.6432142857142857,2.44897959183673,0,H,False
1.2857142857142856,0.6432142857142857,0.0,0,S,False
1.2857142857142856,0.6432142857142857,0.0206614285714286,0,N,False
1.2857142857142856,0.6432142857142857,0.158571428571429,0,C,False
1.2857142857142856,0.6432142857142857,2.44897959183673,1,H,True
1.2857142857142856,0.6432142857142857,5.57803046638170,1,S,True
1.2857142857142856,0.6432142857142857,0.0206614285714286,1,N,True
1.2857142857142856,0.6432142857142857,0.00238657551274083,1,C,True
1.2857142857142856,0.6432142857142857,104.929870129870,2,H,False
1.2857142857142856,0.6432142857142857,45.1054152517019,2,S,False
1.2857142857142856,0.6432142857142857,0.00272727272727273,2,N,False
1.2857142857142856,0.6432142857142857,0.00953410458031557,2,C,False
1.2857142857142856,0.6432142857142857,104.929870129870,3,H,True
1.2857142857142856,0.6432142857142857,21.8532755507720,3,S,True
1.2857142857142856,0.6432142857142857,0.00272727272727273,3,N,True
1.2857142857142856,0.6432142857142857,0.0247293243462582,3,C,True
1.2857142857142856,0.7145714285714285,2.44897959183673,0,H,False
1.2857142857142856,0.7145714285714285,0.0,0,S,False
1.2857142857142856,0.7145714285714285,0.0206614285714286,0,N,False
1.2857142857142856,0.7145714285714285,0.158571428571429,0,C,False
1.2857142857142856,0.7145714285714285,2.44897959183673,1,H,True
1.2857142857142856,0.7145714285714285,5.58744550451759,1,S,True
1.2857142857142856,0.7145714285714285,0.0206614285714286,1,N,True
1.2857142857142856,0.7145714285714285,0.00212295444493587,1,C,True
1.2857142857142856,0.7145714285714285,104.929870129870,2,H,False
1.2857142857142856,0.7145714285714285,47.8207510766492,2,S,False
1.2857142857142856,0.7145714285714285,0.00272727272727273,2,N,False
1.2857142857142856,0.7145714285714285,0.00775963886967119,2,C,False
1.2857142857142856,0.7145714285714285,104.929870129870,3,H,True
1.2857142857142856,0.7145714285714285,18.3355663542813,3,S,True
1.2857142857142856,0.7145714285714285,0.00272727272727273,3,N,True
1.2857142857142856,0.7145714285714285,0.0270281392080670,3,C,True
1.2857142857142856,0.7859285714285714,2.44897959183673,0,H,False
1.2857142857142856,0.7859285714285714,0.0,0,S,False
1.2857142857142856,0.7859285714285714,0.0206614285714286,0,N,False
1.2857142857142856,0.7859285714285714,0.158571428571429,0,C,False
1.2857142857142856,0.7859285714285714,2.44897959183673,1,H,True
1.2857142857142856,0.7859285714285714,5.59498747223673,1,S,True
1.2857142857142856,0.7859285714285714,0.0206614285714286,1,N,True
1.2857142857142856,0.7859285714285714,0.00191177934880016,1,C,True
1.2857142857142856,0.7859285714285714,104.929870129870,2,H,False
1.2857142857142856,0.7859285714285714,49.5914466106548,2,S,False
1.2857142857142856,0.7859285714285714,0.00272727272727273,2,N,False
1.2857142857142856,0.7859285714285714,0.00660249341450661,2,C,False
1.2857142857142856,0.7859285714285714,104.929870129870,3,H,True
1.2857142857142856,0.7859285714285714,15.9221252488266,3,S,True
1.2857142857142856,0.7859285714285714,0.00272727272727273,3,N,True
1.2857142857142856,0.7859285714285714,0.0286053174145131,3,C,True
1.2857142857142856,0.8572857142857143,2.44897959183673,0,H,False
1.2857142857142856,0.8572857142857143,0.0,0,S,False
1.2857142857142856,0.8572857142857143,0.0206614285714286,0,N,False
1.2857142857142856,0.8572857142857143,0.158571428571429,0,C,False
1.2857142857142856,0.8572857142857143,2.44897959183673,1,H,True
1.2857142857142856,0.8572857142857143,5.60116475498006,1,S,True
1.2857142857142856,0.8572857142857143,0.0206614285714286,1,N,True
1.2857142857142856,0.8572857142857143,0.00173881543198696,1,C,True
1.2857142857142856,0.8572857142857143,104.929870129870,2,H,False
1.2857142857142856,0.8572857142857143,50.8693054469820,2,S,False
1.2857142857142856,0.8572857142857143,0.00272727272727273,2,N,False
1.2857142857142856,0.8572857142857143,0.00576741560671805,2,C,False
1.2857142857142856,0.8572857142857143,104.929870129870,3,H,True
1.2857142857142856,0.8572857142857143,14.1178227475664,3,S,True
1.2857142857142856,0.8572857142857143,0.00272727272727273,3,N,True
1.2857142857142856,0.8572857142857143,0.0297844249454123,3,C,True
1.2857142857142856,0.9286428571428571,2.44897959183673,0,H,False
1.2857142857142856,0.9286428571428571,0.0,0,S,False
1.2857142857142856,0.9286428571428571,0.0206614285714286,0,N,False
1.2857142857142856,0.9286428571428571,0.158571428571429,0,C,False
1.2857142857142856,0.9286428571428571,2.44897959183673,1,H,True
1.2857142857142856,0.9286428571428571,5.60631702228271,1,S,True
1.2857142857142856,0.9286428571428571,0.0206614285714286,1,N,True
1.2857142857142856,0.9286428571428571,0.00159455194751267,1,C,True
1.2857142857142856,0.9286428571428571,104.929870129870,2,H,False
1.2857142857142856,0.9286428571428571,51.8452242722194,2,S,False
1.2857142857142856,0.9286428571428571,0.00272727272727273,2,N,False
1.2857142857142856,0.9286428571428571,0.00512965490108245,2,C,False
1.2857142857142856,0.9286428571428571,104.929870129870,3,H,True
1.2857142857142856,0.9286428571428571,12.7028146667090,3,S,True
1.2857142857142856,0.9286428571428571,0.00272727272727273,3,N,True
1.2857142857142856,0.9286428571428571,0.0307091294687708,3,C,True
1.2857142857142856,1.0,2.44897959183673,0,H,False
1.2857142857142856,1.0,0.0,0,S,False
1.2857142857142856,1.0,0.0206614285714286,0,N,False
1.2857142857142856,1.0,0.158571428571429,0,C,False
1.2857142857142856,1.0,2.44897959183673,1,H,True
1.2857142857142856,1.0,5.61067985476399,1,S,True
1.2857142857142856,1.0,0.0206614285714286,1,N,True
1.2857142857142856,1.0,0.00147239263803681,1,C,True
1.2857142857142856,1.0,104.929870129870,2,H,False
1.2857142857142856,1.0,52.6190873458199,2,S,False
1.2857142857142856,1.0,0.00272727272727273,2,N,False
1.2857142857142856,1.0,0.00462393716399015,2,C,False
1.2857142857142856,1.0,104.929870129870,3,H,True
1.2857142857142856,1.0,11.5571399703664,3,S,True
1.2857142857142856,1.0,0.00272727272727273,3,N,True
1.2857142857142856,1.0,0.0314578252453796,3,C,True
1.3214285714285714,0.001,0.612244897959213,0,H,True
1.3214285714285714,0.001,0.0,0,S,True
1.3214285714285714,0.001,0.0209828571428571,0,N,True
1.3214285714285714,0.001,0.159642857142857,0,C,True
1.3214285714285714,0.001,,1,H,False
1.3214285714285714,0.001,,1,S,False
1.3214285714285714,0.001,,1,N,False
1.3214285714285714,0.001,,1,C,False
1.3214285714285714,0.001,,2,H,False
1.3214285714285714,0.001,,2,S,False
1.3214285714285714,0.001,,2,N,False
1.3214285714285714,0.001,,2,C,False
1.3214285714285714,0.001,,3,H,False
1.3214285714285714,0.001,,3,S,False
1.3214285714285714,0.001,,3,N,False
1.3214285714285714,0.001,,3,C,False
1.3214285714285714,0.07235714285714286,0.612244897959213,0,H,True
1.3214285714285714,0.07235714285714286,0.0,0,S,True
1.3214285714285714,0.07235714285714286,0.0209828571428571,0,N,True
1.3214285714285714,0.07235714285714286,0.159642857142857,0,C,True
1.3214285714285714,0.07235714285714286,,1,H,False
1.3214285714285714,0.07235714285714286,,1,S,False
1.3214285714285714,0.07235714285714286,,1,N,False
1.3214285714285714,0.07235714285714286,,1,C,False
1.3214285714285714,0.07235714285714286,,2,H,False
1.3214285714285714,0.07235714285714286,,2,S,False
1.3214285714285714,0.07235714285714286,,2,N,False
1.3214285714285714,0.07235714285714286,,2,C,False
1.3214285714285714,0.07235714285714286,,3,H,False
1.3214285714285714,0.07235714285714286,,3,S,False
1.3214285714285714,0.07235714285714286,,3,N,False
1.3214285714285714,0.07235714285714286,,3,C,False
1.3214285714285714,0.1437142857142857,0.612244897959213,0,H,False
1.3214285714285714,0.1437142857142857,0.0,0,S,False
1.3214285714285714,0.1437142857142857,0.0209828571428571,0,N,False
1.3214285714285714,0.1437142857142857,0.159642857142857,0,C,False
1.3214285714285714,0.1437142857142857,0.612244897959213,1,H,True
1.3214285714285714,0.1437142857142857,1.23814166271810,1,S,True
1.3214285714285714,0.1437142857142857,0.0209828571428571,1,N,True
1.3214285714285714,0.1437142857142857,0.0188042430086789,1,C,True
1.3214285714285714,0.1437142857142857,,2,H,False
1.3214285714285714,0.1437142857142857,,2,S,False
1.3214285714285714,0.1437142857142857,,2,N,False
1.3214285714285714,0.1437142857142857,,2,C,False
1.3214285714285714,0.1437142857142857,,3,H,False
1.3214285714285714,0.1437142857142857,,3,S,False
1.3214285714285714,0.1437142857142857,,3,N,False
1.3214285714285714,0.1437142857142857,,3,C,False
1.3214285714285714,0.21507142857142858,0.612244897959213,0,H,False
1.3214285714285714,0.21507142857142858,0.0,0,S,False
1.3214285714285714,0.21507142857142858,0.0209828571428571,0,N,False
1.3214285714285714,0.21507142857142858,0.159642857142857,0,C,False
1.3214285714285714,0.21507142857142858,0.612244897959213,1,H,True
1.3214285714285714,0.21507142857142858,1.31925498021490,1,S,True
1.3214285714285714,0.21507142857142858,0.0209828571428571,1,N,True
1.3214285714285714,0.21507142857142858,0.00957760314341847,1,C,True
1.3214285714285714,0.21507142857142858,,2,H,False
1.3214285714285714,0.21507142857142858,,2,S,False
1.3214285714285714,0.21507142857142858,,2,N,False
1.3214285714285714,0.21507142857142858,,2,C,False
1.3214285714285714,0.21507142857142858,,3,H,False
1.3214285714285714,0.21507142857142858,,3,S,False
1.3214285714285714,0.21507142857142858,,3,N,False
1.3214285714285714,0.21507142857142858,,3,C,False
1.3214285714285714,0.2864285714285714,0.612244897959213,0,H,False
1.3214285714285714,0.2864285714285714,0.0,0,S,False
1.3214285714285714,0.2864285714285714,0.0209828571428571,0,N,False
1.3214285714285714,0.2864285714285714,0.159642857142857,0,C,False
1.3214285714285714,0.2864285714285714,0.612244897959213,1,H,True
1.3214285714285714,0.2864285714285714,1.34696981060837,1,S,True
1.3214285714285714,0.2864285714285714,0.0209828571428571,1,N,True
1.3214285714285714,0.2864285714285714,0.00642504118616148,1,C,True
1.3214285714285714,0.2864285714285714,,2,H,False
1.3214285714285714,0.2864285714285714,,2,S,False
1.3214285714285714,0.2864285714285714,,2,N,False
1.3214285714285714,0.2864285714285714,,2,C,False
1.3214285714285714,0.2864285714285714,,3,H,False
1.3214285714285714,0.2864285714285714,,3,S,False
1.3214285714285714,0.2864285714285714,,3,N,False
1.3214285714285714,0.2864285714285714,,3,C,False
1.3214285714285714,0.35778571428571426,0.612244897959213,0,H,False
1.3214285714285714,0.35778571428571426,0.0,0,S,False
1.3214285714285714,0.35778571428571426,0.0209828571428571,0,N,False
1.3214285714285714,0.35778571428571426,0.159642857142857,0,C,False
1.3214285714285714,0.35778571428571426,0.612244897959213,1,H,True
1.3214285714285714,0.35778571428571426,1.36095776169442,1,S,True
1.3214285714285714,0.35778571428571426,0.0209828571428572,1,N,True
1.3214285714285714,0.35778571428571426,0.00483391175012394,1,C,True
1.3214285714285714,0.35778571428571426,,2,H,False
1.3214285714285714,0.35778571428571426,,2,S,False
1.3214285714285714,0.35778571428571426,,2,N,False
1.3214285714285714,0.35778571428571426,,2,C,False
1.3214285714285714,0.35778571428571426,,3,H,False
1.3214285714285714,0.35778571428571426,,3,S,False
1.3214285714285714,0.35778571428571426,,3,N,False
1.3214285714285714,0.35778571428571426,,3,C,False
1.3214285714285714,0.42914285714285716,0.612244897959213,0,H,False
1.3214285714285714,0.42914285714285716,0.0,0,S,False
1.3214285714285714,0.42914285714285716,0.0209828571428571,0,N,False
1.3214285714285714,0.42914285714285716,0.159642857142857,0,C,False
1.3214285714285714,0.42914285714285716,0.612244897959213,1,H,True
1.3214285714285714,0.42914285714285716,1.36939277690327,1,S,True
1.3214285714285714,0.42914285714285716,0.0209828571428571,1,N,True
1.3214285714285714,0.42914285714285716,0.00387442877011724,1,C,True
1.3214285714285714,0.42914285714285716,,2,H,False
1.3214285714285714,0.42914285714285716,,2,S,False
1.3214285714285714,0.42914285714285716,,2,N,False
1.3214285714285714,0.42914285714285716,,2,C,False
1.3214285714285714,0.42914285714285716,,3,H,False
1.3214285714285714,0.42914285714285716,,3,S,False
1.3214285714285714,0.42914285714285716,,3,N,False
1.3214285714285714,0.42914285714285716,,3,C,False
1.3214285714285714,0.5005,0.612244897959213,0,H,False
1.3214285714285714,0.5005,0.0,0,S,False
1.3214285714285714,0.5005,0.0209828571428571,0,N,False
1.3214285714285714,0.5005,0.159642857142857,0,C,False
1.3214285714285714,0.5005,0.612244897959213,1,H,True
1.3214285714285714,0.5005,1.37503383316198,1,S,True
1.3214285714285714,0.5005,0.0209828571428571,1,N,True
1.3214285714285714,0.5005,0.00323275862068966,1,C,True
1.3214285714285714,0.5005,,2,H,False
1.3214285714285714,0.5005,,2,S,False
1.3214285714285714,0.5005,,2,N,False
1.3214285714285714,0.5005,,2,C,False
1.3214285714285714,0.5005,,3,H,False
1.3214285714285714,0.5005,,3,S,False
1.3214285714285714,0.5005,,3,N,False
1.3214285714285714,0.5005,,3,C,False
1.3214285714285714,0.5718571428571428,0.612244897959213,0,H,False
1.3214285714285714,0.5718571428571428,0.0,0,S,False
1.3214285714285714,0.5718571428571428,0.0209828571428571,0,N,False
1.3214285714285714,0.5718571428571428,0.159642857142857,0,C,False
1.3214285714285714,0.5718571428571428,0.612244897959213,1,H,True
1.3214285714285714,0.5718571428571428,1.37907186987796,1,S,True
1.3214285714285714,0.5718571428571428,0.0209828571428572,1,N,True
1.3214285714285714,0.5718571428571428,0.00277343194424690,1,C,True
1.3214285714285714,0.5718571428571428,,2,H,False
1.3214285714285714,0.5718571428571428,,2,S,False
1.3214285714285714,0.5718571428571428,,2,N,False
1.3214285714285714,0.5718571428571428,,2,C,False
1.3214285714285714,0.5718571428571428,,3,H,False
1.3214285714285714,0.5718571428571428,,3,S,False
1.3214285714285714,0.5718571428571428,,3,N,False
1.3214285714285714,0.5718571428571428,,3,C,False
1.3214285714285714,0.6432142857142857,0.612244897959213,0,H,False
1.3214285714285714,0.6432142857142857,0.0,0,S,False
1.3214285714285714,0.6432142857142857,0.0209828571428571,0,N,False
1.3214285714285714,0.6432142857142857,0.159642857142857,0,C,False
1.3214285714285714,0.6432142857142857,0.612244897959213,1,H,True
1.3214285714285714,0.6432142857142857,1.38210517466884,1,S,True
1.3214285714285714,0.6432142857142857,0.0209828571428571,1,N,True
1.3214285714285714,0.6432142857142857,0.00242839352428394,1,C,True
1.3214285714285714,0.6432142857142857,104.929870129870,2,H,False
1.3214285714285714,0.6432142857142857,40.8403528325948,2,S,False
1.3214285714285714,0.6432142857142857,0.00272727272727273,2,N,False
1.3214285714285714,0.6432142857142857,0.0108328676599831,2,C,False
1.3214285714285714,0.6432142857142857,104.929870129870,3,H,True
1.3214285714285714,0.6432142857142857,23.7952287775079,3,S,True
1.3214285714285714,0.6432142857142857,0.00272727272727273,3,N,True
1.3214285714285714,0.6432142857142857,0.0221458630737911,3,C,True
1.3214285714285714,0.7145714285714285,0.612244897959213,0,H,False
1.3214285714285714,0.7145714285714285,0.0,0,S,False
1.3214285714285714,0.7145714285714285,0.0209828571428571,0,N,False
1.3214285714285714,0.7145714285714285,0.159642857142857,0,C,False
1.3214285714285714,0.7145714285714285,0.612244897959213,1,H,True
1.3214285714285714,0.7145714285714285,1.38446724865098,1,S,True
1.3214285714285714,0.7145714285714285,0.0209828571428572,1,N,True
1.3214285714285714,0.7145714285714285,0.00215970760881603,1,C,True
1.3214285714285714,0.7145714285714285,104.929870129870,2,H,False
1.3214285714285714,0.7145714285714285,44.2981136269390,2,S,False
1.3214285714285714,0.7145714285714285,0.00272727272727273,2,N,False
1.3214285714285714,0.7145714285714285,0.00853792208598558,2,C,False
1.3214285714285714,0.7145714285714285,104.929870129870,3,H,True
1.3214285714285714,0.7145714285714285,19.5105732382171,3,S,True
1.3214285714285714,0.7145714285714285,0.00272727272727273,3,N,True
1.3214285714285714,0.7145714285714285,0.0249896258008380,3,C,True
1.3214285714285714,0.7859285714285714,0.612244897959213,0,H,False
1.3214285714285714,0.7859285714285714,0.0,0,S,False
1.3214285714285714,0.7859285714285714,0.0209828571428571,0,N,False
1.3214285714285714,0.7859285714285714,0.159642857142857,0,C,False
1.3214285714285714,0.7859285714285714,0.612244897959213,1,H,True
1.3214285714285714,0.7859285714285714,1.38635869800045,1,S,True
1.3214285714285714,0.7859285714285714,0.0209828571428571,1,N,True
1.3214285714285714,0.7859285714285714,0.00194455524531312,1,C,True
1.3214285714285714,0.7859285714285714,104.929870129870,2,H,False
1.3214285714285714,0.7859285714285714,46.3614626059667,2,S,False
1.3214285714285714,0.7859285714285714,0.00272727272727273,2,N,False
1.3214285714285714,0.7859285714285714,0.00716845962496838,2,C,False
1.3214285714285714,0.7859285714285714,104.929870129870,3,H,True
1.3214285714285714,0.7859285714285714,16.7850817779450,3,S,True
1.3214285714285714,0.7859285714285714,0.00272727272727273,3,N,True
1.3214285714285714,0.7859285714285714,0.0267985579207090,3,C,True
1.3214285714285714,0.8572857142857143,0.612244897959213,0,H,False
1.3214285714285714,0.8572857142857143,0.0,0,S,False
1.3214285714285714,0.8572857142857143,0.0209828571428571,0,N,False
1.3214285714285714,0.8572857142857143,0.159642857142857,0,C,False
1.3214285714285714,0.8572857142857143,0.612244897959213,1,H,True
1.3214285714285714,0.8572857142857143,1.38790743257708,1,S,True
1.3214285714285714,0.8572857142857143,0.0209828571428572,1,N,True
1.3214285714285714,0.8572857142857143,0.00176838668722227,1,C,True
1.3214285714285714,0.8572857142857143,104.929870129870,2,H,False
1.3214285714285714,0.8572857142857143,47.7990359610828,2,S,False
1.3214285714285714,0.8572857142857143,0.00272727272727273,2,N,False
1.3214285714285714,0.8572857142857143,0.00621432982685824,2,C,False
1.3214285714285714,0.8572857142857143,104.929870129870,3,H,True
1.3214285714285714,0.8572857142857143,14.8053406108075,3,S,True
1.3214285714285714,0.8572857142857143,0.00272727272727273,3,N,True
1.3214285714285714,0.8572857142857143,0.0281125291579948,3,C,True
1.3214285714285714,0.9286428571428571,0.612244897959213,0,H,False
1.3214285714285714,0.9286428571428571,0.0,0,S,False
1.3214285714285714,0.9286428571428571,0.0209828571428571,0,N,False
1.3214285714285714,0.9286428571428571,0.159642857142857,0,C,False
1.3214285714285714,0.9286428571428571,0.612244897959213,1,H,True
1.3214285714285714,0.9286428571428571,1.38919886034478,1,S,True
1.3214285714285714,0.9286428571428571,0.0209828571428571,1,N,True
1.3214285714285714,0.9286428571428571,0.00162148677864627,1,C,True
1.3214285714285714,0.9286428571428571,104.929870129870,2,H,False
1.3214285714285714,0.9286428571428571,48.8759367038159,2,S,False
1.3214285714285714,0.9286428571428571,0.00272727272727273,2,N,False
1.3214285714285714,0.9286428571428571,0.00549958154316765,2,C,False
1.3214285714285714,0.9286428571428571,104.929870129870,3,H,True
1.3214285714285714,0.9286428571428571,13.2763478325722,3,S,True
1.3214285714285714,0.9286428571428571,0.00272727272727273,3,N,True
1.3214285714285714,0.9286428571428571,0.0291273348133845,3,C,True
1.3214285714285714,1.0,0.612244897959213,0,H,False
1.3214285714285714,1.0,0.0,0,S,False
1.3214285714285714,1.0,0.0209828571428571,0,N,False
1.3214285714285714,1.0,0.159642857142857,0,C,False
1.3214285714285714,1.0,0.612244897959213,1,H,True
1.3214285714285714,1.0,1.39029218656316,1,S,True
1.3214285714285714,1.0,0.0209828571428571,1,N,True
1.3214285714285714,1.0,0.00149712092130518,1,C,True
1.3214285714285714,1.0,104.929870129870,2,H,False
1.3214285714285714,1.0,49.7194317784379,2,S,False
1.3214285714285714,1.0,0.00272727272727273,2,N,False
1.3214285714285714,1.0,0.00493974660855943,2,C,False
1.3214285714285714,1.0,104.929870129870,3,H,True
1.3214285714285714,1.0,12.0501104258594,3,S,True
1.3214285714285714,1.0,0.00272727272727273,3,N,True
1.3214285714285714,1.0,0.0299411991251694,3,C,True
1.3571428571428572,0.001,,0,H,False
1.3571428571428572,0.001,,0,S,False
1.3571428571428572,0.001,,0,N,False
1.3571428571428572,0.001,,0,C,False
1.3571428571428572,0.001,,1,H,False
1.3571428571428572,0.001,,1,S,False
1.3571428571428572,0.001,,1,N,False
1.3571428571428572,0.001,,1,C,False
1.3571428571428572,0.001,,2,H,False
1.3571428571428572,0.001,,2,S,False
1.3571428571428572,0.001,,2,N,False
1.3571428571428572,0.001,,2,C,False
1.3571428571428572,0.001,,3,H,False
1.3571428571428572,0.001,,3,S,False
1.3571428571428572,0.001,,3,N,False
1.3571428571428572,0.001,,3,C,False
1.3571428571428572,0.07235714285714286,,0,H,False
1.3571428571428572,0.07235714285714286,,0,S,False
1.3571428571428572,0.07235714285714286,,0,N,False
1.3571428571428572,0.07235714285714286,,0,C,False
1.3571428571428572,0.07235714285714286,,1,H,False
1.3571428571428572,0.07235714285714286,,1,S,False
1.3571428571428572,0.07235714285714286,,1,N,False
1.3571428571428572,0.07235714285714286,,1,C,False
1.3571428571428572,0.07235714285714286,,2,H,False
1.3571428571428572,0.07235714285714286,,2,S,False
1.3571428571428572,0.07235714285714286,,2,N,False
1.3571428571428572,0.07235714285714286,,2,C,False
1.3571428571428572,0.07235714285714286,,3,H,False
1.3571428571428572,0.07235714285714286,,3,S,False
1.3571428571428572,0.07235714285714286,,3,N,False
1.3571428571428572,0.07235714285714286,,3,C,False
1.3571428571428572,0.1437142857142857,,0,H,False
1.3571428571428572,0.1437142857142857,,0,S,False
1.3571428571428572,0.1437142857142857,,0,N,False
1.3571428571428572,0.1437142857142857,,0,C,False
1.3571428571428572,0.1437142857142857,,1,H,False
1.3571428571428572,0.1437142857142857,,1,S,False
1.3571428571428572,0.1437142857142857,,1,N,False
1.3571428571428572,0.1437142857142857,,1,C,False
1.3571428571428572,0.1437142857142857,,2,H,False
1.3571428571428572,0.1437142857142857,,2,S,False
1.3571428571428572,0.1437142857142857,,2,N,False
1.3571428571428572,0.1437142857142857,,2,C,False
1.3571428571428572,0.1437142857142857,,3,H,False
1.3571428571428572,0.1437142857142857,,3,S,False
1.3571428571428572,0.1437142857142857,,3,N,False
1.3571428571428572,0.1437142857142857,,3,C,False
1.3571428571428572,0.21507142857142858,,0,H,False
1.3571428571428572,0.21507142857142858,,0,S,False
1.3571428571428572,0.21507142857142858,,0,N,False
1.3571428571428572,0.21507142857142858,,0,C,False
1.3571428571428572,0.21507142857142858,,1,H,False
1.3571428571428572,0.21507142857142858,,1,S,False
1.3571428571428572,0.21507142857142858,,1,N,False
1.3571428571428572,0.21507142857142858,,1,C,False
1.3571428571428572,0.21507142857142858,,2,H,False
1.3571428571428572,0.21507142857142858,,2,S,False
1.3571428571428572,0.21507142857142858,,2,N,False
1.3571428571428572,0.21507142857142858,,2,C,False
1.3571428571428572,0.21507142857142858,,3,H,False
1.3571428571428572,0.21507142857142858,,3,S,False
1.3571428571428572,0.21507142857142858,,3,N,False
1.3571428571428572,0.21507142857142858,,3,C,False
1.3571428571428572,0.2864285714285714,,0,H,False
1.3571428571428572,0.2864285714285714,,0,S,False
1.3571428571428572,0.2864285714285714,,0,N,False
1.3571428571428572,0.2864285714285714,,0,C,False
1.3571428571428572,0.2864285714285714,,1,H,False
1.3571428571428572,0.2864285714285714,,1,S,False
1.3571428571428572,0.2864285714285714,,1,N,False
1.3571428571428572,0.2864285714285714,,1,C,False
1.3571428571428572,0.2864285714285714,,2,H,False
1.3571428571428572,0.2864285714285714,,2,S,False
1.3571428571428572,0.2864285714285714,,2,N,False
1.3571428571428572,0.2864285714285714,,2,C,False
1.3571428571428572,0.2864285714285714,,3,H,False
1.3571428571428572,0.2864285714285714,,3,S,False
1.3571428571428572,0.2864285714285714,,3,N,False
1.3571428571428572,0.2864285714285714,,3,C,False
1.3571428571428572,0.35778571428571426,,0,H,False
1.3571428571428572,0.35778571428571426,,0,S,False
1.3571428571428572,0.35778571428571426,,0,N,False
1.3571428571428572,0.35778571428571426,,0,C,False
1.3571428571428572,0.35778571428571426,,1,H,False
1.3571428571428572,0.35778571428571426,,1,S,False
1.3571428571428572,0.35778571428571426,,1,N,False
1.3571428571428572,0.35778571428571426,,1,C,False
1.3571428571428572,0.35778571428571426,,2,H,False
1.3571428571428572,0.35778571428571426,,2,S,False
1.3571428571428572,0.35778571428571426,,2,N,False
1.3571428571428572,0.35778571428571426,,2,C,False
1.3571428571428572,0.35778571428571426,,3,H,False
1.3571428571428572,0.35778571428571426,,3,S,False
1.3571428571428572,0.35778571428571426,,3,N,False
1.3571428571428572,0.35778571428571426,,3,C,False
1.3571428571428572,0.42914285714285716,,0,H,False
1.3571428571428572,0.42914285714285716,,0,S,False
1.3571428571428572,0.42914285714285716,,0,N,False
1.3571428571428572,0.42914285714285716,,0,C,False
1.3571428571428572,0.42914285714285716,,1,H,False
1.3571428571428572,0.42914285714285716,,1,S,False
1.3571428571428572,0.42914285714285716,,1,N,False
1.3571428571428572,0.42914285714285716,,1,C,False
1.3571428571428572,0.42914285714285716,,2,H,False
1.3571428571428572,0.42914285714285716,,2,S,False
1.3571428571428572,0.42914285714285716,,2,N,False
1.3571428571428572,0.42914285714285716,,2,C,False
1.3571428571428572,0.42914285714285716,,3,H,False
1.3571428571428572,0.42914285714285716,,3,S,False
1.3571428571428572,0.42914285714285716,,3,N,False
1.3571428571428572,0.42914285714285716,,3,C,False
1.3571428571428572,0.5005,,0,H,False
1.3571428571428572,0.5005,,0,S,False
1.3571428571428572,0.5005,,0,N,False
1.3571428571428572,0.5005,,0,C,False
1.3571428571428572,0.5005,,1,H,False
1.3571428571428572,0.5005,,1,S,False
1.3571428571428572,0.5005,,1,N,False
1.3571428571428572,0.5005,,1,C,False
1.3571428571428572,0.5005,,2,H,False
1.3571428571428572,0.5005,,2,S,False
1.3571428571428572,0.5005,,2,N,False
1.3571428571428572,0.5005,,2,C,False
1.3571428571428572,0.5005,,3,H,False
1.3571428571428572,0.5005,,3,S,False
1.3571428571428572,0.5005,,3,N,False
1.3571428571428572,0.5005,,3,C,False
1.3571428571428572,0.5718571428571428,,0,H,False
1.3571428571428572,0.5718571428571428,,0,S,False
1.3571428571428572,0.5718571428571428,,0,N,False
1.3571428571428572,0.5718571428571428,,0,C,False
1.3571428571428572,0.5718571428571428,,1,H,False
1.3571428571428572,0.5718571428571428,,1,S,False
1.3571428571428572,0.5718571428571428,,1,N,False
1.3571428571428572,0.5718571428571428,,1,C,False
1.3571428571428572,0.5718571428571428,,2,H,False
1.3571428571428572,0.5718571428571428,,2,S,False
1.3571428571428572,0.5718571428571428,,2,N,False
1.3571428571428572,0.5718571428571428,,2,C,False
1.3571428571428572,0.5718571428571428,,3,H,False
1.3571428571428572,0.5718571428571428,,3,S,False
1.3571428571428572,0.5718571428571428,,3,N,False
1.3571428571428572,0.5718571428571428,,3,C,False
1.3571428571428572,0.6432142857142857,,0,H,False
1.3571428571428572,0.6432142857142857,,0,S,False
1.3571428571428572,0.6432142857142857,,0,N,False
1.3571428571428572,0.6432142857142857,,0,C,False
1.3571428571428572,0.6432142857142857,,1,H,False
1.3571428571428572,0.6432142857142857,,1,S,False
1.3571428571428572,0.6432142857142857,,1,N,False
1.3571428571428572,0.6432142857142857,,1,C,False
1.3571428571428572,0.6432142857142857,104.929870129870,2,H,False
1.3571428571428572,0.6432142857142857,35.1214293182116,2,S,False
1.3571428571428572,0.6432142857142857,0.00272727272727273,2,N,False
1.3571428571428572,0.6432142857142857,0.0131985163482121,2,C,False
1.3571428571428572,0.6432142857142857,104.929870129870,3,H,True
1.3571428571428572,0.6432142857142857,27.2685756244459,3,S,True
1.3571428571428572,0.6432142857142857,0.00272727272727273,3,N,True
1.3571428571428572,0.6432142857142857,0.0184907075906689,3,C,True
1.3571428571428572,0.7145714285714285,,0,H,False
1.3571428571428572,0.7145714285714285,,0,S,False
1.3571428571428572,0.7145714285714285,,0,N,False
1.3571428571428572,0.7145714285714285,,0,C,False
1.3571428571428572,0.7145714285714285,,1,H,False
1.3571428571428572,0.7145714285714285,,1,S,False
1.3571428571428572,0.7145714285714285,,1,N,False
1.3571428571428572,0.7145714285714285,,1,C,False
1.3571428571428572,0.7145714285714285,104.929870129870,2,H,False
1.3571428571428572,0.7145714285714285,40.5249158068139,2,S,False
1.3571428571428572,0.7145714285714285,0.00272727272727273,2,N,False
1.3571428571428572,0.7145714285714285,0.00955700143033998,2,C,False
1.3571428571428572,0.7145714285714285,104.929870129870,3,H,True
1.3571428571428572,0.7145714285714285,21.0135044684157,3,S,True
1.3571428571428572,0.7145714285714285,0.00272727272727273,3,N,True
1.3571428571428572,0.7145714285714285,0.0227061220226438,3,C,True
1.3571428571428572,0.7859285714285714,,0,H,False
1.3571428571428572,0.7859285714285714,,0,S,False
1.3571428571428572,0.7859285714285714,,0,N,False
1.3571428571428572,0.7859285714285714,,0,C,False
1.3571428571428572,0.7859285714285714,,1,H,False
1.3571428571428572,0.7859285714285714,,1,S,False
1.3571428571428572,0.7859285714285714,,1,N,False
1.3571428571428572,0.7859285714285714,,1,C,False
1.3571428571428572,0.7859285714285714,104.929870129870,2,H,False
1.3571428571428572,0.7859285714285714,43.0488914758946,2,S,False
1.3571428571428572,0.7859285714285714,0.00272727272727273,2,N,False
1.3571428571428572,0.7859285714285714,0.00785604500698437,2,C,False
1.3571428571428572,0.7859285714285714,104.929870129870,3,H,True
1.3571428571428572,0.7859285714285714,17.8078698450321,3,S,True
1.3571428571428572,0.7859285714285714,0.00272727272727273,3,N,True
1.3571428571428572,0.7859285714285714,0.0248664617083120,3,C,True
1.3571428571428572,0.8572857142857143,,0,H,False
1.3571428571428572,0.8572857142857143,,0,S,False
1.3571428571428572,0.8572857142857143,,0,N,False
1.3571428571428572,0.8572857142857143,,0,C,False
1.3571428571428572,0.8572857142857143,,1,H,False
1.3571428571428572,0.8572857142857143,,1,S,False
1.3571428571428572,0.8572857142857143,,1,N,False
1.3571428571428572,0.8572857142857143,,1,C,False
1.3571428571428572,0.8572857142857143,104.929870129870,2,H,False
1.3571428571428572,0.8572857142857143,44.7069619151638,2,S,False
1.3571428571428572,0.8572857142857143,0.00272727272727273,2,N,False
1.3571428571428572,0.8572857142857143,0.00673863900398661,2,C,False
1.3571428571428572,0.8572857142857143,104.929870129870,3,H,True
1.3571428571428572,0.8572857142857143,15.5918195824714,3,S,True
1.3571428571428572,0.8572857142857143,0.00272727272727273,3,N,True
1.3571428571428572,0.8572857142857143,0.0263599011953711,3,C,True
1.3571428571428572,0.9286428571428571,,0,H,False
1.3571428571428572,0.9286428571428571,,0,S,False
1.3571428571428572,0.9286428571428571,,0,N,False
1.3571428571428572,0.9286428571428571,,0,C,False
1.3571428571428572,0.9286428571428571,,1,H,False
1.3571428571428572,0.9286428571428571,,1,S,False
1.3571428571428572,0.9286428571428571,,1,N,False
1.3571428571428572,0.9286428571428571,,1,C,False
1.3571428571428572,0.9286428571428571,104.929870129870,2,H,False
1.3571428571428572,0.9286428571428571,45.9146219176482,2,S,False
1.3571428571428572,0.9286428571428571,0.00272727272727273,2,N,False
1.3571428571428572,0.9286428571428571,0.00592477337777641,2,C,False
1.3571428571428572,0.9286428571428571,104.929870129870,3,H,True
1.3571428571428572,0.9286428571428571,13.9189983135963,3,S,True
1.3571428571428572,0.9286428571428571,0.00272727272727273,3,N,True
1.3571428571428572,0.9286428571428571,0.0274872480700957,3,C,True
1.3571428571428572,1.0,,0,H,False
1.3571428571428572,1.0,,0,S,False
1.3571428571428572,1.0,,0,N,False
1.3571428571428572,1.0,,0,C,False
1.3571428571428572,1.0,,1,H,False
1.3571428571428572,1.0,,1,S,False
1.3571428571428572,1.0,,1,N,False
1.3571428571428572,1.0,,1,C,False
1.3571428571428572,1.0,104.929870129870,2,H,False
1.3571428571428572,1.0,46.8448791914976,2,S,False
1.3571428571428572,1.0,0.00272727272727273,2,N,False
1.3571428571428572,1.0,0.00529785486001443,2,C,False
1.3571428571428572,1.0,104.929870129870,3,H,True
1.3571428571428572,1.0,12.5950165304853,3,S,True
1.3571428571428572,1.0,0.00272727272727273,3,N,True
1.3571428571428572,1.0,0.0283795052126571,3,C,True
1.3928571428571428,0.001,,0,H,False
1.3928571428571428,0.001,,0,S,False
1.3928571428571428,0.001,,0,N,False
1.3928571428571428,0.001,,0,C,False
1.3928571428571428,0.001,,1,H,False
1.3928571428571428,0.001,,1,S,False
1.3928571428571428,0.001,,1,N,False
1.3928571428571428,0.001,,1,C,False
1.3928571428571428,0.001,,2,H,False
1.3928571428571428,0.001,,2,S,False
1.3928571428571428,0.001,,2,N,False
1.3928571428571428,0.001,,2,C,False
1.3928571428571428,0.001,,3,H,False
1.3928571428571428,0.001,,3,S,False
1.3928571428571428,0.001,,3,N,False
1.3928571428571428,0.001,,3,C,False
1.3928571428571428,0.07235714285714286,,0,H,False
1.3928571428571428,0.07235714285714286,,0,S,False
1.3928571428571428,0.07235714285714286,,0,N,False
1.3928571428571428,0.07235714285714286,,0,C,False
1.3928571428571428,0.07235714285714286,,1,H,False
1.3928571428571428,0.07235714285714286,,1,S,False
1.3928571428571428,0.07235714285714286,,1,N,False
1.3928571428571428,0.07235714285714286,,1,C,False
1.3928571428571428,0.07235714285714286,,2,H,False
1.3928571428571428,0.07235714285714286,,2,S,False
1.3928571428571428,0.07235714285714286,,2,N,False
1.3928571428571428,0.07235714285714286,,2,C,False
1.3928571428571428,0.07235714285714286,,3,H,False
1.3928571428571428,0.07235714285714286,,3,S,False
1.3928571428571428,0.07235714285714286,,3,N,False
1.3928571428571428,0.07235714285714286,,3,C,False
1.3928571428571428,0.1437142857142857,,0,H,False
1.3928571428571428,0.1437142857142857,,0,S,False
1.3928571428571428,0.1437142857142857,,0,N,False
1.3928571428571428,0.1437142857142857,,0,C,False
1.3928571428571428,0.1437142857142857,,1,H,False
1.3928571428571428,0.1437142857142857,,1,S,False
1.3928571428571428,0.1437142857142857,,1,N,False
1.3928571428571428,0.1437142857142857,,1,C,False
1.3928571428571428,0.1437142857142857,,2,H,False
1.3928571428571428,0.1437142857142857,,2,S,False
1.3928571428571428,0.1437142857142857,,2,N,False
1.3928571428571428,0.1437142857142857,,2,C,False
1.3928571428571428,0.1437142857142857,,3,H,False
1.3928571428571428,0.1437142857142857,,3,S,False
1.3928571428571428,0.1437142857142857,,3,N,False
1.3928571428571428,0.1437142857142857,,3,C,False
1.3928571428571428,0.21507142857142858,,0,H,False
1.3928571428571428,0.21507142857142858,,0,S,False
1.3928571428571428,0.21507142857142858,,0,N,False
1.3928571428571428,0.21507142857142858,,0,C,False
1.3928571428571428,0.21507142857142858,,1,H,False
1.3928571428571428,0.21507142857142858,,1,S,False
1.3928571428571428,0.21507142857142858,,1,N,False
1.3928571428571428,0.21507142857142858,,1,C,False
1.3928571428571428,0.21507142857142858,,2,H,False
1.3928571428571428,0.21507142857142858,,2,S,False
1.3928571428571428,0.21507142857142858,,2,N,False
1.3928571428571428,0.21507142857142858,,2,C,False
1.3928571428571428,0.21507142857142858,,3,H,False
1.3928571428571428,0.21507142857142858,,3,S,False
1.3928571428571428,0.21507142857142858,,3,N,False
1.3928571428571428,0.21507142857142858,,3,C,False
1.3928571428571428,0.2864285714285714,,0,H,False
1.3928571428571428,0.2864285714285714,,0,S,False
1.3928571428571428,0.2864285714285714,,0,N,False
1.3928571428571428,0.2864285714285714,,0,C,False
1.3928571428571428,0.2864285714285714,,1,H,False
1.3928571428571428,0.2864285714285714,,1,S,False
1.3928571428571428,0.2864285714285714,,1,N,False
1.3928571428571428,0.2864285714285714,,1,C,False
1.3928571428571428,0.2864285714285714,,2,H,False
1.3928571428571428,0.2864285714285714,,2,S,False
1.3928571428571428,0.2864285714285714,,2,N,False
1.3928571428571428,0.2864285714285714,,2,C,False
1.3928571428571428,0.2864285714285714,,3,H,False
1.3928571428571428,0.2864285714285714,,3,S,False
1.3928571428571428,0.2864285714285714,,3,N,False
1.3928571428571428,0.2864285714285714,,3,C,False
1.3928571428571428,0.35778571428571426,,0,H,False
1.3928571428571428,0.35778571428571426,,0,S,False
1.3928571428571428,0.35778571428571426,,0,N,False
1.3928571428571428,0.35778571428571426,,0,C,False
1.3928571428571428,0.35778571428571426,,1,H,False
1.3928571428571428,0.35778571428571426,,1,S,False
1.3928571428571428,0.35778571428571426,,1,N,False
1.3928571428571428,0.35778571428571426,,1,C,False
1.3928571428571428,0.35778571428571426,,2,H,False
1.3928571428571428,0.35778571428571426,,2,S,False
1.3928571428571428,0.35778571428571426,,2,N,False
1.3928571428571428,0.35778571428571426,,2,C,False
1.3928571428571428,0.35778571428571426,,3,H,False
1.3928571428571428,0.35778571428571426,,3,S,False
1.3928571428571428,0.35778571428571426,,3,N,False
1.3928571428571428,0.35778571428571426,,3,C,False
1.3928571428571428,0.42914285714285716,,0,H,False
1.3928571428571428,0.42914285714285716,,0,S,False
1.3928571428571428,0.42914285714285716,,0,N,False
1.3928571428571428,0.42914285714285716,,0,C,False
1.3928571428571428,0.42914285714285716,,1,H,False
1.3928571428571428,0.42914285714285716,,1,S,False
1.3928571428571428,0.42914285714285716,,1,N,False
1.3928571428571428,0.42914285714285716,,1,C,False
1.3928571428571428,0.42914285714285716,,2,H,False
1.3928571428571428,0.42914285714285716,,2,S,False
1.3928571428571428,0.42914285714285716,,2,N,False
1.3928571428571428,0.42914285714285716,,2,C,False
1.3928571428571428,0.42914285714285716,,3,H,False
1.3928571428571428,0.42914285714285716,,3,S,False
1.3928571428571428,0.42914285714285716,,3,N,False
1.3928571428571428,0.42914285714285716,,3,C,False
1.3928571428571428,0.5005,,0,H,False
1.3928571428571428,0.5005,,0,S,False
1.3928571428571428,0.5005,,0,N,False
1.3928571428571428,0.5005,,0,C,False
1.3928571428571428,0.5005,,1,H,False
1.3928571428571428,0.5005,,1,S,False
1.3928571428571428,0.5005,,1,N,False
1.3928571428571428,0.5005,,1,C,False
1.3928571428571428,0.5005,,2,H,False
1.3928571428571428,0.5005,,2,S,False
1.3928571428571428,0.5005,,2,N,False
1.3928571428571428,0.5005,,2,C,False
1.3928571428571428,0.5005,,3,H,False
1.3928571428571428,0.5005,,3,S,False
1.3928571428571428,0.5005,,3,N,False
1.3928571428571428,0.5005,,3,C,False
1.3928571428571428,0.5718571428571428,,0,H,False
1.3928571428571428,0.5718571428571428,,0,S,False
1.3928571428571428,0.5718571428571428,,0,N,False
1.3928571428571428,0.5718571428571428,,0,C,False
1.3928571428571428,0.5718571428571428,,1,H,False
1.3928571428571428,0.5718571428571428,,1,S,False
1.3928571428571428,0.5718571428571428,,1,N,False
1.3928571428571428,0.5718571428571428,,1,C,False
1.3928571428571428,0.5718571428571428,,2,H,False
1.3928571428571428,0.5718571428571428,,2,S,False
1.3928571428571428,0.5718571428571428,,2,N,False
1.3928571428571428,0.5718571428571428,,2,C,False
1.3928571428571428,0.5718571428571428,,3,H,False
1.3928571428571428,0.5718571428571428,,3,S,False
1.3928571428571428,0.5718571428571428,,3,N,False
1.3928571428571428,0.5718571428571428,,3,C,False
1.3928571428571428,0.6432142857142857,,0,H,False
1.3928571428571428,0.6432142857142857,,0,S,False
1.3928571428571428,0.6432142857142857,,0,N,False
1.3928571428571428,0.6432142857142857,,0,C,False
1.3928571428571428,0.6432142857142857,,1,H,False
1.3928571428571428,0.6432142857142857,,1,S,False
1.3928571428571428,0.6432142857142857,,1,N,False
1.3928571428571428,0.6432142857142857,,1,C,False
1.3928571428571428,0.6432142857142857,,2,H,False
1.3928571428571428,0.6432142857142857,,2,S,False
1.3928571428571428,0.6432142857142857,,2,N,False
1.3928571428571428,0.6432142857142857,,2,C,False
1.3928571428571428,0.6432142857142857,,3,H,False
1.3928571428571428,0.6432142857142857,,3,S,False
1.3928571428571428,0.6432142857142857,,3,N,False
1.3928571428571428,0.6432142857142857,,3,C,False
1.3928571428571428,0.7145714285714285,,0,H,False
1.3928571428571428,0.7145714285714285,,0,S,False
1.3928571428571428,0.7145714285714285,,0,N,False
1.3928571428571428,0.7145714285714285,,0,C,False
1.3928571428571428,0.7145714285714285,,1,H,False
1.3928571428571428,0.7145714285714285,,1,S,False
1.3928571428571428,0.7145714285714285,,1,N,False
1.3928571428571428,0.7145714285714285,,1,C,False
1.3928571428571428,0.7145714285714285,104.929870129870,2,H,False
1.3928571428571428,0.7145714285714285,36.1269287107816,2,S,False
1.3928571428571428,0.7145714285714285,0.00272727272727273,2,N,False
1.3928571428571428,0.7145714285714285,0.0110805736162823,2,C,False
1.3928571428571428,0.7145714285714285,104.929870129870,3,H,True
1.3928571428571428,0.7145714285714285,23.2151555489813,3,S,True
1.3928571428571428,0.7145714285714285,0.00272727272727273,3,N,True
1.3928571428571428,0.7145714285714285,0.0199139101863912,3,C,True
1.3928571428571428,0.7859285714285714,,0,H,False
1.3928571428571428,0.7859285714285714,,0,S,False
1.3928571428571428,0.7859285714285714,,0,N,False
1.3928571428571428,0.7859285714285714,,0,C,False
1.3928571428571428,0.7859285714285714,,1,H,False
1.3928571428571428,0.7859285714285714,,1,S,False
1.3928571428571428,0.7859285714285714,,1,N,False
1.3928571428571428,0.7859285714285714,,1,C,False
1.3928571428571428,0.7859285714285714,104.929870129870,2,H,False
1.3928571428571428,0.7859285714285714,39.5573549591925,2,S,False
1.3928571428571428,0.7859285714285714,0.00272727272727273,2,N,False
1.3928571428571428,0.7859285714285714,0.00873371472622728,2,C,False
1.3928571428571428,0.7859285714285714,104.929870129870,3,H,True
1.3928571428571428,0.7859285714285714,19.0834334640689,3,S,True
1.3928571428571428,0.7859285714285714,0.00272727272727273,3,N,True
1.3928571428571428,0.7859285714285714,0.0227405468793407,3,C,True
1.3928571428571428,0.8572857142857143,,0,H,False
1.3928571428571428,0.8572857142857143,,0,S,False
1.3928571428571428,0.8572857142857143,,0,N,False
1.3928571428571428,0.8572857142857143,,0,C,False
1.3928571428571428,0.8572857142857143,,1,H,False
1.3928571428571428,0.8572857142857143,,1,S,False
1.3928571428571428,0.8572857142857143,,1,N,False
1.3928571428571428,0.8572857142857143,,1,C,False
1.3928571428571428,0.8572857142857143,104.929870129870,2,H,False
1.3928571428571428,0.8572857142857143,41.5485552866073,2,S,False
1.3928571428571428,0.8572857142857143,0.00272727272727273,2,N,False
1.3928571428571428,0.8572857142857143,0.00737147404478436,2,C,False
1.3928571428571428,0.8572857142857143,104.929870129870,3,H,True
1.3928571428571428,0.8572857142857143,16.5183528754299,3,S,True
1.3928571428571428,0.8572857142857143,0.00272727272727273,3,N,True
1.3928571428571428,0.8572857142857143,0.0244953964948788,3,C,True
1.3928571428571428,0.9286428571428571,,0,H,False
1.3928571428571428,0.9286428571428571,,0,S,False
1.3928571428571428,0.9286428571428571,,0,N,False
1.3928571428571428,0.9286428571428571,,0,C,False
1.3928571428571428,0.9286428571428571,,1,H,False
1.3928571428571428,0.9286428571428571,,1,S,False
1.3928571428571428,0.9286428571428571,,1,N,False
1.3928571428571428,0.9286428571428571,,1,C,False
1.3928571428571428,0.9286428571428571,104.929870129870,2,H,False
1.3928571428571428,0.9286428571428571,42.9347790042908,2,S,False
1.3928571428571428,0.9286428571428571,0.00272727272727273,2,N,False
1.3928571428571428,0.9286428571428571,0.00642311625485720,2,C,False
1.3928571428571428,0.9286428571428571,104.929870129870,3,H,True
1.3928571428571428,0.9286428571428571,14.6538318209909,3,S,True
1.3928571428571428,0.9286428571428571,0.00272727272727273,3,N,True
1.3928571428571428,0.9286428571428571,0.0257709720343129,3,C,True
1.3928571428571428,1.0,,0,H,False
1.3928571428571428,1.0,,0,S,False
1.3928571428571428,1.0,,0,N,False
1.3928571428571428,1.0,,0,C,False
1.3928571428571428,1.0,,1,H,False
1.3928571428571428,1.0,,1,S,False
1.3928571428571428,1.0,,1,N,False
1.3928571428571428,1.0,,1,C,False
1.3928571428571428,1.0,104.929870129870,2,H,False
1.3928571428571428,1.0,43.9771875613601,2,S,False
1.3928571428571428,1.0,0.00272727272727273,2,N,False
1.3928571428571428,1.0,0.00570997286914490,2,C,False
1.3928571428571428,1.0,104.929870129870,3,H,True
1.3928571428571428,1.0,13.2066648328096,3,S,True
1.3928571428571428,1.0,0.00272727272727273,3,N,True
1.3928571428571428,1.0,0.0267610229684150,3,C,True
1.4285714285714286,0.001,,0,H,False
1.4285714285714286,0.001,,0,S,False
1.4285714285714286,0.001,,0,N,False
1.4285714285714286,0.001,,0,C,False
1.4285714285714286,0.001,,1,H,False
1.4285714285714286,0.001,,1,S,False
1.4285714285714286,0.001,,1,N,False
1.4285714285714286,0.001,,1,C,False
1.4285714285714286,0.001,,2,H,False
1.4285714285714286,0.001,,2,S,False
1.4285714285714286,0.001,,2,N,False
1.4285714285714286,0.001,,2,C,False
1.4285714285714286,0.001,,3,H,False
1.4285714285714286,0.001,,3,S,False
1.4285714285714286,0.001,,3,N,False
1.4285714285714286,0.001,,3,C,False
1.4285714285714286,0.07235714285714286,,0,H,False
1.4285714285714286,0.07235714285714286,,0,S,False
1.4285714285714286,0.07235714285714286,,0,N,False
1.4285714285714286,0.07235714285714286,,0,C,False
1.4285714285714286,0.07235714285714286,,1,H,False
1.4285714285714286,0.07235714285714286,,1,S,False
1.4285714285714286,0.07235714285714286,,1,N,False
1.4285714285714286,0.07235714285714286,,1,C,False
1.4285714285714286,0.07235714285714286,,2,H,False
1.4285714285714286,0.07235714285714286,,2,S,False
1.4285714285714286,0.07235714285714286,,2,N,False
1.4285714285714286,0.07235714285714286,,2,C,False
1.4285714285714286,0.07235714285714286,,3,H,False
1.4285714285714286,0.07235714285714286,,3,S,False
1.4285714285714286,0.07235714285714286,,3,N,False
1.4285714285714286,0.07235714285714286,,3,C,False
1.4285714285714286,0.1437142857142857,,0,H,False
1.4285714285714286,0.1437142857142857,,0,S,False
1.4285714285714286,0.1437142857142857,,0,N,False
1.4285714285714286,0.1437142857142857,,0,C,False
1.4285714285714286,0.1437142857142857,,1,H,False
1.4285714285714286,0.1437142857142857,,1,S,False
1.4285714285714286,0.1437142857142857,,1,N,False
1.4285714285714286,0.1437142857142857,,1,C,False
1.4285714285714286,0.1437142857142857,,2,H,False
1.4285714285714286,0.1437142857142857,,2,S,False
1.4285714285714286,0.1437142857142857,,2,N,False
1.4285714285714286,0.1437142857142857,,2,C,False
1.4285714285714286,0.1437142857142857,,3,H,False
1.4285714285714286,0.1437142857142857,,3,S,False
1.4285714285714286,0.1437142857142857,,3,N,False
1.4285714285714286,0.1437142857142857,,3,C,False
1.4285714285714286,0.21507142857142858,,0,H,False
1.4285714285714286,0.21507142857142858,,0,S,False
1.4285714285714286,0.21507142857142858,,0,N,False
1.4285714285714286,0.21507142857142858,,0,C,False
1.4285714285714286,0.21507142857142858,,1,H,False
1.4285714285714286,0.21507142857142858,,1,S,False
1.4285714285714286,0.21507142857142858,,1,N,False
1.4285714285714286,0.21507142857142858,,1,C,False
1.4285714285714286,0.21507142857142858,,2,H,False
1.4285714285714286,0.21507142857142858,,2,S,False
1.4285714285714286,0.21507142857142858,,2,N,False
1.4285714285714286,0.21507142857142858,,2,C,False
1.4285714285714286,0.21507142857142858,,3,H,False
1.4285714285714286,0.21507142857142858,,3,S,False
1.4285714285714286,0.21507142857142858,,3,N,False
1.4285714285714286,0.21507142857142858,,3,C,False
1.4285714285714286,0.2864285714285714,,0,H,False
1.4285714285714286,0.2864285714285714,,0,S,False
1.4285714285714286,0.2864285714285714,,0,N,False
1.4285714285714286,0.2864285714285714,,0,C,False
1.4285714285714286,0.2864285714285714,,1,H,False
1.4285714285714286,0.2864285714285714,,1,S,False
1.4285714285714286,0.2864285714285714,,1,N,False
1.4285714285714286,0.2864285714285714,,1,C,False
1.4285714285714286,0.2864285714285714,,2,H,False
1.4285714285714286,0.2864285714285714,,2,S,False
1.4285714285714286,0.2864285714285714,,2,N,False
1.4285714285714286,0.2864285714285714,,2,C,False
1.4285714285714286,0.2864285714285714,,3,H,False
1.4285714285714286,0.2864285714285714,,3,S,False
1.4285714285714286,0.2864285714285714,,3,N,False
1.4285714285714286,0.2864285714285714,,3,C,False
1.4285714285714286,0.35778571428571426,,0,H,False
1.4285714285714286,0.35778571428571426,,0,S,False
1.4285714285714286,0.35778571428571426,,0,N,False
1.4285714285714286,0.35778571428571426,,0,C,False
1.4285714285714286,0.35778571428571426,,1,H,False
1.4285714285714286,0.35778571428571426,,1,S,False
1.4285714285714286,0.35778571428571426,,1,N,False
1.4285714285714286,0.35778571428571426,,1,C,False
1.4285714285714286,0.35778571428571426,,2,H,False
1.4285714285714286,0.35778571428571426,,2,S,False
1.4285714285714286,0.35778571428571426,,2,N,False
1.4285714285714286,0.35778571428571426,,2,C,False
1.4285714285714286,0.35778571428571426,,3,H,False
1.4285714285714286,0.35778571428571426,,3,S,False
1.4285714285714286,0.35778571428571426,,3,N,False
1.4285714285714286,0.35778571428571426,,3,C,False
1.4285714285714286,0.42914285714285716,,0,H,False
1.4285714285714286,0.42914285714285716,,0,S,False
1.4285714285714286,0.42914285714285716,,0,N,False
1.4285714285714286,0.42914285714285716,,0,C,False
1.4285714285714286,0.42914285714285716,,1,H,False
1.4285714285714286,0.42914285714285716,,1,S,False
1.4285714285714286,0.42914285714285716,,1,N,False
1.4285714285714286,0.42914285714285716,,1,C,False
1.4285714285714286,0.42914285714285716,,2,H,False
1.4285714285714286,0.42914285714285716,,2,S,False
1.4285714285714286,0.42914285714285716,,2,N,False
1.4285714285714286,0.42914285714285716,,2,C,False
1.4285714285714286,0.42914285714285716,,3,H,False
1.4285714285714286,0.42914285714285716,,3,S,False
1.4285714285714286,0.42914285714285716,,3,N,False
1.4285714285714286,0.42914285714285716,,3,C,False
1.4285714285714286,0.5005,,0,H,False
1.4285714285714286,0.5005,,0,S,False
1.4285714285714286,0.5005,,0,N,False
1.4285714285714286,0.5005,,0,C,False
1.4285714285714286,0.5005,,1,H,False
1.4285714285714286,0.5005,,1,S,False
1.4285714285714286,0.5005,,1,N,False
1.4285714285714286,0.5005,,1,C,False
1.4285714285714286,0.5005,,2,H,False
1.4285714285714286,0.5005,,2,S,False
1.4285714285714286,0.5005,,2,N,False
1.4285714285714286,0.5005,,2,C,False
1.4285714285714286,0.5005,,3,H,False
1.4285714285714286,0.5005,,3,S,False
1.4285714285714286,0.5005,,3,N,False
1.4285714285714286,0.5005,,3,C,False
1.4285714285714286,0.5718571428571428,,0,H,False
1.4285714285714286,0.5718571428571428,,0,S,False
1.4285714285714286,0.5718571428571428,,0,N,False
1.4285714285714286,0.5718571428571428,,0,C,False
1.4285714285714286,0.5718571428571428,,1,H,False
1.4285714285714286,0.5718571428571428,,1,S,False
1.4285714285714286,0.5718571428571428,,1,N,False
1.4285714285714286,0.5718571428571428,,1,C,False
1.4285714285714286,0.5718571428571428,,2,H,False
1.4285714285714286,0.5718571428571428,,2,S,False
1.4285714285714286,0.5718571428571428,,2,N,False
1.4285714285714286,0.5718571428571428,,2,C,False
1.4285714285714286,0.5718571428571428,,3,H,False
1.4285714285714286,0.5718571428571428,,3,S,False
1.4285714285714286,0.5718571428571428,,3,N,False
1.4285714285714286,0.5718571428571428,,3,C,False
1.4285714285714286,0.6432142857142857,,0,H,False
1.4285714285714286,0.6432142857142857,,0,S,False
1.4285714285714286,0.6432142857142857,,0,N,False
1.4285714285714286,0.6432142857142857,,0,C,False
1.4285714285714286,0.6432142857142857,,1,H,False
1.4285714285714286,0.6432142857142857,,1,S,False
1.4285714285714286,0.6432142857142857,,1,N,False
1.4285714285714286,0.6432142857142857,,1,C,False
1.4285714285714286,0.6432142857142857,,2,H,False
1.4285714285714286,0.6432142857142857,,2,S,False
1.4285714285714286,0.6432142857142857,,2,N,False
1.4285714285714286,0.6432142857142857,,2,C,False
1.4285714285714286,0.6432142857142857,,3,H,False
1.4285714285714286,0.6432142857142857,,3,S,False
1.4285714285714286,0.6432142857142857,,3,N,False
1.4285714285714286,0.6432142857142857,,3,C,False
1.4285714285714286,0.7145714285714285,,0,H,False
1.4285714285714286,0.7145714285714285,,0,S,False
1.4285714285714286,0.7145714285714285,,0,N,False
1.4285714285714286,0.7145714285714285,,0,C,False
1.4285714285714286,0.7145714285714285,,1,H,False
1.4285714285714286,0.7145714285714285,,1,S,False
1.4285714285714286,0.7145714285714285,,1,N,False
1.4285714285714286,0.7145714285714285,,1,C,False
1.4285714285714286,0.7145714285714285,,2,H,False
1.4285714285714286,0.7145714285714285,,2,S,False
1.4285714285714286,0.7145714285714285,,2,N,False
1.4285714285714286,0.7145714285714285,,2,C,False
1.4285714285714286,0.7145714285714285,,3,H,False
1.4285714285714286,0.7145714285714285,,3,S,False
1.4285714285714286,0.7145714285714285,,3,N,False
1.4285714285714286,0.7145714285714285,,3,C,False
1.4285714285714286,0.7859285714285714,,0,H,False
1.4285714285714286,0.7859285714285714,,0,S,False
1.4285714285714286,0.7859285714285714,,0,N,False
1.4285714285714286,0.7859285714285714,,0,C,False
1.4285714285714286,0.7859285714285714,,1,H,False
1.4285714285714286,0.7859285714285714,,1,S,False
1.4285714285714286,0.7859285714285714,,1,N,False
1.4285714285714286,0.7859285714285714,,1,C,False
1.4285714285714286,0.7859285714285714,104.929870129870,2,H,False
1.4285714285714286,0.7859285714285714,35.6574099784246,2,S,False
1.4285714285714286,0.7859285714285714,0.00272727272727273,2,N,False
1.4285714285714286,0.7859285714285714,0.00996626278210374,2,C,False
1.4285714285714286,0.7859285714285714,104.929870129870,3,H,True
1.4285714285714286,0.7859285714285714,20.8379836246058,3,S,True
1.4285714285714286,0.7859285714285714,0.00272727272727273,3,N,True
1.4285714285714286,0.7859285714285714,0.0202560026015160,3,C,True
1.4285714285714286,0.8572857142857143,,0,H,False
1.4285714285714286,0.8572857142857143,,0,S,False
1.4285714285714286,0.8572857142857143,,0,N,False
1.4285714285714286,0.8572857142857143,,0,C,False
1.4285714285714286,0.8572857142857143,,1,H,False
1.4285714285714286,0.8572857142857143,,1,S,False
1.4285714285714286,0.8572857142857143,,1,N,False
1.4285714285714286,0.8572857142857143,,1,C,False
1.4285714285714286,0.8572857142857143,104.929870129870,2,H,False
1.4285714285714286,0.8572857142857143,38.2444809089475,2,S,False
1.4285714285714286,0.8572857142857143,0.00272727272727273,2,N,False
1.4285714285714286,0.8572857142857143,0.00816995257859929,2,C,False
1.4285714285714286,0.8572857142857143,104.929870129870,3,H,True
1.4285714285714286,0.8572857142857143,17.6610430014891,3,S,True
1.4285714285714286,0.8572857142857143,0.00272727272727273,3,N,True
1.4285714285714286,0.8572857142857143,0.0224618836965806,3,C,True
1.4285714285714286,0.9286428571428571,,0,H,False
1.4285714285714286,0.9286428571428571,,0,S,False
1.4285714285714286,0.9286428571428571,,0,N,False
1.4285714285714286,0.9286428571428571,,0,C,False
1.4285714285714286,0.9286428571428571,,1,H,False
1.4285714285714286,0.9286428571428571,,1,S,False
1.4285714285714286,0.9286428571428571,,1,N,False
1.4285714285714286,0.9286428571428571,,1,C,False
1.4285714285714286,0.9286428571428571,104.929870129870,2,H,False
1.4285714285714286,0.9286428571428571,39.8955476259932,2,S,False
1.4285714285714286,0.9286428571428571,0.00272727272727273,2,N,False
1.4285714285714286,0.9286428571428571,0.00702354876125349,2,C,False
1.4285714285714286,0.9286428571428571,104.929870129870,3,H,True
1.4285714285714286,0.9286428571428571,15.5184756466700,3,S,True
1.4285714285714286,0.9286428571428571,0.00272727272727273,3,N,True
1.4285714285714286,0.9286428571428571,0.0239495567076869,3,C,True
1.4285714285714286,1.0,,0,H,False
1.4285714285714286,1.0,,0,S,False
1.4285714285714286,1.0,,0,N,False
1.4285714285714286,1.0,,0,C,False
1.4285714285714286,1.0,,1,H,False
1.4285714285714286,1.0,,1,S,False
1.4285714285714286,1.0,,1,N,False
1.4285714285714286,1.0,,1,C,False
1.4285714285714286,1.0,104.929870129870,2,H,False
1.4285714285714286,1.0,41.0907040583667,2,S,False
1.4285714285714286,1.0,0.00272727272727273,2,N,False
1.4285714285714286,1.0,0.00619370228548553,2,C,False
1.4285714285714286,1.0,104.929870129870,3,H,True
1.4285714285714286,1.0,13.9074748380233,3,S,True
1.4285714285714286,1.0,0.00272727272727273,3,N,True
1.4285714285714286,1.0,0.0250681411099479,3,C,True
1.4642857142857142,0.001,,0,H,False
1.4642857142857142,0.001,,0,S,False
1.4642857142857142,0.001,,0,N,False
1.4642857142857142,0.001,,0,C,False
1.4642857142857142,0.001,,1,H,False
1.4642857142857142,0.001,,1,S,False
1.4642857142857142,0.001,,1,N,False
1.4642857142857142,0.001,,1,C,False
1.4642857142857142,0.001,,2,H,False
1.4642857142857142,0.001,,2,S,False
1.4642857142857142,0.001,,2,N,False
1.4642857142857142,0.001,,2,C,False
1.4642857142857142,0.001,,3,H,False
1.4642857142857142,0.001,,3,S,False
1.4642857142857142,0.001,,3,N,False
1.4642857142857142,0.001,,3,C,False
1.4642857142857142,0.07235714285714286,,0,H,False
1.4642857142857142,0.07235714285714286,,0,S,False
1.4642857142857142,0.07235714285714286,,0,N,False
1.4642857142857142,0.07235714285714286,,0,C,False
1.4642857142857142,0.07235714285714286,,1,H,False
1.4642857142857142,0.07235714285714286,,1,S,False
1.4642857142857142,0.07235714285714286,,1,N,False
1.4642857142857142,0.07235714285714286,,1,C,False
1.4642857142857142,0.07235714285714286,,2,H,False
1.4642857142857142,0.07235714285714286,,2,S,False
1.4642857142857142,0.07235714285714286,,2,N,False
1.4642857142857142,0.07235714285714286,,2,C,False
1.4642857142857142,0.07235714285714286,,3,H,False
1.4642857142857142,0.07235714285714286,,3,S,False
1.4642857142857142,0.07235714285714286,,3,N,False
1.4642857142857142,0.07235714285714286,,3,C,False
1.4642857142857142,0.1437142857142857,,0,H,False
1.4642857142857142,0.1437142857142857,,0,S,False
1.4642857142857142,0.1437142857142857,,0,N,False
1.4642857142857142,0.1437142857142857,,0,C,False
1.4642857142857142,0.1437142857142857,,1,H,False
1.4642857142857142,0.1437142857142857,,1,S,False
1.4642857142857142,0.1437142857142857,,1,N,False
1.4642857142857142,0.1437142857142857,,1,C,False
1.4642857142857142,0.1437142857142857,,2,H,False
1.4642857142857142,0.1437142857142857,,2,S,False
1.4642857142857142,0.1437142857142857,,2,N,False
1.4642857142857142,0.1437142857142857,,2,C,False
1.4642857142857142,0.1437142857142857,,3,H,False
1.4642857142857142,0.1437142857142857,,3,S,False
1.4642857142857142,0.1437142857142857,,3,N,False
1.4642857142857142,0.1437142857142857,,3,C,False
1.4642857142857142,0.21507142857142858,,0,H,False
1.4642857142857142,0.21507142857142858,,0,S,False
1.4642857142857142,0.21507142857142858,,0,N,False
1.4642857142857142,0.21507142857142858,,0,C,False
1.4642857142857142,0.21507142857142858,,1,H,False
1.4642857142857142,0.21507142857142858,,1,S,False
1.4642857142857142,0.21507142857142858,,1,N,False
1.4642857142857142,0.21507142857142858,,1,C,False
1.4642857142857142,0.21507142857142858,,2,H,False
1.4642857142857142,0.21507142857142858,,2,S,False
1.4642857142857142,0.21507142857142858,,2,N,False
1.4642857142857142,0.21507142857142858,,2,C,False
1.4642857142857142,0.21507142857142858,,3,H,False
1.4642857142857142,0.21507142857142858,,3,S,False
1.4642857142857142,0.21507142857142858,,3,N,False
1.4642857142857142,0.21507142857142858,,3,C,False
1.4642857142857142,0.2864285714285714,,0,H,False
1.4642857142857142,0.2864285714285714,,0,S,False
1.4642857142857142,0.2864285714285714,,0,N,False
1.4642857142857142,0.2864285714285714,,0,C,False
1.4642857142857142,0.2864285714285714,,1,H,False
1.4642857142857142,0.2864285714285714,,1,S,False
1.4642857142857142,0.2864285714285714,,1,N,False
1.4642857142857142,0.2864285714285714,,1,C,False
1.4642857142857142,0.2864285714285714,,2,H,False
1.4642857142857142,0.2864285714285714,,2,S,False
1.4642857142857142,0.2864285714285714,,2,N,False
1.4642857142857142,0.2864285714285714,,2,C,False
1.4642857142857142,0.2864285714285714,,3,H,False
1.4642857142857142,0.2864285714285714,,3,S,False
1.4642857142857142,0.2864285714285714,,3,N,False
1.4642857142857142,0.2864285714285714,,3,C,False
1.4642857142857142,0.35778571428571426,,0,H,False
1.4642857142857142,0.35778571428571426,,0,S,False
1.4642857142857142,0.35778571428571426,,0,N,False
1.4642857142857142,0.35778571428571426,,0,C,False
1.4642857142857142,0.35778571428571426,,1,H,False
1.4642857142857142,0.35778571428571426,,1,S,False
1.4642857142857142,0.35778571428571426,,1,N,False
1.4642857142857142,0.35778571428571426,,1,C,False
1.4642857142857142,0.35778571428571426,,2,H,False
1.4642857142857142,0.35778571428571426,,2,S,False
1.4642857142857142,0.35778571428571426,,2,N,False
1.4642857142857142,0.35778571428571426,,2,C,False
1.4642857142857142,0.35778571428571426,,3,H,False
1.4642857142857142,0.35778571428571426,,3,S,False
1.4642857142857142,0.35778571428571426,,3,N,False
1.4642857142857142,0.35778571428571426,,3,C,False
1.4642857142857142,0.42914285714285716,,0,H,False
1.4642857142857142,0.42914285714285716,,0,S,False
1.4642857142857142,0.42914285714285716,,0,N,False
1.4642857142857142,0.42914285714285716,,0,C,False
1.4642857142857142,0.42914285714285716,,1,H,False
1.4642857142857142,0.42914285714285716,,1,S,False
1.4642857142857142,0.42914285714285716,,1,N,False
1.4642857142857142,0.42914285714285716,,1,C,False
1.4642857142857142,0.42914285714285716,,2,H,False
1.4642857142857142,0.42914285714285716,,2,S,False
1.4642857142857142,0.42914285714285716,,2,N,False
1.4642857142857142,0.42914285714285716,,2,C,False
1.4642857142857142,0.42914285714285716,,3,H,False
1.4642857142857142,0.42914285714285716,,3,S,False
1.4642857142857142,0.42914285714285716,,3,N,False
1.4642857142857142,0.42914285714285716,,3,C,False
1.4642857142857142,0.5005,,0,H,False
1.4642857142857142,0.5005,,0,S,False
1.4642857142857142,0.5005,,0,N,False
1.4642857142857142,0.5005,,0,C,False
1.4642857142857142,0.5005,,1,H,False
1.4642857142857142,0.5005,,1,S,False
1.4642857142857142,0.5005,,1,N,False
1.4642857142857142,0.5005,,1,C,False
1.4642857142857142,0.5005,,2,H,False
1.4642857142857142,0.5005,,2,S,False
1.4642857142857142,0.5005,,2,N,False
1.4642857142857142,0.5005,,2,C,False
1.4642857142857142,0.5005,,3,H,False
1.4642857142857142,0.5005,,3,S,False
1.4642857142857142,0.5005,,3,N,False
1.4642857142857142,0.5005,,3,C,False
1.4642857142857142,0.5718571428571428,,0,H,False
1.4642857142857142,0.5718571428571428,,0,S,False
1.4642857142857142,0.5718571428571428,,0,N,False
1.4642857142857142,0.5718571428571428,,0,C,False
1.4642857142857142,0.5718571428571428,,1,H,False
1.4642857142857142,0.5718571428571428,,1,S,False
1.4642857142857142,0.5718571428571428,,1,N,False
1.4642857142857142,0.5718571428571428,,1,C,False
1.4642857142857142,0.5718571428571428,,2,H,False
1.4642857142857142,0.5718571428571428,,2,S,False
1.4642857142857142,0.5718571428571428,,2,N,False
1.4642857142857142,0.5718571428571428,,2,C,False
1.4642857142857142,0.5718571428571428,,3,H,False
1.4642857142857142,0.5718571428571428,,3,S,False
1.4642857142857142,0.5718571428571428,,3,N,False
1.4642857142857142,0.5718571428571428,,3,C,False
1.4642857142857142,0.6432142857142857,,0,H,False
1.4642857142857142,0.6432142857142857,,0,S,False
1.4642857142857142,0.6432142857142857,,0,N,False
1.4642857142857142,0.6432142857142857,,0,C,False
1.4642857142857142,0.6432142857142857,,1,H,False
1.4642857142857142,0.6432142857142857,,1,S,False
1.4642857142857142,0.6432142857142857,,1,N,False
1.4642857142857142,0.6432142857142857,,1,C,False
1.4642857142857142,0.6432142857142857,,2,H,False
1.4642857142857142,0.6432142857142857,,2,S,False
1.4642857142857142,0.6432142857142857,,2,N,False
1.4642857142857142,0.6432142857142857,,2,C,False
1.4642857142857142,0.6432142857142857,,3,H,False
1.4642857142857142,0.6432142857142857,,3,S,False
1.4642857142857142,0.6432142857142857,,3,N,False
1.4642857142857142,0.6432142857142857,,3,C,False
1.4642857142857142,0.7145714285714285,,0,H,False
1.4642857142857142,0.7145714285714285,,0,S,False
1.4642857142857142,0.7145714285714285,,0,N,False
1.4642857142857142,0.7145714285714285,,0,C,False
1.4642857142857142,0.7145714285714285,,1,H,False
1.4642857142857142,0.7145714285714285,,1,S,False
1.4642857142857142,0.7145714285714285,,1,N,False
1.4642857142857142,0.7145714285714285,,1,C,False
1.4642857142857142,0.7145714285714285,,2,H,False
1.4642857142857142,0.7145714285714285,,2,S,False
1.4642857142857142,0.7145714285714285,,2,N,False
1.4642857142857142,0.7145714285714285,,2,C,False
1.4642857142857142,0.7145714285714285,,3,H,False
1.4642857142857142,0.7145714285714285,,3,S,False
1.4642857142857142,0.7145714285714285,,3,N,False
1.4642857142857142,0.7145714285714285,,3,C,False
1.4642857142857142,0.7859285714285714,,0,H,False
1.4642857142857142,0.7859285714285714,,0,S,False
1.4642857142857142,0.7859285714285714,,0,N,False
1.4642857142857142,0.7859285714285714,,0,C,False
1.4642857142857142,0.7859285714285714,,1,H,False
1.4642857142857142,0.7859285714285714,,1,S,False
1.4642857142857142,0.7859285714285714,,1,N,False
1.4642857142857142,0.7859285714285714,,1,C,False
1.4642857142857142,0.7859285714285714,104.929870129870,2,H,False
1.4642857142857142,0.7859285714285714,30.2565096021797,2,S,False
1.4642857142857142,0.7859285714285714,0.00272727272727273,2,N,False
1.4642857142857142,0.7859285714285714,0.0123359561806433,2,C,False
1.4642857142857142,0.7859285714285714,104.929870129870,3,H,True
1.4642857142857142,0.7859285714285714,24.1610226813925,3,S,True
1.4642857142857142,0.7859285714285714,0.00272727272727273,3,N,True
1.4642857142857142,0.7859285714285714,0.0166305449346140,3,C,True
1.4642857142857142,0.8572857142857143,,0,H,False
1.4642857142857142,0.8572857142857143,,0,S,False
1.4642857142857142,0.8572857142857143,,0,N,False
1.4642857142857142,0.8572857142857143,,0,C,False
1.4642857142857142,0.8572857142857143,,1,H,False
1.4642857142857142,0.8572857142857143,,1,S,False
1.4642857142857142,0.8572857142857143,,1,N,False
1.4642857142857142,0.8572857142857143,,1,C,False
1.4642857142857142,0.8572857142857143,104.929870129870,2,H,False
1.4642857142857142,0.8572857142857143,34.6183686749455,2,S,False
1.4642857142857142,0.8572857142857143,0.00272727272727273,2,N,False
1.4642857142857142,0.8572857142857143,0.00926279875060722,2,C,False
1.4642857142857142,0.8572857142857143,104.929870129870,3,H,True
1.4642857142857142,0.8572857142857143,19.1932149201186,3,S,True
1.4642857142857142,0.8572857142857143,0.00272727272727273,3,N,True
1.4642857142857142,0.8572857142857143,0.0201306248495913,3,C,True
1.4642857142857142,0.9286428571428571,,0,H,False
1.4642857142857142,0.9286428571428571,,0,S,False
1.4642857142857142,0.9286428571428571,,0,N,False
1.4642857142857142,0.9286428571428571,,0,C,False
1.4642857142857142,0.9286428571428571,,1,H,False
1.4642857142857142,0.9286428571428571,,1,S,False
1.4642857142857142,0.9286428571428571,,1,N,False
1.4642857142857142,0.9286428571428571,,1,C,False
1.4642857142857142,0.9286428571428571,104.929870129870,2,H,False
1.4642857142857142,0.9286428571428571,36.7250433054214,2,S,False
1.4642857142857142,0.9286428571428571,0.00272727272727273,2,N,False
1.4642857142857142,0.9286428571428571,0.00777853649331923,2,C,False
1.4642857142857142,0.9286428571428571,104.929870129870,3,H,True
1.4642857142857142,0.9286428571428571,16.5817687262925,3,S,True
1.4642857142857142,0.9286428571428571,0.00272727272727273,3,N,True
1.4642857142857142,0.9286428571428571,0.0219705250251390,3,C,True
1.4642857142857142,1.0,,0,H,False
1.4642857142857142,1.0,,0,S,False
1.4642857142857142,1.0,,0,N,False
1.4642857142857142,1.0,,0,C,False
1.4642857142857142,1.0,,1,H,False
1.4642857142857142,1.0,,1,S,False
1.4642857142857142,1.0,,1,N,False
1.4642857142857142,1.0,,1,C,False
1.4642857142857142,1.0,104.929870129870,2,H,False
1.4642857142857142,1.0,38.1457232853487,2,S,False
1.4642857142857142,1.0,0.00272727272727273,2,N,False
1.4642857142857142,1.0,0.00677759328007395,2,C,False
1.4642857142857142,1.0,104.929870129870,3,H,True
1.4642857142857142,1.0,14.7341061212004,3,S,True
1.4642857142857142,1.0,0.00272727272727273,3,N,True
1.4642857142857142,1.0,0.0232722997886777,3,C,True
1.5,0.001,,0,H,False
1.5,0.001,,0,S,False
1.5,0.001,,0,N,False
1.5,0.001,,0,C,False
1.5,0.001,,1,H,False
1.5,0.001,,1,S,False
1.5,0.001,,1,N,False
1.5,0.001,,1,C,False
1.5,0.001,,2,H,False
1.5,0.001,,2,S,False
1.5,0.001,,2,N,False
1.5,0.001,,2,C,False
1.5,0.001,,3,H,False
1.5,0.001,,3,S,False
1.5,0.001,,3,N,False
1.5,0.001,,3,C,False
1.5,0.07235714285714286,,0,H,False
1.5,0.07235714285714286,,0,S,False
1.5,0.07235714285714286,,0,N,False
1.5,0.07235714285714286,,0,C,False
1.5,0.07235714285714286,,1,H,False
1.5,0.07235714285714286,,1,S,False
1.5,0.07235714285714286,,1,N,False
1.5,0.07235714285714286,,1,C,False
1.5,0.07235714285714286,,2,H,False
1.5,0.07235714285714286,,2,S,False
1.5,0.07235714285714286,,2,N,False
1.5,0.07235714285714286,,2,C,False
1.5,0.07235714285714286,,3,H,False
1.5,0.07235714285714286,,3,S,False
1.5,0.07235714285714286,,3,N,False
1.5,0.07235714285714286,,3,C,False
1.5,0.1437142857142857,,0,H,False
1.5,0.1437142857142857,,0,S,False
1.5,0.1437142857142857,,0,N,False
1.5,0.1437142857142857,,0,C,False
1.5,0.1437142857142857,,1,H,False
1.5,0.1437142857142857,,1,S,False
1.5,0.1437142857142857,,1,N,False
1.5,0.1437142857142857,,1,C,False
1.5,0.1437142857142857,,2,H,False
1.5,0.1437142857142857,,2,S,False
1.5,0.1437142857142857,,2,N,False
1.5,0.1437142857142857,,2,C,False
1.5,0.1437142857142857,,3,H,False
1.5,0.1437142857142857,,3,S,False
1.5,0.1437142857142857,,3,N,False
1.5,0.1437142857142857,,3,C,False
1.5,0.21507142857142858,,0,H,False
1.5,0.21507142857142858,,0,S,False
1.5,0.21507142857142858,,0,N,False
1.5,0.21507142857142858,,0,C,False
1.5,0.21507142857142858,,1,H,False
1.5,0.21507142857142858,,1,S,False
1.5,0.21507142857142858,,1,N,False
1.5,0.21507142857142858,,1,C,False
1.5,0.21507142857142858,,2,H,False
1.5,0.21507142857142858,,2,S,False
1.5,0.21507142857142858,,2,N,False
1.5,0.21507142857142858,,2,C,False
1.5,0.21507142857142858,,3,H,False
1.5,0.21507142857142858,,3,S,False
1.5,0.21507142857142858,,3,N,False
1.5,0.21507142857142858,,3,C,False
1.5,0.2864285714285714,,0,H,False
1.5,0.2864285714285714,,0,S,False
1.5,0.2864285714285714,,0,N,False
1.5,0.2864285714285714,,0,C,False
1.5,0.2864285714285714,,1,H,False
1.5,0.2864285714285714,,1,S,False
1.5,0.2864285714285714,,1,N,False
1.5,0.2864285714285714,,1,C,False
1.5,0.2864285714285714,,2,H,False
1.5,0.2864285714285714,,2,S,False
1.5,0.2864285714285714,,2,N,False
1.5,0.2864285714285714,,2,C,False
1.5,0.2864285714285714,,3,H,False
1.5,0.2864285714285714,,3,S,False
1.5,0.2864285714285714,,3,N,False
1.5,0.2864285714285714,,3,C,False
1.5,0.35778571428571426,,0,H,False
1.5,0.35778571428571426,,0,S,False
1.5,0.35778571428571426,,0,N,False
1.5,0.35778571428571426,,0,C,False
1.5,0.35778571428571426,,1,H,False
1.5,0.35778571428571426,,1,S,False
1.5,0.35778571428571426,,1,N,False
1.5,0.35778571428571426,,1,C,False
1.5,0.35778571428571426,,2,H,False
1.5,0.35778571428571426,,2,S,False
1.5,0.35778571428571426,,2,N,False
1.5,0.35778571428571426,,2,C,False
1.5,0.35778571428571426,,3,H,False
1.5,0.35778571428571426,,3,S,False
1.5,0.35778571428571426,,3,N,False
1.5,0.35778571428571426,,3,C,False
1.5,0.42914285714285716,,0,H,False
1.5,0.42914285714285716,,0,S,False
1.5,0.42914285714285716,,0,N,False
1.5,0.42914285714285716,,0,C,False
1.5,0.42914285714285716,,1,H,False
1.5,0.42914285714285716,,1,S,False
1.5,0.42914285714285716,,1,N,False
1.5,0.42914285714285716,,1,C,False
1.5,0.42914285714285716,,2,H,False
1.5,0.42914285714285716,,2,S,False
1.5,0.42914285714285716,,2,N,False
1.5,0.42914285714285716,,2,C,False
1.5,0.42914285714285716,,3,H,False
1.5,0.42914285714285716,,3,S,False
1.5,0.42914285714285716,,3,N,False
1.5,0.42914285714285716,,3,C,False
1.5,0.5005,,0,H,False
1.5,0.5005,,0,S,False
1.5,0.5005,,0,N,False
1.5,0.5005,,0,C,False
1.5,0.5005,,1,H,False
1.5,0.5005,,1,S,False
1.5,0.5005,,1,N,False
1.5,0.5005,,1,C,False
1.5,0.5005,,2,H,False
1.5,0.5005,,2,S,False
1.5,0.5005,,2,N,False
1.5,0.5005,,2,C,False
1.5,0.5005,,3,H,False
1.5,0.5005,,3,S,False
1.5,0.5005,,3,N,False
1.5,0.5005,,3,C,False
1.5,0.5718571428571428,,0,H,False
1.5,0.5718571428571428,,0,S,False
1.5,0.5718571428571428,,0,N,False
1.5,0.5718571428571428,,0,C,False
1.5,0.5718571428571428,,1,H,False
1.5,0.5718571428571428,,1,S,False
1.5,0.5718571428571428,,1,N,False
1.5,0.5718571428571428,,1,C,False
1.5,0.5718571428571428,,2,H,False
1.5,0.5718571428571428,,2,S,False
1.5,0.5718571428571428,,2,N,False
1.5,0.5718571428571428,,2,C,False
1.5,0.5718571428571428,,3,H,False
1.5,0.5718571428571428,,3,S,False
1.5,0.5718571428571428,,3,N,False
1.5,0.5718571428571428,,3,C,False
1.5,0.6432142857142857,,0,H,False
1.5,0.6432142857142857,,0,S,False
1.5,0.6432142857142857,,0,N,False
1.5,0.6432142857142857,,0,C,False
1.5,0.6432142857142857,,1,H,False
1.5,0.6432142857142857,,1,S,False
1.5,0.6432142857142857,,1,N,False
1.5,0.6432142857142857,,1,C,False
1.5,0.6432142857142857,,2,H,False
1.5,0.6432142857142857,,2,S,False
1.5,0.6432142857142857,,2,N,False
1.5,0.6432142857142857,,2,C,False
1.5,0.6432142857142857,,3,H,False
1.5,0.6432142857142857,,3,S,False
1.5,0.6432142857142857,,3,N,False
1.5,0.6432142857142857,,3,C,False
1.5,0.7145714285714285,,0,H,False
1.5,0.7145714285714285,,0,S,False
1.5,0.7145714285714285,,0,N,False
1.5,0.7145714285714285,,0,C,False
1.5,0.7145714285714285,,1,H,False
1.5,0.7145714285714285,,1,S,False
1.5,0.7145714285714285,,1,N,False
1.5,0.7145714285714285,,1,C,False
1.5,0.7145714285714285,,2,H,False
1.5,0.7145714285714285,,2,S,False
1.5,0.7145714285714285,,2,N,False
1.5,0.7145714285714285,,2,C,False
1.5,0.7145714285714285,,3,H,False
1.5,0.7145714285714285,,3,S,False
1.5,0.7145714285714285,,3,N,False
1.5,0.7145714285714285,,3,C,False
1.5,0.7859285714285714,,0,H,False
1.5,0.7859285714285714,,0,S,False
1.5,0.7859285714285714,,0,N,False
1.5,0.7859285714285714,,0,C,False
1.5,0.7859285714285714,,1,H,False
1.5,0.7859285714285714,,1,S,False
1.5,0.7859285714285714,,1,N,False
1.5,0.7859285714285714,,1,C,False
1.5,0.7859285714285714,,2,H,False
1.5,0.7859285714285714,,2,S,False
1.5,0.7859285714285714,,2,N,False
1.5,0.7859285714285714,,2,C,False
1.5,0.7859285714285714,,3,H,False
1.5,0.7859285714285714,,3,S,False
1.5,0.7859285714285714,,3,N,False
1.5,0.7859285714285714,,3,C,False
1.5,0.8572857142857143,,0,H,False
1.5,0.8572857142857143,,0,S,False
1.5,0.8572857142857143,,0,N,False
1.5,0.8572857142857143,,0,C,False
1.5,0.8572857142857143,,1,H,False
1.5,0.8572857142857143,,1,S,False
1.5,0.8572857142857143,,1,N,False
1.5,0.8572857142857143,,1,C,False
1.5,0.8572857142857143,104.929870129870,2,H,False
1.5,0.8572857142857143,30.0179913550110,2,S,False
1.5,0.8572857142857143,0.00272727272727273,2,N,False
1.5,0.8572857142857143,0.0111260654124747,2,C,False
1.5,0.8572857142857143,104.929870129870,3,H,True
1.5,0.8572857142857143,21.7642248273989,3,S,True
1.5,0.8572857142857143,0.00272727272727273,3,N,True
1.5,0.8572857142857143,0.0170255532209008,3,C,True
1.5,0.9286428571428571,,0,H,False
1.5,0.9286428571428571,,0,S,False
1.5,0.9286428571428571,,0,N,False
1.5,0.9286428571428571,,0,C,False
1.5,0.9286428571428571,,1,H,False
1.5,0.9286428571428571,,1,S,False
1.5,0.9286428571428571,,1,N,False
1.5,0.9286428571428571,,1,C,False
1.5,0.9286428571428571,104.929870129870,2,H,False
1.5,0.9286428571428571,33.2672062320803,2,S,False
1.5,0.9286428571428571,0.00272727272727273,2,N,False
1.5,0.9286428571428571,0.00880364649135534,2,C,False
1.5,0.9286428571428571,104.929870129870,3,H,True
1.5,0.9286428571428571,17.9968994401862,3,S,True
1.5,0.9286428571428571,0.00272727272727273,3,N,True
1.5,0.9286428571428571,0.0197182984200633,3,C,True
1.5,1.0,,0,H,False
1.5,1.0,,0,S,False
1.5,1.0,,0,N,False
1.5,1.0,,0,C,False
1.5,1.0,,1,H,False
1.5,1.0,,1,S,False
1.5,1.0,,1,N,False
1.5,1.0,,1,C,False
1.5,1.0,104.929870129870,2,H,False
1.5,1.0,35.0720662778570,2,S,False
1.5,1.0,0.00272727272727273,2,N,False
1.5,1.0,0.00751359911718325,2,C,False
1.5,1.0,104.929870129870,3,H,True
1.5,1.0,15.7538659344025,3,S,True
1.5,1.0,0.00272727272727273,3,N,True
1.5,1.0,0.0213215360179519,3,C,True
