$\epsilon$,$Q_{food}$,value,fp_num,name,stability
1.0,0.01,,0,H,False
1.0,0.01,,0,S,False
1.0,0.01,,0,N,False
1.0,0.01,,0,C,False
1.0,0.01,,1,H,False
1.0,0.01,,1,S,False
1.0,0.01,,1,N,False
1.0,0.01,,1,C,False
1.0,0.01,,2,H,False
1.0,0.01,,2,S,False
1.0,0.01,,2,N,False
1.0,0.01,,2,C,False
1.0,0.01,,3,H,False
1.0,0.01,,3,S,False
1.0,0.01,,3,N,False
1.0,0.01,,3,C,False
1.0,0.02357142857142857,17.1428571428571,0,H,False
1.0,0.02357142857142857,0.0,0,S,False
1.0,0.02357142857142857,0.00291857142857143,0,N,False
1.0,0.02357142857142857,0.150000000000000,0,C,False
1.0,0.02357142857142857,17.1428571428571,1,H,True
1.0,0.02357142857142857,42.0779220779221,1,S,True
1.0,0.02357142857142857,0.00291857142857143,1,N,True
1.0,0.02357142857142857,0.00272727272727273,1,C,True
1.0,0.02357142857142857,24.0991735537190,2,H,False
1.0,0.02357142857142857,55.8563543022923,2,S,False
1.0,0.02357142857142857,0.00272727272727273,2,N,False
1.0,0.02357142857142857,0.00281806561577714,2,C,False
1.0,0.02357142857142857,24.0991735537190,3,H,True
1.0,0.02357142857142857,0.258719183746326,3,S,True
1.0,0.02357142857142857,0.00272727272727273,3,N,True
1.0,0.02357142857142857,0.141240161281293,3,C,True
1.0,0.037142857142857144,17.1428571428571,0,H,False
1.0,0.037142857142857144,0.0,0,S,False
1.0,0.037142857142857144,0.00454714285714286,0,N,False
1.0,0.037142857142857144,0.150000000000000,0,C,False
1.0,0.037142857142857144,17.1428571428571,1,H,True
1.0,0.037142857142857144,42.0779220779221,1,S,True
1.0,0.037142857142857144,0.00454714285714286,1,N,True
1.0,0.037142857142857144,0.00272727272727273,1,C,True
1.0,0.037142857142857144,59.1398601398600,2,H,False
1.0,0.037142857142857144,96.0723328078533,2,S,False
1.0,0.037142857142857144,0.00272727272727273,2,N,False
1.0,0.037142857142857144,0.00353387187403191,2,C,False
1.0,0.037142857142857144,59.1398601398600,3,H,True
1.0,0.037142857142857144,4.08781597137118,3,S,True
1.0,0.037142857142857144,0.00272727272727273,3,N,True
1.0,0.037142857142857144,0.0968562266637940,3,C,True
1.0,0.05071428571428572,17.1428571428571,0,H,False
1.0,0.05071428571428572,0.0,0,S,False
1.0,0.05071428571428572,0.00617571428571429,0,N,False
1.0,0.05071428571428572,0.150000000000000,0,C,False
1.0,0.05071428571428572,17.1428571428571,1,H,True
1.0,0.05071428571428572,42.0779220779221,1,S,True
1.0,0.05071428571428572,0.00617571428571429,1,N,True
1.0,0.05071428571428572,0.00272727272727273,1,C,True
1.0,0.05071428571428572,75.4263764404610,2,H,False
1.0,0.05071428571428572,97.8479081845327,2,S,False
1.0,0.05071428571428572,0.00272727272727273,2,N,False
1.0,0.05071428571428572,0.00416673245103681,2,C,False
1.0,0.05071428571428572,75.4263764404610,3,H,True
1.0,0.05071428571428572,7.63773617335542,3,S,True
1.0,0.05071428571428572,0.00272727272727273,3,N,True
1.0,0.05071428571428572,0.0759269120606614,3,C,True
1.0,0.06428571428571428,17.1428571428571,0,H,False
1.0,0.06428571428571428,0.0,0,S,False
1.0,0.06428571428571428,0.00780428571428571,0,N,False
1.0,0.06428571428571428,0.150000000000000,0,C,False
1.0,0.06428571428571428,17.1428571428571,1,H,True
1.0,0.06428571428571428,42.0779220779221,1,S,True
1.0,0.06428571428571428,0.00780428571428571,1,N,True
1.0,0.06428571428571428,0.00272727272727273,1,C,True
1.0,0.06428571428571428,84.8363636363636,2,H,False
1.0,0.06428571428571428,93.7265680732408,2,S,False
1.0,0.06428571428571428,0.00272727272727273,2,N,False
1.0,0.06428571428571428,0.00473669963776690,2,C,False
1.0,0.06428571428571428,84.8363636363636,3,H,True
1.0,0.06428571428571428,10.4548625136195,3,S,True
1.0,0.06428571428571428,0.00272727272727273,3,N,True
1.0,0.06428571428571428,0.0636301047699466,3,C,True
1.0,0.07785714285714285,17.1428571428571,0,H,False
1.0,0.07785714285714285,0.0,0,S,False
1.0,0.07785714285714285,0.00943285714285714,0,N,False
1.0,0.07785714285714285,0.150000000000000,0,C,False
1.0,0.07785714285714285,17.1428571428571,1,H,True
1.0,0.07785714285714285,42.0779220779221,1,S,True
1.0,0.07785714285714285,0.00943285714285714,1,N,True
1.0,0.07785714285714285,0.00272727272727273,1,C,True
1.0,0.07785714285714285,90.9658048373644,2,H,False
1.0,0.07785714285714285,88.8668726188951,2,S,False
1.0,0.07785714285714285,0.00272727272727273,2,N,False
1.0,0.07785714285714285,0.00525765927184338,2,C,False
1.0,0.07785714285714285,90.9658048373644,3,H,True
1.0,0.07785714285714285,12.7392553110256,3,S,True
1.0,0.07785714285714285,0.00272727272727273,3,N,True
1.0,0.07785714285714285,0.0554705612149260,3,C,True
1.0,0.09142857142857143,17.1428571428571,0,H,False
1.0,0.09142857142857143,0.0,0,S,False
1.0,0.09142857142857143,0.0110614285714286,0,N,False
1.0,0.09142857142857143,0.150000000000000,0,C,False
1.0,0.09142857142857143,17.1428571428571,1,H,True
1.0,0.09142857142857143,42.0779220779221,1,S,True
1.0,0.09142857142857143,0.0110614285714286,1,N,True
1.0,0.09142857142857143,0.00272727272727273,1,C,True
1.0,0.09142857142857143,95.2755681818182,2,H,False
1.0,0.09142857142857143,84.3276190276662,2,S,False
1.0,0.09142857142857143,0.00272727272727273,2,N,False
1.0,0.09142857142857143,0.00573966567283245,2,C,False
1.0,0.09142857142857143,95.2755681818182,3,H,True
1.0,0.09142857142857143,14.6525804201835,3,S,True
1.0,0.09142857142857143,0.00272727272727273,3,N,True
1.0,0.09142857142857143,0.0496176754945229,3,C,True
1.0,0.105,17.1428571428571,0,H,False
1.0,0.105,0.0,0,S,False
1.0,0.105,0.0126900000000000,0,N,False
1.0,0.105,0.150000000000000,0,C,False
1.0,0.105,17.1428571428571,1,H,True
1.0,0.105,42.0779220779221,1,S,True
1.0,0.105,0.0126900000000000,1,N,True
1.0,0.105,0.00272727272727273,1,C,True
1.0,0.105,98.4712430426716,2,H,False
1.0,0.105,80.2977370098246,2,S,False
1.0,0.105,0.00272727272727273,2,N,False
1.0,0.105,0.00619027193861558,2,C,False
1.0,0.105,98.4712430426716,3,H,True
1.0,0.105,16.3007697793889,3,S,True
1.0,0.105,0.00272727272727273,3,N,True
1.0,0.105,0.0451845804816914,3,C,True
1.0,0.11857142857142856,17.1428571428571,0,H,False
1.0,0.11857142857142856,0.0,0,S,False
1.0,0.11857142857142856,0.0143185714285714,0,N,False
1.0,0.11857142857142856,0.150000000000000,0,C,False
1.0,0.11857142857142856,17.1428571428571,1,H,True
1.0,0.11857142857142856,42.0779220779221,1,S,True
1.0,0.11857142857142856,0.0143185714285714,1,N,True
1.0,0.11857142857142856,0.00272727272727273,1,C,True
1.0,0.11857142857142856,100.935377875137,2,H,False
1.0,0.11857142857142856,76.7558428876457,2,S,False
1.0,0.11857142857142856,0.00272727272727273,2,N,False
1.0,0.11857142857142856,0.00661533568944570,2,C,False
1.0,0.11857142857142856,100.935377875137,3,H,True
1.0,0.11857142857142856,17.7534851098512,3,S,True
1.0,0.11857142857142856,0.00272727272727273,3,N,True
1.0,0.11857142857142856,0.0416886820343421,3,C,True
1.0,0.13214285714285715,17.1428571428571,0,H,False
1.0,0.13214285714285715,0.0,0,S,False
1.0,0.13214285714285715,0.0159471428571429,0,N,False
1.0,0.13214285714285715,0.150000000000000,0,C,False
1.0,0.13214285714285715,17.1428571428571,1,H,True
1.0,0.13214285714285715,42.0779220779221,1,S,True
1.0,0.13214285714285715,0.0159471428571429,1,N,True
1.0,0.13214285714285715,0.00272727272727273,1,C,True
1.0,0.13214285714285715,102.893366093366,2,H,False
1.0,0.13214285714285715,73.6342776216765,2,S,False
1.0,0.13214285714285715,0.00272727272727273,2,N,False
1.0,0.13214285714285715,0.00701953250859298,2,C,False
1.0,0.13214285714285715,102.893366093366,3,H,True
1.0,0.13214285714285715,19.0581201877112,3,S,True
1.0,0.13214285714285715,0.00272727272727273,3,N,True
1.0,0.13214285714285715,0.0388444165644469,3,C,True
1.0,0.1457142857142857,17.1428571428571,0,H,False
1.0,0.1457142857142857,0.0,0,S,False
1.0,0.1457142857142857,0.0175757142857143,0,N,False
1.0,0.1457142857142857,0.150000000000000,0,C,False
1.0,0.1457142857142857,17.1428571428571,1,H,True
1.0,0.1457142857142857,42.0779220779221,1,S,True
1.0,0.1457142857142857,0.0175757142857143,1,N,True
1.0,0.1457142857142857,0.00272727272727273,1,C,True
1.0,0.1457142857142857,104.486631016043,2,H,False
1.0,0.1457142857142857,70.8632379711994,2,S,False
1.0,0.1457142857142857,0.00272727272727273,2,N,False
1.0,0.1457142857142857,0.00740669802123650,2,C,False
1.0,0.1457142857142857,104.486631016043,3,H,True
1.0,0.1457142857142857,20.2481603224841,3,S,True
1.0,0.1457142857142857,0.00272727272727273,3,N,True
1.0,0.1457142857142857,0.0364717049928617,3,C,True
1.0,0.15928571428571428,17.1428571428571,0,H,False
1.0,0.15928571428571428,0.0,0,S,False
1.0,0.15928571428571428,0.0192042857142857,0,N,False
1.0,0.15928571428571428,0.150000000000000,0,C,False
1.0,0.15928571428571428,17.1428571428571,1,H,True
1.0,0.15928571428571428,42.0779220779221,1,S,True
1.0,0.15928571428571428,0.0192042857142857,1,N,True
1.0,0.15928571428571428,0.00272727272727273,1,C,True
1.0,0.15928571428571428,105.808397880147,2,H,False
1.0,0.15928571428571428,68.3818576316565,2,S,False
1.0,0.15928571428571428,0.00272727272727273,2,N,False
1.0,0.15928571428571428,0.00778006559587086,2,C,False
1.0,0.15928571428571428,105.808397880147,3,H,True
1.0,0.15928571428571428,21.3481379723157,3,S,True
1.0,0.15928571428571428,0.00272727272727273,3,N,True
1.0,0.15928571428571428,0.0344511355307645,3,C,True
1.0,0.17285714285714288,17.1428571428571,0,H,False
1.0,0.17285714285714288,0.0,0,S,False
1.0,0.17285714285714288,0.0208328571428572,0,N,False
1.0,0.17285714285714288,0.150000000000000,0,C,False
1.0,0.17285714285714288,17.1428571428571,1,H,True
1.0,0.17285714285714288,42.0779220779221,1,S,True
1.0,0.17285714285714288,0.0208328571428572,1,N,True
1.0,0.17285714285714288,0.00272727272727273,1,C,True
1.0,0.17285714285714288,106.922614575507,2,H,False
1.0,0.17285714285714288,66.1396755182116,2,S,False
1.0,0.17285714285714288,0.00272727272727273,2,N,False
1.0,0.17285714285714288,0.00814243888373878,2,C,False
1.0,0.17285714285714288,106.922614575507,3,H,True
1.0,0.17285714285714288,22.3766538825512,3,S,True
1.0,0.17285714285714288,0.00272727272727273,3,N,True
1.0,0.17285714285714288,0.0327002118914810,3,C,True
1.0,0.18642857142857144,17.1428571428571,0,H,False
1.0,0.18642857142857144,0.0,0,S,False
1.0,0.18642857142857144,0.0224614285714286,0,N,False
1.0,0.18642857142857144,0.150000000000000,0,C,False
1.0,0.18642857142857144,17.1428571428571,1,H,True
1.0,0.18642857142857144,42.0779220779221,1,S,True
1.0,0.18642857142857144,0.0224614285714286,1,N,True
1.0,0.18642857142857144,0.00272727272727273,1,C,True
1.0,0.18642857142857144,107.874608150470,2,H,False
1.0,0.18642857142857144,64.0954370203688,2,S,False
1.0,0.18642857142857144,0.00272727272727273,2,N,False
1.0,0.18642857142857144,0.00849632348629829,2,C,False
1.0,0.18642857142857144,107.874608150470,3,H,True
1.0,0.18642857142857144,23.3482887367256,3,S,True
1.0,0.18642857142857144,0.00272727272727273,3,N,True
1.0,0.18642857142857144,0.0311599413564869,3,C,True
1.0,0.2,17.1428571428571,0,H,False
1.0,0.2,0.0,0,S,False
1.0,0.2,0.0240900000000000,0,N,False
1.0,0.2,0.150000000000000,0,C,False
1.0,0.2,17.1428571428571,1,H,True
1.0,0.2,42.0779220779221,1,S,True
1.0,0.2,0.0240900000000000,1,N,True
1.0,0.2,0.00272727272727273,1,C,True
1.0,0.2,108.697402597403,2,H,False
1.0,0.2,62.2153674292338,2,S,False
1.0,0.2,0.00272727272727273,2,N,False
1.0,0.2,0.00884403386073725,2,C,False
1.0,0.2,108.697402597403,3,H,True
1.0,0.2,24.2748638616860,3,S,True
1.0,0.2,0.00272727272727273,3,N,True
1.0,0.2,0.0297868545690148,3,C,True
1.0357142857142858,0.01,15.3061224489796,0,H,True
1.0357142857142858,0.01,0.0,0,S,True
1.0357142857142858,0.01,0.00131142857142857,0,N,True
1.0357142857142858,0.01,0.151071428571428,0,C,True
1.0357142857142858,0.01,,1,H,False
1.0357142857142858,0.01,,1,S,False
1.0357142857142858,0.01,,1,N,False
1.0357142857142858,0.01,,1,C,False
1.0357142857142858,0.01,,2,H,False
1.0357142857142858,0.01,,2,S,False
1.0357142857142858,0.01,,2,N,False
1.0357142857142858,0.01,,2,C,False
1.0357142857142858,0.01,,3,H,False
1.0357142857142858,0.01,,3,S,False
1.0357142857142858,0.01,,3,N,False
1.0357142857142858,0.01,,3,C,False
1.0357142857142858,0.02357142857142857,15.3061224489796,0,H,False
1.0357142857142858,0.02357142857142857,0.0,0,S,False
1.0357142857142858,0.02357142857142857,0.00296908163265306,0,N,False
1.0357142857142858,0.02357142857142857,0.151071428571428,0,C,False
1.0357142857142858,0.02357142857142857,15.3061224489796,1,H,True
1.0357142857142858,0.02357142857142857,37.1650822977472,1,S,True
1.0357142857142858,0.02357142857142857,0.00296908163265305,1,N,True
1.0357142857142858,0.02357142857142857,0.00278275020341741,1,C,True
1.0357142857142858,0.02357142857142857,24.0991735537191,2,H,False
1.0357142857142858,0.02357142857142857,54.4207961782573,2,S,False
1.0357142857142858,0.02357142857142857,0.00272727272727273,2,N,False
1.0357142857142858,0.02357142857142857,0.00290126135023195,2,C,False
1.0357142857142858,0.02357142857142857,24.0991735537191,3,H,True
1.0357142857142858,0.02357142857142857,0.328386025961299,3,S,True
1.0357142857142858,0.02357142857142857,0.00272727272727273,3,N,True
1.0357142857142858,0.02357142857142857,0.139980682580532,3,C,True
1.0357142857142858,0.037142857142857144,15.3061224489796,0,H,False
1.0357142857142858,0.037142857142857144,0.0,0,S,False
1.0357142857142858,0.037142857142857144,0.00462673469387755,0,N,False
1.0357142857142858,0.037142857142857144,0.151071428571428,0,C,False
1.0357142857142858,0.037142857142857144,15.3061224489796,1,H,True
1.0357142857142858,0.037142857142857144,37.1650822977472,1,S,True
1.0357142857142858,0.037142857142857144,0.00462673469387754,1,N,True
1.0357142857142858,0.037142857142857144,0.00278275020341741,1,C,True
1.0357142857142858,0.037142857142857144,59.1398601398601,2,H,False
1.0357142857142858,0.037142857142857144,93.2301192832055,2,S,False
1.0357142857142858,0.037142857142857144,0.00272727272727273,2,N,False
1.0357142857142858,0.037142857142857144,0.00365695742208361,2,C,False
1.0357142857142858,0.037142857142857144,59.1398601398601,3,H,True
1.0357142857142858,0.037142857142857144,4.29173636681723,3,S,True
1.0357142857142858,0.037142857142857144,0.00272727272727273,3,N,True
1.0357142857142858,0.037142857142857144,0.0955001590578563,3,C,True
1.0357142857142858,0.05071428571428572,15.3061224489796,0,H,False
1.0357142857142858,0.05071428571428572,0.0,0,S,False
1.0357142857142858,0.05071428571428572,0.00628438775510204,0,N,False
1.0357142857142858,0.05071428571428572,0.151071428571428,0,C,False
1.0357142857142858,0.05071428571428572,15.3061224489796,1,H,True
1.0357142857142858,0.05071428571428572,37.1650822977472,1,S,True
1.0357142857142858,0.05071428571428572,0.00628438775510203,1,N,True
1.0357142857142858,0.05071428571428572,0.00278275020341741,1,C,True
1.0357142857142858,0.05071428571428572,75.4263764404611,2,H,False
1.0357142857142858,0.05071428571428572,94.6028633639002,2,S,False
1.0357142857142858,0.05071428571428572,0.00272727272727273,2,N,False
1.0357142857142858,0.05071428571428572,0.00433283487202699,2,C,False
1.0357142857142858,0.05071428571428572,75.4263764404611,3,H,True
1.0357142857142858,0.05071428571428572,7.94096025460507,3,S,True
1.0357142857142858,0.05071428571428572,0.00272727272727273,3,N,True
1.0357142857142858,0.05071428571428572,0.0745014744828817,3,C,True
1.0357142857142858,0.06428571428571428,15.3061224489796,0,H,False
1.0357142857142858,0.06428571428571428,0.0,0,S,False
1.0357142857142858,0.06428571428571428,0.00794204081632653,0,N,False
1.0357142857142858,0.06428571428571428,0.151071428571428,0,C,False
1.0357142857142858,0.06428571428571428,15.3061224489796,1,H,True
1.0357142857142858,0.06428571428571428,37.1650822977472,1,S,True
1.0357142857142858,0.06428571428571428,0.00794204081632652,1,N,True
1.0357142857142858,0.06428571428571428,0.00278275020341741,1,C,True
1.0357142857142858,0.06428571428571428,84.8363636363637,2,H,False
1.0357142857142858,0.06428571428571428,90.2994398443502,2,S,False
1.0357142857142858,0.06428571428571428,0.00272727272727273,2,N,False
1.0357142857142858,0.06428571428571428,0.00494866287184859,2,C,False
1.0357142857142858,0.06428571428571428,84.8363636363637,3,H,True
1.0357142857142858,0.06428571428571428,10.8480676828182,3,S,True
1.0357142857142858,0.06428571428571428,0.00272727272727273,3,N,True
1.0357142857142858,0.06428571428571428,0.0621435801441535,3,C,True
1.0357142857142858,0.07785714285714285,15.3061224489796,0,H,False
1.0357142857142858,0.07785714285714285,0.0,0,S,False
1.0357142857142858,0.07785714285714285,0.00959969387755102,0,N,False
1.0357142857142858,0.07785714285714285,0.151071428571428,0,C,False
1.0357142857142858,0.07785714285714285,15.3061224489796,1,H,True
1.0357142857142858,0.07785714285714285,37.1650822977472,1,S,True
1.0357142857142858,0.07785714285714285,0.00959969387755101,1,N,True
1.0357142857142858,0.07785714285714285,0.00278275020341741,1,C,True
1.0357142857142858,0.07785714285714285,90.9658048373645,2,H,False
1.0357142857142858,0.07785714285714285,85.3236548407725,2,S,False
1.0357142857142858,0.07785714285714285,0.00272727272727273,2,N,False
1.0357142857142858,0.07785714285714285,0.00551832318603487,2,C,False
1.0357142857142858,0.07785714285714285,90.9658048373645,3,H,True
1.0357142857142858,0.07785714285714285,13.2213570273531,3,S,True
1.0357142857142858,0.07785714285714285,0.00272727272727273,3,N,True
1.0357142857142858,0.07785714285714285,0.0539254179027895,3,C,True
1.0357142857142858,0.09142857142857143,15.3061224489796,0,H,False
1.0357142857142858,0.09142857142857143,0.0,0,S,False
1.0357142857142858,0.09142857142857143,0.0112573469387755,0,N,False
1.0357142857142858,0.09142857142857143,0.151071428571428,0,C,False
1.0357142857142858,0.09142857142857143,15.3061224489796,1,H,True
1.0357142857142858,0.09142857142857143,37.1650822977472,1,S,True
1.0357142857142858,0.09142857142857143,0.0112573469387755,1,N,True
1.0357142857142858,0.09142857142857143,0.00278275020341741,1,C,True
1.0357142857142858,0.09142857142857143,95.2755681818182,2,H,False
1.0357142857142858,0.09142857142857143,80.6893518496992,2,S,False
1.0357142857142858,0.09142857142857143,0.00272727272727273,2,N,False
1.0357142857142858,0.09142857142857143,0.00605204573369239,2,C,False
1.0357142857142858,0.09142857142857143,95.2755681818182,3,H,True
1.0357142857142858,0.09142857142857143,15.2261046912122,3,S,True
1.0357142857142858,0.09142857142857143,0.00272727272727273,3,N,True
1.0357142857142858,0.09142857142857143,0.0480138424375850,3,C,True
1.0357142857142858,0.105,15.3061224489796,0,H,False
1.0357142857142858,0.105,0.0,0,S,False
1.0357142857142858,0.105,0.0129150000000000,0,N,False
1.0357142857142858,0.105,0.151071428571428,0,C,False
1.0357142857142858,0.105,15.3061224489796,1,H,True
1.0357142857142858,0.105,37.1650822977472,1,S,True
1.0357142857142858,0.105,0.0129150000000000,1,N,True
1.0357142857142858,0.105,0.00278275020341741,1,C,True
1.0357142857142858,0.105,98.4712430426717,2,H,False
1.0357142857142858,0.105,76.5690020815279,2,S,False
1.0357142857142858,0.105,0.00272727272727273,2,N,False
1.0357142857142858,0.105,0.00655769876094368,2,C,False
1.0357142857142858,0.105,98.4712430426717,3,H,True
1.0357142857142858,0.105,16.9703321242816,3,S,True
1.0357142857142858,0.105,0.00272727272727273,3,N,True
1.0357142857142858,0.105,0.0435205297639894,3,C,True
1.0357142857142858,0.11857142857142856,15.3061224489796,0,H,False
1.0357142857142858,0.11857142857142856,0.0,0,S,False
1.0357142857142858,0.11857142857142856,0.0145726530612245,0,N,False
1.0357142857142858,0.11857142857142856,0.151071428571428,0,C,False
1.0357142857142858,0.11857142857142856,15.3061224489796,1,H,True
1.0357142857142858,0.11857142857142856,37.1650822977472,1,S,True
1.0357142857142858,0.11857142857142856,0.0145726530612245,1,N,True
1.0357142857142858,0.11857142857142856,0.00278275020341741,1,C,True
1.0357142857142858,0.11857142857142856,100.935377875137,2,H,False
1.0357142857142858,0.11857142857142856,72.9339723795370,2,S,False
1.0357142857142858,0.11857142857142856,0.00272727272727273,2,N,False
1.0357142857142858,0.11857142857142856,0.00704158505645317,2,C,False
1.0357142857142858,0.11857142857142856,100.935377875137,3,H,True
1.0357142857142858,0.11857142857142856,18.5252809470105,3,S,True
1.0357142857142858,0.11857142857142856,0.00272727272727273,3,N,True
1.0357142857142858,0.11857142857142856,0.0399618215725037,3,C,True
1.0357142857142858,0.13214285714285715,15.3061224489796,0,H,False
1.0357142857142858,0.13214285714285715,0.0,0,S,False
1.0357142857142858,0.13214285714285715,0.0162303061224490,0,N,False
1.0357142857142858,0.13214285714285715,0.151071428571428,0,C,False
1.0357142857142858,0.13214285714285715,15.3061224489796,1,H,True
1.0357142857142858,0.13214285714285715,37.1650822977472,1,S,True
1.0357142857142858,0.13214285714285715,0.0162303061224490,1,N,True
1.0357142857142858,0.13214285714285715,0.00278275020341741,1,C,True
1.0357142857142858,0.13214285714285715,102.893366093366,2,H,False
1.0357142857142858,0.13214285714285715,69.7127026032672,2,S,False
1.0357142857142858,0.13214285714285715,0.00272727272727273,2,N,False
1.0357142857142858,0.13214285714285715,0.00750896568988588,2,C,False
1.0357142857142858,0.13214285714285715,102.893366093366,3,H,True
1.0357142857142858,0.13214285714285715,19.9398313749738,3,S,True
1.0357142857142858,0.13214285714285715,0.00272727272727273,3,N,True
1.0357142857142858,0.13214285714285715,0.0370512040811869,3,C,True
1.0357142857142858,0.1457142857142857,15.3061224489796,0,H,False
1.0357142857142858,0.1457142857142857,0.0,0,S,False
1.0357142857142858,0.1457142857142857,0.0178879591836735,0,N,False
1.0357142857142858,0.1457142857142857,0.151071428571428,0,C,False
1.0357142857142858,0.1457142857142857,15.3061224489796,1,H,True
1.0357142857142858,0.1457142857142857,37.1650822977472,1,S,True
1.0357142857142858,0.1457142857142857,0.0178879591836735,1,N,True
1.0357142857142858,0.1457142857142857,0.00278275020341741,1,C,True
1.0357142857142858,0.1457142857142857,104.486631016043,2,H,False
1.0357142857142858,0.1457142857142857,66.8327060113514,2,S,False
1.0357142857142858,0.1457142857142857,0.00272727272727273,2,N,False
1.0357142857142858,0.1457142857142857,0.00796442951755176,2,C,False
1.0357142857142858,0.1457142857142857,104.486631016043,3,H,True
1.0357142857142858,0.1457142857142857,21.2490857290901,3,S,True
1.0357142857142858,0.1457142857142857,0.00272727272727273,3,N,True
1.0357142857142858,0.1457142857142857,0.0346076161436744,3,C,True
1.0357142857142858,0.15928571428571428,15.3061224489796,0,H,False
1.0357142857142858,0.15928571428571428,0.0,0,S,False
1.0357142857142858,0.15928571428571428,0.0195456122448980,0,N,False
1.0357142857142858,0.15928571428571428,0.151071428571428,0,C,False
1.0357142857142858,0.15928571428571428,15.3061224489796,1,H,True
1.0357142857142858,0.15928571428571428,37.1650822977472,1,S,True
1.0357142857142858,0.15928571428571428,0.0195456122448979,1,N,True
1.0357142857142858,0.15928571428571428,0.00278275020341741,1,C,True
1.0357142857142858,0.15928571428571428,105.808397880147,2,H,False
1.0357142857142858,0.15928571428571428,64.2307317307641,2,S,False
1.0357142857142858,0.15928571428571428,0.00272727272727273,2,N,False
1.0357142857142858,0.15928571428571428,0.00841217773127355,2,C,False
1.0357142857142858,0.15928571428571428,105.808397880147,3,H,True
1.0357142857142858,0.15928571428571428,22.4794935635528,3,S,True
1.0357142857142858,0.15928571428571428,0.00272727272727273,3,N,True
1.0357142857142858,0.15928571428571428,0.0325105273007077,3,C,True
1.0357142857142858,0.17285714285714288,15.3061224489796,0,H,False
1.0357142857142858,0.17285714285714288,0.0,0,S,False
1.0357142857142858,0.17285714285714288,0.0212032653061225,0,N,False
1.0357142857142858,0.17285714285714288,0.151071428571428,0,C,False
1.0357142857142858,0.17285714285714288,15.3061224489796,1,H,True
1.0357142857142858,0.17285714285714288,37.1650822977472,1,S,True
1.0357142857142858,0.17285714285714288,0.0212032653061224,1,N,True
1.0357142857142858,0.17285714285714288,0.00278275020341741,1,C,True
1.0357142857142858,0.17285714285714288,106.922614575508,2,H,False
1.0357142857142858,0.17285714285714288,61.8537343598721,2,S,False
1.0357142857142858,0.17285714285714288,0.00272727272727273,2,N,False
1.0357142857142858,0.17285714285714288,0.00885626979193927,2,C,False
1.0357142857142858,0.17285714285714288,106.922614575508,3,H,True
1.0357142857142858,0.17285714285714288,23.6520511257145,3,S,True
1.0357142857142858,0.17285714285714288,0.00272727272727273,3,N,True
1.0357142857142858,0.17285714285714288,0.0306760819823308,3,C,True
1.0357142857142858,0.18642857142857144,15.3061224489796,0,H,False
1.0357142857142858,0.18642857142857144,0.0,0,S,False
1.0357142857142858,0.18642857142857144,0.0228609183673469,0,N,False
1.0357142857142858,0.18642857142857144,0.151071428571428,0,C,False
1.0357142857142858,0.18642857142857144,15.3061224489796,1,H,True
1.0357142857142858,0.18642857142857144,37.1650822977472,1,S,True
1.0357142857142858,0.18642857142857144,0.0228609183673469,1,N,True
1.0357142857142858,0.18642857142857144,0.00278275020341741,1,C,True
1.0357142857142858,0.18642857142857144,107.874608150470,2,H,False
1.0357142857142858,0.18642857142857144,59.6572952585398,2,S,False
1.0357142857142858,0.18642857142857144,0.00272727272727273,2,N,False
1.0357142857142858,0.18642857142857144,0.00930086905322584,2,C,False
1.0357142857142858,0.18642857142857144,107.874608150470,3,H,True
1.0357142857142858,0.18642857142857144,24.7844470473673,3,S,True
1.0357142857142858,0.18642857142857144,0.00272727272727273,3,N,True
1.0357142857142858,0.18642857142857144,0.0290435563744183,3,C,True
1.0357142857142858,0.2,15.3061224489796,0,H,False
1.0357142857142858,0.2,0.0,0,S,False
1.0357142857142858,0.2,0.0245185714285714,0,N,False
1.0357142857142858,0.2,0.151071428571428,0,C,False
1.0357142857142858,0.2,15.3061224489796,1,H,True
1.0357142857142858,0.2,37.1650822977472,1,S,True
1.0357142857142858,0.2,0.0245185714285714,1,N,True
1.0357142857142858,0.2,0.00278275020341741,1,C,True
1.0357142857142858,0.2,108.697402597403,2,H,False
1.0357142857142858,0.2,57.6034786199500,2,S,False
1.0357142857142858,0.2,0.00272727272727273,2,N,False
1.0357142857142858,0.2,0.00975053034190850,2,C,False
1.0357142857142858,0.2,108.697402597403,3,H,True
1.0357142857142858,0.2,25.8926707804255,3,S,True
1.0357142857142858,0.2,0.00272727272727273,3,N,True
1.0357142857142858,0.2,0.0275671873147229,3,C,True
1.0714285714285714,0.01,13.4693877551021,0,H,True
1.0714285714285714,0.01,0.0,0,S,True
1.0714285714285714,0.01,0.00133285714285714,0,N,True
1.0714285714285714,0.01,0.152142857142857,0,C,True
1.0714285714285714,0.01,,1,H,False
1.0714285714285714,0.01,,1,S,False
1.0714285714285714,0.01,,1,N,False
1.0714285714285714,0.01,,1,C,False
1.0714285714285714,0.01,,2,H,False
1.0714285714285714,0.01,,2,S,False
1.0714285714285714,0.01,,2,N,False
1.0714285714285714,0.01,,2,C,False
1.0714285714285714,0.01,,3,H,False
1.0714285714285714,0.01,,3,S,False
1.0714285714285714,0.01,,3,N,False
1.0714285714285714,0.01,,3,C,False
1.0714285714285714,0.02357142857142857,13.4693877551021,0,H,False
1.0714285714285714,0.02357142857142857,0.0,0,S,False
1.0714285714285714,0.02357142857142857,0.00301959183673470,0,N,False
1.0714285714285714,0.02357142857142857,0.152142857142857,0,C,False
1.0714285714285714,0.02357142857142857,13.4693877551021,1,H,True
1.0714285714285714,0.02357142857142857,32.3615357151468,1,S,True
1.0714285714285714,0.02357142857142857,0.00301959183673469,1,N,True
1.0714285714285714,0.02357142857142857,0.00283849918433932,1,C,True
1.0714285714285714,0.02357142857142857,24.0991735537191,2,H,False
1.0714285714285714,0.02357142857142857,53.0339789873207,2,S,False
1.0714285714285714,0.02357142857142857,0.00272727272727273,2,N,False
1.0714285714285714,0.02357142857142857,0.00298641960582591,2,C,False
1.0714285714285714,0.02357142857142857,24.0991735537191,3,H,True
1.0714285714285714,0.02357142857142857,0.398644093600195,3,S,True
1.0714285714285714,0.02357142857142857,0.00272727272727273,3,N,True
1.0714285714285714,0.02357142857142857,0.138713484672011,3,C,True
1.0714285714285714,0.037142857142857144,13.4693877551021,0,H,False
1.0714285714285714,0.037142857142857144,0.0,0,S,False
1.0714285714285714,0.037142857142857144,0.00470632653061224,0,N,False
1.0714285714285714,0.037142857142857144,0.152142857142857,0,C,False
1.0714285714285714,0.037142857142857144,13.4693877551021,1,H,True
1.0714285714285714,0.037142857142857144,32.3615357151468,1,S,True
1.0714285714285714,0.037142857142857144,0.00470632653061224,1,N,True
1.0714285714285714,0.037142857142857144,0.00283849918433932,1,C,True
1.0714285714285714,0.037142857142857144,59.1398601398600,2,H,False
1.0714285714285714,0.037142857142857144,90.4817978743088,2,S,False
1.0714285714285714,0.037142857142857144,0.00272727272727273,2,N,False
1.0714285714285714,0.037142857142857144,0.00378436718084958,2,C,False
1.0714285714285714,0.037142857142857144,59.1398601398600,3,H,True
1.0714285714285714,0.037142857142857144,4.49848284582827,3,S,True
1.0714285714285714,0.037142857142857144,0.00272727272727273,3,N,True
1.0714285714285714,0.037142857142857144,0.0941337330712639,3,C,True
1.0714285714285714,0.05071428571428572,13.4693877551021,0,H,False
1.0714285714285714,0.05071428571428572,0.0,0,S,False
1.0714285714285714,0.05071428571428572,0.00639306122448980,0,N,False
1.0714285714285714,0.05071428571428572,0.152142857142857,0,C,False
1.0714285714285714,0.05071428571428572,13.4693877551021,1,H,True
1.0714285714285714,0.05071428571428572,32.3615357151468,1,S,True
1.0714285714285714,0.05071428571428572,0.00639306122448980,1,N,True
1.0714285714285714,0.05071428571428572,0.00283849918433932,1,C,True
1.0714285714285714,0.05071428571428572,75.4263764404610,2,H,False
1.0714285714285714,0.05071428571428572,91.4602853185591,2,S,False
1.0714285714285714,0.05071428571428572,0.00272727272727273,2,N,False
1.0714285714285714,0.05071428571428572,0.00450670764235152,2,C,False
1.0714285714285714,0.05071428571428572,75.4263764404610,3,H,True
1.0714285714285714,0.05071428571428572,8.25064021544792,3,S,True
1.0714285714285714,0.05071428571428572,0.00272727272727273,3,N,True
1.0714285714285714,0.05071428571428572,0.0730621034147071,3,C,True
1.0714285714285714,0.06428571428571428,13.4693877551021,0,H,False
1.0714285714285714,0.06428571428571428,0.0,0,S,False
1.0714285714285714,0.06428571428571428,0.00807979591836735,0,N,False
1.0714285714285714,0.06428571428571428,0.152142857142857,0,C,False
1.0714285714285714,0.06428571428571428,13.4693877551021,1,H,True
1.0714285714285714,0.06428571428571428,32.3615357151468,1,S,True
1.0714285714285714,0.06428571428571428,0.00807979591836735,1,N,True
1.0714285714285714,0.06428571428571428,0.00283849918433932,1,C,True
1.0714285714285714,0.06428571428571428,84.8363636363636,2,H,False
1.0714285714285714,0.06428571428571428,86.9734507207098,2,S,False
1.0714285714285714,0.06428571428571428,0.00272727272727273,2,N,False
1.0714285714285714,0.06428571428571428,0.00517310628766231,2,C,False
1.0714285714285714,0.06428571428571428,84.8363636363636,3,H,True
1.0714285714285714,0.06428571428571428,11.2532673267173,3,S,True
1.0714285714285714,0.06428571428571428,0.00272727272727273,3,N,True
1.0714285714285714,0.06428571428571428,0.0606383376789204,3,C,True
1.0714285714285714,0.07785714285714285,13.4693877551021,0,H,False
1.0714285714285714,0.07785714285714285,0.0,0,S,False
1.0714285714285714,0.07785714285714285,0.00976653061224490,0,N,False
1.0714285714285714,0.07785714285714285,0.152142857142857,0,C,False
1.0714285714285714,0.07785714285714285,13.4693877551021,1,H,True
1.0714285714285714,0.07785714285714285,32.3615357151468,1,S,True
1.0714285714285714,0.07785714285714285,0.00976653061224490,1,N,True
1.0714285714285714,0.07785714285714285,0.00283849918433932,1,C,True
1.0714285714285714,0.07785714285714285,90.9658048373644,2,H,False
1.0714285714285714,0.07785714285714285,81.8752463954606,2,S,False
1.0714285714285714,0.07785714285714285,0.00272727272727273,2,N,False
1.0714285714285714,0.07785714285714285,0.00579768518906259,2,C,False
1.0714285714285714,0.07785714285714285,90.9658048373644,3,H,True
1.0714285714285714,0.07785714285714285,13.7234069812704,3,S,True
1.0714285714285714,0.07785714285714285,0.00272727272727273,3,N,True
1.0714285714285714,0.07785714285714285,0.0523552903057423,3,C,True
1.0714285714285714,0.09142857142857143,13.4693877551021,0,H,False
1.0714285714285714,0.09142857142857143,0.0,0,S,False
1.0714285714285714,0.09142857142857143,0.0114532653061224,0,N,False
1.0714285714285714,0.09142857142857143,0.152142857142857,0,C,False
1.0714285714285714,0.09142857142857143,13.4693877551021,1,H,True
1.0714285714285714,0.09142857142857143,32.3615357151468,1,S,True
1.0714285714285714,0.09142857142857143,0.0114532653061224,1,N,True
1.0714285714285714,0.09142857142857143,0.00283849918433932,1,C,True
1.0714285714285714,0.09142857142857143,95.2755681818182,2,H,False
1.0714285714285714,0.09142857142857143,77.1355201732009,2,S,False
1.0714285714285714,0.09142857142857143,0.00272727272727273,2,N,False
1.0714285714285714,0.09142857142857143,0.00639118211364907,2,C,False
1.0714285714285714,0.09142857142857143,95.2755681818182,3,H,True
1.0714285714285714,0.09142857142857143,15.8305643831512,3,S,True
1.0714285714285714,0.09142857142857143,0.00272727272727273,3,N,True
1.0714285714285714,0.09142857142857143,0.0463769327369368,3,C,True
1.0714285714285714,0.105,13.4693877551021,0,H,False
1.0714285714285714,0.105,0.0,0,S,False
1.0714285714285714,0.105,0.0131400000000000,0,N,False
1.0714285714285714,0.105,0.152142857142857,0,C,False
1.0714285714285714,0.105,13.4693877551021,1,H,True
1.0714285714285714,0.105,32.3615357151468,1,S,True
1.0714285714285714,0.105,0.0131400000000000,1,N,True
1.0714285714285714,0.105,0.00283849918433932,1,C,True
1.0714285714285714,0.105,98.4712430426716,2,H,False
1.0714285714285714,0.105,72.9100429451180,2,S,False
1.0714285714285714,0.105,0.00272727272727273,2,N,False
1.0714285714285714,0.105,0.00696223366777224,2,C,False
1.0714285714285714,0.105,98.4712430426716,3,H,True
1.0714285714285714,0.105,17.6856626401082,3,S,True
1.0714285714285714,0.105,0.00272727272727273,3,N,True
1.0714285714285714,0.105,0.0418130253309779,3,C,True
1.0714285714285714,0.11857142857142856,13.4693877551021,0,H,False
1.0714285714285714,0.11857142857142856,0.0,0,S,False
1.0714285714285714,0.11857142857142856,0.0148267346938775,0,N,False
1.0714285714285714,0.11857142857142856,0.152142857142857,0,C,False
1.0714285714285714,0.11857142857142856,13.4693877551021,1,H,True
1.0714285714285714,0.11857142857142856,32.3615357151468,1,S,True
1.0714285714285714,0.11857142857142856,0.0148267346938775,1,N,True
1.0714285714285714,0.11857142857142856,0.00283849918433932,1,C,True
1.0714285714285714,0.11857142857142856,100.935377875137,2,H,False
1.0714285714285714,0.11857142857142856,69.1620637822714,2,S,False
1.0714285714285714,0.11857142857142856,0.00272727272727273,2,N,False
1.0714285714285714,0.11857142857142856,0.00751821266284840,2,C,False
1.0714285714285714,0.11857142857142856,100.935377875137,3,H,True
1.0714285714285714,0.11857142857142856,19.3626284309885,3,S,True
1.0714285714285714,0.11857142857142856,0.00272727272727273,3,N,True
1.0714285714285714,0.11857142857142856,0.0381782177272574,3,C,True
1.0714285714285714,0.13214285714285715,13.4693877551021,0,H,False
1.0714285714285714,0.13214285714285715,0.0,0,S,False
1.0714285714285714,0.13214285714285715,0.0165134693877551,0,N,False
1.0714285714285714,0.13214285714285715,0.152142857142857,0,C,False
1.0714285714285714,0.13214285714285715,13.4693877551021,1,H,True
1.0714285714285714,0.13214285714285715,32.3615357151468,1,S,True
1.0714285714285714,0.13214285714285715,0.0165134693877551,1,N,True
1.0714285714285714,0.13214285714285715,0.00283849918433932,1,C,True
1.0714285714285714,0.13214285714285715,102.893366093366,2,H,False
1.0714285714285714,0.13214285714285715,65.8146848817896,2,S,False
1.0714285714285714,0.13214285714285715,0.00272727272727273,2,N,False
1.0714285714285714,0.13214285714285715,0.00806584206567279,2,C,False
1.0714285714285714,0.13214285714285715,102.893366093366,3,H,True
1.0714285714285714,0.13214285714285715,20.9133729497245,3,S,True
1.0714285714285714,0.13214285714285715,0.00272727272727273,3,N,True
1.0714285714285714,0.13214285714285715,0.0351841677543208,3,C,True
1.0714285714285714,0.1457142857142857,13.4693877551021,0,H,False
1.0714285714285714,0.1457142857142857,0.0,0,S,False
1.0714285714285714,0.1457142857142857,0.0182002040816326,0,N,False
1.0714285714285714,0.1457142857142857,0.152142857142857,0,C,False
1.0714285714285714,0.1457142857142857,13.4693877551021,1,H,True
1.0714285714285714,0.1457142857142857,32.3615357151468,1,S,True
1.0714285714285714,0.1457142857142857,0.0182002040816326,1,N,True
1.0714285714285714,0.1457142857142857,0.00283849918433932,1,C,True
1.0714285714285714,0.1457142857142857,104.486631016043,2,H,False
1.0714285714285714,0.1457142857142857,62.7905703724848,2,S,False
1.0714285714285714,0.1457142857142857,0.00272727272727273,2,N,False
1.0714285714285714,0.1457142857142857,0.00861172213643642,2,C,False
1.0714285714285714,0.1457142857142857,104.486631016043,3,H,True
1.0714285714285714,0.1457142857142857,22.3768336056993,3,S,True
1.0714285714285714,0.1457142857142857,0.00272727272727273,3,N,True
1.0714285714285714,0.1457142857142857,0.0326475729059170,3,C,True
1.0714285714285714,0.15928571428571428,13.4693877551021,0,H,False
1.0714285714285714,0.15928571428571428,0.0,0,S,False
1.0714285714285714,0.15928571428571428,0.0198869387755102,0,N,False
1.0714285714285714,0.15928571428571428,0.152142857142857,0,C,False
1.0714285714285714,0.15928571428571428,13.4693877551021,1,H,True
1.0714285714285714,0.15928571428571428,32.3615357151468,1,S,True
1.0714285714285714,0.15928571428571428,0.0198869387755102,1,N,True
1.0714285714285714,0.15928571428571428,0.00283849918433932,1,C,True
1.0714285714285714,0.15928571428571428,105.808397880147,2,H,False
1.0714285714285714,0.15928571428571428,60.0208241575819,2,S,False
1.0714285714285714,0.15928571428571428,0.00272727272727273,2,N,False
1.0714285714285714,0.15928571428571428,0.00916288282435051,2,C,False
1.0714285714285714,0.15928571428571428,105.808397880147,3,H,True
1.0714285714285714,0.15928571428571428,23.7846642424703,3,S,True
1.0714285714285714,0.15928571428571428,0.00272727272727273,3,N,True
1.0714285714285714,0.15928571428571428,0.0304449223800503,3,C,True
1.0714285714285714,0.17285714285714288,13.4693877551021,0,H,False
1.0714285714285714,0.17285714285714288,0.0,0,S,False
1.0714285714285714,0.17285714285714288,0.0215736734693878,0,N,False
1.0714285714285714,0.17285714285714288,0.152142857142857,0,C,False
1.0714285714285714,0.17285714285714288,13.4693877551021,1,H,True
1.0714285714285714,0.17285714285714288,32.3615357151468,1,S,True
1.0714285714285714,0.17285714285714288,0.0215736734693878,1,N,True
1.0714285714285714,0.17285714285714288,0.00283849918433932,1,C,True
1.0714285714285714,0.17285714285714288,106.922614575507,2,H,False
1.0714285714285714,0.17285714285714288,57.4447674822432,2,S,False
1.0714285714285714,0.17285714285714288,0.00272727272727273,2,N,False
1.0714285714285714,0.17285714285714288,0.00972749798592950,2,C,False
1.0714285714285714,0.17285714285714288,106.922614575507,3,H,True
1.0714285714285714,0.17285714285714288,25.1653193518837,3,S,True
1.0714285714285714,0.17285714285714288,0.00272727272727273,3,N,True
1.0714285714285714,0.17285714285714288,0.0284881422311058,3,C,True
1.0714285714285714,0.18642857142857144,13.4693877551021,0,H,False
1.0714285714285714,0.18642857142857144,0.0,0,S,False
1.0714285714285714,0.18642857142857144,0.0232604081632653,0,N,False
1.0714285714285714,0.18642857142857144,0.152142857142857,0,C,False
1.0714285714285714,0.18642857142857144,13.4693877551021,1,H,True
1.0714285714285714,0.18642857142857144,32.3615357151468,1,S,True
1.0714285714285714,0.18642857142857144,0.0232604081632653,1,N,True
1.0714285714285714,0.18642857142857144,0.00283849918433932,1,C,True
1.0714285714285714,0.18642857142857144,107.874608150470,2,H,False
1.0714285714285714,0.18642857142857144,55.0066378851527,2,S,False
1.0714285714285714,0.18642857142857144,0.00272727272727273,2,N,False
1.0714285714285714,0.18642857142857144,0.0103159982918305,2,C,False
1.0714285714285714,0.18642857142857144,107.874608150470,3,H,True
1.0714285714285714,0.18642857142857144,26.5477823682056,3,S,True
1.0714285714285714,0.18642857142857144,0.00272727272727273,3,N,True
1.0714285714285714,0.18642857142857144,0.0267101676256557,3,C,True
1.0714285714285714,0.2,13.4693877551021,0,H,False
1.0714285714285714,0.2,0.0,0,S,False
1.0714285714285714,0.2,0.0249471428571429,0,N,False
1.0714285714285714,0.2,0.152142857142857,0,C,False
1.0714285714285714,0.2,13.4693877551021,1,H,True
1.0714285714285714,0.2,32.3615357151468,1,S,True
1.0714285714285714,0.2,0.0249471428571429,1,N,True
1.0714285714285714,0.2,0.00283849918433932,1,C,True
1.0714285714285714,0.2,108.697402597403,2,H,False
1.0714285714285714,0.2,52.6502251779373,2,S,False
1.0714285714285714,0.2,0.00272727272727273,2,N,False
1.0714285714285714,0.2,0.0109431053469386,2,C,False
1.0714285714285714,0.2,108.697402597403,3,H,True
1.0714285714285714,0.2,27.9663276641769,3,S,True
1.0714285714285714,0.2,0.00272727272727273,3,N,True
1.0714285714285714,0.2,0.0250550149259371,3,C,True
1.1071428571428572,0.01,11.6326530612245,0,H,True
1.1071428571428572,0.01,0.0,0,S,True
1.1071428571428572,0.01,0.00135428571428572,0,N,True
1.1071428571428572,0.01,0.153214285714286,0,C,True
1.1071428571428572,0.01,,1,H,False
1.1071428571428572,0.01,,1,S,False
1.1071428571428572,0.01,,1,N,False
1.1071428571428572,0.01,,1,C,False
1.1071428571428572,0.01,,2,H,False
1.1071428571428572,0.01,,2,S,False
1.1071428571428572,0.01,,2,N,False
1.1071428571428572,0.01,,2,C,False
1.1071428571428572,0.01,,3,H,False
1.1071428571428572,0.01,,3,S,False
1.1071428571428572,0.01,,3,N,False
1.1071428571428572,0.01,,3,C,False
1.1071428571428572,0.02357142857142857,11.6326530612245,0,H,False
1.1071428571428572,0.02357142857142857,0.0,0,S,False
1.1071428571428572,0.02357142857142857,0.00307010204081633,0,N,False
1.1071428571428572,0.02357142857142857,0.153214285714286,0,C,False
1.1071428571428572,0.02357142857142857,11.6326530612245,1,H,True
1.1071428571428572,0.02357142857142857,27.6617483474952,1,S,True
1.1071428571428572,0.02357142857142857,0.00307010204081632,1,N,True
1.1071428571428572,0.02357142857142857,0.00289452166802944,1,C,True
1.1071428571428572,0.02357142857142857,24.0991735537191,2,H,False
1.1071428571428572,0.02357142857142857,51.6933964168606,2,S,False
1.1071428571428572,0.02357142857142857,0.00272727272727273,2,N,False
1.1071428571428572,0.02357142857142857,0.00307361372437732,2,C,False
1.1071428571428572,0.02357142857142857,24.0991735537191,3,H,True
1.1071428571428572,0.02357142857142857,0.469507434557365,3,S,True
1.1071428571428572,0.02357142857142857,0.00272727272727273,3,N,True
1.1071428571428572,0.02357142857142857,0.137438451850722,3,C,True
1.1071428571428572,0.037142857142857144,11.6326530612245,0,H,False
1.1071428571428572,0.037142857142857144,0.0,0,S,False
1.1071428571428572,0.037142857142857144,0.00478591836734694,0,N,False
1.1071428571428572,0.037142857142857144,0.153214285714286,0,C,False
1.1071428571428572,0.037142857142857144,11.6326530612245,1,H,True
1.1071428571428572,0.037142857142857144,27.6617483474952,1,S,True
1.1071428571428572,0.037142857142857144,0.00478591836734693,1,N,True
1.1071428571428572,0.037142857142857144,0.00289452166802944,1,C,True
1.1071428571428572,0.037142857142857144,59.1398601398602,2,H,False
1.1071428571428572,0.037142857142857144,87.8223615731746,2,S,False
1.1071428571428572,0.037142857142857144,0.00272727272727273,2,N,False
1.1071428571428572,0.037142857142857144,0.00391635002388445,2,C,False
1.1071428571428572,0.037142857142857144,59.1398601398602,3,H,True
1.1071428571428572,0.037142857142857144,4.70818608492709,3,S,True
1.1071428571428572,0.037142857142857144,0.00272727272727273,3,N,True
1.1071428571428572,0.037142857142857144,0.0927566554252861,3,C,True
1.1071428571428572,0.05071428571428572,11.6326530612245,0,H,False
1.1071428571428572,0.05071428571428572,0.0,0,S,False
1.1071428571428572,0.05071428571428572,0.00650173469387755,0,N,False
1.1071428571428572,0.05071428571428572,0.153214285714286,0,C,False
1.1071428571428572,0.05071428571428572,11.6326530612245,1,H,True
1.1071428571428572,0.05071428571428572,27.6617483474952,1,S,True
1.1071428571428572,0.05071428571428572,0.00650173469387755,1,N,True
1.1071428571428572,0.05071428571428572,0.00289452166802944,1,C,True
1.1071428571428572,0.05071428571428572,75.4263764404612,2,H,False
1.1071428571428572,0.05071428571428572,88.4142281039300,2,S,False
1.1071428571428572,0.05071428571428572,0.00272727272727273,2,N,False
1.1071428571428572,0.05071428571428572,0.00468896740501585,2,C,False
1.1071428571428572,0.05071428571428572,75.4263764404612,3,H,True
1.1071428571428572,0.05071428571428572,8.56723767644429,3,S,True
1.1071428571428572,0.05071428571428572,0.00272727272727273,3,N,True
1.1071428571428572,0.05071428571428572,0.0716081368588634,3,C,True
1.1071428571428572,0.06428571428571428,11.6326530612245,0,H,False
1.1071428571428572,0.06428571428571428,0.0,0,S,False
1.1071428571428572,0.06428571428571428,0.00821755102040816,0,N,False
1.1071428571428572,0.06428571428571428,0.153214285714286,0,C,False
1.1071428571428572,0.06428571428571428,11.6326530612245,1,H,True
1.1071428571428572,0.06428571428571428,27.6617483474952,1,S,True
1.1071428571428572,0.06428571428571428,0.00821755102040816,1,N,True
1.1071428571428572,0.06428571428571428,0.00289452166802944,1,C,True
1.1071428571428572,0.06428571428571428,84.8363636363638,2,H,False
1.1071428571428572,0.06428571428571428,83.7417229844404,2,S,False
1.1071428571428572,0.06428571428571428,0.00272727272727273,2,N,False
1.1071428571428572,0.06428571428571428,0.00541132272753617,2,C,False
1.1071428571428572,0.06428571428571428,84.8363636363638,3,H,True
1.1071428571428572,0.06428571428571428,11.6716482116428,3,S,True
1.1071428571428572,0.06428571428571428,0.00272727272727273,3,N,True
1.1071428571428572,0.06428571428571428,0.0591130386292862,3,C,True
1.1071428571428572,0.07785714285714285,11.6326530612245,0,H,False
1.1071428571428572,0.07785714285714285,0.0,0,S,False
1.1071428571428572,0.07785714285714285,0.00993336734693877,0,N,False
1.1071428571428572,0.07785714285714285,0.153214285714286,0,C,False
1.1071428571428572,0.07785714285714285,11.6326530612245,1,H,True
1.1071428571428572,0.07785714285714285,27.6617483474952,1,S,True
1.1071428571428572,0.07785714285714285,0.00993336734693877,1,N,True
1.1071428571428572,0.07785714285714285,0.00289452166802944,1,C,True
1.1071428571428572,0.07785714285714285,90.9658048373645,2,H,False
1.1071428571428572,0.07785714285714285,78.5132980653790,2,S,False
1.1071428571428572,0.07785714285714285,0.00272727272727273,2,N,False
1.1071428571428572,0.07785714285714285,0.00609819725221319,2,C,False
1.1071428571428572,0.07785714285714285,90.9658048373645,3,H,True
1.1071428571428572,0.07785714285714285,14.2479858278731,3,S,True
1.1071428571428572,0.07785714285714285,0.00272727272727273,3,N,True
1.1071428571428572,0.07785714285714285,0.0507576801926730,3,C,True
1.1071428571428572,0.09142857142857143,11.6326530612245,0,H,False
1.1071428571428572,0.09142857142857143,0.0,0,S,False
1.1071428571428572,0.09142857142857143,0.0116491836734694,0,N,False
1.1071428571428572,0.09142857142857143,0.153214285714286,0,C,False
1.1071428571428572,0.09142857142857143,11.6326530612245,1,H,True
1.1071428571428572,0.09142857142857143,27.6617483474952,1,S,True
1.1071428571428572,0.09142857142857143,0.0116491836734694,1,N,True
1.1071428571428572,0.09142857142857143,0.00289452166802944,1,C,True
1.1071428571428572,0.09142857142857143,95.2755681818183,2,H,False
1.1071428571428572,0.09142857142857143,73.6552543315632,2,S,False
1.1071428571428572,0.09142857142857143,0.00272727272727273,2,N,False
1.1071428571428572,0.09142857142857143,0.00676143813891838,2,C,False
1.1071428571428572,0.09142857142857143,95.2755681818183,3,H,True
1.1071428571428572,0.09142857142857143,16.4710329451231,3,S,True
1.1071428571428572,0.09142857142857143,0.00272727272727273,3,N,True
1.1071428571428572,0.09142857142857143,0.0447025365553876,3,C,True
1.1071428571428572,0.105,11.6326530612245,0,H,False
1.1071428571428572,0.105,0.0,0,S,False
1.1071428571428572,0.105,0.0133650000000000,0,N,False
1.1071428571428572,0.105,0.153214285714286,0,C,False
1.1071428571428572,0.105,11.6326530612245,1,H,True
1.1071428571428572,0.105,27.6617483474952,1,S,True
1.1071428571428572,0.105,0.0133650000000000,1,N,True
1.1071428571428572,0.105,0.00289452166802944,1,C,True
1.1071428571428572,0.105,98.4712430426717,2,H,False
1.1071428571428572,0.105,69.3057005589838,2,S,False
1.1071428571428572,0.105,0.00272727272727273,2,N,False
1.1071428571428572,0.105,0.00741133049672698,2,C,False
1.1071428571428572,0.105,98.4712430426717,3,H,True
1.1071428571428572,0.105,18.4561179936922,3,S,True
1.1071428571428572,0.105,0.00272727272727273,3,N,True
1.1071428571428572,0.105,0.0400545666478291,3,C,True
1.1071428571428572,0.11857142857142856,11.6326530612245,0,H,False
1.1071428571428572,0.11857142857142856,0.0,0,S,False
1.1071428571428572,0.11857142857142856,0.0150808163265306,0,N,False
1.1071428571428572,0.11857142857142856,0.153214285714286,0,C,False
1.1071428571428572,0.11857142857142856,11.6326530612245,1,H,True
1.1071428571428572,0.11857142857142856,27.6617483474952,1,S,True
1.1071428571428572,0.11857142857142856,0.0150808163265306,1,N,True
1.1071428571428572,0.11857142857142856,0.00289452166802944,1,C,True
1.1071428571428572,0.11857142857142856,100.935377875137,2,H,False
1.1071428571428572,0.11857142857142856,65.4177431738754,2,S,False
1.1071428571428572,0.11857142857142856,0.00272727272727273,2,N,False
1.1071428571428572,0.11857142857142856,0.00805763991791575,2,C,False
1.1071428571428572,0.11857142857142856,100.935377875137,3,H,True
1.1071428571428572,0.11857142857142856,20.2821027045675,3,S,True
1.1071428571428572,0.11857142857142856,0.00272727272727273,3,N,True
1.1071428571428572,0.11857142857142856,0.0363254022485200,3,C,True
1.1071428571428572,0.13214285714285715,11.6326530612245,0,H,False
1.1071428571428572,0.13214285714285715,0.0,0,S,False
1.1071428571428572,0.13214285714285715,0.0167966326530612,0,N,False
1.1071428571428572,0.13214285714285715,0.153214285714286,0,C,False
1.1071428571428572,0.13214285714285715,11.6326530612245,1,H,True
1.1071428571428572,0.13214285714285715,27.6617483474952,1,S,True
1.1071428571428572,0.13214285714285715,0.0167966326530612,1,N,True
1.1071428571428572,0.13214285714285715,0.00289452166802944,1,C,True
1.1071428571428572,0.13214285714285715,102.893366093366,2,H,False
1.1071428571428572,0.13214285714285715,61.9057400633065,2,S,False
1.1071428571428572,0.13214285714285715,0.00272727272727273,2,N,False
1.1071428571428572,0.13214285714285715,0.00871061180225568,2,C,False
1.1071428571428572,0.13214285714285715,102.893366093366,3,H,True
1.1071428571428572,0.13214285714285715,22.0074385636040,3,S,True
1.1071428571428572,0.13214285714285715,0.00272727272727273,3,N,True
1.1071428571428572,0.13214285714285715,0.0332228104626464,3,C,True
1.1071428571428572,0.1457142857142857,11.6326530612245,0,H,False
1.1071428571428572,0.1457142857142857,0.0,0,S,False
1.1071428571428572,0.1457142857142857,0.0185124489795918,0,N,False
1.1071428571428572,0.1457142857142857,0.153214285714286,0,C,False
1.1071428571428572,0.1457142857142857,11.6326530612245,1,H,True
1.1071428571428572,0.1457142857142857,27.6617483474952,1,S,True
1.1071428571428572,0.1457142857142857,0.0185124489795918,1,N,True
1.1071428571428572,0.1457142857142857,0.00289452166802944,1,C,True
1.1071428571428572,0.1457142857142857,104.486631016043,2,H,False
1.1071428571428572,0.1457142857142857,58.6818083525878,2,S,False
1.1071428571428572,0.1457142857142857,0.00272727272727273,2,N,False
1.1071428571428572,0.1457142857142857,0.00938222150615116,2,C,False
1.1071428571428572,0.1457142857142857,104.486631016043,3,H,True
1.1071428571428572,0.1457142857142857,23.6806458367553,3,S,True
1.1071428571428572,0.1457142857142857,0.00272727272727273,3,N,True
1.1071428571428572,0.1457142857142857,0.0305578826035816,3,C,True
1.1071428571428572,0.15928571428571428,11.6326530612245,0,H,False
1.1071428571428572,0.15928571428571428,0.0,0,S,False
1.1071428571428572,0.15928571428571428,0.0202282653061224,0,N,False
1.1071428571428572,0.15928571428571428,0.153214285714286,0,C,False
1.1071428571428572,0.15928571428571428,11.6326530612245,1,H,True
1.1071428571428572,0.15928571428571428,27.6617483474952,1,S,True
1.1071428571428572,0.15928571428571428,0.0202282653061224,1,N,True
1.1071428571428572,0.15928571428571428,0.00289452166802944,1,C,True
1.1071428571428572,0.15928571428571428,105.808397880147,2,H,False
1.1071428571428572,0.15928571428571428,55.6614116577049,2,S,False
1.1071428571428572,0.15928571428571428,0.00272727272727273,2,N,False
1.1071428571428572,0.15928571428571428,0.0100881683669550,2,C,False
1.1071428571428572,0.15928571428571428,105.808397880147,3,H,True
1.1071428571428572,0.15928571428571428,25.3486029844444,3,S,True
1.1071428571428572,0.15928571428571428,0.00272727272727273,3,N,True
1.1071428571428572,0.15928571428571428,0.0281982861521664,3,C,True
1.1071428571428572,0.17285714285714288,11.6326530612245,0,H,False
1.1071428571428572,0.17285714285714288,0.0,0,S,False
1.1071428571428572,0.17285714285714288,0.0219440816326531,0,N,False
1.1071428571428572,0.17285714285714288,0.153214285714286,0,C,False
1.1071428571428572,0.17285714285714288,11.6326530612245,1,H,True
1.1071428571428572,0.17285714285714288,27.6617483474952,1,S,True
1.1071428571428572,0.17285714285714288,0.0219440816326531,1,N,True
1.1071428571428572,0.17285714285714288,0.00289452166802944,1,C,True
1.1071428571428572,0.17285714285714288,106.922614575508,2,H,False
1.1071428571428572,0.17285714285714288,52.7572441547030,2,S,False
1.1071428571428572,0.17285714285714288,0.00272727272727273,2,N,False
1.1071428571428572,0.17285714285714288,0.0108517739873081,2,C,False
1.1071428571428572,0.17285714285714288,106.922614575508,3,H,True
1.1071428571428572,0.17285714285714288,27.0662295201347,3,S,True
1.1071428571428572,0.17285714285714288,0.00272727272727273,3,N,True
1.1071428571428572,0.17285714285714288,0.0260406949265040,3,C,True
1.1071428571428572,0.18642857142857144,11.6326530612245,0,H,False
1.1071428571428572,0.18642857142857144,0.0,0,S,False
1.1071428571428572,0.18642857142857144,0.0236598979591837,0,N,False
1.1071428571428572,0.18642857142857144,0.153214285714286,0,C,False
1.1071428571428572,0.18642857142857144,11.6326530612245,1,H,True
1.1071428571428572,0.18642857142857144,27.6617483474952,1,S,True
1.1071428571428572,0.18642857142857144,0.0236598979591837,1,N,True
1.1071428571428572,0.18642857142857144,0.00289452166802944,1,C,True
1.1071428571428572,0.18642857142857144,107.874608150470,2,H,False
1.1071428571428572,0.18642857142857144,49.8614486805486,2,S,False
1.1071428571428572,0.18642857142857144,0.00272727272727273,2,N,False
1.1071428571428572,0.18642857142857144,0.0117133043146823,2,C,False
1.1071428571428572,0.18642857142857144,107.874608150470,3,H,True
1.1071428571428572,0.18642857142857144,28.9145613017630,3,S,True
1.1071428571428572,0.18642857142857144,0.00272727272727273,3,N,True
1.1071428571428572,0.18642857142857144,0.0239881347524488,3,C,True
1.1071428571428572,0.2,11.6326530612245,0,H,False
1.1071428571428572,0.2,0.0,0,S,False
1.1071428571428572,0.2,0.0253757142857143,0,N,False
1.1071428571428572,0.2,0.153214285714286,0,C,False
1.1071428571428572,0.2,11.6326530612245,1,H,True
1.1071428571428572,0.2,27.6617483474952,1,S,True
1.1071428571428572,0.2,0.0253757142857143,1,N,True
1.1071428571428572,0.2,0.00289452166802944,1,C,True
1.1071428571428572,0.2,108.697402597403,2,H,False
1.1071428571428572,0.2,46.7926129921668,2,S,False
1.1071428571428572,0.2,0.00272727272727273,2,N,False
1.1071428571428572,0.2,0.0127592693698751,2,C,False
1.1071428571428572,0.2,108.697402597403,3,H,True
1.1071428571428572,0.2,31.0530886567481,3,S,True
1.1071428571428572,0.2,0.00272727272727273,3,N,True
1.1071428571428572,0.2,0.0219127796154813,3,C,True
1.1428571428571428,0.01,9.79591836734694,0,H,True
1.1428571428571428,0.01,0.0,0,S,True
1.1428571428571428,0.01,0.00137571428571429,0,N,True
1.1428571428571428,0.01,0.154285714285714,0,C,True
1.1428571428571428,0.01,,1,H,False
1.1428571428571428,0.01,,1,S,False
1.1428571428571428,0.01,,1,N,False
1.1428571428571428,0.01,,1,C,False
1.1428571428571428,0.01,,2,H,False
1.1428571428571428,0.01,,2,S,False
1.1428571428571428,0.01,,2,N,False
1.1428571428571428,0.01,,2,C,False
1.1428571428571428,0.01,,3,H,False
1.1428571428571428,0.01,,3,S,False
1.1428571428571428,0.01,,3,N,False
1.1428571428571428,0.01,,3,C,False
1.1428571428571428,0.02357142857142857,9.79591836734694,0,H,False
1.1428571428571428,0.02357142857142857,0.0,0,S,False
1.1428571428571428,0.02357142857142857,0.00312061224489796,0,N,False
1.1428571428571428,0.02357142857142857,0.154285714285714,0,C,False
1.1428571428571428,0.02357142857142857,9.79591836734694,1,H,True
1.1428571428571428,0.02357142857142857,23.0605553696889,1,S,True
1.1428571428571428,0.02357142857142857,0.00312061224489796,1,N,True
1.1428571428571428,0.02357142857142857,0.00295081967213115,1,C,True
1.1428571428571428,0.02357142857142857,24.0991735537190,2,H,False
1.1428571428571428,0.02357142857142857,50.3967077965895,2,S,False
1.1428571428571428,0.02357142857142857,0.00272727272727273,2,N,False
1.1428571428571428,0.02357142857142857,0.00316292090277459,2,C,False
1.1428571428571428,0.02357142857142857,24.0991735537190,3,H,True
1.1428571428571428,0.02357142857142857,0.540990761580250,3,S,True
1.1428571428571428,0.02357142857142857,0.00272727272727273,3,N,True
1.1428571428571428,0.02357142857142857,0.136155464139903,3,C,True
1.1428571428571428,0.037142857142857144,9.79591836734694,0,H,False
1.1428571428571428,0.037142857142857144,0.0,0,S,False
1.1428571428571428,0.037142857142857144,0.00486551020408163,0,N,False
1.1428571428571428,0.037142857142857144,0.154285714285714,0,C,False
1.1428571428571428,0.037142857142857144,9.79591836734694,1,H,True
1.1428571428571428,0.037142857142857144,23.0605553696889,1,S,True
1.1428571428571428,0.037142857142857144,0.00486551020408163,1,N,True
1.1428571428571428,0.037142857142857144,0.00295081967213115,1,C,True
1.1428571428571428,0.037142857142857144,59.1398601398600,2,H,False
1.1428571428571428,0.037142857142857144,85.2471180562134,2,S,False
1.1428571428571428,0.037142857142857144,0.00272727272727273,2,N,False
1.1428571428571428,0.037142857142857144,0.00405317560420206,2,C,False
1.1428571428571428,0.037142857142857144,59.1398601398600,3,H,True
1.1428571428571428,0.037142857142857144,4.92098756681197,3,S,True
1.1428571428571428,0.037142857142857144,0.00272727272727273,3,N,True
1.1428571428571428,0.037142857142857144,0.0913686116249623,3,C,True
1.1428571428571428,0.05071428571428572,9.79591836734694,0,H,False
1.1428571428571428,0.05071428571428572,0.0,0,S,False
1.1428571428571428,0.05071428571428572,0.00661040816326531,0,N,False
1.1428571428571428,0.05071428571428572,0.154285714285714,0,C,False
1.1428571428571428,0.05071428571428572,9.79591836734694,1,H,True
1.1428571428571428,0.05071428571428572,23.0605553696889,1,S,True
1.1428571428571428,0.05071428571428572,0.00661040816326531,1,N,True
1.1428571428571428,0.05071428571428572,0.00295081967213115,1,C,True
1.1428571428571428,0.05071428571428572,75.4263764404610,2,H,False
1.1428571428571428,0.05071428571428572,85.4590562386493,2,S,False
1.1428571428571428,0.05071428571428572,0.00272727272727273,2,N,False
1.1428571428571428,0.05071428571428572,0.00488030404358580,2,C,False
1.1428571428571428,0.05071428571428572,75.4263764404610,3,H,True
1.1428571428571428,0.05071428571428572,8.89126993995804,3,S,True
1.1428571428571428,0.05071428571428572,0.00272727272727273,3,N,True
1.1428571428571428,0.05071428571428572,0.0701388391314104,3,C,True
1.1428571428571428,0.06428571428571428,9.79591836734694,0,H,False
1.1428571428571428,0.06428571428571428,0.0,0,S,False
1.1428571428571428,0.06428571428571428,0.00835530612244898,0,N,False
1.1428571428571428,0.06428571428571428,0.154285714285714,0,C,False
1.1428571428571428,0.06428571428571428,9.79591836734694,1,H,True
1.1428571428571428,0.06428571428571428,23.0605553696889,1,S,True
1.1428571428571428,0.06428571428571428,0.00835530612244898,1,N,True
1.1428571428571428,0.06428571428571428,0.00295081967213115,1,C,True
1.1428571428571428,0.06428571428571428,84.8363636363636,2,H,False
1.1428571428571428,0.06428571428571428,80.5975643403466,2,S,False
1.1428571428571428,0.06428571428571428,0.00272727272727273,2,N,False
1.1428571428571428,0.06428571428571428,0.00566481197223157,2,C,False
1.1428571428571428,0.06428571428571428,84.8363636363636,3,H,True
1.1428571428571428,0.06428571428571428,12.1045916738440,3,S,True
1.1428571428571428,0.06428571428571428,0.00272727272727273,3,N,True
1.1428571428571428,0.06428571428571428,0.0575661368603566,3,C,True
1.1428571428571428,0.07785714285714285,9.79591836734694,0,H,False
1.1428571428571428,0.07785714285714285,0.0,0,S,False
1.1428571428571428,0.07785714285714285,0.0101002040816327,0,N,False
1.1428571428571428,0.07785714285714285,0.154285714285714,0,C,False
1.1428571428571428,0.07785714285714285,9.79591836734694,1,H,True
1.1428571428571428,0.07785714285714285,23.0605553696889,1,S,True
1.1428571428571428,0.07785714285714285,0.0101002040816327,1,N,True
1.1428571428571428,0.07785714285714285,0.00295081967213115,1,C,True
1.1428571428571428,0.07785714285714285,90.9658048373644,2,H,False
1.1428571428571428,0.07785714285714285,75.2292904221313,2,S,False
1.1428571428571428,0.07785714285714285,0.00272727272727273,2,N,False
1.1428571428571428,0.07785714285714285,0.00642282499566737,2,C,False
1.1428571428571428,0.07785714285714285,90.9658048373644,3,H,True
1.1428571428571428,0.07785714285714285,14.7982296477630,3,S,True
1.1428571428571428,0.07785714285714285,0.00272727272727273,3,N,True
1.1428571428571428,0.07785714285714285,0.0491295752285633,3,C,True
1.1428571428571428,0.09142857142857143,9.79591836734694,0,H,False
1.1428571428571428,0.09142857142857143,0.0,0,S,False
1.1428571428571428,0.09142857142857143,0.0118451020408163,0,N,False
1.1428571428571428,0.09142857142857143,0.154285714285714,0,C,False
1.1428571428571428,0.09142857142857143,9.79591836734694,1,H,True
1.1428571428571428,0.09142857142857143,23.0605553696889,1,S,True
1.1428571428571428,0.09142857142857143,0.0118451020408163,1,N,True
1.1428571428571428,0.09142857142857143,0.00295081967213115,1,C,True
1.1428571428571428,0.09142857142857143,95.2755681818182,2,H,False
1.1428571428571428,0.09142857142857143,70.2366633081568,2,S,False
1.1428571428571428,0.09142857142857143,0.00272727272727273,2,N,False
1.1428571428571428,0.09142857142857143,0.00716835521844356,2,C,False
1.1428571428571428,0.09142857142857143,95.2755681818182,3,H,True
1.1428571428571428,0.09142857142857143,17.1539922687943,3,S,True
1.1428571428571428,0.09142857142857143,0.00272727272727273,3,N,True
1.1428571428571428,0.09142857142857143,0.0429850655155356,3,C,True
1.1428571428571428,0.105,9.79591836734694,0,H,False
1.1428571428571428,0.105,0.0,0,S,False
1.1428571428571428,0.105,0.0135900000000000,0,N,False
1.1428571428571428,0.105,0.154285714285714,0,C,False
1.1428571428571428,0.105,9.79591836734694,1,H,True
1.1428571428571428,0.105,23.0605553696889,1,S,True
1.1428571428571428,0.105,0.0135900000000000,1,N,True
1.1428571428571428,0.105,0.00295081967213115,1,C,True
1.1428571428571428,0.105,98.4712430426716,2,H,False
1.1428571428571428,0.105,65.7378753316520,2,S,False
1.1428571428571428,0.105,0.00272727272727273,2,N,False
1.1428571428571428,0.105,0.00791502254580930,2,C,False
1.1428571428571428,0.105,98.4712430426716,3,H,True
1.1428571428571428,0.105,19.2943829302762,3,S,True
1.1428571428571428,0.105,0.00272727272727273,3,N,True
1.1428571428571428,0.105,0.0382350732600242,3,C,True
1.1428571428571428,0.11857142857142856,9.79591836734694,0,H,False
1.1428571428571428,0.11857142857142856,0.0,0,S,False
1.1428571428571428,0.11857142857142856,0.0153348979591837,0,N,False
1.1428571428571428,0.11857142857142856,0.154285714285714,0,C,False
1.1428571428571428,0.11857142857142856,9.79591836734694,1,H,True
1.1428571428571428,0.11857142857142856,23.0605553696889,1,S,True
1.1428571428571428,0.11857142857142856,0.0153348979591837,1,N,True
1.1428571428571428,0.11857142857142856,0.00295081967213115,1,C,True
1.1428571428571428,0.11857142857142856,100.935377875137,2,H,False
1.1428571428571428,0.11857142857142856,61.6714530596575,2,S,False
1.1428571428571428,0.11857142857142856,0.00272727272727273,2,N,False
1.1428571428571428,0.11857142857142856,0.00867781344273494,2,C,False
1.1428571428571428,0.11857142857142856,100.935377875137,3,H,True
1.1428571428571428,0.11857142857142856,21.3078497919223,3,S,True
1.1428571428571428,0.11857142857142856,0.00272727272727273,3,N,True
1.1428571428571428,0.11857142857142856,0.0343853812136851,3,C,True
1.1428571428571428,0.13214285714285715,9.79591836734694,0,H,False
1.1428571428571428,0.13214285714285715,0.0,0,S,False
1.1428571428571428,0.13214285714285715,0.0170797959183673,0,N,False
1.1428571428571428,0.13214285714285715,0.154285714285714,0,C,False
1.1428571428571428,0.13214285714285715,9.79591836734694,1,H,True
1.1428571428571428,0.13214285714285715,23.0605553696889,1,S,True
1.1428571428571428,0.13214285714285715,0.0170797959183673,1,N,True
1.1428571428571428,0.13214285714285715,0.00295081967213115,1,C,True
1.1428571428571428,0.13214285714285715,102.893366093366,2,H,False
1.1428571428571428,0.13214285714285715,57.9347436087646,2,S,False
1.1428571428571428,0.13214285714285715,0.00272727272727273,2,N,False
1.1428571428571428,0.13214285714285715,0.00947555783923046,2,C,False
1.1428571428571428,0.13214285714285715,102.893366093366,3,H,True
1.1428571428571428,0.13214285714285715,23.2677488020795,3,S,True
1.1428571428571428,0.13214285714285715,0.00272727272727273,3,N,True
1.1428571428571428,0.13214285714285715,0.0311348018498177,3,C,True
1.1428571428571428,0.1457142857142857,9.79591836734694,0,H,False
1.1428571428571428,0.1457142857142857,0.0,0,S,False
1.1428571428571428,0.1457142857142857,0.0188246938775510,0,N,False
1.1428571428571428,0.1457142857142857,0.154285714285714,0,C,False
1.1428571428571428,0.1457142857142857,9.79591836734694,1,H,True
1.1428571428571428,0.1457142857142857,23.0605553696889,1,S,True
1.1428571428571428,0.1457142857142857,0.0188246938775510,1,N,True
1.1428571428571428,0.1457142857142857,0.00295081967213115,1,C,True
1.1428571428571428,0.1457142857142857,104.486631016043,2,H,False
1.1428571428571428,0.1457142857142857,54.4129003150583,2,S,False
1.1428571428571428,0.1457142857142857,0.00272727272727273,2,N,False
1.1428571428571428,0.1457142857142857,0.0103355154687286,2,C,False
1.1428571428571428,0.1457142857142857,104.486631016043,3,H,True
1.1428571428571428,0.1457142857142857,25.2486473812854,3,S,True
1.1428571428571428,0.1457142857142857,0.00272727272727273,3,N,True
1.1428571428571428,0.1457142857142857,0.0282789098841249,3,C,True
1.1428571428571428,0.15928571428571428,9.79591836734694,0,H,False
1.1428571428571428,0.15928571428571428,0.0,0,S,False
1.1428571428571428,0.15928571428571428,0.0205695918367347,0,N,False
1.1428571428571428,0.15928571428571428,0.154285714285714,0,C,False
1.1428571428571428,0.15928571428571428,9.79591836734694,1,H,True
1.1428571428571428,0.15928571428571428,23.0605553696889,1,S,True
1.1428571428571428,0.15928571428571428,0.0205695918367347,1,N,True
1.1428571428571428,0.15928571428571428,0.00295081967213115,1,C,True
1.1428571428571428,0.15928571428571428,105.808397880147,2,H,False
1.1428571428571428,0.15928571428571428,50.9688392925692,2,S,False
1.1428571428571428,0.15928571428571428,0.00272727272727273,2,N,False
1.1428571428571428,0.15928571428571428,0.0113041587944248,2,C,False
1.1428571428571428,0.15928571428571428,105.808397880147,3,H,True
1.1428571428571428,0.15928571428571428,27.3495798971958,3,S,True
1.1428571428571428,0.15928571428571428,0.00272727272727273,3,N,True
1.1428571428571428,0.15928571428571428,0.0256544465934242,3,C,True
1.1428571428571428,0.17285714285714288,9.79591836734694,0,H,False
1.1428571428571428,0.17285714285714288,0.0,0,S,False
1.1428571428571428,0.17285714285714288,0.0223144897959184,0,N,False
1.1428571428571428,0.17285714285714288,0.154285714285714,0,C,False
1.1428571428571428,0.17285714285714288,9.79591836734694,1,H,True
1.1428571428571428,0.17285714285714288,23.0605553696889,1,S,True
1.1428571428571428,0.17285714285714288,0.0223144897959184,1,N,True
1.1428571428571428,0.17285714285714288,0.00295081967213115,1,C,True
1.1428571428571428,0.17285714285714288,106.922614575507,2,H,False
1.1428571428571428,0.17285714285714288,47.3860867554862,2,S,False
1.1428571428571428,0.17285714285714288,0.00272727272727273,2,N,False
1.1428571428571428,0.17285714285714288,0.0124810189109946,2,C,False
1.1428571428571428,0.17285714285714288,106.922614575507,3,H,True
1.1428571428571428,0.17285714285714288,29.7544842374696,3,S,True
1.1428571428571428,0.17285714285714288,0.00272727272727273,3,N,True
1.1428571428571428,0.17285714285714288,0.0230817712997426,3,C,True
1.1428571428571428,0.18642857142857144,9.79591836734694,0,H,False
1.1428571428571428,0.18642857142857144,0.0,0,S,False
1.1428571428571428,0.18642857142857144,0.0240593877551020,0,N,False
1.1428571428571428,0.18642857142857144,0.154285714285714,0,C,False
1.1428571428571428,0.18642857142857144,9.79591836734694,1,H,True
1.1428571428571428,0.18642857142857144,23.0605553696889,1,S,True
1.1428571428571428,0.18642857142857144,0.0240593877551020,1,N,True
1.1428571428571428,0.18642857142857144,0.00295081967213115,1,C,True
1.1428571428571428,0.18642857142857144,107.874608150470,2,H,False
1.1428571428571428,0.18642857142857144,43.0516859161858,2,S,False
1.1428571428571428,0.18642857142857144,0.00272727272727273,2,N,False
1.1428571428571428,0.18642857142857144,0.0142047853962655,2,C,False
1.1428571428571428,0.18642857142857144,107.874608150470,3,H,True
1.1428571428571428,0.18642857142857144,33.0494600470566,3,S,True
1.1428571428571428,0.18642857142857144,0.00272727272727273,3,N,True
1.1428571428571428,0.18642857142857144,0.0201654117704269,3,C,True
1.1428571428571428,0.2,9.79591836734694,0,H,False
1.1428571428571428,0.2,0.0,0,S,False
1.1428571428571428,0.2,0.0258042857142857,0,N,False
1.1428571428571428,0.2,0.154285714285714,0,C,False
1.1428571428571428,0.2,9.79591836734694,1,H,True
1.1428571428571428,0.2,23.0605553696889,1,S,True
1.1428571428571428,0.2,0.0258042857142857,1,N,True
1.1428571428571428,0.2,0.00295081967213115,1,C,True
1.1428571428571428,0.2,,2,H,False
1.1428571428571428,0.2,,2,S,False
1.1428571428571428,0.2,,2,N,False
1.1428571428571428,0.2,,2,C,False
1.1428571428571428,0.2,,3,H,False
1.1428571428571428,0.2,,3,S,False
1.1428571428571428,0.2,,3,N,False
1.1428571428571428,0.2,,3,C,False
1.1785714285714286,0.01,7.95918367346940,0,H,True
1.1785714285714286,0.01,0.0,0,S,True
1.1785714285714286,0.01,0.00139714285714286,0,N,True
1.1785714285714286,0.01,0.155357142857143,0,C,True
1.1785714285714286,0.01,,1,H,False
1.1785714285714286,0.01,,1,S,False
1.1785714285714286,0.01,,1,N,False
1.1785714285714286,0.01,,1,C,False
1.1785714285714286,0.01,,2,H,False
1.1785714285714286,0.01,,2,S,False
1.1785714285714286,0.01,,2,N,False
1.1785714285714286,0.01,,2,C,False
1.1785714285714286,0.01,,3,H,False
1.1785714285714286,0.01,,3,S,False
1.1785714285714286,0.01,,3,N,False
1.1785714285714286,0.01,,3,C,False
1.1785714285714286,0.02357142857142857,7.95918367346940,0,H,False
1.1785714285714286,0.02357142857142857,0.0,0,S,False
1.1785714285714286,0.02357142857142857,0.00317112244897959,0,N,False
1.1785714285714286,0.02357142857142857,0.155357142857143,0,C,False
1.1785714285714286,0.02357142857142857,7.95918367346940,1,H,True
1.1785714285714286,0.02357142857142857,18.5531308580655,1,S,True
1.1785714285714286,0.02357142857142857,0.00317112244897959,1,N,True
1.1785714285714286,0.02357142857142857,0.00300739523418242,1,C,True
1.1785714285714286,0.02357142857142857,24.0991735537191,2,H,False
1.1785714285714286,0.02357142857142857,49.1417244230359,2,S,False
1.1785714285714286,0.02357142857142857,0.00272727272727273,2,N,False
1.1785714285714286,0.02357142857142857,0.00325442245951061,2,C,False
1.1785714285714286,0.02357142857142857,24.0991735537191,3,H,True
1.1785714285714286,0.02357142857142857,0.613109497946369,3,S,True
1.1785714285714286,0.02357142857142857,0.00272727272727273,3,N,True
1.1785714285714286,0.02357142857142857,0.134864397019360,3,C,True
1.1785714285714286,0.037142857142857144,7.95918367346940,0,H,False
1.1785714285714286,0.037142857142857144,0.0,0,S,False
1.1785714285714286,0.037142857142857144,0.00494510204081633,0,N,False
1.1785714285714286,0.037142857142857144,0.155357142857143,0,C,False
1.1785714285714286,0.037142857142857144,7.95918367346940,1,H,True
1.1785714285714286,0.037142857142857144,18.5531308580655,1,S,True
1.1785714285714286,0.037142857142857144,0.00494510204081633,1,N,True
1.1785714285714286,0.037142857142857144,0.00300739523418242,1,C,True
1.1785714285714286,0.037142857142857144,59.1398601398601,2,H,False
1.1785714285714286,0.037142857142857144,82.7516617684832,2,S,False
1.1785714285714286,0.037142857142857144,0.00272727272727273,2,N,False
1.1785714285714286,0.037142857142857144,0.00419513669930062,2,C,False
1.1785714285714286,0.037142857142857144,59.1398601398601,3,H,True
1.1785714285714286,0.037142857142857144,5.13704082142414,3,S,True
1.1785714285714286,0.037142857142857144,0.00272727272727273,3,N,True
1.1785714285714286,0.037142857142857144,0.0899692636086905,3,C,True
1.1785714285714286,0.05071428571428572,7.95918367346940,0,H,False
1.1785714285714286,0.05071428571428572,0.0,0,S,False
1.1785714285714286,0.05071428571428572,0.00671908163265306,0,N,False
1.1785714285714286,0.05071428571428572,0.155357142857143,0,C,False
1.1785714285714286,0.05071428571428572,7.95918367346940,1,H,True
1.1785714285714286,0.05071428571428572,18.5531308580655,1,S,True
1.1785714285714286,0.05071428571428572,0.00671908163265306,1,N,True
1.1785714285714286,0.05071428571428572,0.00300739523418242,1,C,True
1.1785714285714286,0.05071428571428572,75.4263764404611,2,H,False
1.1785714285714286,0.05071428571428572,82.5894053211584,2,S,False
1.1785714285714286,0.05071428571428572,0.00272727272727273,2,N,False
1.1785714285714286,0.05071428571428572,0.00508149275742401,2,C,False
1.1785714285714286,0.05071428571428572,75.4263764404611,3,H,True
1.1785714285714286,0.05071428571428572,9.22331936802524,3,S,True
1.1785714285714286,0.05071428571428572,0.00272727272727273,3,N,True
1.1785714285714286,0.05071428571428572,0.0686533887810034,3,C,True
1.1785714285714286,0.06428571428571428,7.95918367346940,0,H,False
1.1785714285714286,0.06428571428571428,0.0,0,S,False
1.1785714285714286,0.06428571428571428,0.00849306122448980,0,N,False
1.1785714285714286,0.06428571428571428,0.155357142857143,0,C,False
1.1785714285714286,0.06428571428571428,7.95918367346940,1,H,True
1.1785714285714286,0.06428571428571428,18.5531308580655,1,S,True
1.1785714285714286,0.06428571428571428,0.00849306122448980,1,N,True
1.1785714285714286,0.06428571428571428,0.00300739523418242,1,C,True
1.1785714285714286,0.06428571428571428,84.8363636363637,2,H,False
1.1785714285714286,0.06428571428571428,77.5343913840337,2,S,False
1.1785714285714286,0.06428571428571428,0.00272727272727273,2,N,False
1.1785714285714286,0.06428571428571428,0.00593532799154543,2,C,False
1.1785714285714286,0.06428571428571428,84.8363636363637,3,H,True
1.1785714285714286,0.06428571428571428,12.5537190116633,3,S,True
1.1785714285714286,0.06428571428571428,0.00272727272727273,3,N,True
1.1785714285714286,0.06428571428571428,0.0559958315911342,3,C,True
1.1785714285714286,0.07785714285714285,7.95918367346940,0,H,False
1.1785714285714286,0.07785714285714285,0.0,0,S,False
1.1785714285714286,0.07785714285714285,0.0102670408163265,0,N,False
1.1785714285714286,0.07785714285714285,0.155357142857143,0,C,False
1.1785714285714286,0.07785714285714285,7.95918367346940,1,H,True
1.1785714285714286,0.07785714285714285,18.5531308580655,1,S,True
1.1785714285714286,0.07785714285714285,0.0102670408163265,1,N,True
1.1785714285714286,0.07785714285714285,0.00300739523418242,1,C,True
1.1785714285714286,0.07785714285714285,90.9658048373644,2,H,False
1.1785714285714286,0.07785714285714285,72.0143277654104,2,S,False
1.1785714285714286,0.07785714285714285,0.00272727272727273,2,N,False
1.1785714285714286,0.07785714285714285,0.00677520576337096,2,C,False
1.1785714285714286,0.07785714285714285,90.9658048373644,3,H,True
1.1785714285714286,0.07785714285714285,15.3780044409715,3,S,True
1.1785714285714286,0.07785714285714285,0.00272727272727273,3,N,True
1.1785714285714286,0.07785714285714285,0.0474672908940051,3,C,True
1.1785714285714286,0.09142857142857143,7.95918367346940,0,H,False
1.1785714285714286,0.09142857142857143,0.0,0,S,False
1.1785714285714286,0.09142857142857143,0.0120410204081633,0,N,False
1.1785714285714286,0.09142857142857143,0.155357142857143,0,C,False
1.1785714285714286,0.09142857142857143,7.95918367346940,1,H,True
1.1785714285714286,0.09142857142857143,18.5531308580655,1,S,True
1.1785714285714286,0.09142857142857143,0.0120410204081633,1,N,True
1.1785714285714286,0.09142857142857143,0.00300739523418242,1,C,True
1.1785714285714286,0.09142857142857143,95.2755681818182,2,H,False
1.1785714285714286,0.09142857142857143,66.8662139939775,2,S,False
1.1785714285714286,0.09142857142857143,0.00272727272727273,2,N,False
1.1785714285714286,0.09142857142857143,0.00761913608913176,2,C,False
1.1785714285714286,0.09142857142857143,95.2755681818182,3,H,True
1.1785714285714286,0.09142857142857143,17.8879217100511,3,S,True
1.1785714285714286,0.09142857142857143,0.00272727272727273,3,N,True
1.1785714285714286,0.09142857142857143,0.0412172694488901,3,C,True
1.1785714285714286,0.105,7.95918367346940,0,H,False
1.1785714285714286,0.105,0.0,0,S,False
1.1785714285714286,0.105,0.0138150000000000,0,N,False
1.1785714285714286,0.105,0.155357142857143,0,C,False
1.1785714285714286,0.105,7.95918367346940,1,H,True
1.1785714285714286,0.105,18.5531308580655,1,S,True
1.1785714285714286,0.105,0.0138150000000000,1,N,True
1.1785714285714286,0.105,0.00300739523418242,1,C,True
1.1785714285714286,0.105,98.4712430426716,2,H,False
1.1785714285714286,0.105,62.1836398072992,2,S,False
1.1785714285714286,0.105,0.00272727272727273,2,N,False
1.1785714285714286,0.105,0.00848733519320108,2,C,False
1.1785714285714286,0.105,98.4712430426716,3,H,True
1.1785714285714286,0.105,20.2183258319017,3,S,True
1.1785714285714286,0.105,0.00272727272727273,3,N,True
1.1785714285714286,0.105,0.0363404721678848,3,C,True
1.1785714285714286,0.11857142857142856,7.95918367346940,0,H,False
1.1785714285714286,0.11857142857142856,0.0,0,S,False
1.1785714285714286,0.11857142857142856,0.0155889795918367,0,N,False
1.1785714285714286,0.11857142857142856,0.155357142857143,0,C,False
1.1785714285714286,0.11857142857142856,7.95918367346940,1,H,True
1.1785714285714286,0.11857142857142856,18.5531308580655,1,S,True
1.1785714285714286,0.11857142857142856,0.0155889795918367,1,N,True
1.1785714285714286,0.11857142857142856,0.00300739523418242,1,C,True
1.1785714285714286,0.11857142857142856,100.935377875137,2,H,False
1.1785714285714286,0.11857142857142856,57.8807074740707,2,S,False
1.1785714285714286,0.11857142857142856,0.00272727272727273,2,N,False
1.1785714285714286,0.11857142857142856,0.00940630624424053,2,C,False
1.1785714285714286,0.11857142857142856,100.935377875137,3,H,True
1.1785714285714286,0.11857142857142856,22.4772997589126,3,S,True
1.1785714285714286,0.11857142857142856,0.00272727272727273,3,N,True
1.1785714285714286,0.11857142857142856,0.0323305338478827,3,C,True
1.1785714285714286,0.13214285714285715,7.95918367346940,0,H,False
1.1785714285714286,0.13214285714285715,0.0,0,S,False
1.1785714285714286,0.13214285714285715,0.0173629591836735,0,N,False
1.1785714285714286,0.13214285714285715,0.155357142857143,0,C,False
1.1785714285714286,0.13214285714285715,7.95918367346940,1,H,True
1.1785714285714286,0.13214285714285715,18.5531308580655,1,S,True
1.1785714285714286,0.13214285714285715,0.0173629591836735,1,N,True
1.1785714285714286,0.13214285714285715,0.00300739523418242,1,C,True
1.1785714285714286,0.13214285714285715,102.893366093366,2,H,False
1.1785714285714286,0.13214285714285715,53.8159073959145,2,S,False
1.1785714285714286,0.13214285714285715,0.00272727272727273,2,N,False
1.1785714285714286,0.13214285714285715,0.0104171106197741,2,C,False
1.1785714285714286,0.13214285714285715,102.893366093366,3,H,True
1.1785714285714286,0.13214285714285715,24.7750429274919,3,S,True
1.1785714285714286,0.13214285714285715,0.00272727272727273,3,N,True
1.1785714285714286,0.13214285714285715,0.0288636635883623,3,C,True
1.1785714285714286,0.1457142857142857,7.95918367346940,0,H,False
1.1785714285714286,0.1457142857142857,0.0,0,S,False
1.1785714285714286,0.1457142857142857,0.0191369387755102,0,N,False
1.1785714285714286,0.1457142857142857,0.155357142857143,0,C,False
1.1785714285714286,0.1457142857142857,7.95918367346940,1,H,True
1.1785714285714286,0.1457142857142857,18.5531308580655,1,S,True
1.1785714285714286,0.1457142857142857,0.0191369387755102,1,N,True
1.1785714285714286,0.1457142857142857,0.00300739523418242,1,C,True
1.1785714285714286,0.1457142857142857,104.486631016043,2,H,False
1.1785714285714286,0.1457142857142857,49.7901733171229,2,S,False
1.1785714285714286,0.1457142857142857,0.00272727272727273,2,N,False
1.1785714285714286,0.1457142857142857,0.0115976743655796,2,C,False
1.1785714285714286,0.1457142857142857,104.486631016043,3,H,True
1.1785714285714286,0.1457142857142857,27.2694710027778,3,S,True
1.1785714285714286,0.1457142857142857,0.00272727272727273,3,N,True
1.1785714285714286,0.1457142857142857,0.0256845364271561,3,C,True
1.1785714285714286,0.15928571428571428,7.95918367346940,0,H,False
1.1785714285714286,0.15928571428571428,0.0,0,S,False
1.1785714285714286,0.15928571428571428,0.0209109183673469,0,N,False
1.1785714285714286,0.15928571428571428,0.155357142857143,0,C,False
1.1785714285714286,0.15928571428571428,7.95918367346940,1,H,True
1.1785714285714286,0.15928571428571428,18.5531308580655,1,S,True
1.1785714285714286,0.15928571428571428,0.0209109183673469,1,N,True
1.1785714285714286,0.15928571428571428,0.00300739523418242,1,C,True
1.1785714285714286,0.15928571428571428,105.808397880147,2,H,False
1.1785714285714286,0.15928571428571428,45.4058828752585,2,S,False
1.1785714285714286,0.15928571428571428,0.00272727272727273,2,N,False
1.1785714285714286,0.15928571428571428,0.0131528147606488,2,C,False
1.1785714285714286,0.15928571428571428,105.808397880147,3,H,True
1.1785714285714286,0.15928571428571428,30.3197882001160,3,S,True
1.1785714285714286,0.15928571428571428,0.00272727272727273,3,N,True
1.1785714285714286,0.15928571428571428,0.0224713949924045,3,C,True
1.1785714285714286,0.17285714285714288,7.95918367346940,0,H,False
1.1785714285714286,0.17285714285714288,0.0,0,S,False
1.1785714285714286,0.17285714285714288,0.0226848979591837,0,N,False
1.1785714285714286,0.17285714285714288,0.155357142857143,0,C,False
1.1785714285714286,0.17285714285714288,7.95918367346940,1,H,True
1.1785714285714286,0.17285714285714288,18.5531308580655,1,S,True
1.1785714285714286,0.17285714285714288,0.0226848979591837,1,N,True
1.1785714285714286,0.17285714285714288,0.00300739523418242,1,C,True
1.1785714285714286,0.17285714285714288,,2,H,False
1.1785714285714286,0.17285714285714288,,2,S,False
1.1785714285714286,0.17285714285714288,,2,N,False
1.1785714285714286,0.17285714285714288,,2,C,False
1.1785714285714286,0.17285714285714288,,3,H,False
1.1785714285714286,0.17285714285714288,,3,S,False
1.1785714285714286,0.17285714285714288,,3,N,False
1.1785714285714286,0.17285714285714288,,3,C,False
1.1785714285714286,0.18642857142857144,7.95918367346940,0,H,False
1.1785714285714286,0.18642857142857144,0.0,0,S,False
1.1785714285714286,0.18642857142857144,0.0244588775510204,0,N,False
1.1785714285714286,0.18642857142857144,0.155357142857143,0,C,False
1.1785714285714286,0.18642857142857144,7.95918367346940,1,H,True
1.1785714285714286,0.18642857142857144,18.5531308580655,1,S,True
1.1785714285714286,0.18642857142857144,0.0244588775510204,1,N,True
1.1785714285714286,0.18642857142857144,0.00300739523418242,1,C,True
1.1785714285714286,0.18642857142857144,,2,H,False
1.1785714285714286,0.18642857142857144,,2,S,False
1.1785714285714286,0.18642857142857144,,2,N,False
1.1785714285714286,0.18642857142857144,,2,C,False
1.1785714285714286,0.18642857142857144,,3,H,False
1.1785714285714286,0.18642857142857144,,3,S,False
1.1785714285714286,0.18642857142857144,,3,N,False
1.1785714285714286,0.18642857142857144,,3,C,False
1.1785714285714286,0.2,7.95918367346940,0,H,False
1.1785714285714286,0.2,0.0,0,S,False
1.1785714285714286,0.2,0.0262328571428571,0,N,False
1.1785714285714286,0.2,0.155357142857143,0,C,False
1.1785714285714286,0.2,7.95918367346940,1,H,True
1.1785714285714286,0.2,18.5531308580655,1,S,True
1.1785714285714286,0.2,0.0262328571428571,1,N,True
1.1785714285714286,0.2,0.00300739523418242,1,C,True
1.1785714285714286,0.2,,2,H,False
1.1785714285714286,0.2,,2,S,False
1.1785714285714286,0.2,,2,N,False
1.1785714285714286,0.2,,2,C,False
1.1785714285714286,0.2,,3,H,False
1.1785714285714286,0.2,,3,S,False
1.1785714285714286,0.2,,3,N,False
1.1785714285714286,0.2,,3,C,False
1.2142857142857142,0.01,6.12244897959183,0,H,True
1.2142857142857142,0.01,0.0,0,S,True
1.2142857142857142,0.01,0.00141857142857143,0,N,True
1.2142857142857142,0.01,0.156428571428571,0,C,True
1.2142857142857142,0.01,,1,H,False
1.2142857142857142,0.01,,1,S,False
1.2142857142857142,0.01,,1,N,False
1.2142857142857142,0.01,,1,C,False
1.2142857142857142,0.01,,2,H,False
1.2142857142857142,0.01,,2,S,False
1.2142857142857142,0.01,,2,N,False
1.2142857142857142,0.01,,2,C,False
1.2142857142857142,0.01,,3,H,False
1.2142857142857142,0.01,,3,S,False
1.2142857142857142,0.01,,3,N,False
1.2142857142857142,0.01,,3,C,False
1.2142857142857142,0.02357142857142857,6.12244897959183,0,H,False
1.2142857142857142,0.02357142857142857,0.0,0,S,False
1.2142857142857142,0.02357142857142857,0.00322163265306122,0,N,False
1.2142857142857142,0.02357142857142857,0.156428571428571,0,C,False
1.2142857142857142,0.02357142857142857,6.12244897959183,1,H,True
1.2142857142857142,0.02357142857142857,14.1349604623696,1,S,True
1.2142857142857142,0.02357142857142857,0.00322163265306122,1,N,True
1.2142857142857142,0.02357142857142857,0.00306425041186161,1,C,True
1.2142857142857142,0.02357142857142857,24.0991735537189,2,H,False
1.2142857142857142,0.02357142857142857,47.9263971990445,2,S,False
1.2142857142857142,0.02357142857142857,0.00272727272727273,2,N,False
1.2142857142857142,0.02357142857142857,0.00334820412441177,2,C,False
1.2142857142857142,0.02357142857142857,24.0991735537189,3,H,True
1.2142857142857142,0.02357142857142857,0.685879827162107,3,S,True
1.2142857142857142,0.02357142857142857,0.00272727272727273,3,N,True
1.2142857142857142,0.02357142857142857,0.133565121130534,3,C,True
1.2142857142857142,0.037142857142857144,6.12244897959183,0,H,False
1.2142857142857142,0.037142857142857144,0.0,0,S,False
1.2142857142857142,0.037142857142857144,0.00502469387755102,0,N,False
1.2142857142857142,0.037142857142857144,0.156428571428571,0,C,False
1.2142857142857142,0.037142857142857144,6.12244897959183,1,H,True
1.2142857142857142,0.037142857142857144,14.1349604623696,1,S,True
1.2142857142857142,0.037142857142857144,0.00502469387755102,1,N,True
1.2142857142857142,0.037142857142857144,0.00306425041186161,1,C,True
1.2142857142857142,0.037142857142857144,59.1398601398600,2,H,False
1.2142857142857142,0.037142857142857144,80.3318484058581,2,S,False
1.2142857142857142,0.037142857142857144,0.00272727272727273,2,N,False
1.2142857142857142,0.037142857142857144,0.00434255189721029,2,C,False
1.2142857142857142,0.037142857142857144,59.1398601398600,3,H,True
1.2142857142857142,0.037142857142857144,5.35651285058712,3,S,True
1.2142857142857142,0.037142857142857144,0.00272727272727273,3,N,True
1.2142857142857142,0.037142857142857144,0.0885582470567190,3,C,True
1.2142857142857142,0.05071428571428572,6.12244897959183,0,H,False
1.2142857142857142,0.05071428571428572,0.0,0,S,False
1.2142857142857142,0.05071428571428572,0.00682775510204082,0,N,False
1.2142857142857142,0.05071428571428572,0.156428571428571,0,C,False
1.2142857142857142,0.05071428571428572,6.12244897959183,1,H,True
1.2142857142857142,0.05071428571428572,14.1349604623696,1,S,True
1.2142857142857142,0.05071428571428572,0.00682775510204081,1,N,True
1.2142857142857142,0.05071428571428572,0.00306425041186161,1,C,True
1.2142857142857142,0.05071428571428572,75.4263764404609,2,H,False
1.2142857142857142,0.05071428571428572,79.8001434766238,2,S,False
1.2142857142857142,0.05071428571428572,0.00272727272727273,2,N,False
1.2142857142857142,0.05071428571428572,0.00529340876228809,2,C,False
1.2142857142857142,0.05071428571428572,75.4263764404609,3,H,True
1.2142857142857142,0.05071428571428572,9.56404483374828,3,S,True
1.2142857142857142,0.05071428571428572,0.00272727272727273,3,N,True
1.2142857142857142,0.05071428571428572,0.0671508638827177,3,C,True
1.2142857142857142,0.06428571428571428,6.12244897959183,0,H,False
1.2142857142857142,0.06428571428571428,0.0,0,S,False
1.2142857142857142,0.06428571428571428,0.00863081632653061,0,N,False
1.2142857142857142,0.06428571428571428,0.156428571428571,0,C,False
1.2142857142857142,0.06428571428571428,6.12244897959183,1,H,True
1.2142857142857142,0.06428571428571428,14.1349604623696,1,S,True
1.2142857142857142,0.06428571428571428,0.00863081632653061,1,N,True
1.2142857142857142,0.06428571428571428,0.00306425041186161,1,C,True
1.2142857142857142,0.06428571428571428,84.8363636363636,2,H,False
1.2142857142857142,0.06428571428571428,74.5456418512268,2,S,False
1.2142857142857142,0.06428571428571428,0.00272727272727273,2,N,False
1.2142857142857142,0.06428571428571428,0.00622494077874840,2,C,False
1.2142857142857142,0.06428571428571428,84.8363636363636,3,H,True
1.2142857142857142,0.06428571428571428,13.0209511101327,3,S,True
1.2142857142857142,0.06428571428571428,0.00272727272727273,3,N,True
1.2142857142857142,0.06428571428571428,0.0544000055544352,3,C,True
1.2142857142857142,0.07785714285714285,6.12244897959183,0,H,False
1.2142857142857142,0.07785714285714285,0.0,0,S,False
1.2142857142857142,0.07785714285714285,0.0104338775510204,0,N,False
1.2142857142857142,0.07785714285714285,0.156428571428571,0,C,False
1.2142857142857142,0.07785714285714285,6.12244897959183,1,H,True
1.2142857142857142,0.07785714285714285,14.1349604623696,1,S,True
1.2142857142857142,0.07785714285714285,0.0104338775510204,1,N,True
1.2142857142857142,0.07785714285714285,0.00306425041186161,1,C,True
1.2142857142857142,0.07785714285714285,90.9658048373643,2,H,False
1.2142857142857142,0.07785714285714285,68.8588593223923,2,S,False
1.2142857142857142,0.07785714285714285,0.00272727272727273,2,N,False
1.2142857142857142,0.07785714285714285,0.00715987437894982,2,C,False
1.2142857142857142,0.07785714285714285,90.9658048373643,3,H,True
1.2142857142857142,0.07785714285714285,15.9921564153998,3,S,True
1.2142857142857142,0.07785714285714285,0.00272727272727273,3,N,True
1.2142857142857142,0.07785714285714285,0.0457662447235973,3,C,True
1.2142857142857142,0.09142857142857143,6.12244897959183,0,H,False
1.2142857142857142,0.09142857142857143,0.0,0,S,False
1.2142857142857142,0.09142857142857143,0.0122369387755102,0,N,False
1.2142857142857142,0.09142857142857143,0.156428571428571,0,C,False
1.2142857142857142,0.09142857142857143,6.12244897959183,1,H,True
1.2142857142857142,0.09142857142857143,14.1349604623696,1,S,True
1.2142857142857142,0.09142857142857143,0.0122369387755102,1,N,True
1.2142857142857142,0.09142857142857143,0.00306425041186161,1,C,True
1.2142857142857142,0.09142857142857143,95.2755681818181,2,H,False
1.2142857142857142,0.09142857142857143,63.5277603875554,2,S,False
1.2142857142857142,0.09142857142857143,0.00272727272727273,2,N,False
1.2142857142857142,0.09142857142857143,0.00812341401396139,2,C,False
1.2142857142857142,0.09142857142857143,95.2755681818181,3,H,True
1.2142857142857142,0.09142857142857143,18.6842402382790,3,S,True
1.2142857142857142,0.09142857142857143,0.00272727272727273,3,N,True
1.2142857142857142,0.09142857142857143,0.0393894671920443,3,C,True
1.2142857142857142,0.105,6.12244897959183,0,H,False
1.2142857142857142,0.105,0.0,0,S,False
1.2142857142857142,0.105,0.0140400000000000,0,N,False
1.2142857142857142,0.105,0.156428571428571,0,C,False
1.2142857142857142,0.105,6.12244897959183,1,H,True
1.2142857142857142,0.105,14.1349604623696,1,S,True
1.2142857142857142,0.105,0.0140400000000000,1,N,True
1.2142857142857142,0.105,0.00306425041186161,1,C,True
1.2142857142857142,0.105,98.4712430426716,2,H,False
1.2142857142857142,0.105,58.6117961441052,2,S,False
1.2142857142857142,0.105,0.00272727272727273,2,N,False
1.2142857142857142,0.105,0.00914887086873812,2,C,False
1.2142857142857142,0.105,98.4712430426716,3,H,True
1.2142857142857142,0.105,21.2544125562467,3,S,True
1.2142857142857142,0.105,0.00272727272727273,3,N,True
1.2142857142857142,0.105,0.0343501128493560,3,C,True
1.2142857142857142,0.11857142857142856,6.12244897959183,0,H,False
1.2142857142857142,0.11857142857142856,0.0,0,S,False
1.2142857142857142,0.11857142857142856,0.0158430612244898,0,N,False
1.2142857142857142,0.11857142857142856,0.156428571428571,0,C,False
1.2142857142857142,0.11857142857142856,6.12244897959183,1,H,True
1.2142857142857142,0.11857142857142856,14.1349604623696,1,S,True
1.2142857142857142,0.11857142857142856,0.0158430612244898,1,N,True
1.2142857142857142,0.11857142857142856,0.00306425041186161,1,C,True
1.2142857142857142,0.11857142857142856,100.935377875137,2,H,False
1.2142857142857142,0.11857142857142856,53.9773567483521,2,S,False
1.2142857142857142,0.11857142857142856,0.00272727272727273,2,N,False
1.2142857142857142,0.11857142857142856,0.0102893853283536,2,C,False
1.2142857142857142,0.11857142857142856,100.935377875137,3,H,True
1.2142857142857142,0.11857142857142856,23.8538732791339,3,S,True
1.2142857142857142,0.11857142857142856,0.00272727272727273,3,N,True
1.2142857142857142,0.11857142857142856,0.0301145449050858,3,C,True
1.2142857142857142,0.13214285714285715,6.12244897959183,0,H,False
1.2142857142857142,0.13214285714285715,0.0,0,S,False
1.2142857142857142,0.13214285714285715,0.0176461224489796,0,N,False
1.2142857142857142,0.13214285714285715,0.156428571428571,0,C,False
1.2142857142857142,0.13214285714285715,6.12244897959183,1,H,True
1.2142857142857142,0.13214285714285715,14.1349604623696,1,S,True
1.2142857142857142,0.13214285714285715,0.0176461224489796,1,N,True
1.2142857142857142,0.13214285714285715,0.00306425041186161,1,C,True
1.2142857142857142,0.13214285714285715,102.893366093366,2,H,False
1.2142857142857142,0.13214285714285715,49.3757143389419,2,S,False
1.2142857142857142,0.13214285714285715,0.00272727272727273,2,N,False
1.2142857142857142,0.13214285714285715,0.0116519121763898,2,C,False
1.2142857142857142,0.13214285714285715,102.893366093366,3,H,True
1.2142857142857142,0.13214285714285715,26.6981156317863,3,S,True
1.2142857142857142,0.13214285714285715,0.00272727272727273,3,N,True
1.2142857142857142,0.13214285714285715,0.0262927052881616,3,C,True
1.2142857142857142,0.1457142857142857,6.12244897959183,0,H,False
1.2142857142857142,0.1457142857142857,0.0,0,S,False
1.2142857142857142,0.1457142857142857,0.0194491836734694,0,N,False
1.2142857142857142,0.1457142857142857,0.156428571428571,0,C,False
1.2142857142857142,0.1457142857142857,6.12244897959183,1,H,True
1.2142857142857142,0.1457142857142857,14.1349604623696,1,S,True
1.2142857142857142,0.1457142857142857,0.0194491836734694,1,N,True
1.2142857142857142,0.1457142857142857,0.00306425041186161,1,C,True
1.2142857142857142,0.1457142857142857,104.486631016043,2,H,False
1.2142857142857142,0.1457142857142857,44.2164569535928,2,S,False
1.2142857142857142,0.1457142857142857,0.00272727272727273,2,N,False
1.2142857142857142,0.1457142857142857,0.0135592405249349,2,C,False
1.2142857142857142,0.1457142857142857,104.486631016043,3,H,True
1.2142857142857142,0.1457142857142857,30.3355728459606,3,S,True
1.2142857142857142,0.1457142857142857,0.00272727272727273,3,N,True
1.2142857142857142,0.1457142857142857,0.0223841714512080,3,C,True
1.2142857142857142,0.15928571428571428,6.12244897959183,0,H,False
1.2142857142857142,0.15928571428571428,0.0,0,S,False
1.2142857142857142,0.15928571428571428,0.0212522448979592,0,N,False
1.2142857142857142,0.15928571428571428,0.156428571428571,0,C,False
1.2142857142857142,0.15928571428571428,6.12244897959183,1,H,True
1.2142857142857142,0.15928571428571428,14.1349604623696,1,S,True
1.2142857142857142,0.15928571428571428,0.0212522448979592,1,N,True
1.2142857142857142,0.15928571428571428,0.00306425041186161,1,C,True
1.2142857142857142,0.15928571428571428,,2,H,False
1.2142857142857142,0.15928571428571428,,2,S,False
1.2142857142857142,0.15928571428571428,,2,N,False
1.2142857142857142,0.15928571428571428,,2,C,False
1.2142857142857142,0.15928571428571428,,3,H,False
1.2142857142857142,0.15928571428571428,,3,S,False
1.2142857142857142,0.15928571428571428,,3,N,False
1.2142857142857142,0.15928571428571428,,3,C,False
1.2142857142857142,0.17285714285714288,6.12244897959183,0,H,False
1.2142857142857142,0.17285714285714288,0.0,0,S,False
1.2142857142857142,0.17285714285714288,0.0230553061224490,0,N,False
1.2142857142857142,0.17285714285714288,0.156428571428571,0,C,False
1.2142857142857142,0.17285714285714288,6.12244897959183,1,H,True
1.2142857142857142,0.17285714285714288,14.1349604623696,1,S,True
1.2142857142857142,0.17285714285714288,0.0230553061224490,1,N,True
1.2142857142857142,0.17285714285714288,0.00306425041186161,1,C,True
1.2142857142857142,0.17285714285714288,,2,H,False
1.2142857142857142,0.17285714285714288,,2,S,False
1.2142857142857142,0.17285714285714288,,2,N,False
1.2142857142857142,0.17285714285714288,,2,C,False
1.2142857142857142,0.17285714285714288,,3,H,False
1.2142857142857142,0.17285714285714288,,3,S,False
1.2142857142857142,0.17285714285714288,,3,N,False
1.2142857142857142,0.17285714285714288,,3,C,False
1.2142857142857142,0.18642857142857144,6.12244897959183,0,H,False
1.2142857142857142,0.18642857142857144,0.0,0,S,False
1.2142857142857142,0.18642857142857144,0.0248583673469388,0,N,False
1.2142857142857142,0.18642857142857144,0.156428571428571,0,C,False
1.2142857142857142,0.18642857142857144,6.12244897959183,1,H,True
1.2142857142857142,0.18642857142857144,14.1349604623696,1,S,True
1.2142857142857142,0.18642857142857144,0.0248583673469388,1,N,True
1.2142857142857142,0.18642857142857144,0.00306425041186161,1,C,True
1.2142857142857142,0.18642857142857144,,2,H,False
1.2142857142857142,0.18642857142857144,,2,S,False
1.2142857142857142,0.18642857142857144,,2,N,False
1.2142857142857142,0.18642857142857144,,2,C,False
1.2142857142857142,0.18642857142857144,,3,H,False
1.2142857142857142,0.18642857142857144,,3,S,False
1.2142857142857142,0.18642857142857144,,3,N,False
1.2142857142857142,0.18642857142857144,,3,C,False
1.2142857142857142,0.2,6.12244897959183,0,H,False
1.2142857142857142,0.2,0.0,0,S,False
1.2142857142857142,0.2,0.0266614285714286,0,N,False
1.2142857142857142,0.2,0.156428571428571,0,C,False
1.2142857142857142,0.2,6.12244897959183,1,H,True
1.2142857142857142,0.2,14.1349604623696,1,S,True
1.2142857142857142,0.2,0.0266614285714286,1,N,True
1.2142857142857142,0.2,0.00306425041186161,1,C,True
1.2142857142857142,0.2,,2,H,False
1.2142857142857142,0.2,,2,S,False
1.2142857142857142,0.2,,2,N,False
1.2142857142857142,0.2,,2,C,False
1.2142857142857142,0.2,,3,H,False
1.2142857142857142,0.2,,3,S,False
1.2142857142857142,0.2,,3,N,False
1.2142857142857142,0.2,,3,C,False
1.25,0.01,4.28571428571429,0,H,True
1.25,0.01,0.0,0,S,True
1.25,0.01,0.00144000000000000,0,N,True
1.25,0.01,0.157500000000000,0,C,True
1.25,0.01,,1,H,False
1.25,0.01,,1,S,False
1.25,0.01,,1,N,False
1.25,0.01,,1,C,False
1.25,0.01,,2,H,False
1.25,0.01,,2,S,False
1.25,0.01,,2,N,False
1.25,0.01,,2,C,False
1.25,0.01,,3,H,False
1.25,0.01,,3,S,False
1.25,0.01,,3,N,False
1.25,0.01,,3,C,False
1.25,0.02357142857142857,4.28571428571429,0,H,False
1.25,0.02357142857142857,0.0,0,S,False
1.25,0.02357142857142857,0.00327214285714286,0,N,False
1.25,0.02357142857142857,0.157500000000000,0,C,False
1.25,0.02357142857142857,4.28571428571429,1,H,True
1.25,0.02357142857142857,9.80181668042939,1,S,True
1.25,0.02357142857142857,0.00327214285714286,1,N,True
1.25,0.02357142857142857,0.00312138728323699,1,C,True
1.25,0.02357142857142857,24.0991735537190,2,H,False
1.25,0.02357142857142857,46.7488054413120,2,S,False
1.25,0.02357142857142857,0.00272727272727273,2,N,False
1.25,0.02357142857142857,0.00344435635402324,2,C,False
1.25,0.02357142857142857,24.0991735537190,3,H,True
1.25,0.02357142857142857,0.759318747115963,3,S,True
1.25,0.02357142857142857,0.00272727272727273,3,N,True
1.25,0.02357142857142857,0.132257501955822,3,C,True
1.25,0.037142857142857144,4.28571428571429,0,H,False
1.25,0.037142857142857144,0.0,0,S,False
1.25,0.037142857142857144,0.00510428571428571,0,N,False
1.25,0.037142857142857144,0.157500000000000,0,C,False
1.25,0.037142857142857144,4.28571428571429,1,H,True
1.25,0.037142857142857144,9.80181668042939,1,S,True
1.25,0.037142857142857144,0.00510428571428571,1,N,True
1.25,0.037142857142857144,0.00312138728323699,1,C,True
1.25,0.037142857142857144,59.1398601398600,2,H,False
1.25,0.037142857142857144,77.9837714745912,2,S,False
1.25,0.037142857142857144,0.00272727272727273,2,N,False
1.25,0.037142857142857144,0.00449576868529939,2,C,False
1.25,0.037142857142857144,59.1398601398600,3,H,True
1.25,0.037142857142857144,5.57958576991306,3,S,True
1.25,0.037142857142857144,0.00272727272727273,3,N,True
1.25,0.037142857142857144,0.0871351682967937,3,C,True
1.25,0.05071428571428572,4.28571428571429,0,H,False
1.25,0.05071428571428572,0.0,0,S,False
1.25,0.05071428571428572,0.00693642857142857,0,N,False
1.25,0.05071428571428572,0.157500000000000,0,C,False
1.25,0.05071428571428572,4.28571428571429,1,H,True
1.25,0.05071428571428572,9.80181668042939,1,S,True
1.25,0.05071428571428572,0.00693642857142857,1,N,True
1.25,0.05071428571428572,0.00312138728323699,1,C,True
1.25,0.05071428571428572,75.4263764404610,2,H,False
1.25,0.05071428571428572,77.0863327309427,2,S,False
1.25,0.05071428571428572,0.00272727272727273,2,N,False
1.25,0.05071428571428572,0.00551704534204863,2,C,False
1.25,0.05071428571428572,75.4263764404610,3,H,True
1.25,0.05071428571428572,9.91419582680863,3,S,True
1.25,0.05071428571428572,0.00272727272727273,3,N,True
1.25,0.05071428571428572,0.0656302239806662,3,C,True
1.25,0.06428571428571428,4.28571428571429,0,H,False
1.25,0.06428571428571428,0.0,0,S,False
1.25,0.06428571428571428,0.00876857142857143,0,N,False
1.25,0.06428571428571428,0.157500000000000,0,C,False
1.25,0.06428571428571428,4.28571428571429,1,H,True
1.25,0.06428571428571428,9.80181668042939,1,S,True
1.25,0.06428571428571428,0.00876857142857143,1,N,True
1.25,0.06428571428571428,0.00312138728323699,1,C,True
1.25,0.06428571428571428,84.8363636363636,2,H,False
1.25,0.06428571428571428,71.6246695229695,2,S,False
1.25,0.06428571428571428,0.00272727272727273,2,N,False
1.25,0.06428571428571428,0.00653611863426710,2,C,False
1.25,0.06428571428571428,84.8363636363636,3,H,True
1.25,0.06428571428571428,13.5085880884691,3,S,True
1.25,0.06428571428571428,0.00272727272727273,3,N,True
1.25,0.06428571428571428,0.0527761427074739,3,C,True
1.25,0.07785714285714285,4.28571428571429,0,H,False
1.25,0.07785714285714285,0.0,0,S,False
1.25,0.07785714285714285,0.0106007142857143,0,N,False
1.25,0.07785714285714285,0.157500000000000,0,C,False
1.25,0.07785714285714285,4.28571428571429,1,H,True
1.25,0.07785714285714285,9.80181668042939,1,S,True
1.25,0.07785714285714285,0.0106007142857143,1,N,True
1.25,0.07785714285714285,0.00312138728323699,1,C,True
1.25,0.07785714285714285,90.9658048373644,2,H,False
1.25,0.07785714285714285,65.7522832866306,2,S,False
1.25,0.07785714285714285,0.00272727272727273,2,N,False
1.25,0.07785714285714285,0.00758259554195075,2,C,False
1.25,0.07785714285714285,90.9658048373644,3,H,True
1.25,0.07785714285714285,16.6468821513144,3,S,True
1.25,0.07785714285714285,0.00272727272727273,3,N,True
1.25,0.07785714285714285,0.0440206239039266,3,C,True
1.25,0.09142857142857143,4.28571428571429,0,H,False
1.25,0.09142857142857143,0.0,0,S,False
1.25,0.09142857142857143,0.0124328571428571,0,N,False
1.25,0.09142857142857143,0.157500000000000,0,C,False
1.25,0.09142857142857143,4.28571428571429,1,H,True
1.25,0.09142857142857143,9.80181668042939,1,S,True
1.25,0.09142857142857143,0.0124328571428571,1,N,True
1.25,0.09142857142857143,0.00312138728323699,1,C,True
1.25,0.09142857142857143,95.2755681818182,2,H,False
1.25,0.09142857142857143,60.2009262753653,2,S,False
1.25,0.09142857142857143,0.00272727272727273,2,N,False
1.25,0.09142857142857143,0.00869454552379190,2,C,False
1.25,0.09142857142857143,95.2755681818182,3,H,True
1.25,0.09142857142857143,19.5588978339083,3,S,True
1.25,0.09142857142857143,0.00272727272727273,3,N,True
1.25,0.09142857142857143,0.0374882538390562,3,C,True
1.25,0.105,4.28571428571429,0,H,False
1.25,0.105,0.0,0,S,False
1.25,0.105,0.0142650000000000,0,N,False
1.25,0.105,0.157500000000000,0,C,False
1.25,0.105,4.28571428571429,1,H,True
1.25,0.105,9.80181668042939,1,S,True
1.25,0.105,0.0142650000000000,1,N,True
1.25,0.105,0.00312138728323699,1,C,True
1.25,0.105,98.4712430426716,2,H,False
1.25,0.105,54.9759205582714,2,S,False
1.25,0.105,0.00272727272727273,2,N,False
1.25,0.105,0.00993202687844552,2,C,False
1.25,0.105,98.4712430426716,3,H,True
1.25,0.105,22.4446360416174,3,S,True
1.25,0.105,0.00272727272727273,3,N,True
1.25,0.105,0.0322315494296394,3,C,True
1.25,0.11857142857142856,4.28571428571429,0,H,False
1.25,0.11857142857142856,0.0,0,S,False
1.25,0.11857142857142856,0.0160971428571429,0,N,False
1.25,0.11857142857142856,0.157500000000000,0,C,False
1.25,0.11857142857142856,4.28571428571429,1,H,True
1.25,0.11857142857142856,9.80181668042939,1,S,True
1.25,0.11857142857142856,0.0160971428571429,1,N,True
1.25,0.11857142857142856,0.00312138728323699,1,C,True
1.25,0.11857142857142856,100.935377875137,2,H,False
1.25,0.11857142857142856,49.8334243762759,2,S,False
1.25,0.11857142857142856,0.00272727272727273,2,N,False
1.25,0.11857142857142856,0.0114162202157417,2,C,False
1.25,0.11857142857142856,100.935377875137,3,H,True
1.25,0.11857142857142856,25.5611188321070,3,S,True
1.25,0.11857142857142856,0.00272727272727273,3,N,True
1.25,0.11857142857142856,0.0276481961465018,3,C,True
1.25,0.13214285714285715,4.28571428571429,0,H,False
1.25,0.13214285714285715,0.0,0,S,False
1.25,0.13214285714285715,0.0179292857142857,0,N,False
1.25,0.13214285714285715,0.157500000000000,0,C,False
1.25,0.13214285714285715,4.28571428571429,1,H,True
1.25,0.13214285714285715,9.80181668042939,1,S,True
1.25,0.13214285714285715,0.0179292857142857,1,N,True
1.25,0.13214285714285715,0.00312138728323699,1,C,True
1.25,0.13214285714285715,102.893366093366,2,H,False
1.25,0.13214285714285715,44.1101298763179,2,S,False
1.25,0.13214285714285715,0.00272727272727273,2,N,False
1.25,0.13214285714285715,0.0135206576087466,2,C,False
1.25,0.13214285714285715,102.893366093366,3,H,True
1.25,0.13214285714285715,29.5365796475957,3,S,True
1.25,0.13214285714285715,0.00272727272727273,3,N,True
1.25,0.13214285714285715,0.0230811830127471,3,C,True
1.25,0.1457142857142857,4.28571428571429,0,H,False
1.25,0.1457142857142857,0.0,0,S,False
1.25,0.1457142857142857,0.0197614285714286,0,N,False
1.25,0.1457142857142857,0.157500000000000,0,C,False
1.25,0.1457142857142857,4.28571428571429,1,H,True
1.25,0.1457142857142857,9.80181668042939,1,S,True
1.25,0.1457142857142857,0.0197614285714286,1,N,True
1.25,0.1457142857142857,0.00312138728323699,1,C,True
1.25,0.1457142857142857,,2,H,False
1.25,0.1457142857142857,,2,S,False
1.25,0.1457142857142857,,2,N,False
1.25,0.1457142857142857,,2,C,False
1.25,0.1457142857142857,,3,H,False
1.25,0.1457142857142857,,3,S,False
1.25,0.1457142857142857,,3,N,False
1.25,0.1457142857142857,,3,C,False
1.25,0.15928571428571428,4.28571428571429,0,H,False
1.25,0.15928571428571428,0.0,0,S,False
1.25,0.15928571428571428,0.0215935714285714,0,N,False
1.25,0.15928571428571428,0.157500000000000,0,C,False
1.25,0.15928571428571428,4.28571428571429,1,H,True
1.25,0.15928571428571428,9.80181668042939,1,S,True
1.25,0.15928571428571428,0.0215935714285714,1,N,True
1.25,0.15928571428571428,0.00312138728323699,1,C,True
1.25,0.15928571428571428,,2,H,False
1.25,0.15928571428571428,,2,S,False
1.25,0.15928571428571428,,2,N,False
1.25,0.15928571428571428,,2,C,False
1.25,0.15928571428571428,,3,H,False
1.25,0.15928571428571428,,3,S,False
1.25,0.15928571428571428,,3,N,False
1.25,0.15928571428571428,,3,C,False
1.25,0.17285714285714288,4.28571428571429,0,H,False
1.25,0.17285714285714288,0.0,0,S,False
1.25,0.17285714285714288,0.0234257142857143,0,N,False
1.25,0.17285714285714288,0.157500000000000,0,C,False
1.25,0.17285714285714288,4.28571428571429,1,H,True
1.25,0.17285714285714288,9.80181668042939,1,S,True
1.25,0.17285714285714288,0.0234257142857143,1,N,True
1.25,0.17285714285714288,0.00312138728323699,1,C,True
1.25,0.17285714285714288,,2,H,False
1.25,0.17285714285714288,,2,S,False
1.25,0.17285714285714288,,2,N,False
1.25,0.17285714285714288,,2,C,False
1.25,0.17285714285714288,,3,H,False
1.25,0.17285714285714288,,3,S,False
1.25,0.17285714285714288,,3,N,False
1.25,0.17285714285714288,,3,C,False
1.25,0.18642857142857144,4.28571428571429,0,H,False
1.25,0.18642857142857144,0.0,0,S,False
1.25,0.18642857142857144,0.0252578571428571,0,N,False
1.25,0.18642857142857144,0.157500000000000,0,C,False
1.25,0.18642857142857144,4.28571428571429,1,H,True
1.25,0.18642857142857144,9.80181668042939,1,S,True
1.25,0.18642857142857144,0.0252578571428571,1,N,True
1.25,0.18642857142857144,0.00312138728323699,1,C,True
1.25,0.18642857142857144,,2,H,False
1.25,0.18642857142857144,,2,S,False
1.25,0.18642857142857144,,2,N,False
1.25,0.18642857142857144,,2,C,False
1.25,0.18642857142857144,,3,H,False
1.25,0.18642857142857144,,3,S,False
1.25,0.18642857142857144,,3,N,False
1.25,0.18642857142857144,,3,C,False
1.25,0.2,4.28571428571429,0,H,False
1.25,0.2,0.0,0,S,False
1.25,0.2,0.0270900000000000,0,N,False
1.25,0.2,0.157500000000000,0,C,False
1.25,0.2,4.28571428571429,1,H,True
1.25,0.2,9.80181668042939,1,S,True
1.25,0.2,0.0270900000000000,1,N,True
1.25,0.2,0.00312138728323699,1,C,True
1.25,0.2,,2,H,False
1.25,0.2,,2,S,False
1.25,0.2,,2,N,False
1.25,0.2,,2,C,False
1.25,0.2,,3,H,False
1.25,0.2,,3,S,False
1.25,0.2,,3,N,False
1.25,0.2,,3,C,False
1.2857142857142856,0.01,2.44897959183673,0,H,True
1.2857142857142856,0.01,0.0,0,S,True
1.2857142857142856,0.01,0.00146142857142857,0,N,True
1.2857142857142856,0.01,0.158571428571429,0,C,True
1.2857142857142856,0.01,,1,H,False
1.2857142857142856,0.01,,1,S,False
1.2857142857142856,0.01,,1,N,False
1.2857142857142856,0.01,,1,C,False
1.2857142857142856,0.01,,2,H,False
1.2857142857142856,0.01,,2,S,False
1.2857142857142856,0.01,,2,N,False
1.2857142857142856,0.01,,2,C,False
1.2857142857142856,0.01,,3,H,False
1.2857142857142856,0.01,,3,S,False
1.2857142857142856,0.01,,3,N,False
1.2857142857142856,0.01,,3,C,False
1.2857142857142856,0.02357142857142857,2.44897959183673,0,H,False
1.2857142857142856,0.02357142857142857,0.0,0,S,False
1.2857142857142856,0.02357142857142857,0.00332265306122449,0,N,False
1.2857142857142856,0.02357142857142857,0.158571428571429,0,C,False
1.2857142857142856,0.02357142857142857,2.44897959183673,1,H,True
1.2857142857142856,0.02357142857142857,5.54973645087174,1,S,True
1.2857142857142856,0.02357142857142857,0.00332265306122449,1,N,True
1.2857142857142856,0.02357142857142857,0.00317880794701987,1,C,True
1.2857142857142856,0.02357142857142857,24.0991735537190,2,H,False
1.2857142857142856,0.02357142857142857,45.6071467272212,2,S,False
1.2857142857142856,0.02357142857142857,0.00272727272727273,2,N,False
1.2857142857142856,0.02357142857142857,0.00354297467542281,2,C,False
1.2857142857142856,0.02357142857142857,24.0991735537190,3,H,True
1.2857142857142856,0.02357142857142857,0.833444129173674,3,S,True
1.2857142857142856,0.02357142857142857,0.00272727272727273,3,N,True
1.2857142857142856,0.02357142857142857,0.130941399469397,3,C,True
1.2857142857142856,0.037142857142857144,2.44897959183673,0,H,False
1.2857142857142856,0.037142857142857144,0.0,0,S,False
1.2857142857142856,0.037142857142857144,0.00518387755102041,0,N,False
1.2857142857142856,0.037142857142857144,0.158571428571429,0,C,False
1.2857142857142856,0.037142857142857144,2.44897959183673,1,H,True
1.2857142857142856,0.037142857142857144,5.54973645087174,1,S,True
1.2857142857142856,0.037142857142857144,0.00518387755102041,1,N,True
1.2857142857142856,0.037142857142857144,0.00317880794701987,1,C,True
1.2857142857142856,0.037142857142857144,59.1398601398600,2,H,False
1.2857142857142856,0.037142857142857144,75.7037406361195,2,S,False
1.2857142857142856,0.037142857142857144,0.00272727272727273,2,N,False
1.2857142857142856,0.037142857142857144,0.00465516701713282,2,C,False
1.2857142857142856,0.037142857142857144,59.1398601398600,3,H,True
1.2857142857142856,0.037142857142857144,5.80645870915035,3,S,True
1.2857142857142856,0.037142857142857144,0.00272727272727273,3,N,True
1.2857142857142856,0.037142857142857144,0.0856996007316748,3,C,True
1.2857142857142856,0.05071428571428572,2.44897959183673,0,H,False
1.2857142857142856,0.05071428571428572,0.0,0,S,False
1.2857142857142856,0.05071428571428572,0.00704510204081633,0,N,False
1.2857142857142856,0.05071428571428572,0.158571428571429,0,C,False
1.2857142857142856,0.05071428571428572,2.44897959183673,1,H,True
1.2857142857142856,0.05071428571428572,5.54973645087174,1,S,True
1.2857142857142856,0.05071428571428572,0.00704510204081633,1,N,True
1.2857142857142856,0.05071428571428572,0.00317880794701987,1,C,True
1.2857142857142856,0.05071428571428572,75.4263764404610,2,H,False
1.2857142857142856,0.05071428571428572,74.4431892481919,2,S,False
1.2857142857142856,0.05071428571428572,0.00272727272727273,2,N,False
1.2857142857142856,0.05071428571428572,0.00575353622575631,2,C,False
1.2857142857142856,0.05071428571428572,75.4263764404610,3,H,True
1.2857142857142856,0.05071428571428572,10.2746299944258,3,S,True
1.2857142857142856,0.05071428571428572,0.00272727272727273,3,N,True
1.2857142857142856,0.05071428571428572,0.0640902877051863,3,C,True
1.2857142857142856,0.06428571428571428,2.44897959183673,0,H,False
1.2857142857142856,0.06428571428571428,0.0,0,S,False
1.2857142857142856,0.06428571428571428,0.00890632653061224,0,N,False
1.2857142857142856,0.06428571428571428,0.158571428571429,0,C,False
1.2857142857142856,0.06428571428571428,2.44897959183673,1,H,True
1.2857142857142856,0.06428571428571428,5.54973645087174,1,S,True
1.2857142857142856,0.06428571428571428,0.00890632653061224,1,N,True
1.2857142857142856,0.06428571428571428,0.00317880794701987,1,C,True
1.2857142857142856,0.06428571428571428,84.8363636363636,2,H,False
1.2857142857142856,0.06428571428571428,68.7646127170350,2,S,False
1.2857142857142856,0.06428571428571428,0.00272727272727273,2,N,False
1.2857142857142856,0.06428571428571428,0.00687183976274818,2,C,False
1.2857142857142856,0.06428571428571428,84.8363636363636,3,H,True
1.2857142857142856,0.06428571428571428,14.0194177471493,3,S,True
1.2857142857142856,0.06428571428571428,0.00272727272727273,3,N,True
1.2857142857142856,0.06428571428571428,0.0511212166289837,3,C,True
1.2857142857142856,0.07785714285714285,2.44897959183673,0,H,False
1.2857142857142856,0.07785714285714285,0.0,0,S,False
1.2857142857142856,0.07785714285714285,0.0107675510204082,0,N,False
1.2857142857142856,0.07785714285714285,0.158571428571429,0,C,False
1.2857142857142856,0.07785714285714285,2.44897959183673,1,H,True
1.2857142857142856,0.07785714285714285,5.54973645087174,1,S,True
1.2857142857142856,0.07785714285714285,0.0107675510204082,1,N,True
1.2857142857142856,0.07785714285714285,0.00317880794701987,1,C,True
1.2857142857142856,0.07785714285714285,90.9658048373644,2,H,False
1.2857142857142856,0.07785714285714285,62.6823556138710,2,S,False
1.2857142857142856,0.07785714285714285,0.00272727272727273,2,N,False
1.2857142857142856,0.07785714285714285,0.00805087138398333,2,C,False
1.2857142857142856,0.07785714285714285,90.9658048373644,3,H,True
1.2857142857142856,0.07785714285714285,17.3502964274707,3,S,True
1.2857142857142856,0.07785714285714285,0.00272727272727273,3,N,True
1.2857142857142856,0.07785714285714285,0.0422228777115655,3,C,True
1.2857142857142856,0.09142857142857143,2.44897959183673,0,H,False
1.2857142857142856,0.09142857142857143,0.0,0,S,False
1.2857142857142856,0.09142857142857143,0.0126287755102041,0,N,False
1.2857142857142856,0.09142857142857143,0.158571428571429,0,C,False
1.2857142857142856,0.09142857142857143,2.44897959183673,1,H,True
1.2857142857142856,0.09142857142857143,5.54973645087174,1,S,True
1.2857142857142856,0.09142857142857143,0.0126287755102041,1,N,True
1.2857142857142856,0.09142857142857143,0.00317880794701987,1,C,True
1.2857142857142856,0.09142857142857143,95.2755681818182,2,H,False
1.2857142857142856,0.09142857142857143,56.8581997206606,2,S,False
1.2857142857142856,0.09142857142857143,0.00272727272727273,2,N,False
1.2857142857142856,0.09142857142857143,0.00935193941844965,2,C,False
1.2857142857142856,0.09142857142857143,95.2755681818182,3,H,True
1.2857142857142856,0.09142857142857143,20.5352575078488,3,S,True
1.2857142857142856,0.09142857142857143,0.00272727272727273,3,N,True
1.2857142857142856,0.09142857142857143,0.0354941717344703,3,C,True
1.2857142857142856,0.105,2.44897959183673,0,H,False
1.2857142857142856,0.105,0.0,0,S,False
1.2857142857142856,0.105,0.0144900000000000,0,N,False
1.2857142857142856,0.105,0.158571428571429,0,C,False
1.2857142857142856,0.105,2.44897959183673,1,H,True
1.2857142857142856,0.105,5.54973645087174,1,S,True
1.2857142857142856,0.105,0.0144900000000000,1,N,True
1.2857142857142856,0.105,0.00317880794701987,1,C,True
1.2857142857142856,0.105,98.4712430426716,2,H,False
1.2857142857142856,0.105,51.1981594675458,2,S,False
1.2857142857142856,0.105,0.00272727272727273,2,N,False
1.2857142857142856,0.105,0.0108931074597568,2,C,False
1.2857142857142856,0.105,98.4712430426716,3,H,True
1.2857142857142856,0.105,23.8626966454648,3,S,True
1.2857142857142856,0.105,0.00272727272727273,3,N,True
1.2857142857142856,0.105,0.0299284286200574,3,C,True
1.2857142857142856,0.11857142857142856,2.44897959183673,0,H,False
1.2857142857142856,0.11857142857142856,0.0,0,S,False
1.2857142857142856,0.11857142857142856,0.0163512244897959,0,N,False
1.2857142857142856,0.11857142857142856,0.158571428571429,0,C,False
1.2857142857142856,0.11857142857142856,2.44897959183673,1,H,True
1.2857142857142856,0.11857142857142856,5.54973645087174,1,S,True
1.2857142857142856,0.11857142857142856,0.0163512244897959,1,N,True
1.2857142857142856,0.11857142857142856,0.00317880794701987,1,C,True
1.2857142857142856,0.11857142857142856,100.935377875137,2,H,False
1.2857142857142856,0.11857142857142856,45.1329160416428,2,S,False
1.2857142857142856,0.11857142857142856,0.00272727272727273,2,N,False
1.2857142857142856,0.11857142857142856,0.0130091460311518,2,C,False
1.2857142857142856,0.11857142857142856,100.935377875137,3,H,True
1.2857142857142856,0.11857142857142856,27.9108801713644,3,S,True
1.2857142857142856,0.11857142857142856,0.00272727272727273,3,N,True
1.2857142857142856,0.11857142857142856,0.0247091032453039,3,C,True
1.2857142857142856,0.13214285714285715,2.44897959183673,0,H,False
1.2857142857142856,0.13214285714285715,0.0,0,S,False
1.2857142857142856,0.13214285714285715,0.0182124489795918,0,N,False
1.2857142857142856,0.13214285714285715,0.158571428571429,0,C,False
1.2857142857142856,0.13214285714285715,2.44897959183673,1,H,True
1.2857142857142856,0.13214285714285715,5.54973645087174,1,S,True
1.2857142857142856,0.13214285714285715,0.0182124489795918,1,N,True
1.2857142857142856,0.13214285714285715,0.00317880794701987,1,C,True
1.2857142857142856,0.13214285714285715,,2,H,False
1.2857142857142856,0.13214285714285715,,2,S,False
1.2857142857142856,0.13214285714285715,,2,N,False
1.2857142857142856,0.13214285714285715,,2,C,False
1.2857142857142856,0.13214285714285715,,3,H,False
1.2857142857142856,0.13214285714285715,,3,S,False
1.2857142857142856,0.13214285714285715,,3,N,False
1.2857142857142856,0.13214285714285715,,3,C,False
1.2857142857142856,0.1457142857142857,2.44897959183673,0,H,False
1.2857142857142856,0.1457142857142857,0.0,0,S,False
1.2857142857142856,0.1457142857142857,0.0200736734693878,0,N,False
1.2857142857142856,0.1457142857142857,0.158571428571429,0,C,False
1.2857142857142856,0.1457142857142857,2.44897959183673,1,H,True
1.2857142857142856,0.1457142857142857,5.54973645087174,1,S,True
1.2857142857142856,0.1457142857142857,0.0200736734693878,1,N,True
1.2857142857142856,0.1457142857142857,0.00317880794701987,1,C,True
1.2857142857142856,0.1457142857142857,,2,H,False
1.2857142857142856,0.1457142857142857,,2,S,False
1.2857142857142856,0.1457142857142857,,2,N,False
1.2857142857142856,0.1457142857142857,,2,C,False
1.2857142857142856,0.1457142857142857,,3,H,False
1.2857142857142856,0.1457142857142857,,3,S,False
1.2857142857142856,0.1457142857142857,,3,N,False
1.2857142857142856,0.1457142857142857,,3,C,False
1.2857142857142856,0.15928571428571428,2.44897959183673,0,H,False
1.2857142857142856,0.15928571428571428,0.0,0,S,False
1.2857142857142856,0.15928571428571428,0.0219348979591837,0,N,False
1.2857142857142856,0.15928571428571428,0.158571428571429,0,C,False
1.2857142857142856,0.15928571428571428,2.44897959183673,1,H,True
1.2857142857142856,0.15928571428571428,5.54973645087174,1,S,True
1.2857142857142856,0.15928571428571428,0.0219348979591837,1,N,True
1.2857142857142856,0.15928571428571428,0.00317880794701987,1,C,True
1.2857142857142856,0.15928571428571428,,2,H,False
1.2857142857142856,0.15928571428571428,,2,S,False
1.2857142857142856,0.15928571428571428,,2,N,False
1.2857142857142856,0.15928571428571428,,2,C,False
1.2857142857142856,0.15928571428571428,,3,H,False
1.2857142857142856,0.15928571428571428,,3,S,False
1.2857142857142856,0.15928571428571428,,3,N,False
1.2857142857142856,0.15928571428571428,,3,C,False
1.2857142857142856,0.17285714285714288,2.44897959183673,0,H,False
1.2857142857142856,0.17285714285714288,0.0,0,S,False
1.2857142857142856,0.17285714285714288,0.0237961224489796,0,N,False
1.2857142857142856,0.17285714285714288,0.158571428571429,0,C,False
1.2857142857142856,0.17285714285714288,2.44897959183673,1,H,True
1.2857142857142856,0.17285714285714288,5.54973645087174,1,S,True
1.2857142857142856,0.17285714285714288,0.0237961224489796,1,N,True
1.2857142857142856,0.17285714285714288,0.00317880794701987,1,C,True
1.2857142857142856,0.17285714285714288,,2,H,False
1.2857142857142856,0.17285714285714288,,2,S,False
1.2857142857142856,0.17285714285714288,,2,N,False
1.2857142857142856,0.17285714285714288,,2,C,False
1.2857142857142856,0.17285714285714288,,3,H,False
1.2857142857142856,0.17285714285714288,,3,S,False
1.2857142857142856,0.17285714285714288,,3,N,False
1.2857142857142856,0.17285714285714288,,3,C,False
1.2857142857142856,0.18642857142857144,2.44897959183673,0,H,False
1.2857142857142856,0.18642857142857144,0.0,0,S,False
1.2857142857142856,0.18642857142857144,0.0256573469387755,0,N,False
1.2857142857142856,0.18642857142857144,0.158571428571429,0,C,False
1.2857142857142856,0.18642857142857144,2.44897959183673,1,H,True
1.2857142857142856,0.18642857142857144,5.54973645087174,1,S,True
1.2857142857142856,0.18642857142857144,0.0256573469387755,1,N,True
1.2857142857142856,0.18642857142857144,0.00317880794701987,1,C,True
1.2857142857142856,0.18642857142857144,,2,H,False
1.2857142857142856,0.18642857142857144,,2,S,False
1.2857142857142856,0.18642857142857144,,2,N,False
1.2857142857142856,0.18642857142857144,,2,C,False
1.2857142857142856,0.18642857142857144,,3,H,False
1.2857142857142856,0.18642857142857144,,3,S,False
1.2857142857142856,0.18642857142857144,,3,N,False
1.2857142857142856,0.18642857142857144,,3,C,False
1.2857142857142856,0.2,2.44897959183673,0,H,False
1.2857142857142856,0.2,0.0,0,S,False
1.2857142857142856,0.2,0.0275185714285714,0,N,False
1.2857142857142856,0.2,0.158571428571429,0,C,False
1.2857142857142856,0.2,2.44897959183673,1,H,True
1.2857142857142856,0.2,5.54973645087174,1,S,True
1.2857142857142856,0.2,0.0275185714285714,1,N,True
1.2857142857142856,0.2,0.00317880794701987,1,C,True
1.2857142857142856,0.2,,2,H,False
1.2857142857142856,0.2,,2,S,False
1.2857142857142856,0.2,,2,N,False
1.2857142857142856,0.2,,2,C,False
1.2857142857142856,0.2,,3,H,False
1.2857142857142856,0.2,,3,S,False
1.2857142857142856,0.2,,3,N,False
1.2857142857142856,0.2,,3,C,False
1.3214285714285714,0.01,0.612244897959213,0,H,True
1.3214285714285714,0.01,0.0,0,S,True
1.3214285714285714,0.01,0.00148285714285714,0,N,True
1.3214285714285714,0.01,0.159642857142857,0,C,True
1.3214285714285714,0.01,,1,H,False
1.3214285714285714,0.01,,1,S,False
1.3214285714285714,0.01,,1,N,False
1.3214285714285714,0.01,,1,C,False
1.3214285714285714,0.01,,2,H,False
1.3214285714285714,0.01,,2,S,False
1.3214285714285714,0.01,,2,N,False
1.3214285714285714,0.01,,2,C,False
1.3214285714285714,0.01,,3,H,False
1.3214285714285714,0.01,,3,S,False
1.3214285714285714,0.01,,3,N,False
1.3214285714285714,0.01,,3,C,False
1.3214285714285714,0.02357142857142857,0.612244897959213,0,H,False
1.3214285714285714,0.02357142857142857,0.0,0,S,False
1.3214285714285714,0.02357142857142857,0.00337316326530612,0,N,False
1.3214285714285714,0.02357142857142857,0.159642857142857,0,C,False
1.3214285714285714,0.02357142857142857,0.612244897959213,1,H,True
1.3214285714285714,0.02357142857142857,1.37500081424214,1,S,True
1.3214285714285714,0.02357142857142857,0.00337316326530613,1,N,True
1.3214285714285714,0.02357142857142857,0.00323651452282158,1,C,True
1.3214285714285714,0.02357142857142857,24.0991735537192,2,H,False
1.3214285714285714,0.02357142857142857,44.4997276679722,2,S,False
1.3214285714285714,0.02357142857142857,0.00272727272727273,2,N,False
1.3214285714285714,0.02357142857142857,0.00364416006159313,2,C,False
1.3214285714285714,0.02357142857142857,24.0991735537192,3,H,True
1.3214285714285714,0.02357142857142857,0.908274782766649,3,S,True
1.3214285714285714,0.02357142857142857,0.00272727272727273,3,N,True
1.3214285714285714,0.02357142857142857,0.129616667756383,3,C,True
1.3214285714285714,0.037142857142857144,0.612244897959213,0,H,False
1.3214285714285714,0.037142857142857144,0.0,0,S,False
1.3214285714285714,0.037142857142857144,0.00526346938775510,0,N,False
1.3214285714285714,0.037142857142857144,0.159642857142857,0,C,False
1.3214285714285714,0.037142857142857144,0.612244897959213,1,H,True
1.3214285714285714,0.037142857142857144,1.37500081424214,1,S,True
1.3214285714285714,0.037142857142857144,0.00526346938775511,1,N,True
1.3214285714285714,0.037142857142857144,0.00323651452282158,1,C,True
1.3214285714285714,0.037142857142857144,59.1398601398602,2,H,False
1.3214285714285714,0.037142857142857144,73.4882615663932,2,S,False
1.3214285714285714,0.037142857142857144,0.00272727272727273,2,N,False
1.3214285714285714,0.037142857142857144,0.00482116344977626,2,C,False
1.3214285714285714,0.037142857142857144,59.1398601398602,3,H,True
1.3214285714285714,0.037142857142857144,6.03735002160188,3,S,True
1.3214285714285714,0.037142857142857144,0.00272727272727273,3,N,True
1.3214285714285714,0.037142857142857144,0.0842510806961193,3,C,True
1.3214285714285714,0.05071428571428572,0.612244897959213,0,H,False
1.3214285714285714,0.05071428571428572,0.0,0,S,False
1.3214285714285714,0.05071428571428572,0.00715377551020408,0,N,False
1.3214285714285714,0.05071428571428572,0.159642857142857,0,C,False
1.3214285714285714,0.05071428571428572,0.612244897959213,1,H,True
1.3214285714285714,0.05071428571428572,1.37500081424214,1,S,True
1.3214285714285714,0.05071428571428572,0.00715377551020409,1,N,True
1.3214285714285714,0.05071428571428572,0.00323651452282158,1,C,True
1.3214285714285714,0.05071428571428572,75.4263764404612,2,H,False
1.3214285714285714,0.05071428571428572,71.8660411177270,2,S,False
1.3214285714285714,0.05071428571428572,0.00272727272727273,2,N,False
1.3214285714285714,0.05071428571428572,0.00600418361612193,2,C,False
1.3214285714285714,0.05071428571428572,75.4263764404612,3,H,True
1.3214285714285714,0.05071428571428572,10.6463351839810,3,S,True
1.3214285714285714,0.05071428571428572,0.00272727272727273,3,N,True
1.3214285714285714,0.05071428571428572,0.0625297047385248,3,C,True
1.3214285714285714,0.06428571428571428,0.612244897959213,0,H,False
1.3214285714285714,0.06428571428571428,0.0,0,S,False
1.3214285714285714,0.06428571428571428,0.00904408163265306,0,N,False
1.3214285714285714,0.06428571428571428,0.159642857142857,0,C,False
1.3214285714285714,0.06428571428571428,0.612244897959213,1,H,True
1.3214285714285714,0.06428571428571428,1.37500081424214,1,S,True
1.3214285714285714,0.06428571428571428,0.00904408163265307,1,N,True
1.3214285714285714,0.06428571428571428,0.00323651452282158,1,C,True
1.3214285714285714,0.06428571428571428,84.8363636363638,2,H,False
1.3214285714285714,0.06428571428571428,65.9582224232642,2,S,False
1.3214285714285714,0.06428571428571428,0.00272727272727273,2,N,False
1.3214285714285714,0.06428571428571428,0.00723574696395921,2,C,False
1.3214285714285714,0.06428571428571428,84.8363636363638,3,H,True
1.3214285714285714,0.06428571428571428,14.5568664999171,3,S,True
1.3214285714285714,0.06428571428571428,0.00272727272727273,3,N,True
1.3214285714285714,0.06428571428571428,0.0494315358224106,3,C,True
1.3214285714285714,0.07785714285714285,0.612244897959213,0,H,False
1.3214285714285714,0.07785714285714285,0.0,0,S,False
1.3214285714285714,0.07785714285714285,0.0109343877551020,0,N,False
1.3214285714285714,0.07785714285714285,0.159642857142857,0,C,False
1.3214285714285714,0.07785714285714285,0.612244897959213,1,H,True
1.3214285714285714,0.07785714285714285,1.37500081424214,1,S,True
1.3214285714285714,0.07785714285714285,0.0109343877551020,1,N,True
1.3214285714285714,0.07785714285714285,0.00323651452282158,1,C,True
1.3214285714285714,0.07785714285714285,90.9658048373645,2,H,False
1.3214285714285714,0.07785714285714285,59.6342582100800,2,S,False
1.3214285714285714,0.07785714285714285,0.00272727272727273,2,N,False
1.3214285714285714,0.07785714285714285,0.00857475157258864,2,C,False
1.3214285714285714,0.07785714285714285,90.9658048373645,3,H,True
1.3214285714285714,0.07785714285714285,18.1133428131095,3,S,True
1.3214285714285714,0.07785714285714285,0.00272727272727273,3,N,True
1.3214285714285714,0.07785714285714285,0.0403629074032523,3,C,True
1.3214285714285714,0.09142857142857143,0.612244897959213,0,H,False
1.3214285714285714,0.09142857142857143,0.0,0,S,False
1.3214285714285714,0.09142857142857143,0.0128246938775510,0,N,False
1.3214285714285714,0.09142857142857143,0.159642857142857,0,C,False
1.3214285714285714,0.09142857142857143,0.612244897959213,1,H,True
1.3214285714285714,0.09142857142857143,1.37500081424214,1,S,True
1.3214285714285714,0.09142857142857143,0.0128246938775510,1,N,True
1.3214285714285714,0.09142857142857143,0.00323651452282158,1,C,True
1.3214285714285714,0.09142857142857143,95.2755681818183,2,H,False
1.3214285714285714,0.09142857142857143,53.4591860004791,2,S,False
1.3214285714285714,0.09142857142857143,0.00272727272727273,2,N,False
1.3214285714285714,0.09142857142857143,0.0101256588801981,2,C,False
1.3214285714285714,0.09142857142857143,95.2755681818183,3,H,True
1.3214285714285714,0.09142857142857143,21.6498210413389,3,S,True
1.3214285714285714,0.09142857142857143,0.00272727272727273,3,N,True
1.3214285714285714,0.09142857142857143,0.0333771083538645,3,C,True
1.3214285714285714,0.105,0.612244897959213,0,H,False
1.3214285714285714,0.105,0.0,0,S,False
1.3214285714285714,0.105,0.0147150000000000,0,N,False
1.3214285714285714,0.105,0.159642857142857,0,C,False
1.3214285714285714,0.105,0.612244897959213,1,H,True
1.3214285714285714,0.105,1.37500081424214,1,S,True
1.3214285714285714,0.105,0.0147150000000000,1,N,True
1.3214285714285714,0.105,0.00323651452282158,1,C,True
1.3214285714285714,0.105,98.4712430426717,2,H,False
1.3214285714285714,0.105,47.1221297563790,2,S,False
1.3214285714285714,0.105,0.00272727272727273,2,N,False
1.3214285714285714,0.105,0.0121473445034917,2,C,False
1.3214285714285714,0.105,98.4712430426717,3,H,True
1.3214285714285714,0.105,25.6610805322816,3,S,True
1.3214285714285714,0.105,0.00272727272727273,3,N,True
1.3214285714285714,0.105,0.0273254689900686,3,C,True
1.3214285714285714,0.11857142857142856,0.612244897959213,0,H,False
1.3214285714285714,0.11857142857142856,0.0,0,S,False
1.3214285714285714,0.11857142857142856,0.0166053061224490,0,N,False
1.3214285714285714,0.11857142857142856,0.159642857142857,0,C,False
1.3214285714285714,0.11857142857142856,0.612244897959213,1,H,True
1.3214285714285714,0.11857142857142856,1.37500081424214,1,S,True
1.3214285714285714,0.11857142857142856,0.0166053061224490,1,N,True
1.3214285714285714,0.11857142857142856,0.00323651452282158,1,C,True
1.3214285714285714,0.11857142857142856,100.935377875137,2,H,False
1.3214285714285714,0.11857142857142856,38.0325308599475,2,S,False
1.3214285714285714,0.11857142857142856,0.00272727272727273,2,N,False
1.3214285714285714,0.11857142857142856,0.0163577179045727,2,C,False
1.3214285714285714,0.11857142857142856,100.935377875137,3,H,True
1.3214285714285714,0.11857142857142856,32.7425637481260,3,S,True
1.3214285714285714,0.11857142857142856,0.00272727272727273,3,N,True
1.3214285714285714,0.11857142857142856,0.0200076613794438,3,C,True
1.3214285714285714,0.13214285714285715,0.612244897959213,0,H,False
1.3214285714285714,0.13214285714285715,0.0,0,S,False
1.3214285714285714,0.13214285714285715,0.0184956122448980,0,N,False
1.3214285714285714,0.13214285714285715,0.159642857142857,0,C,False
1.3214285714285714,0.13214285714285715,0.612244897959213,1,H,True
1.3214285714285714,0.13214285714285715,1.37500081424214,1,S,True
1.3214285714285714,0.13214285714285715,0.0184956122448980,1,N,True
1.3214285714285714,0.13214285714285715,0.00323651452282158,1,C,True
1.3214285714285714,0.13214285714285715,,2,H,False
1.3214285714285714,0.13214285714285715,,2,S,False
1.3214285714285714,0.13214285714285715,,2,N,False
1.3214285714285714,0.13214285714285715,,2,C,False
1.3214285714285714,0.13214285714285715,,3,H,False
1.3214285714285714,0.13214285714285715,,3,S,False
1.3214285714285714,0.13214285714285715,,3,N,False
1.3214285714285714,0.13214285714285715,,3,C,False
1.3214285714285714,0.1457142857142857,0.612244897959213,0,H,False
1.3214285714285714,0.1457142857142857,0.0,0,S,False
1.3214285714285714,0.1457142857142857,0.0203859183673469,0,N,False
1.3214285714285714,0.1457142857142857,0.159642857142857,0,C,False
1.3214285714285714,0.1457142857142857,0.612244897959213,1,H,True
1.3214285714285714,0.1457142857142857,1.37500081424214,1,S,True
1.3214285714285714,0.1457142857142857,0.0203859183673469,1,N,True
1.3214285714285714,0.1457142857142857,0.00323651452282158,1,C,True
1.3214285714285714,0.1457142857142857,,2,H,False
1.3214285714285714,0.1457142857142857,,2,S,False
1.3214285714285714,0.1457142857142857,,2,N,False
1.3214285714285714,0.1457142857142857,,2,C,False
1.3214285714285714,0.1457142857142857,,3,H,False
1.3214285714285714,0.1457142857142857,,3,S,False
1.3214285714285714,0.1457142857142857,,3,N,False
1.3214285714285714,0.1457142857142857,,3,C,False
1.3214285714285714,0.15928571428571428,0.612244897959213,0,H,False
1.3214285714285714,0.15928571428571428,0.0,0,S,False
1.3214285714285714,0.15928571428571428,0.0222762244897959,0,N,False
1.3214285714285714,0.15928571428571428,0.159642857142857,0,C,False
1.3214285714285714,0.15928571428571428,0.612244897959213,1,H,True
1.3214285714285714,0.15928571428571428,1.37500081424214,1,S,True
1.3214285714285714,0.15928571428571428,0.0222762244897959,1,N,True
1.3214285714285714,0.15928571428571428,0.00323651452282158,1,C,True
1.3214285714285714,0.15928571428571428,,2,H,False
1.3214285714285714,0.15928571428571428,,2,S,False
1.3214285714285714,0.15928571428571428,,2,N,False
1.3214285714285714,0.15928571428571428,,2,C,False
1.3214285714285714,0.15928571428571428,,3,H,False
1.3214285714285714,0.15928571428571428,,3,S,False
1.3214285714285714,0.15928571428571428,,3,N,False
1.3214285714285714,0.15928571428571428,,3,C,False
1.3214285714285714,0.17285714285714288,0.612244897959213,0,H,False
1.3214285714285714,0.17285714285714288,0.0,0,S,False
1.3214285714285714,0.17285714285714288,0.0241665306122449,0,N,False
1.3214285714285714,0.17285714285714288,0.159642857142857,0,C,False
1.3214285714285714,0.17285714285714288,0.612244897959213,1,H,True
1.3214285714285714,0.17285714285714288,1.37500081424214,1,S,True
1.3214285714285714,0.17285714285714288,0.0241665306122449,1,N,True
1.3214285714285714,0.17285714285714288,0.00323651452282158,1,C,True
1.3214285714285714,0.17285714285714288,,2,H,False
1.3214285714285714,0.17285714285714288,,2,S,False
1.3214285714285714,0.17285714285714288,,2,N,False
1.3214285714285714,0.17285714285714288,,2,C,False
1.3214285714285714,0.17285714285714288,,3,H,False
1.3214285714285714,0.17285714285714288,,3,S,False
1.3214285714285714,0.17285714285714288,,3,N,False
1.3214285714285714,0.17285714285714288,,3,C,False
1.3214285714285714,0.18642857142857144,0.612244897959213,0,H,False
1.3214285714285714,0.18642857142857144,0.0,0,S,False
1.3214285714285714,0.18642857142857144,0.0260568367346939,0,N,False
1.3214285714285714,0.18642857142857144,0.159642857142857,0,C,False
1.3214285714285714,0.18642857142857144,0.612244897959213,1,H,True
1.3214285714285714,0.18642857142857144,1.37500081424214,1,S,True
1.3214285714285714,0.18642857142857144,0.0260568367346939,1,N,True
1.3214285714285714,0.18642857142857144,0.00323651452282158,1,C,True
1.3214285714285714,0.18642857142857144,,2,H,False
1.3214285714285714,0.18642857142857144,,2,S,False
1.3214285714285714,0.18642857142857144,,2,N,False
1.3214285714285714,0.18642857142857144,,2,C,False
1.3214285714285714,0.18642857142857144,,3,H,False
1.3214285714285714,0.18642857142857144,,3,S,False
1.3214285714285714,0.18642857142857144,,3,N,False
1.3214285714285714,0.18642857142857144,,3,C,False
1.3214285714285714,0.2,0.612244897959213,0,H,False
1.3214285714285714,0.2,0.0,0,S,False
1.3214285714285714,0.2,0.0279471428571429,0,N,False
1.3214285714285714,0.2,0.159642857142857,0,C,False
1.3214285714285714,0.2,0.612244897959213,1,H,True
1.3214285714285714,0.2,1.37500081424214,1,S,True
1.3214285714285714,0.2,0.0279471428571429,1,N,True
1.3214285714285714,0.2,0.00323651452282158,1,C,True
1.3214285714285714,0.2,,2,H,False
1.3214285714285714,0.2,,2,S,False
1.3214285714285714,0.2,,2,N,False
1.3214285714285714,0.2,,2,C,False
1.3214285714285714,0.2,,3,H,False
1.3214285714285714,0.2,,3,S,False
1.3214285714285714,0.2,,3,N,False
1.3214285714285714,0.2,,3,C,False
1.3571428571428572,0.01,,0,H,False
1.3571428571428572,0.01,,0,S,False
1.3571428571428572,0.01,,0,N,False
1.3571428571428572,0.01,,0,C,False
1.3571428571428572,0.01,,1,H,False
1.3571428571428572,0.01,,1,S,False
1.3571428571428572,0.01,,1,N,False
1.3571428571428572,0.01,,1,C,False
1.3571428571428572,0.01,,2,H,False
1.3571428571428572,0.01,,2,S,False
1.3571428571428572,0.01,,2,N,False
1.3571428571428572,0.01,,2,C,False
1.3571428571428572,0.01,,3,H,False
1.3571428571428572,0.01,,3,S,False
1.3571428571428572,0.01,,3,N,False
1.3571428571428572,0.01,,3,C,False
1.3571428571428572,0.02357142857142857,,0,H,False
1.3571428571428572,0.02357142857142857,,0,S,False
1.3571428571428572,0.02357142857142857,,0,N,False
1.3571428571428572,0.02357142857142857,,0,C,False
1.3571428571428572,0.02357142857142857,,1,H,False
1.3571428571428572,0.02357142857142857,,1,S,False
1.3571428571428572,0.02357142857142857,,1,N,False
1.3571428571428572,0.02357142857142857,,1,C,False
1.3571428571428572,0.02357142857142857,24.0991735537192,2,H,False
1.3571428571428572,0.02357142857142857,43.4249555085575,2,S,False
1.3571428571428572,0.02357142857142857,0.00272727272727273,2,N,False
1.3571428571428572,0.02357142857142857,0.00374801934189219,2,C,False
1.3571428571428572,0.02357142857142857,24.0991735537192,3,H,True
1.3571428571428572,0.02357142857142857,0.983830526097828,3,S,True
1.3571428571428572,0.02357142857142857,0.00272727272727273,3,N,True
1.3571428571428572,0.02357142857142857,0.128283154596860,3,C,True
1.3571428571428572,0.037142857142857144,,0,H,False
1.3571428571428572,0.037142857142857144,,0,S,False
1.3571428571428572,0.037142857142857144,,0,N,False
1.3571428571428572,0.037142857142857144,,0,C,False
1.3571428571428572,0.037142857142857144,,1,H,False
1.3571428571428572,0.037142857142857144,,1,S,False
1.3571428571428572,0.037142857142857144,,1,N,False
1.3571428571428572,0.037142857142857144,,1,C,False
1.3571428571428572,0.037142857142857144,59.1398601398603,2,H,False
1.3571428571428572,0.037142857142857144,71.3340170736615,2,S,False
1.3571428571428572,0.037142857142857144,0.00272727272727273,2,N,False
1.3571428571428572,0.037142857142857144,0.00499421596566452,2,C,False
1.3571428571428572,0.037142857142857144,59.1398601398603,3,H,True
1.3571428571428572,0.037142857142857144,6.27249986527380,3,S,True
1.3571428571428572,0.037142857142857144,0.00272727272727273,3,N,True
1.3571428571428572,0.037142857142857144,0.0827891026292182,3,C,True
1.3571428571428572,0.05071428571428572,,0,H,False
1.3571428571428572,0.05071428571428572,,0,S,False
1.3571428571428572,0.05071428571428572,,0,N,False
1.3571428571428572,0.05071428571428572,,0,C,False
1.3571428571428572,0.05071428571428572,,1,H,False
1.3571428571428572,0.05071428571428572,,1,S,False
1.3571428571428572,0.05071428571428572,,1,N,False
1.3571428571428572,0.05071428571428572,,1,C,False
1.3571428571428572,0.05071428571428572,75.4263764404612,2,H,False
1.3571428571428572,0.05071428571428572,69.3502819959100,2,S,False
1.3571428571428572,0.05071428571428572,0.00272727272727273,2,N,False
1.3571428571428572,0.05071428571428572,0.00627049370219273,2,C,False
1.3571428571428572,0.05071428571428572,75.4263764404612,3,H,True
1.3571428571428572,0.05071428571428572,11.0304574647691,3,S,True
1.3571428571428572,0.05071428571428572,0.00272727272727273,3,N,True
1.3571428571428572,0.05071428571428572,0.0609469202962434,3,C,True
1.3571428571428572,0.06428571428571428,,0,H,False
1.3571428571428572,0.06428571428571428,,0,S,False
1.3571428571428572,0.06428571428571428,,0,N,False
1.3571428571428572,0.06428571428571428,,0,C,False
1.3571428571428572,0.06428571428571428,,1,H,False
1.3571428571428572,0.06428571428571428,,1,S,False
1.3571428571428572,0.06428571428571428,,1,N,False
1.3571428571428572,0.06428571428571428,,1,C,False
1.3571428571428572,0.06428571428571428,84.8363636363638,2,H,False
1.3571428571428572,0.06428571428571428,63.1976278097538,2,S,False
1.3571428571428572,0.06428571428571428,0.00272727272727273,2,N,False
1.3571428571428572,0.06428571428571428,0.00763236755067245,2,C,False
1.3571428571428572,0.06428571428571428,84.8363636363638,3,H,True
1.3571428571428572,0.06428571428571428,15.1252148380174,3,S,True
1.3571428571428572,0.06428571428571428,0.00272727272727273,3,N,True
1.3571428571428572,0.06428571428571428,0.0477025237920392,3,C,True
1.3571428571428572,0.07785714285714285,,0,H,False
1.3571428571428572,0.07785714285714285,,0,S,False
1.3571428571428572,0.07785714285714285,,0,N,False
1.3571428571428572,0.07785714285714285,,0,C,False
1.3571428571428572,0.07785714285714285,,1,H,False
1.3571428571428572,0.07785714285714285,,1,S,False
1.3571428571428572,0.07785714285714285,,1,N,False
1.3571428571428572,0.07785714285714285,,1,C,False
1.3571428571428572,0.07785714285714285,90.9658048373646,2,H,False
1.3571428571428572,0.07785714285714285,56.5890364457821,2,S,False
1.3571428571428572,0.07785714285714285,0.00272727272727273,2,N,False
1.3571428571428572,0.07785714285714285,0.00916819953462754,2,C,False
1.3571428571428572,0.07785714285714285,90.9658048373646,3,H,True
1.3571428571428572,0.07785714285714285,18.9513368628511,3,S,True
1.3571428571428572,0.07785714285714285,0.00272727272727273,3,N,True
1.3571428571428572,0.07785714285714285,0.0384266999864655,3,C,True
1.3571428571428572,0.09142857142857143,,0,H,False
1.3571428571428572,0.09142857142857143,,0,S,False
1.3571428571428572,0.09142857142857143,,0,N,False
1.3571428571428572,0.09142857142857143,,0,C,False
1.3571428571428572,0.09142857142857143,,1,H,False
1.3571428571428572,0.09142857142857143,,1,S,False
1.3571428571428572,0.09142857142857143,,1,N,False
1.3571428571428572,0.09142857142857143,,1,C,False
1.3571428571428572,0.09142857142857143,95.2755681818183,2,H,False
1.3571428571428572,0.09142857142857143,49.9376320379477,2,S,False
1.3571428571428572,0.09142857142857143,0.00272727272727273,2,N,False
1.3571428571428572,0.09142857142857143,0.0110667764151605,2,C,False
1.3571428571428572,0.09142857142857143,95.2755681818183,3,H,True
1.3571428571428572,0.09142857142857143,22.9651851690869,3,S,True
1.3571428571428572,0.09142857142857143,0.00272727272727273,3,N,True
1.3571428571428572,0.09142857142857143,0.0310859413563568,3,C,True
1.3571428571428572,0.105,,0,H,False
1.3571428571428572,0.105,,0,S,False
1.3571428571428572,0.105,,0,N,False
1.3571428571428572,0.105,,0,C,False
1.3571428571428572,0.105,,1,H,False
1.3571428571428572,0.105,,1,S,False
1.3571428571428572,0.105,,1,N,False
1.3571428571428572,0.105,,1,C,False
1.3571428571428572,0.105,98.4712430426717,2,H,False
1.3571428571428572,0.105,42.3036498028307,2,S,False
1.3571428571428572,0.105,0.00272727272727273,2,N,False
1.3571428571428572,0.105,0.0140234502883672,2,C,False
1.3571428571428572,0.105,98.4712430426717,3,H,True
1.3571428571428572,0.105,28.2803092405078,3,S,True
1.3571428571428572,0.105,0.00272727272727273,3,N,True
1.3571428571428572,0.105,0.0240939082266620,3,C,True
1.3571428571428572,0.11857142857142856,,0,H,False
1.3571428571428572,0.11857142857142856,,0,S,False
1.3571428571428572,0.11857142857142856,,0,N,False
1.3571428571428572,0.11857142857142856,,0,C,False
1.3571428571428572,0.11857142857142856,,1,H,False
1.3571428571428572,0.11857142857142856,,1,S,False
1.3571428571428572,0.11857142857142856,,1,N,False
1.3571428571428572,0.11857142857142856,,1,C,False
1.3571428571428572,0.11857142857142856,,2,H,False
1.3571428571428572,0.11857142857142856,,2,S,False
1.3571428571428572,0.11857142857142856,,2,N,False
1.3571428571428572,0.11857142857142856,,2,C,False
1.3571428571428572,0.11857142857142856,,3,H,False
1.3571428571428572,0.11857142857142856,,3,S,False
1.3571428571428572,0.11857142857142856,,3,N,False
1.3571428571428572,0.11857142857142856,,3,C,False
1.3571428571428572,0.13214285714285715,,0,H,False
1.3571428571428572,0.13214285714285715,,0,S,False
1.3571428571428572,0.13214285714285715,,0,N,False
1.3571428571428572,0.13214285714285715,,0,C,False
1.3571428571428572,0.13214285714285715,,1,H,False
1.3571428571428572,0.13214285714285715,,1,S,False
1.3571428571428572,0.13214285714285715,,1,N,False
1.3571428571428572,0.13214285714285715,,1,C,False
1.3571428571428572,0.13214285714285715,,2,H,False
1.3571428571428572,0.13214285714285715,,2,S,False
1.3571428571428572,0.13214285714285715,,2,N,False
1.3571428571428572,0.13214285714285715,,2,C,False
1.3571428571428572,0.13214285714285715,,3,H,False
1.3571428571428572,0.13214285714285715,,3,S,False
1.3571428571428572,0.13214285714285715,,3,N,False
1.3571428571428572,0.13214285714285715,,3,C,False
1.3571428571428572,0.1457142857142857,,0,H,False
1.3571428571428572,0.1457142857142857,,0,S,False
1.3571428571428572,0.1457142857142857,,0,N,False
1.3571428571428572,0.1457142857142857,,0,C,False
1.3571428571428572,0.1457142857142857,,1,H,False
1.3571428571428572,0.1457142857142857,,1,S,False
1.3571428571428572,0.1457142857142857,,1,N,False
1.3571428571428572,0.1457142857142857,,1,C,False
1.3571428571428572,0.1457142857142857,,2,H,False
1.3571428571428572,0.1457142857142857,,2,S,False
1.3571428571428572,0.1457142857142857,,2,N,False
1.3571428571428572,0.1457142857142857,,2,C,False
1.3571428571428572,0.1457142857142857,,3,H,False
1.3571428571428572,0.1457142857142857,,3,S,False
1.3571428571428572,0.1457142857142857,,3,N,False
1.3571428571428572,0.1457142857142857,,3,C,False
1.3571428571428572,0.15928571428571428,,0,H,False
1.3571428571428572,0.15928571428571428,,0,S,False
1.3571428571428572,0.15928571428571428,,0,N,False
1.3571428571428572,0.15928571428571428,,0,C,False
1.3571428571428572,0.15928571428571428,,1,H,False
1.3571428571428572,0.15928571428571428,,1,S,False
1.3571428571428572,0.15928571428571428,,1,N,False
1.3571428571428572,0.15928571428571428,,1,C,False
1.3571428571428572,0.15928571428571428,,2,H,False
1.3571428571428572,0.15928571428571428,,2,S,False
1.3571428571428572,0.15928571428571428,,2,N,False
1.3571428571428572,0.15928571428571428,,2,C,False
1.3571428571428572,0.15928571428571428,,3,H,False
1.3571428571428572,0.15928571428571428,,3,S,False
1.3571428571428572,0.15928571428571428,,3,N,False
1.3571428571428572,0.15928571428571428,,3,C,False
1.3571428571428572,0.17285714285714288,,0,H,False
1.3571428571428572,0.17285714285714288,,0,S,False
1.3571428571428572,0.17285714285714288,,0,N,False
1.3571428571428572,0.17285714285714288,,0,C,False
1.3571428571428572,0.17285714285714288,,1,H,False
1.3571428571428572,0.17285714285714288,,1,S,False
1.3571428571428572,0.17285714285714288,,1,N,False
1.3571428571428572,0.17285714285714288,,1,C,False
1.3571428571428572,0.17285714285714288,,2,H,False
1.3571428571428572,0.17285714285714288,,2,S,False
1.3571428571428572,0.17285714285714288,,2,N,False
1.3571428571428572,0.17285714285714288,,2,C,False
1.3571428571428572,0.17285714285714288,,3,H,False
1.3571428571428572,0.17285714285714288,,3,S,False
1.3571428571428572,0.17285714285714288,,3,N,False
1.3571428571428572,0.17285714285714288,,3,C,False
1.3571428571428572,0.18642857142857144,,0,H,False
1.3571428571428572,0.18642857142857144,,0,S,False
1.3571428571428572,0.18642857142857144,,0,N,False
1.3571428571428572,0.18642857142857144,,0,C,False
1.3571428571428572,0.18642857142857144,,1,H,False
1.3571428571428572,0.18642857142857144,,1,S,False
1.3571428571428572,0.18642857142857144,,1,N,False
1.3571428571428572,0.18642857142857144,,1,C,False
1.3571428571428572,0.18642857142857144,,2,H,False
1.3571428571428572,0.18642857142857144,,2,S,False
1.3571428571428572,0.18642857142857144,,2,N,False
1.3571428571428572,0.18642857142857144,,2,C,False
1.3571428571428572,0.18642857142857144,,3,H,False
1.3571428571428572,0.18642857142857144,,3,S,False
1.3571428571428572,0.18642857142857144,,3,N,False
1.3571428571428572,0.18642857142857144,,3,C,False
1.3571428571428572,0.2,,0,H,False
1.3571428571428572,0.2,,0,S,False
1.3571428571428572,0.2,,0,N,False
1.3571428571428572,0.2,,0,C,False
1.3571428571428572,0.2,,1,H,False
1.3571428571428572,0.2,,1,S,False
1.3571428571428572,0.2,,1,N,False
1.3571428571428572,0.2,,1,C,False
1.3571428571428572,0.2,,2,H,False
1.3571428571428572,0.2,,2,S,False
1.3571428571428572,0.2,,2,N,False
1.3571428571428572,0.2,,2,C,False
1.3571428571428572,0.2,,3,H,False
1.3571428571428572,0.2,,3,S,False
1.3571428571428572,0.2,,3,N,False
1.3571428571428572,0.2,,3,C,False
1.3928571428571428,0.01,,0,H,False
1.3928571428571428,0.01,,0,S,False
1.3928571428571428,0.01,,0,N,False
1.3928571428571428,0.01,,0,C,False
1.3928571428571428,0.01,,1,H,False
1.3928571428571428,0.01,,1,S,False
1.3928571428571428,0.01,,1,N,False
1.3928571428571428,0.01,,1,C,False
1.3928571428571428,0.01,,2,H,False
1.3928571428571428,0.01,,2,S,False
1.3928571428571428,0.01,,2,N,False
1.3928571428571428,0.01,,2,C,False
1.3928571428571428,0.01,,3,H,False
1.3928571428571428,0.01,,3,S,False
1.3928571428571428,0.01,,3,N,False
1.3928571428571428,0.01,,3,C,False
1.3928571428571428,0.02357142857142857,,0,H,False
1.3928571428571428,0.02357142857142857,,0,S,False
1.3928571428571428,0.02357142857142857,,0,N,False
1.3928571428571428,0.02357142857142857,,0,C,False
1.3928571428571428,0.02357142857142857,,1,H,False
1.3928571428571428,0.02357142857142857,,1,S,False
1.3928571428571428,0.02357142857142857,,1,N,False
1.3928571428571428,0.02357142857142857,,1,C,False
1.3928571428571428,0.02357142857142857,24.0991735537191,2,H,False
1.3928571428571428,0.02357142857142857,42.3813304668483,2,S,False
1.3928571428571428,0.02357142857142857,0.00272727272727273,2,N,False
1.3928571428571428,0.02357142857142857,0.00385466565163615,2,C,False
1.3928571428571428,0.02357142857142857,24.0991735537191,3,H,True
1.3928571428571428,0.02357142857142857,1.06013226367403,3,S,True
1.3928571428571428,0.02357142857142857,0.00272727272727273,3,N,True
1.3928571428571428,0.02357142857142857,0.126940701010665,3,C,True
1.3928571428571428,0.037142857142857144,,0,H,False
1.3928571428571428,0.037142857142857144,,0,S,False
1.3928571428571428,0.037142857142857144,,0,N,False
1.3928571428571428,0.037142857142857144,,0,C,False
1.3928571428571428,0.037142857142857144,,1,H,False
1.3928571428571428,0.037142857142857144,,1,S,False
1.3928571428571428,0.037142857142857144,,1,N,False
1.3928571428571428,0.037142857142857144,,1,C,False
1.3928571428571428,0.037142857142857144,59.1398601398601,2,H,False
1.3928571428571428,0.037142857142857144,69.2378492262967,2,S,False
1.3928571428571428,0.037142857142857144,0.00272727272727273,2,N,False
1.3928571428571428,0.037142857142857144,0.00517482962097123,2,C,False
1.3928571428571428,0.037142857142857144,59.1398601398601,3,H,True
1.3928571428571428,0.037142857142857144,6.51217323385249,3,S,True
1.3928571428571428,0.037142857142857144,0.00272727272727273,3,N,True
1.3928571428571428,0.037142857142857144,0.0813131134201412,3,C,True
1.3928571428571428,0.05071428571428572,,0,H,False
1.3928571428571428,0.05071428571428572,,0,S,False
1.3928571428571428,0.05071428571428572,,0,N,False
1.3928571428571428,0.05071428571428572,,0,C,False
1.3928571428571428,0.05071428571428572,,1,H,False
1.3928571428571428,0.05071428571428572,,1,S,False
1.3928571428571428,0.05071428571428572,,1,N,False
1.3928571428571428,0.05071428571428572,,1,C,False
1.3928571428571428,0.05071428571428572,75.4263764404611,2,H,False
1.3928571428571428,0.05071428571428572,66.8913183285023,2,S,False
1.3928571428571428,0.05071428571428572,0.00272727272727273,2,N,False
1.3928571428571428,0.05071428571428572,0.00655422223261842,2,C,False
1.3928571428571428,0.05071428571428572,75.4263764404611,3,H,True
1.3928571428571428,0.05071428571428572,11.4283372112530,3,S,True
1.3928571428571428,0.05071428571428572,0.00272727272727273,3,N,True
1.3928571428571428,0.05071428571428572,0.0593401295479412,3,C,True
1.3928571428571428,0.06428571428571428,,0,H,False
1.3928571428571428,0.06428571428571428,,0,S,False
1.3928571428571428,0.06428571428571428,,0,N,False
1.3928571428571428,0.06428571428571428,,0,C,False
1.3928571428571428,0.06428571428571428,,1,H,False
1.3928571428571428,0.06428571428571428,,1,S,False
1.3928571428571428,0.06428571428571428,,1,N,False
1.3928571428571428,0.06428571428571428,,1,C,False
1.3928571428571428,0.06428571428571428,84.8363636363637,2,H,False
1.3928571428571428,0.06428571428571428,60.4740020063282,2,S,False
1.3928571428571428,0.06428571428571428,0.00272727272727273,2,N,False
1.3928571428571428,0.06428571428571428,0.00806743541763240,2,C,False
1.3928571428571428,0.06428571428571428,84.8363636363637,3,H,True
1.3928571428571428,0.06428571428571428,15.7299142213913,3,S,True
1.3928571428571428,0.06428571428571428,0.00272727272727273,3,N,True
1.3928571428571428,0.06428571428571428,0.0459283969679414,3,C,True
1.3928571428571428,0.07785714285714285,,0,H,False
1.3928571428571428,0.07785714285714285,,0,S,False
1.3928571428571428,0.07785714285714285,,0,N,False
1.3928571428571428,0.07785714285714285,,0,C,False
1.3928571428571428,0.07785714285714285,,1,H,False
1.3928571428571428,0.07785714285714285,,1,S,False
1.3928571428571428,0.07785714285714285,,1,N,False
1.3928571428571428,0.07785714285714285,,1,C,False
1.3928571428571428,0.07785714285714285,90.9658048373645,2,H,False
1.3928571428571428,0.07785714285714285,53.5207745853835,2,S,False
1.3928571428571428,0.07785714285714285,0.00272727272727273,2,N,False
1.3928571428571428,0.07785714285714285,0.00985156507591073,2,C,False
1.3928571428571428,0.07785714285714285,90.9658048373645,3,H,True
1.3928571428571428,0.07785714285714285,19.8867731242462,3,S,True
1.3928571428571428,0.07785714285714285,0.00272727272727273,3,N,True
1.3928571428571428,0.07785714285714285,0.0363938555936632,3,C,True
1.3928571428571428,0.09142857142857143,,0,H,False
1.3928571428571428,0.09142857142857143,,0,S,False
1.3928571428571428,0.09142857142857143,,0,N,False
1.3928571428571428,0.09142857142857143,,0,C,False
1.3928571428571428,0.09142857142857143,,1,H,False
1.3928571428571428,0.09142857142857143,,1,S,False
1.3928571428571428,0.09142857142857143,,1,N,False
1.3928571428571428,0.09142857142857143,,1,C,False
1.3928571428571428,0.09142857142857143,95.2755681818182,2,H,False
1.3928571428571428,0.09142857142857143,46.1656103114592,2,S,False
1.3928571428571428,0.09142857142857143,0.00272727272727273,2,N,False
1.3928571428571428,0.09142857142857143,0.0122758135741239,2,C,False
1.3928571428571428,0.09142857142857143,95.2755681818182,3,H,True
1.3928571428571428,0.09142857142857143,24.6058400215882,3,S,True
1.3928571428571428,0.09142857142857143,0.00272727272727273,3,N,True
1.3928571428571428,0.09142857142857143,0.0285200988576375,3,C,True
1.3928571428571428,0.105,,0,H,False
1.3928571428571428,0.105,,0,S,False
1.3928571428571428,0.105,,0,N,False
1.3928571428571428,0.105,,0,C,False
1.3928571428571428,0.105,,1,H,False
1.3928571428571428,0.105,,1,S,False
1.3928571428571428,0.105,,1,N,False
1.3928571428571428,0.105,,1,C,False
1.3928571428571428,0.105,,2,H,False
1.3928571428571428,0.105,,2,S,False
1.3928571428571428,0.105,,2,N,False
1.3928571428571428,0.105,,2,C,False
1.3928571428571428,0.105,,3,H,False
1.3928571428571428,0.105,,3,S,False
1.3928571428571428,0.105,,3,N,False
1.3928571428571428,0.105,,3,C,False
1.3928571428571428,0.11857142857142856,,0,H,False
1.3928571428571428,0.11857142857142856,,0,S,False
1.3928571428571428,0.11857142857142856,,0,N,False
1.3928571428571428,0.11857142857142856,,0,C,False
1.3928571428571428,0.11857142857142856,,1,H,False
1.3928571428571428,0.11857142857142856,,1,S,False
1.3928571428571428,0.11857142857142856,,1,N,False
1.3928571428571428,0.11857142857142856,,1,C,False
1.3928571428571428,0.11857142857142856,,2,H,False
1.3928571428571428,0.11857142857142856,,2,S,False
1.3928571428571428,0.11857142857142856,,2,N,False
1.3928571428571428,0.11857142857142856,,2,C,False
1.3928571428571428,0.11857142857142856,,3,H,False
1.3928571428571428,0.11857142857142856,,3,S,False
1.3928571428571428,0.11857142857142856,,3,N,False
1.3928571428571428,0.11857142857142856,,3,C,False
1.3928571428571428,0.13214285714285715,,0,H,False
1.3928571428571428,0.13214285714285715,,0,S,False
1.3928571428571428,0.13214285714285715,,0,N,False
1.3928571428571428,0.13214285714285715,,0,C,False
1.3928571428571428,0.13214285714285715,,1,H,False
1.3928571428571428,0.13214285714285715,,1,S,False
1.3928571428571428,0.13214285714285715,,1,N,False
1.3928571428571428,0.13214285714285715,,1,C,False
1.3928571428571428,0.13214285714285715,,2,H,False
1.3928571428571428,0.13214285714285715,,2,S,False
1.3928571428571428,0.13214285714285715,,2,N,False
1.3928571428571428,0.13214285714285715,,2,C,False
1.3928571428571428,0.13214285714285715,,3,H,False
1.3928571428571428,0.13214285714285715,,3,S,False
1.3928571428571428,0.13214285714285715,,3,N,False
1.3928571428571428,0.13214285714285715,,3,C,False
1.3928571428571428,0.1457142857142857,,0,H,False
1.3928571428571428,0.1457142857142857,,0,S,False
1.3928571428571428,0.1457142857142857,,0,N,False
1.3928571428571428,0.1457142857142857,,0,C,False
1.3928571428571428,0.1457142857142857,,1,H,False
1.3928571428571428,0.1457142857142857,,1,S,False
1.3928571428571428,0.1457142857142857,,1,N,False
1.3928571428571428,0.1457142857142857,,1,C,False
1.3928571428571428,0.1457142857142857,,2,H,False
1.3928571428571428,0.1457142857142857,,2,S,False
1.3928571428571428,0.1457142857142857,,2,N,False
1.3928571428571428,0.1457142857142857,,2,C,False
1.3928571428571428,0.1457142857142857,,3,H,False
1.3928571428571428,0.1457142857142857,,3,S,False
1.3928571428571428,0.1457142857142857,,3,N,False
1.3928571428571428,0.1457142857142857,,3,C,False
1.3928571428571428,0.15928571428571428,,0,H,False
1.3928571428571428,0.15928571428571428,,0,S,False
1.3928571428571428,0.15928571428571428,,0,N,False
1.3928571428571428,0.15928571428571428,,0,C,False
1.3928571428571428,0.15928571428571428,,1,H,False
1.3928571428571428,0.15928571428571428,,1,S,False
1.3928571428571428,0.15928571428571428,,1,N,False
1.3928571428571428,0.15928571428571428,,1,C,False
1.3928571428571428,0.15928571428571428,,2,H,False
1.3928571428571428,0.15928571428571428,,2,S,False
1.3928571428571428,0.15928571428571428,,2,N,False
1.3928571428571428,0.15928571428571428,,2,C,False
1.3928571428571428,0.15928571428571428,,3,H,False
1.3928571428571428,0.15928571428571428,,3,S,False
1.3928571428571428,0.15928571428571428,,3,N,False
1.3928571428571428,0.15928571428571428,,3,C,False
1.3928571428571428,0.17285714285714288,,0,H,False
1.3928571428571428,0.17285714285714288,,0,S,False
1.3928571428571428,0.17285714285714288,,0,N,False
1.3928571428571428,0.17285714285714288,,0,C,False
1.3928571428571428,0.17285714285714288,,1,H,False
1.3928571428571428,0.17285714285714288,,1,S,False
1.3928571428571428,0.17285714285714288,,1,N,False
1.3928571428571428,0.17285714285714288,,1,C,False
1.3928571428571428,0.17285714285714288,,2,H,False
1.3928571428571428,0.17285714285714288,,2,S,False
1.3928571428571428,0.17285714285714288,,2,N,False
1.3928571428571428,0.17285714285714288,,2,C,False
1.3928571428571428,0.17285714285714288,,3,H,False
1.3928571428571428,0.17285714285714288,,3,S,False
1.3928571428571428,0.17285714285714288,,3,N,False
1.3928571428571428,0.17285714285714288,,3,C,False
1.3928571428571428,0.18642857142857144,,0,H,False
1.3928571428571428,0.18642857142857144,,0,S,False
1.3928571428571428,0.18642857142857144,,0,N,False
1.3928571428571428,0.18642857142857144,,0,C,False
1.3928571428571428,0.18642857142857144,,1,H,False
1.3928571428571428,0.18642857142857144,,1,S,False
1.3928571428571428,0.18642857142857144,,1,N,False
1.3928571428571428,0.18642857142857144,,1,C,False
1.3928571428571428,0.18642857142857144,,2,H,False
1.3928571428571428,0.18642857142857144,,2,S,False
1.3928571428571428,0.18642857142857144,,2,N,False
1.3928571428571428,0.18642857142857144,,2,C,False
1.3928571428571428,0.18642857142857144,,3,H,False
1.3928571428571428,0.18642857142857144,,3,S,False
1.3928571428571428,0.18642857142857144,,3,N,False
1.3928571428571428,0.18642857142857144,,3,C,False
1.3928571428571428,0.2,,0,H,False
1.3928571428571428,0.2,,0,S,False
1.3928571428571428,0.2,,0,N,False
1.3928571428571428,0.2,,0,C,False
1.3928571428571428,0.2,,1,H,False
1.3928571428571428,0.2,,1,S,False
1.3928571428571428,0.2,,1,N,False
1.3928571428571428,0.2,,1,C,False
1.3928571428571428,0.2,,2,H,False
1.3928571428571428,0.2,,2,S,False
1.3928571428571428,0.2,,2,N,False
1.3928571428571428,0.2,,2,C,False
1.3928571428571428,0.2,,3,H,False
1.3928571428571428,0.2,,3,S,False
1.3928571428571428,0.2,,3,N,False
1.3928571428571428,0.2,,3,C,False
1.4285714285714286,0.01,,0,H,False
1.4285714285714286,0.01,,0,S,False
1.4285714285714286,0.01,,0,N,False
1.4285714285714286,0.01,,0,C,False
1.4285714285714286,0.01,,1,H,False
1.4285714285714286,0.01,,1,S,False
1.4285714285714286,0.01,,1,N,False
1.4285714285714286,0.01,,1,C,False
1.4285714285714286,0.01,,2,H,False
1.4285714285714286,0.01,,2,S,False
1.4285714285714286,0.01,,2,N,False
1.4285714285714286,0.01,,2,C,False
1.4285714285714286,0.01,,3,H,False
1.4285714285714286,0.01,,3,S,False
1.4285714285714286,0.01,,3,N,False
1.4285714285714286,0.01,,3,C,False
1.4285714285714286,0.02357142857142857,,0,H,False
1.4285714285714286,0.02357142857142857,,0,S,False
1.4285714285714286,0.02357142857142857,,0,N,False
1.4285714285714286,0.02357142857142857,,0,C,False
1.4285714285714286,0.02357142857142857,,1,H,False
1.4285714285714286,0.02357142857142857,,1,S,False
1.4285714285714286,0.02357142857142857,,1,N,False
1.4285714285714286,0.02357142857142857,,1,C,False
1.4285714285714286,0.02357142857142857,24.0991735537189,2,H,False
1.4285714285714286,0.02357142857142857,41.3674387341979,2,S,False
1.4285714285714286,0.02357142857142857,0.00272727272727273,2,N,False
1.4285714285714286,0.02357142857142857,0.00396421892535630,2,C,False
1.4285714285714286,0.02357142857142857,24.0991735537189,3,H,True
1.4285714285714286,0.02357142857142857,1.13720207147132,3,S,True
1.4285714285714286,0.02357142857142857,0.00272727272727273,3,N,True
1.4285714285714286,0.02357142857142857,0.125589140758438,3,C,True
1.4285714285714286,0.037142857142857144,,0,H,False
1.4285714285714286,0.037142857142857144,,0,S,False
1.4285714285714286,0.037142857142857144,,0,N,False
1.4285714285714286,0.037142857142857144,,0,C,False
1.4285714285714286,0.037142857142857144,,1,H,False
1.4285714285714286,0.037142857142857144,,1,S,False
1.4285714285714286,0.037142857142857144,,1,N,False
1.4285714285714286,0.037142857142857144,,1,C,False
1.4285714285714286,0.037142857142857144,59.1398601398599,2,H,False
1.4285714285714286,0.037142857142857144,67.1967422423162,2,S,False
1.4285714285714286,0.037142857142857144,0.00272727272727273,2,N,False
1.4285714285714286,0.037142857142857144,0.00536356319833707,2,C,False
1.4285714285714286,0.037142857142857144,59.1398601398599,3,H,True
1.4285714285714286,0.037142857142857144,6.75666353557565,3,S,True
1.4285714285714286,0.037142857142857144,0.00272727272727273,3,N,True
1.4285714285714286,0.037142857142857144,0.0798225057494378,3,C,True
1.4285714285714286,0.05071428571428572,,0,H,False
1.4285714285714286,0.05071428571428572,,0,S,False
1.4285714285714286,0.05071428571428572,,0,N,False
1.4285714285714286,0.05071428571428572,,0,C,False
1.4285714285714286,0.05071428571428572,,1,H,False
1.4285714285714286,0.05071428571428572,,1,S,False
1.4285714285714286,0.05071428571428572,,1,N,False
1.4285714285714286,0.05071428571428572,,1,C,False
1.4285714285714286,0.05071428571428572,75.4263764404609,2,H,False
1.4285714285714286,0.05071428571428572,64.4845069937877,2,S,False
1.4285714285714286,0.05071428571428572,0.00272727272727273,2,N,False
1.4285714285714286,0.05071428571428572,0.00685743384011520,2,C,False
1.4285714285714286,0.05071428571428572,75.4263764404609,3,H,True
1.4285714285714286,0.05071428571428572,11.8415562387156,3,S,True
1.4285714285714286,0.05071428571428572,0.00272727272727273,3,N,True
1.4285714285714286,0.05071428571428572,0.0577072182866924,3,C,True
1.4285714285714286,0.06428571428571428,,0,H,False
1.4285714285714286,0.06428571428571428,,0,S,False
1.4285714285714286,0.06428571428571428,,0,N,False
1.4285714285714286,0.06428571428571428,,0,C,False
1.4285714285714286,0.06428571428571428,,1,H,False
1.4285714285714286,0.06428571428571428,,1,S,False
1.4285714285714286,0.06428571428571428,,1,N,False
1.4285714285714286,0.06428571428571428,,1,C,False
1.4285714285714286,0.06428571428571428,84.8363636363635,2,H,False
1.4285714285714286,0.06428571428571428,57.7770634143239,2,S,False
1.4285714285714286,0.06428571428571428,0.00272727272727273,2,N,False
1.4285714285714286,0.06428571428571428,0.00854837968553115,2,C,False
1.4285714285714286,0.06428571428571428,84.8363636363635,3,H,True
1.4285714285714286,0.06428571428571428,16.3780699723751,3,S,True
1.4285714285714286,0.06428571428571428,0.00272727272727273,3,N,True
1.4285714285714286,0.06428571428571428,0.0441016760558290,3,C,True
1.4285714285714286,0.07785714285714285,,0,H,False
1.4285714285714286,0.07785714285714285,,0,S,False
1.4285714285714286,0.07785714285714285,,0,N,False
1.4285714285714286,0.07785714285714285,,0,C,False
1.4285714285714286,0.07785714285714285,,1,H,False
1.4285714285714286,0.07785714285714285,,1,S,False
1.4285714285714286,0.07785714285714285,,1,N,False
1.4285714285714286,0.07785714285714285,,1,C,False
1.4285714285714286,0.07785714285714285,90.9658048373643,2,H,False
1.4285714285714286,0.07785714285714285,50.3909691210519,2,S,False
1.4285714285714286,0.07785714285714285,0.00272727272727273,2,N,False
1.4285714285714286,0.07785714285714285,0.0106565008930484,2,C,False
1.4285714285714286,0.07785714285714285,90.9658048373643,3,H,True
1.4285714285714286,0.07785714285714285,20.9549357905765,3,S,True
1.4285714285714286,0.07785714285714285,0.00272727272727273,3,N,True
1.4285714285714286,0.07785714285714285,0.0342326709642129,3,C,True
1.4285714285714286,0.09142857142857143,,0,H,False
1.4285714285714286,0.09142857142857143,,0,S,False
1.4285714285714286,0.09142857142857143,,0,N,False
1.4285714285714286,0.09142857142857143,,0,C,False
1.4285714285714286,0.09142857142857143,,1,H,False
1.4285714285714286,0.09142857142857143,,1,S,False
1.4285714285714286,0.09142857142857143,,1,N,False
1.4285714285714286,0.09142857142857143,,1,C,False
1.4285714285714286,0.09142857142857143,95.2755681818181,2,H,False
1.4285714285714286,0.09142857142857143,41.8111673926199,2,S,False
1.4285714285714286,0.09142857142857143,0.00272727272727273,2,N,False
1.4285714285714286,0.09142857142857143,0.0140150648129167,2,C,False
1.4285714285714286,0.09142857142857143,95.2755681818181,3,H,True
1.4285714285714286,0.09142857142857143,26.9005044960176,3,S,True
1.4285714285714286,0.09142857142857143,0.00272727272727273,3,N,True
1.4285714285714286,0.09142857142857143,0.0254172355633375,3,C,True
1.4285714285714286,0.105,,0,H,False
1.4285714285714286,0.105,,0,S,False
1.4285714285714286,0.105,,0,N,False
1.4285714285714286,0.105,,0,C,False
1.4285714285714286,0.105,,1,H,False
1.4285714285714286,0.105,,1,S,False
1.4285714285714286,0.105,,1,N,False
1.4285714285714286,0.105,,1,C,False
1.4285714285714286,0.105,,2,H,False
1.4285714285714286,0.105,,2,S,False
1.4285714285714286,0.105,,2,N,False
1.4285714285714286,0.105,,2,C,False
1.4285714285714286,0.105,,3,H,False
1.4285714285714286,0.105,,3,S,False
1.4285714285714286,0.105,,3,N,False
1.4285714285714286,0.105,,3,C,False
1.4285714285714286,0.11857142857142856,,0,H,False
1.4285714285714286,0.11857142857142856,,0,S,False
1.4285714285714286,0.11857142857142856,,0,N,False
1.4285714285714286,0.11857142857142856,,0,C,False
1.4285714285714286,0.11857142857142856,,1,H,False
1.4285714285714286,0.11857142857142856,,1,S,False
1.4285714285714286,0.11857142857142856,,1,N,False
1.4285714285714286,0.11857142857142856,,1,C,False
1.4285714285714286,0.11857142857142856,,2,H,False
1.4285714285714286,0.11857142857142856,,2,S,False
1.4285714285714286,0.11857142857142856,,2,N,False
1.4285714285714286,0.11857142857142856,,2,C,False
1.4285714285714286,0.11857142857142856,,3,H,False
1.4285714285714286,0.11857142857142856,,3,S,False
1.4285714285714286,0.11857142857142856,,3,N,False
1.4285714285714286,0.11857142857142856,,3,C,False
1.4285714285714286,0.13214285714285715,,0,H,False
1.4285714285714286,0.13214285714285715,,0,S,False
1.4285714285714286,0.13214285714285715,,0,N,False
1.4285714285714286,0.13214285714285715,,0,C,False
1.4285714285714286,0.13214285714285715,,1,H,False
1.4285714285714286,0.13214285714285715,,1,S,False
1.4285714285714286,0.13214285714285715,,1,N,False
1.4285714285714286,0.13214285714285715,,1,C,False
1.4285714285714286,0.13214285714285715,,2,H,False
1.4285714285714286,0.13214285714285715,,2,S,False
1.4285714285714286,0.13214285714285715,,2,N,False
1.4285714285714286,0.13214285714285715,,2,C,False
1.4285714285714286,0.13214285714285715,,3,H,False
1.4285714285714286,0.13214285714285715,,3,S,False
1.4285714285714286,0.13214285714285715,,3,N,False
1.4285714285714286,0.13214285714285715,,3,C,False
1.4285714285714286,0.1457142857142857,,0,H,False
1.4285714285714286,0.1457142857142857,,0,S,False
1.4285714285714286,0.1457142857142857,,0,N,False
1.4285714285714286,0.1457142857142857,,0,C,False
1.4285714285714286,0.1457142857142857,,1,H,False
1.4285714285714286,0.1457142857142857,,1,S,False
1.4285714285714286,0.1457142857142857,,1,N,False
1.4285714285714286,0.1457142857142857,,1,C,False
1.4285714285714286,0.1457142857142857,,2,H,False
1.4285714285714286,0.1457142857142857,,2,S,False
1.4285714285714286,0.1457142857142857,,2,N,False
1.4285714285714286,0.1457142857142857,,2,C,False
1.4285714285714286,0.1457142857142857,,3,H,False
1.4285714285714286,0.1457142857142857,,3,S,False
1.4285714285714286,0.1457142857142857,,3,N,False
1.4285714285714286,0.1457142857142857,,3,C,False
1.4285714285714286,0.15928571428571428,,0,H,False
1.4285714285714286,0.15928571428571428,,0,S,False
1.4285714285714286,0.15928571428571428,,0,N,False
1.4285714285714286,0.15928571428571428,,0,C,False
1.4285714285714286,0.15928571428571428,,1,H,False
1.4285714285714286,0.15928571428571428,,1,S,False
1.4285714285714286,0.15928571428571428,,1,N,False
1.4285714285714286,0.15928571428571428,,1,C,False
1.4285714285714286,0.15928571428571428,,2,H,False
1.4285714285714286,0.15928571428571428,,2,S,False
1.4285714285714286,0.15928571428571428,,2,N,False
1.4285714285714286,0.15928571428571428,,2,C,False
1.4285714285714286,0.15928571428571428,,3,H,False
1.4285714285714286,0.15928571428571428,,3,S,False
1.4285714285714286,0.15928571428571428,,3,N,False
1.4285714285714286,0.15928571428571428,,3,C,False
1.4285714285714286,0.17285714285714288,,0,H,False
1.4285714285714286,0.17285714285714288,,0,S,False
1.4285714285714286,0.17285714285714288,,0,N,False
1.4285714285714286,0.17285714285714288,,0,C,False
1.4285714285714286,0.17285714285714288,,1,H,False
1.4285714285714286,0.17285714285714288,,1,S,False
1.4285714285714286,0.17285714285714288,,1,N,False
1.4285714285714286,0.17285714285714288,,1,C,False
1.4285714285714286,0.17285714285714288,,2,H,False
1.4285714285714286,0.17285714285714288,,2,S,False
1.4285714285714286,0.17285714285714288,,2,N,False
1.4285714285714286,0.17285714285714288,,2,C,False
1.4285714285714286,0.17285714285714288,,3,H,False
1.4285714285714286,0.17285714285714288,,3,S,False
1.4285714285714286,0.17285714285714288,,3,N,False
1.4285714285714286,0.17285714285714288,,3,C,False
1.4285714285714286,0.18642857142857144,,0,H,False
1.4285714285714286,0.18642857142857144,,0,S,False
1.4285714285714286,0.18642857142857144,,0,N,False
1.4285714285714286,0.18642857142857144,,0,C,False
1.4285714285714286,0.18642857142857144,,1,H,False
1.4285714285714286,0.18642857142857144,,1,S,False
1.4285714285714286,0.18642857142857144,,1,N,False
1.4285714285714286,0.18642857142857144,,1,C,False
1.4285714285714286,0.18642857142857144,,2,H,False
1.4285714285714286,0.18642857142857144,,2,S,False
1.4285714285714286,0.18642857142857144,,2,N,False
1.4285714285714286,0.18642857142857144,,2,C,False
1.4285714285714286,0.18642857142857144,,3,H,False
1.4285714285714286,0.18642857142857144,,3,S,False
1.4285714285714286,0.18642857142857144,,3,N,False
1.4285714285714286,0.18642857142857144,,3,C,False
1.4285714285714286,0.2,,0,H,False
1.4285714285714286,0.2,,0,S,False
1.4285714285714286,0.2,,0,N,False
1.4285714285714286,0.2,,0,C,False
1.4285714285714286,0.2,,1,H,False
1.4285714285714286,0.2,,1,S,False
1.4285714285714286,0.2,,1,N,False
1.4285714285714286,0.2,,1,C,False
1.4285714285714286,0.2,,2,H,False
1.4285714285714286,0.2,,2,S,False
1.4285714285714286,0.2,,2,N,False
1.4285714285714286,0.2,,2,C,False
1.4285714285714286,0.2,,3,H,False
1.4285714285714286,0.2,,3,S,False
1.4285714285714286,0.2,,3,N,False
1.4285714285714286,0.2,,3,C,False
1.4642857142857142,0.01,,0,H,False
1.4642857142857142,0.01,,0,S,False
1.4642857142857142,0.01,,0,N,False
1.4642857142857142,0.01,,0,C,False
1.4642857142857142,0.01,,1,H,False
1.4642857142857142,0.01,,1,S,False
1.4642857142857142,0.01,,1,N,False
1.4642857142857142,0.01,,1,C,False
1.4642857142857142,0.01,,2,H,False
1.4642857142857142,0.01,,2,S,False
1.4642857142857142,0.01,,2,N,False
1.4642857142857142,0.01,,2,C,False
1.4642857142857142,0.01,,3,H,False
1.4642857142857142,0.01,,3,S,False
1.4642857142857142,0.01,,3,N,False
1.4642857142857142,0.01,,3,C,False
1.4642857142857142,0.02357142857142857,,0,H,False
1.4642857142857142,0.02357142857142857,,0,S,False
1.4642857142857142,0.02357142857142857,,0,N,False
1.4642857142857142,0.02357142857142857,,0,C,False
1.4642857142857142,0.02357142857142857,,1,H,False
1.4642857142857142,0.02357142857142857,,1,S,False
1.4642857142857142,0.02357142857142857,,1,N,False
1.4642857142857142,0.02357142857142857,,1,C,False
1.4642857142857142,0.02357142857142857,24.0991735537190,2,H,False
1.4642857142857142,0.02357142857142857,40.3819460687562,2,S,False
1.4642857142857142,0.02357142857142857,0.00272727272727273,2,N,False
1.4642857142857142,0.02357142857142857,0.00407680643892766,2,C,False
1.4642857142857142,0.02357142857142857,24.0991735537190,3,H,True
1.4642857142857142,0.02357142857142857,1.21506329065387,3,S,True
1.4642857142857142,0.02357142857142857,0.00272727272727273,3,N,True
1.4642857142857142,0.02357142857142857,0.124228299793711,3,C,True
1.4642857142857142,0.037142857142857144,,0,H,False
1.4642857142857142,0.037142857142857144,,0,S,False
1.4642857142857142,0.037142857142857144,,0,N,False
1.4642857142857142,0.037142857142857144,,0,C,False
1.4642857142857142,0.037142857142857144,,1,H,False
1.4642857142857142,0.037142857142857144,,1,S,False
1.4642857142857142,0.037142857142857144,,1,N,False
1.4642857142857142,0.037142857142857144,,1,C,False
1.4642857142857142,0.037142857142857144,59.1398601398599,2,H,False
1.4642857142857142,0.037142857142857144,65.2078058836084,2,S,False
1.4642857142857142,0.037142857142857144,0.00272727272727273,2,N,False
1.4642857142857142,0.037142857142857144,0.00556103708861223,2,C,False
1.4642857142857142,0.037142857142857144,59.1398601398599,3,H,True
1.4642857142857142,0.037142857142857144,7.00629684413096,3,S,True
1.4642857142857142,0.037142857142857144,0.00272727272727273,3,N,True
1.4642857142857142,0.037142857142857144,0.0783166102012315,3,C,True
1.4642857142857142,0.05071428571428572,,0,H,False
1.4642857142857142,0.05071428571428572,,0,S,False
1.4642857142857142,0.05071428571428572,,0,N,False
1.4642857142857142,0.05071428571428572,,0,C,False
1.4642857142857142,0.05071428571428572,,1,H,False
1.4642857142857142,0.05071428571428572,,1,S,False
1.4642857142857142,0.05071428571428572,,1,N,False
1.4642857142857142,0.05071428571428572,,1,C,False
1.4642857142857142,0.05071428571428572,75.4263764404609,2,H,False
1.4642857142857142,0.05071428571428572,62.1250788293656,2,S,False
1.4642857142857142,0.05071428571428572,0.00272727272727273,2,N,False
1.4642857142857142,0.05071428571428572,0.00718258051659869,2,C,False
1.4642857142857142,0.05071428571428572,75.4263764404609,3,H,True
1.4642857142857142,0.05071428571428572,12.2720003789170,3,S,True
1.4642857142857142,0.05071428571428572,0.00272727272727273,3,N,True
1.4642857142857142,0.05071428571428572,0.0560456844477205,3,C,True
1.4642857142857142,0.06428571428571428,,0,H,False
1.4642857142857142,0.06428571428571428,,0,S,False
1.4642857142857142,0.06428571428571428,,0,N,False
1.4642857142857142,0.06428571428571428,,0,C,False
1.4642857142857142,0.06428571428571428,,1,H,False
1.4642857142857142,0.06428571428571428,,1,S,False
1.4642857142857142,0.06428571428571428,,1,N,False
1.4642857142857142,0.06428571428571428,,1,C,False
1.4642857142857142,0.06428571428571428,84.8363636363635,2,H,False
1.4642857142857142,0.06428571428571428,55.0942931054413,2,S,False
1.4642857142857142,0.06428571428571428,0.00272727272727273,2,N,False
1.4642857142857142,0.06428571428571428,0.00908509854102579,2,C,False
1.4642857142857142,0.06428571428571428,84.8363636363635,3,H,True
1.4642857142857142,0.06428571428571428,17.0792094540442,3,S,True
1.4642857142857142,0.06428571428571428,0.00272727272727273,3,N,True
1.4642857142857142,0.06428571428571428,0.0422124121907684,3,C,True
1.4642857142857142,0.07785714285714285,,0,H,False
1.4642857142857142,0.07785714285714285,,0,S,False
1.4642857142857142,0.07785714285714285,,0,N,False
1.4642857142857142,0.07785714285714285,,0,C,False
1.4642857142857142,0.07785714285714285,,1,H,False
1.4642857142857142,0.07785714285714285,,1,S,False
1.4642857142857142,0.07785714285714285,,1,N,False
1.4642857142857142,0.07785714285714285,,1,C,False
1.4642857142857142,0.07785714285714285,90.9658048373643,2,H,False
1.4642857142857142,0.07785714285714285,47.1357040525828,2,S,False
1.4642857142857142,0.07785714285714285,0.00272727272727273,2,N,False
1.4642857142857142,0.07785714285714285,0.0116371266337730,2,C,False
1.4642857142857142,0.07785714285714285,90.9658048373643,3,H,True
1.4642857142857142,0.07785714285714285,22.2167088002452,3,S,True
1.4642857142857142,0.07785714285714285,0.00272727272727273,3,N,True
1.4642857142857142,0.07785714285714285,0.0318889753777526,3,C,True
1.4642857142857142,0.09142857142857143,,0,H,False
1.4642857142857142,0.09142857142857143,,0,S,False
1.4642857142857142,0.09142857142857143,,0,N,False
1.4642857142857142,0.09142857142857143,,0,C,False
1.4642857142857142,0.09142857142857143,,1,H,False
1.4642857142857142,0.09142857142857143,,1,S,False
1.4642857142857142,0.09142857142857143,,1,N,False
1.4642857142857142,0.09142857142857143,,1,C,False
1.4642857142857142,0.09142857142857143,,2,H,False
1.4642857142857142,0.09142857142857143,,2,S,False
1.4642857142857142,0.09142857142857143,,2,N,False
1.4642857142857142,0.09142857142857143,,2,C,False
1.4642857142857142,0.09142857142857143,,3,H,False
1.4642857142857142,0.09142857142857143,,3,S,False
1.4642857142857142,0.09142857142857143,,3,N,False
1.4642857142857142,0.09142857142857143,,3,C,False
1.4642857142857142,0.105,,0,H,False
1.4642857142857142,0.105,,0,S,False
1.4642857142857142,0.105,,0,N,False
1.4642857142857142,0.105,,0,C,False
1.4642857142857142,0.105,,1,H,False
1.4642857142857142,0.105,,1,S,False
1.4642857142857142,0.105,,1,N,False
1.4642857142857142,0.105,,1,C,False
1.4642857142857142,0.105,,2,H,False
1.4642857142857142,0.105,,2,S,False
1.4642857142857142,0.105,,2,N,False
1.4642857142857142,0.105,,2,C,False
1.4642857142857142,0.105,,3,H,False
1.4642857142857142,0.105,,3,S,False
1.4642857142857142,0.105,,3,N,False
1.4642857142857142,0.105,,3,C,False
1.4642857142857142,0.11857142857142856,,0,H,False
1.4642857142857142,0.11857142857142856,,0,S,False
1.4642857142857142,0.11857142857142856,,0,N,False
1.4642857142857142,0.11857142857142856,,0,C,False
1.4642857142857142,0.11857142857142856,,1,H,False
1.4642857142857142,0.11857142857142856,,1,S,False
1.4642857142857142,0.11857142857142856,,1,N,False
1.4642857142857142,0.11857142857142856,,1,C,False
1.4642857142857142,0.11857142857142856,,2,H,False
1.4642857142857142,0.11857142857142856,,2,S,False
1.4642857142857142,0.11857142857142856,,2,N,False
1.4642857142857142,0.11857142857142856,,2,C,False
1.4642857142857142,0.11857142857142856,,3,H,False
1.4642857142857142,0.11857142857142856,,3,S,False
1.4642857142857142,0.11857142857142856,,3,N,False
1.4642857142857142,0.11857142857142856,,3,C,False
1.4642857142857142,0.13214285714285715,,0,H,False
1.4642857142857142,0.13214285714285715,,0,S,False
1.4642857142857142,0.13214285714285715,,0,N,False
1.4642857142857142,0.13214285714285715,,0,C,False
1.4642857142857142,0.13214285714285715,,1,H,False
1.4642857142857142,0.13214285714285715,,1,S,False
1.4642857142857142,0.13214285714285715,,1,N,False
1.4642857142857142,0.13214285714285715,,1,C,False
1.4642857142857142,0.13214285714285715,,2,H,False
1.4642857142857142,0.13214285714285715,,2,S,False
1.4642857142857142,0.13214285714285715,,2,N,False
1.4642857142857142,0.13214285714285715,,2,C,False
1.4642857142857142,0.13214285714285715,,3,H,False
1.4642857142857142,0.13214285714285715,,3,S,False
1.4642857142857142,0.13214285714285715,,3,N,False
1.4642857142857142,0.13214285714285715,,3,C,False
1.4642857142857142,0.1457142857142857,,0,H,False
1.4642857142857142,0.1457142857142857,,0,S,False
1.4642857142857142,0.1457142857142857,,0,N,False
1.4642857142857142,0.1457142857142857,,0,C,False
1.4642857142857142,0.1457142857142857,,1,H,False
1.4642857142857142,0.1457142857142857,,1,S,False
1.4642857142857142,0.1457142857142857,,1,N,False
1.4642857142857142,0.1457142857142857,,1,C,False
1.4642857142857142,0.1457142857142857,,2,H,False
1.4642857142857142,0.1457142857142857,,2,S,False
1.4642857142857142,0.1457142857142857,,2,N,False
1.4642857142857142,0.1457142857142857,,2,C,False
1.4642857142857142,0.1457142857142857,,3,H,False
1.4642857142857142,0.1457142857142857,,3,S,False
1.4642857142857142,0.1457142857142857,,3,N,False
1.4642857142857142,0.1457142857142857,,3,C,False
1.4642857142857142,0.15928571428571428,,0,H,False
1.4642857142857142,0.15928571428571428,,0,S,False
1.4642857142857142,0.15928571428571428,,0,N,False
1.4642857142857142,0.15928571428571428,,0,C,False
1.4642857142857142,0.15928571428571428,,1,H,False
1.4642857142857142,0.15928571428571428,,1,S,False
1.4642857142857142,0.15928571428571428,,1,N,False
1.4642857142857142,0.15928571428571428,,1,C,False
1.4642857142857142,0.15928571428571428,,2,H,False
1.4642857142857142,0.15928571428571428,,2,S,False
1.4642857142857142,0.15928571428571428,,2,N,False
1.4642857142857142,0.15928571428571428,,2,C,False
1.4642857142857142,0.15928571428571428,,3,H,False
1.4642857142857142,0.15928571428571428,,3,S,False
1.4642857142857142,0.15928571428571428,,3,N,False
1.4642857142857142,0.15928571428571428,,3,C,False
1.4642857142857142,0.17285714285714288,,0,H,False
1.4642857142857142,0.17285714285714288,,0,S,False
1.4642857142857142,0.17285714285714288,,0,N,False
1.4642857142857142,0.17285714285714288,,0,C,False
1.4642857142857142,0.17285714285714288,,1,H,False
1.4642857142857142,0.17285714285714288,,1,S,False
1.4642857142857142,0.17285714285714288,,1,N,False
1.4642857142857142,0.17285714285714288,,1,C,False
1.4642857142857142,0.17285714285714288,,2,H,False
1.4642857142857142,0.17285714285714288,,2,S,False
1.4642857142857142,0.17285714285714288,,2,N,False
1.4642857142857142,0.17285714285714288,,2,C,False
1.4642857142857142,0.17285714285714288,,3,H,False
1.4642857142857142,0.17285714285714288,,3,S,False
1.4642857142857142,0.17285714285714288,,3,N,False
1.4642857142857142,0.17285714285714288,,3,C,False
1.4642857142857142,0.18642857142857144,,0,H,False
1.4642857142857142,0.18642857142857144,,0,S,False
1.4642857142857142,0.18642857142857144,,0,N,False
1.4642857142857142,0.18642857142857144,,0,C,False
1.4642857142857142,0.18642857142857144,,1,H,False
1.4642857142857142,0.18642857142857144,,1,S,False
1.4642857142857142,0.18642857142857144,,1,N,False
1.4642857142857142,0.18642857142857144,,1,C,False
1.4642857142857142,0.18642857142857144,,2,H,False
1.4642857142857142,0.18642857142857144,,2,S,False
1.4642857142857142,0.18642857142857144,,2,N,False
1.4642857142857142,0.18642857142857144,,2,C,False
1.4642857142857142,0.18642857142857144,,3,H,False
1.4642857142857142,0.18642857142857144,,3,S,False
1.4642857142857142,0.18642857142857144,,3,N,False
1.4642857142857142,0.18642857142857144,,3,C,False
1.4642857142857142,0.2,,0,H,False
1.4642857142857142,0.2,,0,S,False
1.4642857142857142,0.2,,0,N,False
1.4642857142857142,0.2,,0,C,False
1.4642857142857142,0.2,,1,H,False
1.4642857142857142,0.2,,1,S,False
1.4642857142857142,0.2,,1,N,False
1.4642857142857142,0.2,,1,C,False
1.4642857142857142,0.2,,2,H,False
1.4642857142857142,0.2,,2,S,False
1.4642857142857142,0.2,,2,N,False
1.4642857142857142,0.2,,2,C,False
1.4642857142857142,0.2,,3,H,False
1.4642857142857142,0.2,,3,S,False
1.4642857142857142,0.2,,3,N,False
1.4642857142857142,0.2,,3,C,False
1.5,0.01,,0,H,False
1.5,0.01,,0,S,False
1.5,0.01,,0,N,False
1.5,0.01,,0,C,False
1.5,0.01,,1,H,False
1.5,0.01,,1,S,False
1.5,0.01,,1,N,False
1.5,0.01,,1,C,False
1.5,0.01,,2,H,False
1.5,0.01,,2,S,False
1.5,0.01,,2,N,False
1.5,0.01,,2,C,False
1.5,0.01,,3,H,False
1.5,0.01,,3,S,False
1.5,0.01,,3,N,False
1.5,0.01,,3,C,False
1.5,0.02357142857142857,,0,H,False
1.5,0.02357142857142857,,0,S,False
1.5,0.02357142857142857,,0,N,False
1.5,0.02357142857142857,,0,C,False
1.5,0.02357142857142857,,1,H,False
1.5,0.02357142857142857,,1,S,False
1.5,0.02357142857142857,,1,N,False
1.5,0.02357142857142857,,1,C,False
1.5,0.02357142857142857,24.0991735537190,2,H,False
1.5,0.02357142857142857,39.4235919203170,2,S,False
1.5,0.02357142857142857,0.00272727272727273,2,N,False
1.5,0.02357142857142857,0.00419256340650580,2,C,False
1.5,0.02357142857142857,24.0991735537190,3,H,True
1.5,0.02357142857142857,1.29374063089894,3,S,True
1.5,0.02357142857142857,0.00272727272727273,3,N,True
1.5,0.02357142857142857,0.122857995660096,3,C,True
1.5,0.037142857142857144,,0,H,False
1.5,0.037142857142857144,,0,S,False
1.5,0.037142857142857144,,0,N,False
1.5,0.037142857142857144,,0,C,False
1.5,0.037142857142857144,,1,H,False
1.5,0.037142857142857144,,1,S,False
1.5,0.037142857142857144,,1,N,False
1.5,0.037142857142857144,,1,C,False
1.5,0.037142857142857144,59.1398601398600,2,H,False
1.5,0.037142857142857144,63.2682590787037,2,S,False
1.5,0.037142857142857144,0.00272727272727273,2,N,False
1.5,0.037142857142857144,0.00576794268782933,2,C,False
1.5,0.037142857142857144,59.1398601398600,3,H,True
1.5,0.037142857142857144,7.26143698007090,3,S,True
1.5,0.037142857142857144,0.00272727272727273,3,N,True
1.5,0.037142857142857144,0.0767946858600935,3,C,True
1.5,0.05071428571428572,,0,H,False
1.5,0.05071428571428572,,0,S,False
1.5,0.05071428571428572,,0,N,False
1.5,0.05071428571428572,,0,C,False
1.5,0.05071428571428572,,1,H,False
1.5,0.05071428571428572,,1,S,False
1.5,0.05071428571428572,,1,N,False
1.5,0.05071428571428572,,1,C,False
1.5,0.05071428571428572,75.4263764404610,2,H,False
1.5,0.05071428571428572,59.8080413183231,2,S,False
1.5,0.05071428571428572,0.00272727272727273,2,N,False
1.5,0.05071428571428572,0.00753260732892140,2,C,False
1.5,0.05071428571428572,75.4263764404610,3,H,True
1.5,0.05071428571428572,12.7219440876869,3,S,True
1.5,0.05071428571428572,0.00272727272727273,3,N,True
1.5,0.05071428571428572,0.0543525323863756,3,C,True
1.5,0.06428571428571428,,0,H,False
1.5,0.06428571428571428,,0,S,False
1.5,0.06428571428571428,,0,N,False
1.5,0.06428571428571428,,0,C,False
1.5,0.06428571428571428,,1,H,False
1.5,0.06428571428571428,,1,S,False
1.5,0.06428571428571428,,1,N,False
1.5,0.06428571428571428,,1,C,False
1.5,0.06428571428571428,84.8363636363636,2,H,False
1.5,0.06428571428571428,52.4096327954511,2,S,False
1.5,0.06428571428571428,0.00272727272727273,2,N,False
1.5,0.06428571428571428,0.00969125157957124,2,C,False
1.5,0.06428571428571428,84.8363636363636,3,H,True
1.5,0.06428571428571428,17.8465709100531,3,S,True
1.5,0.06428571428571428,0.00272727272727273,3,N,True
1.5,0.06428571428571428,0.0402468945879867,3,C,True
1.5,0.07785714285714285,,0,H,False
1.5,0.07785714285714285,,0,S,False
1.5,0.07785714285714285,,0,N,False
1.5,0.07785714285714285,,0,C,False
1.5,0.07785714285714285,,1,H,False
1.5,0.07785714285714285,,1,S,False
1.5,0.07785714285714285,,1,N,False
1.5,0.07785714285714285,,1,C,False
1.5,0.07785714285714285,90.9658048373644,2,H,False
1.5,0.07785714285714285,43.6297143023588,2,S,False
1.5,0.07785714285714285,0.00272727272727273,2,N,False
1.5,0.07785714285714285,0.0129011546835471,2,C,False
1.5,0.07785714285714285,90.9658048373644,3,H,True
1.5,0.07785714285714285,23.7944990543948,3,S,True
1.5,0.07785714285714285,0.00272727272727273,3,N,True
1.5,0.07785714285714285,0.0292550048611717,3,C,True
1.5,0.09142857142857143,,0,H,False
1.5,0.09142857142857143,,0,S,False
1.5,0.09142857142857143,,0,N,False
1.5,0.09142857142857143,,0,C,False
1.5,0.09142857142857143,,1,H,False
1.5,0.09142857142857143,,1,S,False
1.5,0.09142857142857143,,1,N,False
1.5,0.09142857142857143,,1,C,False
1.5,0.09142857142857143,,2,H,False
1.5,0.09142857142857143,,2,S,False
1.5,0.09142857142857143,,2,N,False
1.5,0.09142857142857143,,2,C,False
1.5,0.09142857142857143,,3,H,False
1.5,0.09142857142857143,,3,S,False
1.5,0.09142857142857143,,3,N,False
1.5,0.09142857142857143,,3,C,False
1.5,0.105,,0,H,False
1.5,0.105,,0,S,False
1.5,0.105,,0,N,False
1.5,0.105,,0,C,False
1.5,0.105,,1,H,False
1.5,0.105,,1,S,False
1.5,0.105,,1,N,False
1.5,0.105,,1,C,False
1.5,0.105,,2,H,False
1.5,0.105,,2,S,False
1.5,0.105,,2,N,False
1.5,0.105,,2,C,False
1.5,0.105,,3,H,False
1.5,0.105,,3,S,False
1.5,0.105,,3,N,False
1.5,0.105,,3,C,False
1.5,0.11857142857142856,,0,H,False
1.5,0.11857142857142856,,0,S,False
1.5,0.11857142857142856,,0,N,False
1.5,0.11857142857142856,,0,C,False
1.5,0.11857142857142856,,1,H,False
1.5,0.11857142857142856,,1,S,False
1.5,0.11857142857142856,,1,N,False
1.5,0.11857142857142856,,1,C,False
1.5,0.11857142857142856,,2,H,False
1.5,0.11857142857142856,,2,S,False
1.5,0.11857142857142856,,2,N,False
1.5,0.11857142857142856,,2,C,False
1.5,0.11857142857142856,,3,H,False
1.5,0.11857142857142856,,3,S,False
1.5,0.11857142857142856,,3,N,False
1.5,0.11857142857142856,,3,C,False
1.5,0.13214285714285715,,0,H,False
1.5,0.13214285714285715,,0,S,False
1.5,0.13214285714285715,,0,N,False
1.5,0.13214285714285715,,0,C,False
1.5,0.13214285714285715,,1,H,False
1.5,0.13214285714285715,,1,S,False
1.5,0.13214285714285715,,1,N,False
1.5,0.13214285714285715,,1,C,False
1.5,0.13214285714285715,,2,H,False
1.5,0.13214285714285715,,2,S,False
1.5,0.13214285714285715,,2,N,False
1.5,0.13214285714285715,,2,C,False
1.5,0.13214285714285715,,3,H,False
1.5,0.13214285714285715,,3,S,False
1.5,0.13214285714285715,,3,N,False
1.5,0.13214285714285715,,3,C,False
1.5,0.1457142857142857,,0,H,False
1.5,0.1457142857142857,,0,S,False
1.5,0.1457142857142857,,0,N,False
1.5,0.1457142857142857,,0,C,False
1.5,0.1457142857142857,,1,H,False
1.5,0.1457142857142857,,1,S,False
1.5,0.1457142857142857,,1,N,False
1.5,0.1457142857142857,,1,C,False
1.5,0.1457142857142857,,2,H,False
1.5,0.1457142857142857,,2,S,False
1.5,0.1457142857142857,,2,N,False
1.5,0.1457142857142857,,2,C,False
1.5,0.1457142857142857,,3,H,False
1.5,0.1457142857142857,,3,S,False
1.5,0.1457142857142857,,3,N,False
1.5,0.1457142857142857,,3,C,False
1.5,0.15928571428571428,,0,H,False
1.5,0.15928571428571428,,0,S,False
1.5,0.15928571428571428,,0,N,False
1.5,0.15928571428571428,,0,C,False
1.5,0.15928571428571428,,1,H,False
1.5,0.15928571428571428,,1,S,False
1.5,0.15928571428571428,,1,N,False
1.5,0.15928571428571428,,1,C,False
1.5,0.15928571428571428,,2,H,False
1.5,0.15928571428571428,,2,S,False
1.5,0.15928571428571428,,2,N,False
1.5,0.15928571428571428,,2,C,False
1.5,0.15928571428571428,,3,H,False
1.5,0.15928571428571428,,3,S,False
1.5,0.15928571428571428,,3,N,False
1.5,0.15928571428571428,,3,C,False
1.5,0.17285714285714288,,0,H,False
1.5,0.17285714285714288,,0,S,False
1.5,0.17285714285714288,,0,N,False
1.5,0.17285714285714288,,0,C,False
1.5,0.17285714285714288,,1,H,False
1.5,0.17285714285714288,,1,S,False
1.5,0.17285714285714288,,1,N,False
1.5,0.17285714285714288,,1,C,False
1.5,0.17285714285714288,,2,H,False
1.5,0.17285714285714288,,2,S,False
1.5,0.17285714285714288,,2,N,False
1.5,0.17285714285714288,,2,C,False
1.5,0.17285714285714288,,3,H,False
1.5,0.17285714285714288,,3,S,False
1.5,0.17285714285714288,,3,N,False
1.5,0.17285714285714288,,3,C,False
1.5,0.18642857142857144,,0,H,False
1.5,0.18642857142857144,,0,S,False
1.5,0.18642857142857144,,0,N,False
1.5,0.18642857142857144,,0,C,False
1.5,0.18642857142857144,,1,H,False
1.5,0.18642857142857144,,1,S,False
1.5,0.18642857142857144,,1,N,False
1.5,0.18642857142857144,,1,C,False
1.5,0.18642857142857144,,2,H,False
1.5,0.18642857142857144,,2,S,False
1.5,0.18642857142857144,,2,N,False
1.5,0.18642857142857144,,2,C,False
1.5,0.18642857142857144,,3,H,False
1.5,0.18642857142857144,,3,S,False
1.5,0.18642857142857144,,3,N,False
1.5,0.18642857142857144,,3,C,False
1.5,0.2,,0,H,False
1.5,0.2,,0,S,False
1.5,0.2,,0,N,False
1.5,0.2,,0,C,False
1.5,0.2,,1,H,False
1.5,0.2,,1,S,False
1.5,0.2,,1,N,False
1.5,0.2,,1,C,False
1.5,0.2,,2,H,False
1.5,0.2,,2,S,False
1.5,0.2,,2,N,False
1.5,0.2,,2,C,False
1.5,0.2,,3,H,False
1.5,0.2,,3,S,False
1.5,0.2,,3,N,False
1.5,0.2,,3,C,False
