$p_{\max}$,"$u_{S,\max}$",value,fp_num,name,stability
0.01,0.001,17.1428571428571,0,H,True
0.01,0.001,0.0,0,S,True
0.01,0.001,0.0180900000000000,0,N,True
0.01,0.001,0.150000000000000,0,C,True
0.01,0.001,,1,H,False
0.01,0.001,,1,S,False
0.01,0.001,,1,N,False
0.01,0.001,,1,C,False
0.01,0.001,,2,H,False
0.01,0.001,,2,S,False
0.01,0.001,,2,N,False
0.01,0.001,,2,C,False
0.01,0.001,,3,H,False
0.01,0.001,,3,S,False
0.01,0.001,,3,N,False
0.01,0.001,,3,C,False
0.01,0.005928571428571429,17.1428571428571,0,H,True
0.01,0.005928571428571429,0.0,0,S,True
0.01,0.005928571428571429,0.0180900000000000,0,N,True
0.01,0.005928571428571429,0.150000000000000,0,C,True
0.01,0.005928571428571429,,1,H,False
0.01,0.005928571428571429,,1,S,False
0.01,0.005928571428571429,,1,N,False
0.01,0.005928571428571429,,1,C,False
0.01,0.005928571428571429,,2,H,False
0.01,0.005928571428571429,,2,S,False
0.01,0.005928571428571429,,2,N,False
0.01,0.005928571428571429,,2,C,False
0.01,0.005928571428571429,,3,H,False
0.01,0.005928571428571429,,3,S,False
0.01,0.005928571428571429,,3,N,False
0.01,0.005928571428571429,,3,C,False
0.01,0.010857142857142857,17.1428571428571,0,H,True
0.01,0.010857142857142857,0.0,0,S,True
0.01,0.010857142857142857,0.0180900000000000,0,N,True
0.01,0.010857142857142857,0.150000000000000,0,C,True
0.01,0.010857142857142857,,1,H,False
0.01,0.010857142857142857,,1,S,False
0.01,0.010857142857142857,,1,N,False
0.01,0.010857142857142857,,1,C,False
0.01,0.010857142857142857,,2,H,False
0.01,0.010857142857142857,,2,S,False
0.01,0.010857142857142857,,2,N,False
0.01,0.010857142857142857,,2,C,False
0.01,0.010857142857142857,,3,H,False
0.01,0.010857142857142857,,3,S,False
0.01,0.010857142857142857,,3,N,False
0.01,0.010857142857142857,,3,C,False
0.01,0.01578571428571429,17.1428571428571,0,H,True
0.01,0.01578571428571429,0.0,0,S,True
0.01,0.01578571428571429,0.0180900000000000,0,N,True
0.01,0.01578571428571429,0.150000000000000,0,C,True
0.01,0.01578571428571429,,1,H,False
0.01,0.01578571428571429,,1,S,False
0.01,0.01578571428571429,,1,N,False
0.01,0.01578571428571429,,1,C,False
0.01,0.01578571428571429,,2,H,False
0.01,0.01578571428571429,,2,S,False
0.01,0.01578571428571429,,2,N,False
0.01,0.01578571428571429,,2,C,False
0.01,0.01578571428571429,,3,H,False
0.01,0.01578571428571429,,3,S,False
0.01,0.01578571428571429,,3,N,False
0.01,0.01578571428571429,,3,C,False
0.01,0.020714285714285716,17.1428571428571,0,H,True
0.01,0.020714285714285716,0.0,0,S,True
0.01,0.020714285714285716,0.0180900000000000,0,N,True
0.01,0.020714285714285716,0.150000000000000,0,C,True
0.01,0.020714285714285716,,1,H,False
0.01,0.020714285714285716,,1,S,False
0.01,0.020714285714285716,,1,N,False
0.01,0.020714285714285716,,1,C,False
0.01,0.020714285714285716,,2,H,False
0.01,0.020714285714285716,,2,S,False
0.01,0.020714285714285716,,2,N,False
0.01,0.020714285714285716,,2,C,False
0.01,0.020714285714285716,,3,H,False
0.01,0.020714285714285716,,3,S,False
0.01,0.020714285714285716,,3,N,False
0.01,0.020714285714285716,,3,C,False
0.01,0.025642857142857144,17.1428571428571,0,H,True
0.01,0.025642857142857144,0.0,0,S,True
0.01,0.025642857142857144,0.0180900000000000,0,N,True
0.01,0.025642857142857144,0.150000000000000,0,C,True
0.01,0.025642857142857144,,1,H,False
0.01,0.025642857142857144,,1,S,False
0.01,0.025642857142857144,,1,N,False
0.01,0.025642857142857144,,1,C,False
0.01,0.025642857142857144,,2,H,False
0.01,0.025642857142857144,,2,S,False
0.01,0.025642857142857144,,2,N,False
0.01,0.025642857142857144,,2,C,False
0.01,0.025642857142857144,,3,H,False
0.01,0.025642857142857144,,3,S,False
0.01,0.025642857142857144,,3,N,False
0.01,0.025642857142857144,,3,C,False
0.01,0.030571428571428576,17.1428571428571,0,H,True
0.01,0.030571428571428576,0.0,0,S,True
0.01,0.030571428571428576,0.0180900000000000,0,N,True
0.01,0.030571428571428576,0.150000000000000,0,C,True
0.01,0.030571428571428576,,1,H,False
0.01,0.030571428571428576,,1,S,False
0.01,0.030571428571428576,,1,N,False
0.01,0.030571428571428576,,1,C,False
0.01,0.030571428571428576,,2,H,False
0.01,0.030571428571428576,,2,S,False
0.01,0.030571428571428576,,2,N,False
0.01,0.030571428571428576,,2,C,False
0.01,0.030571428571428576,,3,H,False
0.01,0.030571428571428576,,3,S,False
0.01,0.030571428571428576,,3,N,False
0.01,0.030571428571428576,,3,C,False
0.01,0.035500000000000004,17.1428571428571,0,H,True
0.01,0.035500000000000004,0.0,0,S,True
0.01,0.035500000000000004,0.0180900000000000,0,N,True
0.01,0.035500000000000004,0.150000000000000,0,C,True
0.01,0.035500000000000004,,1,H,False
0.01,0.035500000000000004,,1,S,False
0.01,0.035500000000000004,,1,N,False
0.01,0.035500000000000004,,1,C,False
0.01,0.035500000000000004,,2,H,False
0.01,0.035500000000000004,,2,S,False
0.01,0.035500000000000004,,2,N,False
0.01,0.035500000000000004,,2,C,False
0.01,0.035500000000000004,,3,H,False
0.01,0.035500000000000004,,3,S,False
0.01,0.035500000000000004,,3,N,False
0.01,0.035500000000000004,,3,C,False
0.01,0.04042857142857143,17.1428571428571,0,H,True
0.01,0.04042857142857143,0.0,0,S,True
0.01,0.04042857142857143,0.0180900000000000,0,N,True
0.01,0.04042857142857143,0.150000000000000,0,C,True
0.01,0.04042857142857143,,1,H,False
0.01,0.04042857142857143,,1,S,False
0.01,0.04042857142857143,,1,N,False
0.01,0.04042857142857143,,1,C,False
0.01,0.04042857142857143,,2,H,False
0.01,0.04042857142857143,,2,S,False
0.01,0.04042857142857143,,2,N,False
0.01,0.04042857142857143,,2,C,False
0.01,0.04042857142857143,,3,H,False
0.01,0.04042857142857143,,3,S,False
0.01,0.04042857142857143,,3,N,False
0.01,0.04042857142857143,,3,C,False
0.01,0.04535714285714286,17.1428571428571,0,H,True
0.01,0.04535714285714286,0.0,0,S,True
0.01,0.04535714285714286,0.0180900000000000,0,N,True
0.01,0.04535714285714286,0.150000000000000,0,C,True
0.01,0.04535714285714286,,1,H,False
0.01,0.04535714285714286,,1,S,False
0.01,0.04535714285714286,,1,N,False
0.01,0.04535714285714286,,1,C,False
0.01,0.04535714285714286,,2,H,False
0.01,0.04535714285714286,,2,S,False
0.01,0.04535714285714286,,2,N,False
0.01,0.04535714285714286,,2,C,False
0.01,0.04535714285714286,,3,H,False
0.01,0.04535714285714286,,3,S,False
0.01,0.04535714285714286,,3,N,False
0.01,0.04535714285714286,,3,C,False
0.01,0.05028571428571429,17.1428571428571,0,H,True
0.01,0.05028571428571429,0.0,0,S,True
0.01,0.05028571428571429,0.0180900000000000,0,N,True
0.01,0.05028571428571429,0.150000000000000,0,C,True
0.01,0.05028571428571429,,1,H,False
0.01,0.05028571428571429,,1,S,False
0.01,0.05028571428571429,,1,N,False
0.01,0.05028571428571429,,1,C,False
0.01,0.05028571428571429,,2,H,False
0.01,0.05028571428571429,,2,S,False
0.01,0.05028571428571429,,2,N,False
0.01,0.05028571428571429,,2,C,False
0.01,0.05028571428571429,,3,H,False
0.01,0.05028571428571429,,3,S,False
0.01,0.05028571428571429,,3,N,False
0.01,0.05028571428571429,,3,C,False
0.01,0.055214285714285716,17.1428571428571,0,H,True
0.01,0.055214285714285716,0.0,0,S,True
0.01,0.055214285714285716,0.0180900000000000,0,N,True
0.01,0.055214285714285716,0.150000000000000,0,C,True
0.01,0.055214285714285716,,1,H,False
0.01,0.055214285714285716,,1,S,False
0.01,0.055214285714285716,,1,N,False
0.01,0.055214285714285716,,1,C,False
0.01,0.055214285714285716,,2,H,False
0.01,0.055214285714285716,,2,S,False
0.01,0.055214285714285716,,2,N,False
0.01,0.055214285714285716,,2,C,False
0.01,0.055214285714285716,,3,H,False
0.01,0.055214285714285716,,3,S,False
0.01,0.055214285714285716,,3,N,False
0.01,0.055214285714285716,,3,C,False
0.01,0.06014285714285715,17.1428571428571,0,H,True
0.01,0.06014285714285715,0.0,0,S,True
0.01,0.06014285714285715,0.0180900000000000,0,N,True
0.01,0.06014285714285715,0.150000000000000,0,C,True
0.01,0.06014285714285715,,1,H,False
0.01,0.06014285714285715,,1,S,False
0.01,0.06014285714285715,,1,N,False
0.01,0.06014285714285715,,1,C,False
0.01,0.06014285714285715,,2,H,False
0.01,0.06014285714285715,,2,S,False
0.01,0.06014285714285715,,2,N,False
0.01,0.06014285714285715,,2,C,False
0.01,0.06014285714285715,,3,H,False
0.01,0.06014285714285715,,3,S,False
0.01,0.06014285714285715,,3,N,False
0.01,0.06014285714285715,,3,C,False
0.01,0.06507142857142857,17.1428571428571,0,H,True
0.01,0.06507142857142857,0.0,0,S,True
0.01,0.06507142857142857,0.0180900000000000,0,N,True
0.01,0.06507142857142857,0.150000000000000,0,C,True
0.01,0.06507142857142857,,1,H,False
0.01,0.06507142857142857,,1,S,False
0.01,0.06507142857142857,,1,N,False
0.01,0.06507142857142857,,1,C,False
0.01,0.06507142857142857,,2,H,False
0.01,0.06507142857142857,,2,S,False
0.01,0.06507142857142857,,2,N,False
0.01,0.06507142857142857,,2,C,False
0.01,0.06507142857142857,,3,H,False
0.01,0.06507142857142857,,3,S,False
0.01,0.06507142857142857,,3,N,False
0.01,0.06507142857142857,,3,C,False
0.01,0.07,17.1428571428571,0,H,True
0.01,0.07,0.0,0,S,True
0.01,0.07,0.0180900000000000,0,N,True
0.01,0.07,0.150000000000000,0,C,True
0.01,0.07,,1,H,False
0.01,0.07,,1,S,False
0.01,0.07,,1,N,False
0.01,0.07,,1,C,False
0.01,0.07,,2,H,False
0.01,0.07,,2,S,False
0.01,0.07,,2,N,False
0.01,0.07,,2,C,False
0.01,0.07,,3,H,False
0.01,0.07,,3,S,False
0.01,0.07,,3,N,False
0.01,0.07,,3,C,False
0.08071428571428571,0.001,17.1428571428571,0,H,True
0.08071428571428571,0.001,0.0,0,S,True
0.08071428571428571,0.001,0.0180900000000000,0,N,True
0.08071428571428571,0.001,0.150000000000000,0,C,True
0.08071428571428571,0.001,,1,H,False
0.08071428571428571,0.001,,1,S,False
0.08071428571428571,0.001,,1,N,False
0.08071428571428571,0.001,,1,C,False
0.08071428571428571,0.001,,2,H,False
0.08071428571428571,0.001,,2,S,False
0.08071428571428571,0.001,,2,N,False
0.08071428571428571,0.001,,2,C,False
0.08071428571428571,0.001,,3,H,False
0.08071428571428571,0.001,,3,S,False
0.08071428571428571,0.001,,3,N,False
0.08071428571428571,0.001,,3,C,False
0.08071428571428571,0.005928571428571429,17.1428571428571,0,H,True
0.08071428571428571,0.005928571428571429,0.0,0,S,True
0.08071428571428571,0.005928571428571429,0.0180900000000000,0,N,True
0.08071428571428571,0.005928571428571429,0.150000000000000,0,C,True
0.08071428571428571,0.005928571428571429,,1,H,False
0.08071428571428571,0.005928571428571429,,1,S,False
0.08071428571428571,0.005928571428571429,,1,N,False
0.08071428571428571,0.005928571428571429,,1,C,False
0.08071428571428571,0.005928571428571429,,2,H,False
0.08071428571428571,0.005928571428571429,,2,S,False
0.08071428571428571,0.005928571428571429,,2,N,False
0.08071428571428571,0.005928571428571429,,2,C,False
0.08071428571428571,0.005928571428571429,,3,H,False
0.08071428571428571,0.005928571428571429,,3,S,False
0.08071428571428571,0.005928571428571429,,3,N,False
0.08071428571428571,0.005928571428571429,,3,C,False
0.08071428571428571,0.010857142857142857,17.1428571428571,0,H,False
0.08071428571428571,0.010857142857142857,0.0,0,S,False
0.08071428571428571,0.010857142857142857,0.0180900000000000,0,N,False
0.08071428571428571,0.010857142857142857,0.150000000000000,0,C,False
0.08071428571428571,0.010857142857142857,17.1428571428571,1,H,True
0.08071428571428571,0.010857142857142857,26.3054187192120,1,S,True
0.08071428571428571,0.010857142857142857,0.0180900000000000,1,N,True
0.08071428571428571,0.010857142857142857,0.0579310344827584,1,C,True
0.08071428571428571,0.010857142857142857,,2,H,False
0.08071428571428571,0.010857142857142857,,2,S,False
0.08071428571428571,0.010857142857142857,,2,N,False
0.08071428571428571,0.010857142857142857,,2,C,False
0.08071428571428571,0.010857142857142857,,3,H,False
0.08071428571428571,0.010857142857142857,,3,S,False
0.08071428571428571,0.010857142857142857,,3,N,False
0.08071428571428571,0.010857142857142857,,3,C,False
0.08071428571428571,0.01578571428571429,17.1428571428571,0,H,False
0.08071428571428571,0.01578571428571429,0.0,0,S,False
0.08071428571428571,0.01578571428571429,0.0180900000000000,0,N,False
0.08071428571428571,0.01578571428571429,0.150000000000000,0,C,False
0.08071428571428571,0.01578571428571429,17.1428571428571,1,H,True
0.08071428571428571,0.01578571428571429,26.3054187192120,1,S,True
0.08071428571428571,0.01578571428571429,0.0180900000000000,1,N,True
0.08071428571428571,0.01578571428571429,0.0579310344827584,1,C,True
0.08071428571428571,0.01578571428571429,,2,H,False
0.08071428571428571,0.01578571428571429,,2,S,False
0.08071428571428571,0.01578571428571429,,2,N,False
0.08071428571428571,0.01578571428571429,,2,C,False
0.08071428571428571,0.01578571428571429,,3,H,False
0.08071428571428571,0.01578571428571429,,3,S,False
0.08071428571428571,0.01578571428571429,,3,N,False
0.08071428571428571,0.01578571428571429,,3,C,False
0.08071428571428571,0.020714285714285716,17.1428571428571,0,H,False
0.08071428571428571,0.020714285714285716,0.0,0,S,False
0.08071428571428571,0.020714285714285716,0.0180900000000000,0,N,False
0.08071428571428571,0.020714285714285716,0.150000000000000,0,C,False
0.08071428571428571,0.020714285714285716,17.1428571428571,1,H,True
0.08071428571428571,0.020714285714285716,26.3054187192120,1,S,True
0.08071428571428571,0.020714285714285716,0.0180900000000000,1,N,True
0.08071428571428571,0.020714285714285716,0.0579310344827584,1,C,True
0.08071428571428571,0.020714285714285716,,2,H,False
0.08071428571428571,0.020714285714285716,,2,S,False
0.08071428571428571,0.020714285714285716,,2,N,False
0.08071428571428571,0.020714285714285716,,2,C,False
0.08071428571428571,0.020714285714285716,,3,H,False
0.08071428571428571,0.020714285714285716,,3,S,False
0.08071428571428571,0.020714285714285716,,3,N,False
0.08071428571428571,0.020714285714285716,,3,C,False
0.08071428571428571,0.025642857142857144,17.1428571428571,0,H,False
0.08071428571428571,0.025642857142857144,0.0,0,S,False
0.08071428571428571,0.025642857142857144,0.0180900000000000,0,N,False
0.08071428571428571,0.025642857142857144,0.150000000000000,0,C,False
0.08071428571428571,0.025642857142857144,17.1428571428571,1,H,True
0.08071428571428571,0.025642857142857144,26.3054187192120,1,S,True
0.08071428571428571,0.025642857142857144,0.0180900000000000,1,N,True
0.08071428571428571,0.025642857142857144,0.0579310344827584,1,C,True
0.08071428571428571,0.025642857142857144,,2,H,False
0.08071428571428571,0.025642857142857144,,2,S,False
0.08071428571428571,0.025642857142857144,,2,N,False
0.08071428571428571,0.025642857142857144,,2,C,False
0.08071428571428571,0.025642857142857144,,3,H,False
0.08071428571428571,0.025642857142857144,,3,S,False
0.08071428571428571,0.025642857142857144,,3,N,False
0.08071428571428571,0.025642857142857144,,3,C,False
0.08071428571428571,0.030571428571428576,17.1428571428571,0,H,False
0.08071428571428571,0.030571428571428576,0.0,0,S,False
0.08071428571428571,0.030571428571428576,0.0180900000000000,0,N,False
0.08071428571428571,0.030571428571428576,0.150000000000000,0,C,False
0.08071428571428571,0.030571428571428576,17.1428571428571,1,H,True
0.08071428571428571,0.030571428571428576,26.3054187192120,1,S,True
0.08071428571428571,0.030571428571428576,0.0180900000000000,1,N,True
0.08071428571428571,0.030571428571428576,0.0579310344827584,1,C,True
0.08071428571428571,0.030571428571428576,,2,H,False
0.08071428571428571,0.030571428571428576,,2,S,False
0.08071428571428571,0.030571428571428576,,2,N,False
0.08071428571428571,0.030571428571428576,,2,C,False
0.08071428571428571,0.030571428571428576,,3,H,False
0.08071428571428571,0.030571428571428576,,3,S,False
0.08071428571428571,0.030571428571428576,,3,N,False
0.08071428571428571,0.030571428571428576,,3,C,False
0.08071428571428571,0.035500000000000004,17.1428571428571,0,H,False
0.08071428571428571,0.035500000000000004,0.0,0,S,False
0.08071428571428571,0.035500000000000004,0.0180900000000000,0,N,False
0.08071428571428571,0.035500000000000004,0.150000000000000,0,C,False
0.08071428571428571,0.035500000000000004,17.1428571428571,1,H,True
0.08071428571428571,0.035500000000000004,26.3054187192120,1,S,True
0.08071428571428571,0.035500000000000004,0.0180900000000000,1,N,True
0.08071428571428571,0.035500000000000004,0.0579310344827584,1,C,True
0.08071428571428571,0.035500000000000004,,2,H,False
0.08071428571428571,0.035500000000000004,,2,S,False
0.08071428571428571,0.035500000000000004,,2,N,False
0.08071428571428571,0.035500000000000004,,2,C,False
0.08071428571428571,0.035500000000000004,,3,H,False
0.08071428571428571,0.035500000000000004,,3,S,False
0.08071428571428571,0.035500000000000004,,3,N,False
0.08071428571428571,0.035500000000000004,,3,C,False
0.08071428571428571,0.04042857142857143,17.1428571428571,0,H,False
0.08071428571428571,0.04042857142857143,0.0,0,S,False
0.08071428571428571,0.04042857142857143,0.0180900000000000,0,N,False
0.08071428571428571,0.04042857142857143,0.150000000000000,0,C,False
0.08071428571428571,0.04042857142857143,17.1428571428571,1,H,True
0.08071428571428571,0.04042857142857143,26.3054187192120,1,S,True
0.08071428571428571,0.04042857142857143,0.0180900000000000,1,N,True
0.08071428571428571,0.04042857142857143,0.0579310344827584,1,C,True
0.08071428571428571,0.04042857142857143,,2,H,False
0.08071428571428571,0.04042857142857143,,2,S,False
0.08071428571428571,0.04042857142857143,,2,N,False
0.08071428571428571,0.04042857142857143,,2,C,False
0.08071428571428571,0.04042857142857143,,3,H,False
0.08071428571428571,0.04042857142857143,,3,S,False
0.08071428571428571,0.04042857142857143,,3,N,False
0.08071428571428571,0.04042857142857143,,3,C,False
0.08071428571428571,0.04535714285714286,17.1428571428571,0,H,False
0.08071428571428571,0.04535714285714286,0.0,0,S,False
0.08071428571428571,0.04535714285714286,0.0180900000000000,0,N,False
0.08071428571428571,0.04535714285714286,0.150000000000000,0,C,False
0.08071428571428571,0.04535714285714286,17.1428571428571,1,H,True
0.08071428571428571,0.04535714285714286,26.3054187192120,1,S,True
0.08071428571428571,0.04535714285714286,0.0180900000000000,1,N,True
0.08071428571428571,0.04535714285714286,0.0579310344827584,1,C,True
0.08071428571428571,0.04535714285714286,,2,H,False
0.08071428571428571,0.04535714285714286,,2,S,False
0.08071428571428571,0.04535714285714286,,2,N,False
0.08071428571428571,0.04535714285714286,,2,C,False
0.08071428571428571,0.04535714285714286,,3,H,False
0.08071428571428571,0.04535714285714286,,3,S,False
0.08071428571428571,0.04535714285714286,,3,N,False
0.08071428571428571,0.04535714285714286,,3,C,False
0.08071428571428571,0.05028571428571429,17.1428571428571,0,H,False
0.08071428571428571,0.05028571428571429,0.0,0,S,False
0.08071428571428571,0.05028571428571429,0.0180900000000000,0,N,False
0.08071428571428571,0.05028571428571429,0.150000000000000,0,C,False
0.08071428571428571,0.05028571428571429,17.1428571428571,1,H,True
0.08071428571428571,0.05028571428571429,26.3054187192120,1,S,True
0.08071428571428571,0.05028571428571429,0.0180900000000000,1,N,True
0.08071428571428571,0.05028571428571429,0.0579310344827584,1,C,True
0.08071428571428571,0.05028571428571429,,2,H,False
0.08071428571428571,0.05028571428571429,,2,S,False
0.08071428571428571,0.05028571428571429,,2,N,False
0.08071428571428571,0.05028571428571429,,2,C,False
0.08071428571428571,0.05028571428571429,,3,H,False
0.08071428571428571,0.05028571428571429,,3,S,False
0.08071428571428571,0.05028571428571429,,3,N,False
0.08071428571428571,0.05028571428571429,,3,C,False
0.08071428571428571,0.055214285714285716,17.1428571428571,0,H,False
0.08071428571428571,0.055214285714285716,0.0,0,S,False
0.08071428571428571,0.055214285714285716,0.0180900000000000,0,N,False
0.08071428571428571,0.055214285714285716,0.150000000000000,0,C,False
0.08071428571428571,0.055214285714285716,17.1428571428571,1,H,True
0.08071428571428571,0.055214285714285716,26.3054187192120,1,S,True
0.08071428571428571,0.055214285714285716,0.0180900000000000,1,N,True
0.08071428571428571,0.055214285714285716,0.0579310344827584,1,C,True
0.08071428571428571,0.055214285714285716,,2,H,False
0.08071428571428571,0.055214285714285716,,2,S,False
0.08071428571428571,0.055214285714285716,,2,N,False
0.08071428571428571,0.055214285714285716,,2,C,False
0.08071428571428571,0.055214285714285716,,3,H,False
0.08071428571428571,0.055214285714285716,,3,S,False
0.08071428571428571,0.055214285714285716,,3,N,False
0.08071428571428571,0.055214285714285716,,3,C,False
0.08071428571428571,0.06014285714285715,17.1428571428571,0,H,False
0.08071428571428571,0.06014285714285715,0.0,0,S,False
0.08071428571428571,0.06014285714285715,0.0180900000000000,0,N,False
0.08071428571428571,0.06014285714285715,0.150000000000000,0,C,False
0.08071428571428571,0.06014285714285715,17.1428571428571,1,H,True
0.08071428571428571,0.06014285714285715,26.3054187192120,1,S,True
0.08071428571428571,0.06014285714285715,0.0180900000000000,1,N,True
0.08071428571428571,0.06014285714285715,0.0579310344827584,1,C,True
0.08071428571428571,0.06014285714285715,,2,H,False
0.08071428571428571,0.06014285714285715,,2,S,False
0.08071428571428571,0.06014285714285715,,2,N,False
0.08071428571428571,0.06014285714285715,,2,C,False
0.08071428571428571,0.06014285714285715,,3,H,False
0.08071428571428571,0.06014285714285715,,3,S,False
0.08071428571428571,0.06014285714285715,,3,N,False
0.08071428571428571,0.06014285714285715,,3,C,False
0.08071428571428571,0.06507142857142857,17.1428571428571,0,H,False
0.08071428571428571,0.06507142857142857,0.0,0,S,False
0.08071428571428571,0.06507142857142857,0.0180900000000000,0,N,False
0.08071428571428571,0.06507142857142857,0.150000000000000,0,C,False
0.08071428571428571,0.06507142857142857,17.1428571428571,1,H,True
0.08071428571428571,0.06507142857142857,26.3054187192120,1,S,True
0.08071428571428571,0.06507142857142857,0.0180900000000000,1,N,True
0.08071428571428571,0.06507142857142857,0.0579310344827584,1,C,True
0.08071428571428571,0.06507142857142857,,2,H,False
0.08071428571428571,0.06507142857142857,,2,S,False
0.08071428571428571,0.06507142857142857,,2,N,False
0.08071428571428571,0.06507142857142857,,2,C,False
0.08071428571428571,0.06507142857142857,,3,H,False
0.08071428571428571,0.06507142857142857,,3,S,False
0.08071428571428571,0.06507142857142857,,3,N,False
0.08071428571428571,0.06507142857142857,,3,C,False
0.08071428571428571,0.07,17.1428571428571,0,H,False
0.08071428571428571,0.07,0.0,0,S,False
0.08071428571428571,0.07,0.0180900000000000,0,N,False
0.08071428571428571,0.07,0.150000000000000,0,C,False
0.08071428571428571,0.07,17.1428571428571,1,H,True
0.08071428571428571,0.07,26.3054187192120,1,S,True
0.08071428571428571,0.07,0.0180900000000000,1,N,True
0.08071428571428571,0.07,0.0579310344827584,1,C,True
0.08071428571428571,0.07,,2,H,False
0.08071428571428571,0.07,,2,S,False
0.08071428571428571,0.07,,2,N,False
0.08071428571428571,0.07,,2,C,False
0.08071428571428571,0.07,,3,H,False
0.08071428571428571,0.07,,3,S,False
0.08071428571428571,0.07,,3,N,False
0.08071428571428571,0.07,,3,C,False
0.15142857142857144,0.001,17.1428571428571,0,H,True
0.15142857142857144,0.001,0.0,0,S,True
0.15142857142857144,0.001,0.0180900000000000,0,N,True
0.15142857142857144,0.001,0.150000000000000,0,C,True
0.15142857142857144,0.001,,1,H,False
0.15142857142857144,0.001,,1,S,False
0.15142857142857144,0.001,,1,N,False
0.15142857142857144,0.001,,1,C,False
0.15142857142857144,0.001,,2,H,False
0.15142857142857144,0.001,,2,S,False
0.15142857142857144,0.001,,2,N,False
0.15142857142857144,0.001,,2,C,False
0.15142857142857144,0.001,,3,H,False
0.15142857142857144,0.001,,3,S,False
0.15142857142857144,0.001,,3,N,False
0.15142857142857144,0.001,,3,C,False
0.15142857142857144,0.005928571428571429,17.1428571428571,0,H,True
0.15142857142857144,0.005928571428571429,0.0,0,S,True
0.15142857142857144,0.005928571428571429,0.0180900000000000,0,N,True
0.15142857142857144,0.005928571428571429,0.150000000000000,0,C,True
0.15142857142857144,0.005928571428571429,,1,H,False
0.15142857142857144,0.005928571428571429,,1,S,False
0.15142857142857144,0.005928571428571429,,1,N,False
0.15142857142857144,0.005928571428571429,,1,C,False
0.15142857142857144,0.005928571428571429,,2,H,False
0.15142857142857144,0.005928571428571429,,2,S,False
0.15142857142857144,0.005928571428571429,,2,N,False
0.15142857142857144,0.005928571428571429,,2,C,False
0.15142857142857144,0.005928571428571429,,3,H,False
0.15142857142857144,0.005928571428571429,,3,S,False
0.15142857142857144,0.005928571428571429,,3,N,False
0.15142857142857144,0.005928571428571429,,3,C,False
0.15142857142857144,0.010857142857142857,17.1428571428571,0,H,False
0.15142857142857144,0.010857142857142857,0.0,0,S,False
0.15142857142857144,0.010857142857142857,0.0180900000000000,0,N,False
0.15142857142857144,0.010857142857142857,0.150000000000000,0,C,False
0.15142857142857144,0.010857142857142857,17.1428571428571,1,H,True
0.15142857142857144,0.010857142857142857,39.1071428571429,1,S,True
0.15142857142857144,0.010857142857142857,0.0180899999999999,1,N,True
0.15142857142857144,0.010857142857142857,0.0131250000000000,1,C,True
0.15142857142857144,0.010857142857142857,39.6154093097910,2,H,False
0.15142857142857144,0.010857142857142857,71.1650047841248,2,S,False
0.15142857142857144,0.010857142857142857,0.0141573033707865,2,N,False
0.15142857142857144,0.010857142857142857,0.0159981989183777,2,C,False
0.15142857142857144,0.010857142857142857,39.6154093097913,3,H,True
0.15142857142857144,0.010857142857142857,7.57708932488882,3,S,True
0.15142857142857144,0.010857142857142857,0.0141573033707865,3,N,True
0.15142857142857144,0.010857142857142857,0.112306049677128,3,C,True
0.15142857142857144,0.01578571428571429,17.1428571428571,0,H,False
0.15142857142857144,0.01578571428571429,0.0,0,S,False
0.15142857142857144,0.01578571428571429,0.0180900000000000,0,N,False
0.15142857142857144,0.01578571428571429,0.150000000000000,0,C,False
0.15142857142857144,0.01578571428571429,17.1428571428571,1,H,True
0.15142857142857144,0.01578571428571429,39.1071428571429,1,S,True
0.15142857142857144,0.01578571428571429,0.0180899999999999,1,N,True
0.15142857142857144,0.01578571428571429,0.0131250000000000,1,C,True
0.15142857142857144,0.01578571428571429,,2,H,False
0.15142857142857144,0.01578571428571429,,2,S,False
0.15142857142857144,0.01578571428571429,,2,N,False
0.15142857142857144,0.01578571428571429,,2,C,False
0.15142857142857144,0.01578571428571429,,3,H,False
0.15142857142857144,0.01578571428571429,,3,S,False
0.15142857142857144,0.01578571428571429,,3,N,False
0.15142857142857144,0.01578571428571429,,3,C,False
0.15142857142857144,0.020714285714285716,17.1428571428571,0,H,False
0.15142857142857144,0.020714285714285716,0.0,0,S,False
0.15142857142857144,0.020714285714285716,0.0180900000000000,0,N,False
0.15142857142857144,0.020714285714285716,0.150000000000000,0,C,False
0.15142857142857144,0.020714285714285716,17.1428571428571,1,H,True
0.15142857142857144,0.020714285714285716,39.1071428571429,1,S,True
0.15142857142857144,0.020714285714285716,0.0180899999999999,1,N,True
0.15142857142857144,0.020714285714285716,0.0131250000000000,1,C,True
0.15142857142857144,0.020714285714285716,,2,H,False
0.15142857142857144,0.020714285714285716,,2,S,False
0.15142857142857144,0.020714285714285716,,2,N,False
0.15142857142857144,0.020714285714285716,,2,C,False
0.15142857142857144,0.020714285714285716,,3,H,False
0.15142857142857144,0.020714285714285716,,3,S,False
0.15142857142857144,0.020714285714285716,,3,N,False
0.15142857142857144,0.020714285714285716,,3,C,False
0.15142857142857144,0.025642857142857144,17.1428571428571,0,H,False
0.15142857142857144,0.025642857142857144,0.0,0,S,False
0.15142857142857144,0.025642857142857144,0.0180900000000000,0,N,False
0.15142857142857144,0.025642857142857144,0.150000000000000,0,C,False
0.15142857142857144,0.025642857142857144,17.1428571428571,1,H,True
0.15142857142857144,0.025642857142857144,39.1071428571429,1,S,True
0.15142857142857144,0.025642857142857144,0.0180899999999999,1,N,True
0.15142857142857144,0.025642857142857144,0.0131250000000000,1,C,True
0.15142857142857144,0.025642857142857144,,2,H,False
0.15142857142857144,0.025642857142857144,,2,S,False
0.15142857142857144,0.025642857142857144,,2,N,False
0.15142857142857144,0.025642857142857144,,2,C,False
0.15142857142857144,0.025642857142857144,,3,H,False
0.15142857142857144,0.025642857142857144,,3,S,False
0.15142857142857144,0.025642857142857144,,3,N,False
0.15142857142857144,0.025642857142857144,,3,C,False
0.15142857142857144,0.030571428571428576,17.1428571428571,0,H,False
0.15142857142857144,0.030571428571428576,0.0,0,S,False
0.15142857142857144,0.030571428571428576,0.0180900000000000,0,N,False
0.15142857142857144,0.030571428571428576,0.150000000000000,0,C,False
0.15142857142857144,0.030571428571428576,17.1428571428571,1,H,True
0.15142857142857144,0.030571428571428576,39.1071428571429,1,S,True
0.15142857142857144,0.030571428571428576,0.0180899999999999,1,N,True
0.15142857142857144,0.030571428571428576,0.0131250000000000,1,C,True
0.15142857142857144,0.030571428571428576,,2,H,False
0.15142857142857144,0.030571428571428576,,2,S,False
0.15142857142857144,0.030571428571428576,,2,N,False
0.15142857142857144,0.030571428571428576,,2,C,False
0.15142857142857144,0.030571428571428576,,3,H,False
0.15142857142857144,0.030571428571428576,,3,S,False
0.15142857142857144,0.030571428571428576,,3,N,False
0.15142857142857144,0.030571428571428576,,3,C,False
0.15142857142857144,0.035500000000000004,17.1428571428571,0,H,False
0.15142857142857144,0.035500000000000004,0.0,0,S,False
0.15142857142857144,0.035500000000000004,0.0180900000000000,0,N,False
0.15142857142857144,0.035500000000000004,0.150000000000000,0,C,False
0.15142857142857144,0.035500000000000004,17.1428571428571,1,H,True
0.15142857142857144,0.035500000000000004,39.1071428571429,1,S,True
0.15142857142857144,0.035500000000000004,0.0180899999999999,1,N,True
0.15142857142857144,0.035500000000000004,0.0131250000000000,1,C,True
0.15142857142857144,0.035500000000000004,,2,H,False
0.15142857142857144,0.035500000000000004,,2,S,False
0.15142857142857144,0.035500000000000004,,2,N,False
0.15142857142857144,0.035500000000000004,,2,C,False
0.15142857142857144,0.035500000000000004,,3,H,False
0.15142857142857144,0.035500000000000004,,3,S,False
0.15142857142857144,0.035500000000000004,,3,N,False
0.15142857142857144,0.035500000000000004,,3,C,False
0.15142857142857144,0.04042857142857143,17.1428571428571,0,H,False
0.15142857142857144,0.04042857142857143,0.0,0,S,False
0.15142857142857144,0.04042857142857143,0.0180900000000000,0,N,False
0.15142857142857144,0.04042857142857143,0.150000000000000,0,C,False
0.15142857142857144,0.04042857142857143,17.1428571428571,1,H,True
0.15142857142857144,0.04042857142857143,39.1071428571429,1,S,True
0.15142857142857144,0.04042857142857143,0.0180899999999999,1,N,True
0.15142857142857144,0.04042857142857143,0.0131250000000000,1,C,True
0.15142857142857144,0.04042857142857143,,2,H,False
0.15142857142857144,0.04042857142857143,,2,S,False
0.15142857142857144,0.04042857142857143,,2,N,False
0.15142857142857144,0.04042857142857143,,2,C,False
0.15142857142857144,0.04042857142857143,,3,H,False
0.15142857142857144,0.04042857142857143,,3,S,False
0.15142857142857144,0.04042857142857143,,3,N,False
0.15142857142857144,0.04042857142857143,,3,C,False
0.15142857142857144,0.04535714285714286,17.1428571428571,0,H,False
0.15142857142857144,0.04535714285714286,0.0,0,S,False
0.15142857142857144,0.04535714285714286,0.0180900000000000,0,N,False
0.15142857142857144,0.04535714285714286,0.150000000000000,0,C,False
0.15142857142857144,0.04535714285714286,17.1428571428571,1,H,True
0.15142857142857144,0.04535714285714286,39.1071428571429,1,S,True
0.15142857142857144,0.04535714285714286,0.0180899999999999,1,N,True
0.15142857142857144,0.04535714285714286,0.0131250000000000,1,C,True
0.15142857142857144,0.04535714285714286,,2,H,False
0.15142857142857144,0.04535714285714286,,2,S,False
0.15142857142857144,0.04535714285714286,,2,N,False
0.15142857142857144,0.04535714285714286,,2,C,False
0.15142857142857144,0.04535714285714286,,3,H,False
0.15142857142857144,0.04535714285714286,,3,S,False
0.15142857142857144,0.04535714285714286,,3,N,False
0.15142857142857144,0.04535714285714286,,3,C,False
0.15142857142857144,0.05028571428571429,17.1428571428571,0,H,False
0.15142857142857144,0.05028571428571429,0.0,0,S,False
0.15142857142857144,0.05028571428571429,0.0180900000000000,0,N,False
0.15142857142857144,0.05028571428571429,0.150000000000000,0,C,False
0.15142857142857144,0.05028571428571429,17.1428571428571,1,H,True
0.15142857142857144,0.05028571428571429,39.1071428571429,1,S,True
0.15142857142857144,0.05028571428571429,0.0180899999999999,1,N,True
0.15142857142857144,0.05028571428571429,0.0131250000000000,1,C,True
0.15142857142857144,0.05028571428571429,,2,H,False
0.15142857142857144,0.05028571428571429,,2,S,False
0.15142857142857144,0.05028571428571429,,2,N,False
0.15142857142857144,0.05028571428571429,,2,C,False
0.15142857142857144,0.05028571428571429,,3,H,False
0.15142857142857144,0.05028571428571429,,3,S,False
0.15142857142857144,0.05028571428571429,,3,N,False
0.15142857142857144,0.05028571428571429,,3,C,False
0.15142857142857144,0.055214285714285716,17.1428571428571,0,H,False
0.15142857142857144,0.055214285714285716,0.0,0,S,False
0.15142857142857144,0.055214285714285716,0.0180900000000000,0,N,False
0.15142857142857144,0.055214285714285716,0.150000000000000,0,C,False
0.15142857142857144,0.055214285714285716,17.1428571428571,1,H,True
0.15142857142857144,0.055214285714285716,39.1071428571429,1,S,True
0.15142857142857144,0.055214285714285716,0.0180899999999999,1,N,True
0.15142857142857144,0.055214285714285716,0.0131250000000000,1,C,True
0.15142857142857144,0.055214285714285716,,2,H,False
0.15142857142857144,0.055214285714285716,,2,S,False
0.15142857142857144,0.055214285714285716,,2,N,False
0.15142857142857144,0.055214285714285716,,2,C,False
0.15142857142857144,0.055214285714285716,,3,H,False
0.15142857142857144,0.055214285714285716,,3,S,False
0.15142857142857144,0.055214285714285716,,3,N,False
0.15142857142857144,0.055214285714285716,,3,C,False
0.15142857142857144,0.06014285714285715,17.1428571428571,0,H,False
0.15142857142857144,0.06014285714285715,0.0,0,S,False
0.15142857142857144,0.06014285714285715,0.0180900000000000,0,N,False
0.15142857142857144,0.06014285714285715,0.150000000000000,0,C,False
0.15142857142857144,0.06014285714285715,17.1428571428571,1,H,True
0.15142857142857144,0.06014285714285715,39.1071428571429,1,S,True
0.15142857142857144,0.06014285714285715,0.0180899999999999,1,N,True
0.15142857142857144,0.06014285714285715,0.0131250000000000,1,C,True
0.15142857142857144,0.06014285714285715,,2,H,False
0.15142857142857144,0.06014285714285715,,2,S,False
0.15142857142857144,0.06014285714285715,,2,N,False
0.15142857142857144,0.06014285714285715,,2,C,False
0.15142857142857144,0.06014285714285715,,3,H,False
0.15142857142857144,0.06014285714285715,,3,S,False
0.15142857142857144,0.06014285714285715,,3,N,False
0.15142857142857144,0.06014285714285715,,3,C,False
0.15142857142857144,0.06507142857142857,17.1428571428571,0,H,False
0.15142857142857144,0.06507142857142857,0.0,0,S,False
0.15142857142857144,0.06507142857142857,0.0180900000000000,0,N,False
0.15142857142857144,0.06507142857142857,0.150000000000000,0,C,False
0.15142857142857144,0.06507142857142857,17.1428571428571,1,H,True
0.15142857142857144,0.06507142857142857,39.1071428571429,1,S,True
0.15142857142857144,0.06507142857142857,0.0180899999999999,1,N,True
0.15142857142857144,0.06507142857142857,0.0131250000000000,1,C,True
0.15142857142857144,0.06507142857142857,,2,H,False
0.15142857142857144,0.06507142857142857,,2,S,False
0.15142857142857144,0.06507142857142857,,2,N,False
0.15142857142857144,0.06507142857142857,,2,C,False
0.15142857142857144,0.06507142857142857,,3,H,False
0.15142857142857144,0.06507142857142857,,3,S,False
0.15142857142857144,0.06507142857142857,,3,N,False
0.15142857142857144,0.06507142857142857,,3,C,False
0.15142857142857144,0.07,17.1428571428571,0,H,False
0.15142857142857144,0.07,0.0,0,S,False
0.15142857142857144,0.07,0.0180900000000000,0,N,False
0.15142857142857144,0.07,0.150000000000000,0,C,False
0.15142857142857144,0.07,17.1428571428571,1,H,True
0.15142857142857144,0.07,39.1071428571429,1,S,True
0.15142857142857144,0.07,0.0180899999999999,1,N,True
0.15142857142857144,0.07,0.0131250000000000,1,C,True
0.15142857142857144,0.07,,2,H,False
0.15142857142857144,0.07,,2,S,False
0.15142857142857144,0.07,,2,N,False
0.15142857142857144,0.07,,2,C,False
0.15142857142857144,0.07,,3,H,False
0.15142857142857144,0.07,,3,S,False
0.15142857142857144,0.07,,3,N,False
0.15142857142857144,0.07,,3,C,False
0.22214285714285714,0.001,17.1428571428571,0,H,True
0.22214285714285714,0.001,0.0,0,S,True
0.22214285714285714,0.001,0.0180900000000000,0,N,True
0.22214285714285714,0.001,0.150000000000000,0,C,True
0.22214285714285714,0.001,,1,H,False
0.22214285714285714,0.001,,1,S,False
0.22214285714285714,0.001,,1,N,False
0.22214285714285714,0.001,,1,C,False
0.22214285714285714,0.001,,2,H,False
0.22214285714285714,0.001,,2,S,False
0.22214285714285714,0.001,,2,N,False
0.22214285714285714,0.001,,2,C,False
0.22214285714285714,0.001,,3,H,False
0.22214285714285714,0.001,,3,S,False
0.22214285714285714,0.001,,3,N,False
0.22214285714285714,0.001,,3,C,False
0.22214285714285714,0.005928571428571429,17.1428571428571,0,H,True
0.22214285714285714,0.005928571428571429,0.0,0,S,True
0.22214285714285714,0.005928571428571429,0.0180900000000000,0,N,True
0.22214285714285714,0.005928571428571429,0.150000000000000,0,C,True
0.22214285714285714,0.005928571428571429,,1,H,False
0.22214285714285714,0.005928571428571429,,1,S,False
0.22214285714285714,0.005928571428571429,,1,N,False
0.22214285714285714,0.005928571428571429,,1,C,False
0.22214285714285714,0.005928571428571429,,2,H,False
0.22214285714285714,0.005928571428571429,,2,S,False
0.22214285714285714,0.005928571428571429,,2,N,False
0.22214285714285714,0.005928571428571429,,2,C,False
0.22214285714285714,0.005928571428571429,,3,H,False
0.22214285714285714,0.005928571428571429,,3,S,False
0.22214285714285714,0.005928571428571429,,3,N,False
0.22214285714285714,0.005928571428571429,,3,C,False
0.22214285714285714,0.010857142857142857,17.1428571428571,0,H,False
0.22214285714285714,0.010857142857142857,0.0,0,S,False
0.22214285714285714,0.010857142857142857,0.0180900000000000,0,N,False
0.22214285714285714,0.010857142857142857,0.150000000000000,0,C,False
0.22214285714285714,0.010857142857142857,17.1428571428571,1,H,True
0.22214285714285714,0.010857142857142857,40.7426054122093,1,S,True
0.22214285714285714,0.010857142857142857,0.0180900000000001,1,N,True
0.22214285714285714,0.010857142857142857,0.00740088105726868,1,C,True
0.22214285714285714,0.010857142857142857,39.6154093097910,2,H,False
0.22214285714285714,0.010857142857142857,76.0459715619288,2,S,False
0.22214285714285714,0.010857142857142857,0.0141573033707865,2,N,False
0.22214285714285714,0.010857142857142857,0.00860567131937984,2,C,False
0.22214285714285714,0.010857142857142857,39.6154093097914,3,H,True
0.22214285714285714,0.010857142857142857,3.99831300588739,3,S,True
0.22214285714285714,0.010857142857142857,0.0141573033707865,3,N,True
0.22214285714285714,0.010857142857142857,0.117726328878611,3,C,True
0.22214285714285714,0.01578571428571429,17.1428571428571,0,H,False
0.22214285714285714,0.01578571428571429,0.0,0,S,False
0.22214285714285714,0.01578571428571429,0.0180900000000000,0,N,False
0.22214285714285714,0.01578571428571429,0.150000000000000,0,C,False
0.22214285714285714,0.01578571428571429,17.1428571428571,1,H,True
0.22214285714285714,0.01578571428571429,40.7426054122093,1,S,True
0.22214285714285714,0.01578571428571429,0.0180900000000001,1,N,True
0.22214285714285714,0.01578571428571429,0.00740088105726868,1,C,True
0.22214285714285714,0.01578571428571429,74.9446654611210,2,H,False
0.22214285714285714,0.01578571428571429,86.3473544498915,2,S,False
0.22214285714285714,0.01578571428571429,0.00797468354430382,2,N,False
0.22214285714285714,0.01578571428571429,0.0134356705347300,2,C,False
0.22214285714285714,0.01578571428571429,74.9446654611211,3,H,True
0.22214285714285714,0.01578571428571429,23.1227173574758,3,S,True
0.22214285714285714,0.01578571428571429,0.00797468354430382,3,N,True
0.22214285714285714,0.01578571428571429,0.0640527251603576,3,C,True
0.22214285714285714,0.020714285714285716,17.1428571428571,0,H,False
0.22214285714285714,0.020714285714285716,0.0,0,S,False
0.22214285714285714,0.020714285714285716,0.0180900000000000,0,N,False
0.22214285714285714,0.020714285714285716,0.150000000000000,0,C,False
0.22214285714285714,0.020714285714285716,17.1428571428571,1,H,True
0.22214285714285714,0.020714285714285716,40.7426054122093,1,S,True
0.22214285714285714,0.020714285714285716,0.0180900000000001,1,N,True
0.22214285714285714,0.020714285714285716,0.00740088105726868,1,C,True
0.22214285714285714,0.020714285714285716,88.7962240402771,2,H,False
0.22214285714285714,0.020714285714285716,65.5754658270536,2,S,False
0.22214285714285714,0.020714285714285716,0.00555066079295154,2,N,False
0.22214285714285714,0.020714285714285716,0.0220947739687038,2,C,False
0.22214285714285714,0.020714285714285716,88.7962240402771,3,H,True
0.22214285714285714,0.020714285714285716,44.6362623773201,3,S,True
0.22214285714285714,0.020714285714285716,0.00555066079295154,3,N,True
0.22214285714285714,0.020714285714285716,0.0362434860402233,3,C,True
0.22214285714285714,0.025642857142857144,17.1428571428571,0,H,False
0.22214285714285714,0.025642857142857144,0.0,0,S,False
0.22214285714285714,0.025642857142857144,0.0180900000000000,0,N,False
0.22214285714285714,0.025642857142857144,0.150000000000000,0,C,False
0.22214285714285714,0.025642857142857144,17.1428571428571,1,H,True
0.22214285714285714,0.025642857142857144,40.7426054122093,1,S,True
0.22214285714285714,0.025642857142857144,0.0180900000000001,1,N,True
0.22214285714285714,0.025642857142857144,0.00740088105726868,1,C,True
0.22214285714285714,0.025642857142857144,,2,H,False
0.22214285714285714,0.025642857142857144,,2,S,False
0.22214285714285714,0.025642857142857144,,2,N,False
0.22214285714285714,0.025642857142857144,,2,C,False
0.22214285714285714,0.025642857142857144,,3,H,False
0.22214285714285714,0.025642857142857144,,3,S,False
0.22214285714285714,0.025642857142857144,,3,N,False
0.22214285714285714,0.025642857142857144,,3,C,False
0.22214285714285714,0.030571428571428576,17.1428571428571,0,H,False
0.22214285714285714,0.030571428571428576,0.0,0,S,False
0.22214285714285714,0.030571428571428576,0.0180900000000000,0,N,False
0.22214285714285714,0.030571428571428576,0.150000000000000,0,C,False
0.22214285714285714,0.030571428571428576,17.1428571428571,1,H,True
0.22214285714285714,0.030571428571428576,40.7426054122093,1,S,True
0.22214285714285714,0.030571428571428576,0.0180900000000001,1,N,True
0.22214285714285714,0.030571428571428576,0.00740088105726868,1,C,True
0.22214285714285714,0.030571428571428576,,2,H,False
0.22214285714285714,0.030571428571428576,,2,S,False
0.22214285714285714,0.030571428571428576,,2,N,False
0.22214285714285714,0.030571428571428576,,2,C,False
0.22214285714285714,0.030571428571428576,,3,H,False
0.22214285714285714,0.030571428571428576,,3,S,False
0.22214285714285714,0.030571428571428576,,3,N,False
0.22214285714285714,0.030571428571428576,,3,C,False
0.22214285714285714,0.035500000000000004,17.1428571428571,0,H,False
0.22214285714285714,0.035500000000000004,0.0,0,S,False
0.22214285714285714,0.035500000000000004,0.0180900000000000,0,N,False
0.22214285714285714,0.035500000000000004,0.150000000000000,0,C,False
0.22214285714285714,0.035500000000000004,17.1428571428571,1,H,True
0.22214285714285714,0.035500000000000004,40.7426054122093,1,S,True
0.22214285714285714,0.035500000000000004,0.0180900000000001,1,N,True
0.22214285714285714,0.035500000000000004,0.00740088105726868,1,C,True
0.22214285714285714,0.035500000000000004,,2,H,False
0.22214285714285714,0.035500000000000004,,2,S,False
0.22214285714285714,0.035500000000000004,,2,N,False
0.22214285714285714,0.035500000000000004,,2,C,False
0.22214285714285714,0.035500000000000004,,3,H,False
0.22214285714285714,0.035500000000000004,,3,S,False
0.22214285714285714,0.035500000000000004,,3,N,False
0.22214285714285714,0.035500000000000004,,3,C,False
0.22214285714285714,0.04042857142857143,17.1428571428571,0,H,False
0.22214285714285714,0.04042857142857143,0.0,0,S,False
0.22214285714285714,0.04042857142857143,0.0180900000000000,0,N,False
0.22214285714285714,0.04042857142857143,0.150000000000000,0,C,False
0.22214285714285714,0.04042857142857143,17.1428571428571,1,H,True
0.22214285714285714,0.04042857142857143,40.7426054122093,1,S,True
0.22214285714285714,0.04042857142857143,0.0180900000000001,1,N,True
0.22214285714285714,0.04042857142857143,0.00740088105726868,1,C,True
0.22214285714285714,0.04042857142857143,,2,H,False
0.22214285714285714,0.04042857142857143,,2,S,False
0.22214285714285714,0.04042857142857143,,2,N,False
0.22214285714285714,0.04042857142857143,,2,C,False
0.22214285714285714,0.04042857142857143,,3,H,False
0.22214285714285714,0.04042857142857143,,3,S,False
0.22214285714285714,0.04042857142857143,,3,N,False
0.22214285714285714,0.04042857142857143,,3,C,False
0.22214285714285714,0.04535714285714286,17.1428571428571,0,H,False
0.22214285714285714,0.04535714285714286,0.0,0,S,False
0.22214285714285714,0.04535714285714286,0.0180900000000000,0,N,False
0.22214285714285714,0.04535714285714286,0.150000000000000,0,C,False
0.22214285714285714,0.04535714285714286,17.1428571428571,1,H,True
0.22214285714285714,0.04535714285714286,40.7426054122093,1,S,True
0.22214285714285714,0.04535714285714286,0.0180900000000001,1,N,True
0.22214285714285714,0.04535714285714286,0.00740088105726868,1,C,True
0.22214285714285714,0.04535714285714286,,2,H,False
0.22214285714285714,0.04535714285714286,,2,S,False
0.22214285714285714,0.04535714285714286,,2,N,False
0.22214285714285714,0.04535714285714286,,2,C,False
0.22214285714285714,0.04535714285714286,,3,H,False
0.22214285714285714,0.04535714285714286,,3,S,False
0.22214285714285714,0.04535714285714286,,3,N,False
0.22214285714285714,0.04535714285714286,,3,C,False
0.22214285714285714,0.05028571428571429,17.1428571428571,0,H,False
0.22214285714285714,0.05028571428571429,0.0,0,S,False
0.22214285714285714,0.05028571428571429,0.0180900000000000,0,N,False
0.22214285714285714,0.05028571428571429,0.150000000000000,0,C,False
0.22214285714285714,0.05028571428571429,17.1428571428571,1,H,True
0.22214285714285714,0.05028571428571429,40.7426054122093,1,S,True
0.22214285714285714,0.05028571428571429,0.0180900000000001,1,N,True
0.22214285714285714,0.05028571428571429,0.00740088105726868,1,C,True
0.22214285714285714,0.05028571428571429,,2,H,False
0.22214285714285714,0.05028571428571429,,2,S,False
0.22214285714285714,0.05028571428571429,,2,N,False
0.22214285714285714,0.05028571428571429,,2,C,False
0.22214285714285714,0.05028571428571429,,3,H,False
0.22214285714285714,0.05028571428571429,,3,S,False
0.22214285714285714,0.05028571428571429,,3,N,False
0.22214285714285714,0.05028571428571429,,3,C,False
0.22214285714285714,0.055214285714285716,17.1428571428571,0,H,False
0.22214285714285714,0.055214285714285716,0.0,0,S,False
0.22214285714285714,0.055214285714285716,0.0180900000000000,0,N,False
0.22214285714285714,0.055214285714285716,0.150000000000000,0,C,False
0.22214285714285714,0.055214285714285716,17.1428571428571,1,H,True
0.22214285714285714,0.055214285714285716,40.7426054122093,1,S,True
0.22214285714285714,0.055214285714285716,0.0180900000000001,1,N,True
0.22214285714285714,0.055214285714285716,0.00740088105726868,1,C,True
0.22214285714285714,0.055214285714285716,,2,H,False
0.22214285714285714,0.055214285714285716,,2,S,False
0.22214285714285714,0.055214285714285716,,2,N,False
0.22214285714285714,0.055214285714285716,,2,C,False
0.22214285714285714,0.055214285714285716,,3,H,False
0.22214285714285714,0.055214285714285716,,3,S,False
0.22214285714285714,0.055214285714285716,,3,N,False
0.22214285714285714,0.055214285714285716,,3,C,False
0.22214285714285714,0.06014285714285715,17.1428571428571,0,H,False
0.22214285714285714,0.06014285714285715,0.0,0,S,False
0.22214285714285714,0.06014285714285715,0.0180900000000000,0,N,False
0.22214285714285714,0.06014285714285715,0.150000000000000,0,C,False
0.22214285714285714,0.06014285714285715,17.1428571428571,1,H,True
0.22214285714285714,0.06014285714285715,40.7426054122093,1,S,True
0.22214285714285714,0.06014285714285715,0.0180900000000001,1,N,True
0.22214285714285714,0.06014285714285715,0.00740088105726868,1,C,True
0.22214285714285714,0.06014285714285715,,2,H,False
0.22214285714285714,0.06014285714285715,,2,S,False
0.22214285714285714,0.06014285714285715,,2,N,False
0.22214285714285714,0.06014285714285715,,2,C,False
0.22214285714285714,0.06014285714285715,,3,H,False
0.22214285714285714,0.06014285714285715,,3,S,False
0.22214285714285714,0.06014285714285715,,3,N,False
0.22214285714285714,0.06014285714285715,,3,C,False
0.22214285714285714,0.06507142857142857,17.1428571428571,0,H,False
0.22214285714285714,0.06507142857142857,0.0,0,S,False
0.22214285714285714,0.06507142857142857,0.0180900000000000,0,N,False
0.22214285714285714,0.06507142857142857,0.150000000000000,0,C,False
0.22214285714285714,0.06507142857142857,17.1428571428571,1,H,True
0.22214285714285714,0.06507142857142857,40.7426054122093,1,S,True
0.22214285714285714,0.06507142857142857,0.0180900000000001,1,N,True
0.22214285714285714,0.06507142857142857,0.00740088105726868,1,C,True
0.22214285714285714,0.06507142857142857,,2,H,False
0.22214285714285714,0.06507142857142857,,2,S,False
0.22214285714285714,0.06507142857142857,,2,N,False
0.22214285714285714,0.06507142857142857,,2,C,False
0.22214285714285714,0.06507142857142857,,3,H,False
0.22214285714285714,0.06507142857142857,,3,S,False
0.22214285714285714,0.06507142857142857,,3,N,False
0.22214285714285714,0.06507142857142857,,3,C,False
0.22214285714285714,0.07,17.1428571428571,0,H,False
0.22214285714285714,0.07,0.0,0,S,False
0.22214285714285714,0.07,0.0180900000000000,0,N,False
0.22214285714285714,0.07,0.150000000000000,0,C,False
0.22214285714285714,0.07,17.1428571428571,1,H,True
0.22214285714285714,0.07,40.7426054122093,1,S,True
0.22214285714285714,0.07,0.0180900000000001,1,N,True
0.22214285714285714,0.07,0.00740088105726868,1,C,True
0.22214285714285714,0.07,,2,H,False
0.22214285714285714,0.07,,2,S,False
0.22214285714285714,0.07,,2,N,False
0.22214285714285714,0.07,,2,C,False
0.22214285714285714,0.07,,3,H,False
0.22214285714285714,0.07,,3,S,False
0.22214285714285714,0.07,,3,N,False
0.22214285714285714,0.07,,3,C,False
0.29285714285714287,0.001,17.1428571428571,0,H,True
0.29285714285714287,0.001,0.0,0,S,True
0.29285714285714287,0.001,0.0180900000000000,0,N,True
0.29285714285714287,0.001,0.150000000000000,0,C,True
0.29285714285714287,0.001,,1,H,False
0.29285714285714287,0.001,,1,S,False
0.29285714285714287,0.001,,1,N,False
0.29285714285714287,0.001,,1,C,False
0.29285714285714287,0.001,,2,H,False
0.29285714285714287,0.001,,2,S,False
0.29285714285714287,0.001,,2,N,False
0.29285714285714287,0.001,,2,C,False
0.29285714285714287,0.001,,3,H,False
0.29285714285714287,0.001,,3,S,False
0.29285714285714287,0.001,,3,N,False
0.29285714285714287,0.001,,3,C,False
0.29285714285714287,0.005928571428571429,17.1428571428571,0,H,True
0.29285714285714287,0.005928571428571429,0.0,0,S,True
0.29285714285714287,0.005928571428571429,0.0180900000000000,0,N,True
0.29285714285714287,0.005928571428571429,0.150000000000000,0,C,True
0.29285714285714287,0.005928571428571429,,1,H,False
0.29285714285714287,0.005928571428571429,,1,S,False
0.29285714285714287,0.005928571428571429,,1,N,False
0.29285714285714287,0.005928571428571429,,1,C,False
0.29285714285714287,0.005928571428571429,,2,H,False
0.29285714285714287,0.005928571428571429,,2,S,False
0.29285714285714287,0.005928571428571429,,2,N,False
0.29285714285714287,0.005928571428571429,,2,C,False
0.29285714285714287,0.005928571428571429,,3,H,False
0.29285714285714287,0.005928571428571429,,3,S,False
0.29285714285714287,0.005928571428571429,,3,N,False
0.29285714285714287,0.005928571428571429,,3,C,False
0.29285714285714287,0.010857142857142857,17.1428571428571,0,H,False
0.29285714285714287,0.010857142857142857,0.0,0,S,False
0.29285714285714287,0.010857142857142857,0.0180900000000000,0,N,False
0.29285714285714287,0.010857142857142857,0.150000000000000,0,C,False
0.29285714285714287,0.010857142857142857,17.1428571428571,1,H,True
0.29285714285714287,0.010857142857142857,41.3847502191060,1,S,True
0.29285714285714287,0.010857142857142857,0.0180900000000000,1,N,True
0.29285714285714287,0.010857142857142857,0.00515337423312883,1,C,True
0.29285714285714287,0.010857142857142857,39.6154093097909,2,H,False
0.29285714285714287,0.010857142857142857,77.8354817690630,2,S,False
0.29285714285714287,0.010857142857142857,0.0141573033707865,2,N,False
0.29285714285714287,0.010857142857142857,0.00589534686991035,2,C,False
0.29285714285714287,0.010857142857142857,39.6154093097913,3,H,True
0.29285714285714287,0.010857142857142857,2.72009230404957,3,S,True
0.29285714285714287,0.010857142857142857,0.0141573033707865,3,N,True
0.29285714285714287,0.010857142857142857,0.119662273589178,3,C,True
0.29285714285714287,0.01578571428571429,17.1428571428571,0,H,False
0.29285714285714287,0.01578571428571429,0.0,0,S,False
0.29285714285714287,0.01578571428571429,0.0180900000000000,0,N,False
0.29285714285714287,0.01578571428571429,0.150000000000000,0,C,False
0.29285714285714287,0.01578571428571429,17.1428571428571,1,H,True
0.29285714285714287,0.01578571428571429,41.3847502191060,1,S,True
0.29285714285714287,0.01578571428571429,0.0180900000000000,1,N,True
0.29285714285714287,0.01578571428571429,0.00515337423312883,1,C,True
0.29285714285714287,0.01578571428571429,74.9446654611208,2,H,False
0.29285714285714287,0.01578571428571429,92.5175917259189,2,S,False
0.29285714285714287,0.01578571428571429,0.00797468354430382,2,N,False
0.29285714285714287,0.01578571428571429,0.00849583613445869,2,C,False
0.29285714285714287,0.01578571428571429,74.9446654611210,3,H,True
0.29285714285714287,0.01578571428571429,15.0269847036484,3,S,True
0.29285714285714287,0.01578571428571429,0.00797468354430382,3,N,True
0.29285714285714287,0.01578571428571429,0.0705340931969075,3,C,True
0.29285714285714287,0.020714285714285716,17.1428571428571,0,H,False
0.29285714285714287,0.020714285714285716,0.0,0,S,False
0.29285714285714287,0.020714285714285716,0.0180900000000000,0,N,False
0.29285714285714287,0.020714285714285716,0.150000000000000,0,C,False
0.29285714285714287,0.020714285714285716,17.1428571428571,1,H,True
0.29285714285714287,0.020714285714285716,41.3847502191060,1,S,True
0.29285714285714287,0.020714285714285716,0.0180900000000000,1,N,True
0.29285714285714287,0.020714285714285716,0.00515337423312883,1,C,True
0.29285714285714287,0.020714285714285716,88.7962240402769,2,H,False
0.29285714285714287,0.020714285714285716,81.6132088570374,2,S,False
0.29285714285714287,0.020714285714285716,0.00555066079295154,2,N,False
0.29285714285714287,0.020714285714285716,0.0112580003085698,2,C,False
0.29285714285714287,0.020714285714285716,88.7962240402769,3,H,True
0.29285714285714287,0.020714285714285716,24.9733618280982,3,S,True
0.29285714285714287,0.020714285714285716,0.00555066079295154,3,N,True
0.29285714285714287,0.020714285714285716,0.0495297946158917,3,C,True
0.29285714285714287,0.025642857142857144,17.1428571428571,0,H,False
0.29285714285714287,0.025642857142857144,0.0,0,S,False
0.29285714285714287,0.025642857142857144,0.0180900000000000,0,N,False
0.29285714285714287,0.025642857142857144,0.150000000000000,0,C,False
0.29285714285714287,0.025642857142857144,17.1428571428571,1,H,True
0.29285714285714287,0.025642857142857144,41.3847502191060,1,S,True
0.29285714285714287,0.025642857142857144,0.0180900000000000,1,N,True
0.29285714285714287,0.025642857142857144,0.00515337423312883,1,C,True
0.29285714285714287,0.025642857142857144,96.1899613899615,2,H,False
0.29285714285714287,0.025642857142857144,68.9854731904851,2,S,False
0.29285714285714287,0.025642857142857144,0.00425675675675675,2,N,False
0.29285714285714287,0.025642857142857144,0.0147476053993896,2,C,False
0.29285714285714287,0.025642857142857144,96.1899613899614,3,H,True
0.29285714285714287,0.025642857142857144,34.4288630811203,3,S,True
0.29285714285714287,0.025642857142857144,0.00425675675675675,3,N,True
0.29285714285714287,0.025642857142857144,0.0363028339970620,3,C,True
0.29285714285714287,0.030571428571428576,17.1428571428571,0,H,False
0.29285714285714287,0.030571428571428576,0.0,0,S,False
0.29285714285714287,0.030571428571428576,0.0180900000000000,0,N,False
0.29285714285714287,0.030571428571428576,0.150000000000000,0,C,False
0.29285714285714287,0.030571428571428576,17.1428571428571,1,H,True
0.29285714285714287,0.030571428571428576,41.3847502191060,1,S,True
0.29285714285714287,0.030571428571428576,0.0180900000000000,1,N,True
0.29285714285714287,0.030571428571428576,0.00515337423312883,1,C,True
0.29285714285714287,0.030571428571428576,,2,H,False
0.29285714285714287,0.030571428571428576,,2,S,False
0.29285714285714287,0.030571428571428576,,2,N,False
0.29285714285714287,0.030571428571428576,,2,C,False
0.29285714285714287,0.030571428571428576,,3,H,False
0.29285714285714287,0.030571428571428576,,3,S,False
0.29285714285714287,0.030571428571428576,,3,N,False
0.29285714285714287,0.030571428571428576,,3,C,False
0.29285714285714287,0.035500000000000004,17.1428571428571,0,H,False
0.29285714285714287,0.035500000000000004,0.0,0,S,False
0.29285714285714287,0.035500000000000004,0.0180900000000000,0,N,False
0.29285714285714287,0.035500000000000004,0.150000000000000,0,C,False
0.29285714285714287,0.035500000000000004,17.1428571428571,1,H,True
0.29285714285714287,0.035500000000000004,41.3847502191060,1,S,True
0.29285714285714287,0.035500000000000004,0.0180900000000000,1,N,True
0.29285714285714287,0.035500000000000004,0.00515337423312883,1,C,True
0.29285714285714287,0.035500000000000004,,2,H,False
0.29285714285714287,0.035500000000000004,,2,S,False
0.29285714285714287,0.035500000000000004,,2,N,False
0.29285714285714287,0.035500000000000004,,2,C,False
0.29285714285714287,0.035500000000000004,,3,H,False
0.29285714285714287,0.035500000000000004,,3,S,False
0.29285714285714287,0.035500000000000004,,3,N,False
0.29285714285714287,0.035500000000000004,,3,C,False
0.29285714285714287,0.04042857142857143,17.1428571428571,0,H,False
0.29285714285714287,0.04042857142857143,0.0,0,S,False
0.29285714285714287,0.04042857142857143,0.0180900000000000,0,N,False
0.29285714285714287,0.04042857142857143,0.150000000000000,0,C,False
0.29285714285714287,0.04042857142857143,17.1428571428571,1,H,True
0.29285714285714287,0.04042857142857143,41.3847502191060,1,S,True
0.29285714285714287,0.04042857142857143,0.0180900000000000,1,N,True
0.29285714285714287,0.04042857142857143,0.00515337423312883,1,C,True
0.29285714285714287,0.04042857142857143,,2,H,False
0.29285714285714287,0.04042857142857143,,2,S,False
0.29285714285714287,0.04042857142857143,,2,N,False
0.29285714285714287,0.04042857142857143,,2,C,False
0.29285714285714287,0.04042857142857143,,3,H,False
0.29285714285714287,0.04042857142857143,,3,S,False
0.29285714285714287,0.04042857142857143,,3,N,False
0.29285714285714287,0.04042857142857143,,3,C,False
0.29285714285714287,0.04535714285714286,17.1428571428571,0,H,False
0.29285714285714287,0.04535714285714286,0.0,0,S,False
0.29285714285714287,0.04535714285714286,0.0180900000000000,0,N,False
0.29285714285714287,0.04535714285714286,0.150000000000000,0,C,False
0.29285714285714287,0.04535714285714286,17.1428571428571,1,H,True
0.29285714285714287,0.04535714285714286,41.3847502191060,1,S,True
0.29285714285714287,0.04535714285714286,0.0180900000000000,1,N,True
0.29285714285714287,0.04535714285714286,0.00515337423312883,1,C,True
0.29285714285714287,0.04535714285714286,,2,H,False
0.29285714285714287,0.04535714285714286,,2,S,False
0.29285714285714287,0.04535714285714286,,2,N,False
0.29285714285714287,0.04535714285714286,,2,C,False
0.29285714285714287,0.04535714285714286,,3,H,False
0.29285714285714287,0.04535714285714286,,3,S,False
0.29285714285714287,0.04535714285714286,,3,N,False
0.29285714285714287,0.04535714285714286,,3,C,False
0.29285714285714287,0.05028571428571429,17.1428571428571,0,H,False
0.29285714285714287,0.05028571428571429,0.0,0,S,False
0.29285714285714287,0.05028571428571429,0.0180900000000000,0,N,False
0.29285714285714287,0.05028571428571429,0.150000000000000,0,C,False
0.29285714285714287,0.05028571428571429,17.1428571428571,1,H,True
0.29285714285714287,0.05028571428571429,41.3847502191060,1,S,True
0.29285714285714287,0.05028571428571429,0.0180900000000000,1,N,True
0.29285714285714287,0.05028571428571429,0.00515337423312883,1,C,True
0.29285714285714287,0.05028571428571429,,2,H,False
0.29285714285714287,0.05028571428571429,,2,S,False
0.29285714285714287,0.05028571428571429,,2,N,False
0.29285714285714287,0.05028571428571429,,2,C,False
0.29285714285714287,0.05028571428571429,,3,H,False
0.29285714285714287,0.05028571428571429,,3,S,False
0.29285714285714287,0.05028571428571429,,3,N,False
0.29285714285714287,0.05028571428571429,,3,C,False
0.29285714285714287,0.055214285714285716,17.1428571428571,0,H,False
0.29285714285714287,0.055214285714285716,0.0,0,S,False
0.29285714285714287,0.055214285714285716,0.0180900000000000,0,N,False
0.29285714285714287,0.055214285714285716,0.150000000000000,0,C,False
0.29285714285714287,0.055214285714285716,17.1428571428571,1,H,True
0.29285714285714287,0.055214285714285716,41.3847502191060,1,S,True
0.29285714285714287,0.055214285714285716,0.0180900000000000,1,N,True
0.29285714285714287,0.055214285714285716,0.00515337423312883,1,C,True
0.29285714285714287,0.055214285714285716,,2,H,False
0.29285714285714287,0.055214285714285716,,2,S,False
0.29285714285714287,0.055214285714285716,,2,N,False
0.29285714285714287,0.055214285714285716,,2,C,False
0.29285714285714287,0.055214285714285716,,3,H,False
0.29285714285714287,0.055214285714285716,,3,S,False
0.29285714285714287,0.055214285714285716,,3,N,False
0.29285714285714287,0.055214285714285716,,3,C,False
0.29285714285714287,0.06014285714285715,17.1428571428571,0,H,False
0.29285714285714287,0.06014285714285715,0.0,0,S,False
0.29285714285714287,0.06014285714285715,0.0180900000000000,0,N,False
0.29285714285714287,0.06014285714285715,0.150000000000000,0,C,False
0.29285714285714287,0.06014285714285715,17.1428571428571,1,H,True
0.29285714285714287,0.06014285714285715,41.3847502191060,1,S,True
0.29285714285714287,0.06014285714285715,0.0180900000000000,1,N,True
0.29285714285714287,0.06014285714285715,0.00515337423312883,1,C,True
0.29285714285714287,0.06014285714285715,,2,H,False
0.29285714285714287,0.06014285714285715,,2,S,False
0.29285714285714287,0.06014285714285715,,2,N,False
0.29285714285714287,0.06014285714285715,,2,C,False
0.29285714285714287,0.06014285714285715,,3,H,False
0.29285714285714287,0.06014285714285715,,3,S,False
0.29285714285714287,0.06014285714285715,,3,N,False
0.29285714285714287,0.06014285714285715,,3,C,False
0.29285714285714287,0.06507142857142857,17.1428571428571,0,H,False
0.29285714285714287,0.06507142857142857,0.0,0,S,False
0.29285714285714287,0.06507142857142857,0.0180900000000000,0,N,False
0.29285714285714287,0.06507142857142857,0.150000000000000,0,C,False
0.29285714285714287,0.06507142857142857,17.1428571428571,1,H,True
0.29285714285714287,0.06507142857142857,41.3847502191060,1,S,True
0.29285714285714287,0.06507142857142857,0.0180900000000000,1,N,True
0.29285714285714287,0.06507142857142857,0.00515337423312883,1,C,True
0.29285714285714287,0.06507142857142857,,2,H,False
0.29285714285714287,0.06507142857142857,,2,S,False
0.29285714285714287,0.06507142857142857,,2,N,False
0.29285714285714287,0.06507142857142857,,2,C,False
0.29285714285714287,0.06507142857142857,,3,H,False
0.29285714285714287,0.06507142857142857,,3,S,False
0.29285714285714287,0.06507142857142857,,3,N,False
0.29285714285714287,0.06507142857142857,,3,C,False
0.29285714285714287,0.07,17.1428571428571,0,H,False
0.29285714285714287,0.07,0.0,0,S,False
0.29285714285714287,0.07,0.0180900000000000,0,N,False
0.29285714285714287,0.07,0.150000000000000,0,C,False
0.29285714285714287,0.07,17.1428571428571,1,H,True
0.29285714285714287,0.07,41.3847502191060,1,S,True
0.29285714285714287,0.07,0.0180900000000000,1,N,True
0.29285714285714287,0.07,0.00515337423312883,1,C,True
0.29285714285714287,0.07,,2,H,False
0.29285714285714287,0.07,,2,S,False
0.29285714285714287,0.07,,2,N,False
0.29285714285714287,0.07,,2,C,False
0.29285714285714287,0.07,,3,H,False
0.29285714285714287,0.07,,3,S,False
0.29285714285714287,0.07,,3,N,False
0.29285714285714287,0.07,,3,C,False
0.3635714285714286,0.001,17.1428571428571,0,H,True
0.3635714285714286,0.001,0.0,0,S,True
0.3635714285714286,0.001,0.0180900000000000,0,N,True
0.3635714285714286,0.001,0.150000000000000,0,C,True
0.3635714285714286,0.001,,1,H,False
0.3635714285714286,0.001,,1,S,False
0.3635714285714286,0.001,,1,N,False
0.3635714285714286,0.001,,1,C,False
0.3635714285714286,0.001,,2,H,False
0.3635714285714286,0.001,,2,S,False
0.3635714285714286,0.001,,2,N,False
0.3635714285714286,0.001,,2,C,False
0.3635714285714286,0.001,,3,H,False
0.3635714285714286,0.001,,3,S,False
0.3635714285714286,0.001,,3,N,False
0.3635714285714286,0.001,,3,C,False
0.3635714285714286,0.005928571428571429,17.1428571428571,0,H,True
0.3635714285714286,0.005928571428571429,0.0,0,S,True
0.3635714285714286,0.005928571428571429,0.0180900000000000,0,N,True
0.3635714285714286,0.005928571428571429,0.150000000000000,0,C,True
0.3635714285714286,0.005928571428571429,,1,H,False
0.3635714285714286,0.005928571428571429,,1,S,False
0.3635714285714286,0.005928571428571429,,1,N,False
0.3635714285714286,0.005928571428571429,,1,C,False
0.3635714285714286,0.005928571428571429,,2,H,False
0.3635714285714286,0.005928571428571429,,2,S,False
0.3635714285714286,0.005928571428571429,,2,N,False
0.3635714285714286,0.005928571428571429,,2,C,False
0.3635714285714286,0.005928571428571429,,3,H,False
0.3635714285714286,0.005928571428571429,,3,S,False
0.3635714285714286,0.005928571428571429,,3,N,False
0.3635714285714286,0.005928571428571429,,3,C,False
0.3635714285714286,0.010857142857142857,17.1428571428571,0,H,False
0.3635714285714286,0.010857142857142857,0.0,0,S,False
0.3635714285714286,0.010857142857142857,0.0180900000000000,0,N,False
0.3635714285714286,0.010857142857142857,0.150000000000000,0,C,False
0.3635714285714286,0.010857142857142857,17.1428571428571,1,H,True
0.3635714285714286,0.010857142857142857,41.7277310924367,1,S,True
0.3635714285714286,0.010857142857142857,0.0180900000000000,1,N,True
0.3635714285714286,0.010857142857142857,0.00395294117647060,1,C,True
0.3635714285714286,0.010857142857142857,39.6154093097909,2,H,False
0.3635714285714286,0.010857142857142857,78.7668635721410,2,S,False
0.3635714285714286,0.010857142857142857,0.0141573033707865,2,N,False
0.3635714285714286,0.010857142857142857,0.00448471123195203,2,C,False
0.3635714285714286,0.010857142857142857,39.6154093097913,3,H,True
0.3635714285714286,0.010857142857142857,2.06179924850619,3,S,True
0.3635714285714286,0.010857142857142857,0.0141573033707865,3,N,True
0.3635714285714286,0.010857142857142857,0.120659299343064,3,C,True
0.3635714285714286,0.01578571428571429,17.1428571428571,0,H,False
0.3635714285714286,0.01578571428571429,0.0,0,S,False
0.3635714285714286,0.01578571428571429,0.0180900000000000,0,N,False
0.3635714285714286,0.01578571428571429,0.150000000000000,0,C,False
0.3635714285714286,0.01578571428571429,17.1428571428571,1,H,True
0.3635714285714286,0.01578571428571429,41.7277310924367,1,S,True
0.3635714285714286,0.01578571428571429,0.0180900000000000,1,N,True
0.3635714285714286,0.01578571428571429,0.00395294117647060,1,C,True
0.3635714285714286,0.01578571428571429,74.9446654611207,2,H,False
0.3635714285714286,0.01578571428571429,95.3295573097476,2,S,False
0.3635714285714286,0.01578571428571429,0.00797468354430382,2,N,False
0.3635714285714286,0.01578571428571429,0.00624460272122433,2,C,False
0.3635714285714286,0.01578571428571429,74.9446654611209,3,H,True
0.3635714285714286,0.01578571428571429,11.1865780592063,3,S,True
0.3635714285714286,0.01578571428571429,0.00797468354430382,3,N,True
0.3635714285714286,0.01578571428571429,0.0736086869288130,3,C,True
0.3635714285714286,0.020714285714285716,17.1428571428571,0,H,False
0.3635714285714286,0.020714285714285716,0.0,0,S,False
0.3635714285714286,0.020714285714285716,0.0180900000000000,0,N,False
0.3635714285714286,0.020714285714285716,0.150000000000000,0,C,False
0.3635714285714286,0.020714285714285716,17.1428571428571,1,H,True
0.3635714285714286,0.020714285714285716,41.7277310924367,1,S,True
0.3635714285714286,0.020714285714285716,0.0180900000000000,1,N,True
0.3635714285714286,0.020714285714285716,0.00395294117647060,1,C,True
0.3635714285714286,0.020714285714285716,88.7962240402768,2,H,False
0.3635714285714286,0.020714285714285716,86.5966615303584,2,S,False
0.3635714285714286,0.020714285714285716,0.00555066079295154,2,N,False
0.3635714285714286,0.020714285714285716,0.00789065937002201,2,C,False
0.3635714285714286,0.020714285714285716,88.7962240402768,3,H,True
0.3635714285714286,0.020714285714285716,18.0536485503838,3,S,True
0.3635714285714286,0.020714285714285716,0.00555066079295154,3,N,True
0.3635714285714286,0.020714285714285716,0.0542054753799131,3,C,True
0.3635714285714286,0.025642857142857144,17.1428571428571,0,H,False
0.3635714285714286,0.025642857142857144,0.0,0,S,False
0.3635714285714286,0.025642857142857144,0.0180900000000000,0,N,False
0.3635714285714286,0.025642857142857144,0.150000000000000,0,C,False
0.3635714285714286,0.025642857142857144,17.1428571428571,1,H,True
0.3635714285714286,0.025642857142857144,41.7277310924367,1,S,True
0.3635714285714286,0.025642857142857144,0.0180900000000000,1,N,True
0.3635714285714286,0.025642857142857144,0.00395294117647060,1,C,True
0.3635714285714286,0.025642857142857144,96.1899613899614,2,H,False
0.3635714285714286,0.025642857142857144,77.3481296433337,2,S,False
0.3635714285714286,0.025642857142857144,0.00425675675675675,2,N,False
0.3635714285714286,0.025642857142857144,0.00953126702145059,2,C,False
0.3635714285714286,0.025642857142857144,96.1899613899613,3,H,True
0.3635714285714286,0.025642857142857144,23.5537023576970,3,S,True
0.3635714285714286,0.025642857142857144,0.00425675675675675,3,N,True
0.3635714285714286,0.025642857142857144,0.0430863863966733,3,C,True
0.3635714285714286,0.030571428571428576,17.1428571428571,0,H,False
0.3635714285714286,0.030571428571428576,0.0,0,S,False
0.3635714285714286,0.030571428571428576,0.0180900000000000,0,N,False
0.3635714285714286,0.030571428571428576,0.150000000000000,0,C,False
0.3635714285714286,0.030571428571428576,17.1428571428571,1,H,True
0.3635714285714286,0.030571428571428576,41.7277310924367,1,S,True
0.3635714285714286,0.030571428571428576,0.0180900000000000,1,N,True
0.3635714285714286,0.030571428571428576,0.00395294117647060,1,C,True
0.3635714285714286,0.030571428571428576,100.788258317025,2,H,False
0.3635714285714286,0.030571428571428576,69.0778026268796,2,S,False
0.3635714285714286,0.030571428571428576,0.00345205479452054,2,N,False
0.3635714285714286,0.030571428571428576,0.0112911688154444,2,C,False
0.3635714285714286,0.030571428571428576,100.788258317025,3,H,True
0.3635714285714286,0.030571428571428576,28.5265213116138,3,S,True
0.3635714285714286,0.030571428571428576,0.00345205479452054,3,N,True
0.3635714285714286,0.030571428571428576,0.0354316482675530,3,C,True
0.3635714285714286,0.035500000000000004,17.1428571428571,0,H,False
0.3635714285714286,0.035500000000000004,0.0,0,S,False
0.3635714285714286,0.035500000000000004,0.0180900000000000,0,N,False
0.3635714285714286,0.035500000000000004,0.150000000000000,0,C,False
0.3635714285714286,0.035500000000000004,17.1428571428571,1,H,True
0.3635714285714286,0.035500000000000004,41.7277310924367,1,S,True
0.3635714285714286,0.035500000000000004,0.0180900000000000,1,N,True
0.3635714285714286,0.035500000000000004,0.00395294117647060,1,C,True
0.3635714285714286,0.035500000000000004,103.924423963134,2,H,False
0.3635714285714286,0.035500000000000004,61.2174307613513,2,S,False
0.3635714285714286,0.035500000000000004,0.00290322580645161,2,N,False
0.3635714285714286,0.035500000000000004,0.0134114063805832,2,C,False
0.3635714285714286,0.035500000000000004,103.924423963134,3,H,True
0.3635714285714286,0.035500000000000004,33.7128568878930,3,S,True
0.3635714285714286,0.035500000000000004,0.00290322580645161,3,N,True
0.3635714285714286,0.035500000000000004,0.0292909693309916,3,C,True
0.3635714285714286,0.04042857142857143,17.1428571428571,0,H,False
0.3635714285714286,0.04042857142857143,0.0,0,S,False
0.3635714285714286,0.04042857142857143,0.0180900000000000,0,N,False
0.3635714285714286,0.04042857142857143,0.150000000000000,0,C,False
0.3635714285714286,0.04042857142857143,17.1428571428571,1,H,True
0.3635714285714286,0.04042857142857143,41.7277310924367,1,S,True
0.3635714285714286,0.04042857142857143,0.0180900000000000,1,N,True
0.3635714285714286,0.04042857142857143,0.00395294117647060,1,C,True
0.3635714285714286,0.04042857142857143,106.200170406135,2,H,False
0.3635714285714286,0.04042857142857143,51.4323909807743,2,S,False
0.3635714285714286,0.04042857142857143,0.00250497017892644,2,N,False
0.3635714285714286,0.04042857142857143,0.0170419998066012,2,C,False
0.3635714285714286,0.04042857142857143,106.200170406135,3,H,True
0.3635714285714286,0.04042857142857143,41.3416784154453,3,S,True
0.3635714285714286,0.04042857142857143,0.00250497017892644,3,N,True
0.3635714285714286,0.04042857142857143,0.0227429582100048,3,C,True
0.3635714285714286,0.04535714285714286,17.1428571428571,0,H,False
0.3635714285714286,0.04535714285714286,0.0,0,S,False
0.3635714285714286,0.04535714285714286,0.0180900000000000,0,N,False
0.3635714285714286,0.04535714285714286,0.150000000000000,0,C,False
0.3635714285714286,0.04535714285714286,17.1428571428571,1,H,True
0.3635714285714286,0.04535714285714286,41.7277310924367,1,S,True
0.3635714285714286,0.04535714285714286,0.0180900000000000,1,N,True
0.3635714285714286,0.04535714285714286,0.00395294117647060,1,C,True
0.3635714285714286,0.04535714285714286,,2,H,False
0.3635714285714286,0.04535714285714286,,2,S,False
0.3635714285714286,0.04535714285714286,,2,N,False
0.3635714285714286,0.04535714285714286,,2,C,False
0.3635714285714286,0.04535714285714286,,3,H,False
0.3635714285714286,0.04535714285714286,,3,S,False
0.3635714285714286,0.04535714285714286,,3,N,False
0.3635714285714286,0.04535714285714286,,3,C,False
0.3635714285714286,0.05028571428571429,17.1428571428571,0,H,False
0.3635714285714286,0.05028571428571429,0.0,0,S,False
0.3635714285714286,0.05028571428571429,0.0180900000000000,0,N,False
0.3635714285714286,0.05028571428571429,0.150000000000000,0,C,False
0.3635714285714286,0.05028571428571429,17.1428571428571,1,H,True
0.3635714285714286,0.05028571428571429,41.7277310924367,1,S,True
0.3635714285714286,0.05028571428571429,0.0180900000000000,1,N,True
0.3635714285714286,0.05028571428571429,0.00395294117647060,1,C,True
0.3635714285714286,0.05028571428571429,,2,H,False
0.3635714285714286,0.05028571428571429,,2,S,False
0.3635714285714286,0.05028571428571429,,2,N,False
0.3635714285714286,0.05028571428571429,,2,C,False
0.3635714285714286,0.05028571428571429,,3,H,False
0.3635714285714286,0.05028571428571429,,3,S,False
0.3635714285714286,0.05028571428571429,,3,N,False
0.3635714285714286,0.05028571428571429,,3,C,False
0.3635714285714286,0.055214285714285716,17.1428571428571,0,H,False
0.3635714285714286,0.055214285714285716,0.0,0,S,False
0.3635714285714286,0.055214285714285716,0.0180900000000000,0,N,False
0.3635714285714286,0.055214285714285716,0.150000000000000,0,C,False
0.3635714285714286,0.055214285714285716,17.1428571428571,1,H,True
0.3635714285714286,0.055214285714285716,41.7277310924367,1,S,True
0.3635714285714286,0.055214285714285716,0.0180900000000000,1,N,True
0.3635714285714286,0.055214285714285716,0.00395294117647060,1,C,True
0.3635714285714286,0.055214285714285716,,2,H,False
0.3635714285714286,0.055214285714285716,,2,S,False
0.3635714285714286,0.055214285714285716,,2,N,False
0.3635714285714286,0.055214285714285716,,2,C,False
0.3635714285714286,0.055214285714285716,,3,H,False
0.3635714285714286,0.055214285714285716,,3,S,False
0.3635714285714286,0.055214285714285716,,3,N,False
0.3635714285714286,0.055214285714285716,,3,C,False
0.3635714285714286,0.06014285714285715,17.1428571428571,0,H,False
0.3635714285714286,0.06014285714285715,0.0,0,S,False
0.3635714285714286,0.06014285714285715,0.0180900000000000,0,N,False
0.3635714285714286,0.06014285714285715,0.150000000000000,0,C,False
0.3635714285714286,0.06014285714285715,17.1428571428571,1,H,True
0.3635714285714286,0.06014285714285715,41.7277310924367,1,S,True
0.3635714285714286,0.06014285714285715,0.0180900000000000,1,N,True
0.3635714285714286,0.06014285714285715,0.00395294117647060,1,C,True
0.3635714285714286,0.06014285714285715,,2,H,False
0.3635714285714286,0.06014285714285715,,2,S,False
0.3635714285714286,0.06014285714285715,,2,N,False
0.3635714285714286,0.06014285714285715,,2,C,False
0.3635714285714286,0.06014285714285715,,3,H,False
0.3635714285714286,0.06014285714285715,,3,S,False
0.3635714285714286,0.06014285714285715,,3,N,False
0.3635714285714286,0.06014285714285715,,3,C,False
0.3635714285714286,0.06507142857142857,17.1428571428571,0,H,False
0.3635714285714286,0.06507142857142857,0.0,0,S,False
0.3635714285714286,0.06507142857142857,0.0180900000000000,0,N,False
0.3635714285714286,0.06507142857142857,0.150000000000000,0,C,False
0.3635714285714286,0.06507142857142857,17.1428571428571,1,H,True
0.3635714285714286,0.06507142857142857,41.7277310924367,1,S,True
0.3635714285714286,0.06507142857142857,0.0180900000000000,1,N,True
0.3635714285714286,0.06507142857142857,0.00395294117647060,1,C,True
0.3635714285714286,0.06507142857142857,,2,H,False
0.3635714285714286,0.06507142857142857,,2,S,False
0.3635714285714286,0.06507142857142857,,2,N,False
0.3635714285714286,0.06507142857142857,,2,C,False
0.3635714285714286,0.06507142857142857,,3,H,False
0.3635714285714286,0.06507142857142857,,3,S,False
0.3635714285714286,0.06507142857142857,,3,N,False
0.3635714285714286,0.06507142857142857,,3,C,False
0.3635714285714286,0.07,17.1428571428571,0,H,False
0.3635714285714286,0.07,0.0,0,S,False
0.3635714285714286,0.07,0.0180900000000000,0,N,False
0.3635714285714286,0.07,0.150000000000000,0,C,False
0.3635714285714286,0.07,17.1428571428571,1,H,True
0.3635714285714286,0.07,41.7277310924367,1,S,True
0.3635714285714286,0.07,0.0180900000000000,1,N,True
0.3635714285714286,0.07,0.00395294117647060,1,C,True
0.3635714285714286,0.07,,2,H,False
0.3635714285714286,0.07,,2,S,False
0.3635714285714286,0.07,,2,N,False
0.3635714285714286,0.07,,2,C,False
0.3635714285714286,0.07,,3,H,False
0.3635714285714286,0.07,,3,S,False
0.3635714285714286,0.07,,3,N,False
0.3635714285714286,0.07,,3,C,False
0.4342857142857143,0.001,17.1428571428571,0,H,True
0.4342857142857143,0.001,0.0,0,S,True
0.4342857142857143,0.001,0.0180900000000000,0,N,True
0.4342857142857143,0.001,0.150000000000000,0,C,True
0.4342857142857143,0.001,,1,H,False
0.4342857142857143,0.001,,1,S,False
0.4342857142857143,0.001,,1,N,False
0.4342857142857143,0.001,,1,C,False
0.4342857142857143,0.001,,2,H,False
0.4342857142857143,0.001,,2,S,False
0.4342857142857143,0.001,,2,N,False
0.4342857142857143,0.001,,2,C,False
0.4342857142857143,0.001,,3,H,False
0.4342857142857143,0.001,,3,S,False
0.4342857142857143,0.001,,3,N,False
0.4342857142857143,0.001,,3,C,False
0.4342857142857143,0.005928571428571429,17.1428571428571,0,H,True
0.4342857142857143,0.005928571428571429,0.0,0,S,True
0.4342857142857143,0.005928571428571429,0.0180900000000000,0,N,True
0.4342857142857143,0.005928571428571429,0.150000000000000,0,C,True
0.4342857142857143,0.005928571428571429,,1,H,False
0.4342857142857143,0.005928571428571429,,1,S,False
0.4342857142857143,0.005928571428571429,,1,N,False
0.4342857142857143,0.005928571428571429,,1,C,False
0.4342857142857143,0.005928571428571429,,2,H,False
0.4342857142857143,0.005928571428571429,,2,S,False
0.4342857142857143,0.005928571428571429,,2,N,False
0.4342857142857143,0.005928571428571429,,2,C,False
0.4342857142857143,0.005928571428571429,,3,H,False
0.4342857142857143,0.005928571428571429,,3,S,False
0.4342857142857143,0.005928571428571429,,3,N,False
0.4342857142857143,0.005928571428571429,,3,C,False
0.4342857142857143,0.010857142857142857,17.1428571428571,0,H,False
0.4342857142857143,0.010857142857142857,0.0,0,S,False
0.4342857142857143,0.010857142857142857,0.0180900000000000,0,N,False
0.4342857142857143,0.010857142857142857,0.150000000000000,0,C,False
0.4342857142857143,0.010857142857142857,17.1428571428571,1,H,True
0.4342857142857143,0.010857142857142857,41.9411123227917,1,S,True
0.4342857142857143,0.010857142857142857,0.0180900000000000,1,N,True
0.4342857142857143,0.010857142857142857,0.00320610687022901,1,C,True
0.4342857142857143,0.010857142857142857,39.6154093097909,2,H,False
0.4342857142857143,0.010857142857142857,79.3383461783591,2,S,False
0.4342857142857143,0.010857142857142857,0.0141573033707865,2,N,False
0.4342857142857143,0.010857142857142857,0.00361916529994034,2,C,False
0.4342857142857143,0.010857142857142857,39.6154093097913,3,H,True
0.4342857142857143,0.010857142857142857,1.66021536689982,3,S,True
0.4342857142857143,0.010857142857142857,0.0141573033707865,3,N,True
0.4342857142857143,0.010857142857142857,0.121267523095291,3,C,True
0.4342857142857143,0.01578571428571429,17.1428571428571,0,H,False
0.4342857142857143,0.01578571428571429,0.0,0,S,False
0.4342857142857143,0.01578571428571429,0.0180900000000000,0,N,False
0.4342857142857143,0.01578571428571429,0.150000000000000,0,C,False
0.4342857142857143,0.01578571428571429,17.1428571428571,1,H,True
0.4342857142857143,0.01578571428571429,41.9411123227917,1,S,True
0.4342857142857143,0.01578571428571429,0.0180900000000000,1,N,True
0.4342857142857143,0.01578571428571429,0.00320610687022901,1,C,True
0.4342857142857143,0.01578571428571429,74.9446654611208,2,H,False
0.4342857142857143,0.01578571428571429,96.9553632992728,2,S,False
0.4342857142857143,0.01578571428571429,0.00797468354430382,2,N,False
0.4342857142857143,0.01578571428571429,0.00494299761335839,2,C,False
0.4342857142857143,0.01578571428571429,74.9446654611210,3,H,True
0.4342857142857143,0.01578571428571429,8.92094041746796,3,S,True
0.4342857142857143,0.01578571428571429,0.00797468354430382,3,N,True
0.4342857142857143,0.01578571428571429,0.0754225352883714,3,C,True
0.4342857142857143,0.020714285714285716,17.1428571428571,0,H,False
0.4342857142857143,0.020714285714285716,0.0,0,S,False
0.4342857142857143,0.020714285714285716,0.0180900000000000,0,N,False
0.4342857142857143,0.020714285714285716,0.150000000000000,0,C,False
0.4342857142857143,0.020714285714285716,17.1428571428571,1,H,True
0.4342857142857143,0.020714285714285716,41.9411123227917,1,S,True
0.4342857142857143,0.020714285714285716,0.0180900000000000,1,N,True
0.4342857142857143,0.020714285714285716,0.00320610687022901,1,C,True
0.4342857142857143,0.020714285714285716,88.7962240402769,2,H,False
0.4342857142857143,0.020714285714285716,89.2360357981302,2,S,False
0.4342857142857143,0.020714285714285716,0.00555066079295154,2,N,False
0.4342857142857143,0.020714285714285716,0.00610722254286077,2,C,False
0.4342857142857143,0.020714285714285716,88.7962240402769,3,H,True
0.4342857142857143,0.020714285714285716,14.2096541356044,3,S,True
0.4342857142857143,0.020714285714285716,0.00555066079295154,3,N,True
0.4342857142857143,0.020714285714285716,0.0568028793504035,3,C,True
0.4342857142857143,0.025642857142857144,17.1428571428571,0,H,False
0.4342857142857143,0.025642857142857144,0.0,0,S,False
0.4342857142857143,0.025642857142857144,0.0180900000000000,0,N,False
0.4342857142857143,0.025642857142857144,0.150000000000000,0,C,False
0.4342857142857143,0.025642857142857144,17.1428571428571,1,H,True
0.4342857142857143,0.025642857142857144,41.9411123227917,1,S,True
0.4342857142857143,0.025642857142857144,0.0180900000000000,1,N,True
0.4342857142857143,0.025642857142857144,0.00320610687022901,1,C,True
0.4342857142857143,0.025642857142857144,96.1899613899615,2,H,False
0.4342857142857143,0.025642857142857144,81.1242679423996,2,S,False
0.4342857142857143,0.025642857142857144,0.00425675675675675,2,N,False
0.4342857142857143,0.025642857142857144,0.00717584141705303,2,C,False
0.4342857142857143,0.025642857142857144,96.1899613899614,3,H,True
0.4342857142857143,0.025642857142857144,18.2144411727398,3,S,True
0.4342857142857143,0.025642857142857144,0.00425675675675675,3,N,True
0.4342857142857143,0.025642857142857144,0.0464168344649358,3,C,True
0.4342857142857143,0.030571428571428576,17.1428571428571,0,H,False
0.4342857142857143,0.030571428571428576,0.0,0,S,False
0.4342857142857143,0.030571428571428576,0.0180900000000000,0,N,False
0.4342857142857143,0.030571428571428576,0.150000000000000,0,C,False
0.4342857142857143,0.030571428571428576,17.1428571428571,1,H,True
0.4342857142857143,0.030571428571428576,41.9411123227917,1,S,True
0.4342857142857143,0.030571428571428576,0.0180900000000000,1,N,True
0.4342857142857143,0.030571428571428576,0.00320610687022901,1,C,True
0.4342857142857143,0.030571428571428576,100.788258317025,2,H,False
0.4342857142857143,0.030571428571428576,74.2823238131224,2,S,False
0.4342857142857143,0.030571428571428576,0.00345205479452054,2,N,False
0.4342857142857143,0.030571428571428576,0.00819287863374204,2,C,False
0.4342857142857143,0.030571428571428576,100.788258317025,3,H,True
0.4342857142857143,0.030571428571428576,21.5158986653514,3,S,True
0.4342857142857143,0.030571428571428576,0.00345205479452054,3,N,True
0.4342857142857143,0.030571428571428576,0.0396051240850700,3,C,True
0.4342857142857143,0.035500000000000004,17.1428571428571,0,H,False
0.4342857142857143,0.035500000000000004,0.0,0,S,False
0.4342857142857143,0.035500000000000004,0.0180900000000000,0,N,False
0.4342857142857143,0.035500000000000004,0.150000000000000,0,C,False
0.4342857142857143,0.035500000000000004,17.1428571428571,1,H,True
0.4342857142857143,0.035500000000000004,41.9411123227917,1,S,True
0.4342857142857143,0.035500000000000004,0.0180900000000000,1,N,True
0.4342857142857143,0.035500000000000004,0.00320610687022901,1,C,True
0.4342857142857143,0.035500000000000004,103.924423963134,2,H,False
0.4342857142857143,0.035500000000000004,68.5205692277320,2,S,False
0.4342857142857143,0.035500000000000004,0.00290322580645161,2,N,False
0.4342857142857143,0.035500000000000004,0.00919499322886621,2,C,False
0.4342857142857143,0.035500000000000004,103.924423963134,3,H,True
0.4342857142857143,0.035500000000000004,24.4290926475645,3,S,True
0.4342857142857143,0.035500000000000004,0.00290322580645161,3,N,True
0.4342857142857143,0.035500000000000004,0.0346508821712816,3,C,True
0.4342857142857143,0.04042857142857143,17.1428571428571,0,H,False
0.4342857142857143,0.04042857142857143,0.0,0,S,False
0.4342857142857143,0.04042857142857143,0.0180900000000000,0,N,False
0.4342857142857143,0.04042857142857143,0.150000000000000,0,C,False
0.4342857142857143,0.04042857142857143,17.1428571428571,1,H,True
0.4342857142857143,0.04042857142857143,41.9411123227917,1,S,True
0.4342857142857143,0.04042857142857143,0.0180900000000000,1,N,True
0.4342857142857143,0.04042857142857143,0.00320610687022901,1,C,True
0.4342857142857143,0.04042857142857143,106.200170406135,2,H,False
0.4342857142857143,0.04042857142857143,63.5063676788986,2,S,False
0.4342857142857143,0.04042857142857143,0.00250497017892644,2,N,False
0.4342857142857143,0.04042857142857143,0.0102205549904864,2,C,False
0.4342857142857143,0.04042857142857143,106.200170406135,3,H,True
0.4342857142857143,0.04042857142857143,27.1559617453420,3,S,True
0.4342857142857143,0.04042857142857143,0.00250497017892644,3,N,True
0.4342857142857143,0.04042857142857143,0.0307574745422408,3,C,True
0.4342857142857143,0.04535714285714286,17.1428571428571,0,H,False
0.4342857142857143,0.04535714285714286,0.0,0,S,False
0.4342857142857143,0.04535714285714286,0.0180900000000000,0,N,False
0.4342857142857143,0.04535714285714286,0.150000000000000,0,C,False
0.4342857142857143,0.04535714285714286,17.1428571428571,1,H,True
0.4342857142857143,0.04535714285714286,41.9411123227917,1,S,True
0.4342857142857143,0.04535714285714286,0.0180900000000000,1,N,True
0.4342857142857143,0.04535714285714286,0.00320610687022901,1,C,True
0.4342857142857143,0.04535714285714286,107.926873126873,2,H,False
0.4342857142857143,0.04535714285714286,58.9340681040793,2,S,False
0.4342857142857143,0.04535714285714286,0.00220279720279721,2,N,False
0.4342857142857143,0.04535714285714286,0.0113219816636310,2,C,False
0.4342857142857143,0.04535714285714286,107.926873126873,3,H,True
0.4342857142857143,0.04535714285714286,29.8691575091483,3,S,True
0.4342857142857143,0.04535714285714286,0.00220279720279721,3,N,True
0.4342857142857143,0.04535714285714286,0.0274800948857738,3,C,True
0.4342857142857143,0.05028571428571429,17.1428571428571,0,H,False
0.4342857142857143,0.05028571428571429,0.0,0,S,False
0.4342857142857143,0.05028571428571429,0.0180900000000000,0,N,False
0.4342857142857143,0.05028571428571429,0.150000000000000,0,C,False
0.4342857142857143,0.05028571428571429,17.1428571428571,1,H,True
0.4342857142857143,0.05028571428571429,41.9411123227917,1,S,True
0.4342857142857143,0.05028571428571429,0.0180900000000000,1,N,True
0.4342857142857143,0.05028571428571429,0.00320610687022901,1,C,True
0.4342857142857143,0.05028571428571429,109.281836416314,2,H,False
0.4342857142857143,0.05028571428571429,54.4726383560270,2,S,False
0.4342857142857143,0.05028571428571429,0.00196567862714509,2,N,False
0.4342857142857143,0.05028571428571429,0.0125969163978159,2,C,False
0.4342857142857143,0.05028571428571429,109.281836416314,3,H,True
0.4342857142857143,0.05028571428571429,32.7970438716851,3,S,True
0.4342857142857143,0.05028571428571429,0.00196567862714509,3,N,True
0.4342857142857143,0.05028571428571429,0.0244976650648319,3,C,True
0.4342857142857143,0.055214285714285716,17.1428571428571,0,H,False
0.4342857142857143,0.055214285714285716,0.0,0,S,False
0.4342857142857143,0.055214285714285716,0.0180900000000000,0,N,False
0.4342857142857143,0.055214285714285716,0.150000000000000,0,C,False
0.4342857142857143,0.055214285714285716,17.1428571428571,1,H,True
0.4342857142857143,0.055214285714285716,41.9411123227917,1,S,True
0.4342857142857143,0.055214285714285716,0.0180900000000000,1,N,True
0.4342857142857143,0.055214285714285716,0.00320610687022901,1,C,True
0.4342857142857143,0.055214285714285716,110.373440643863,2,H,False
0.4342857142857143,0.055214285714285716,49.4729649119581,2,S,False
0.4342857142857143,0.055214285714285716,0.00177464788732394,2,N,False
0.4342857142857143,0.055214285714285716,0.0143370350030138,2,C,False
0.4342857142857143,0.055214285714285716,110.373440643863,3,H,True
0.4342857142857143,0.055214285714285716,36.5134752951376,3,S,True
0.4342857142857143,0.055214285714285716,0.00177464788732394,3,N,True
0.4342857142857143,0.055214285714285716,0.0213819306995988,3,C,True
0.4342857142857143,0.06014285714285715,17.1428571428571,0,H,False
0.4342857142857143,0.06014285714285715,0.0,0,S,False
0.4342857142857143,0.06014285714285715,0.0180900000000000,0,N,False
0.4342857142857143,0.06014285714285715,0.150000000000000,0,C,False
0.4342857142857143,0.06014285714285715,17.1428571428571,1,H,True
0.4342857142857143,0.06014285714285715,41.9411123227917,1,S,True
0.4342857142857143,0.06014285714285715,0.0180900000000000,1,N,True
0.4342857142857143,0.06014285714285715,0.00320610687022901,1,C,True
0.4342857142857143,0.06014285714285715,,2,H,False
0.4342857142857143,0.06014285714285715,,2,S,False
0.4342857142857143,0.06014285714285715,,2,N,False
0.4342857142857143,0.06014285714285715,,2,C,False
0.4342857142857143,0.06014285714285715,,3,H,False
0.4342857142857143,0.06014285714285715,,3,S,False
0.4342857142857143,0.06014285714285715,,3,N,False
0.4342857142857143,0.06014285714285715,,3,C,False
0.4342857142857143,0.06507142857142857,17.1428571428571,0,H,False
0.4342857142857143,0.06507142857142857,0.0,0,S,False
0.4342857142857143,0.06507142857142857,0.0180900000000000,0,N,False
0.4342857142857143,0.06507142857142857,0.150000000000000,0,C,False
0.4342857142857143,0.06507142857142857,17.1428571428571,1,H,True
0.4342857142857143,0.06507142857142857,41.9411123227917,1,S,True
0.4342857142857143,0.06507142857142857,0.0180900000000000,1,N,True
0.4342857142857143,0.06507142857142857,0.00320610687022901,1,C,True
0.4342857142857143,0.06507142857142857,,2,H,False
0.4342857142857143,0.06507142857142857,,2,S,False
0.4342857142857143,0.06507142857142857,,2,N,False
0.4342857142857143,0.06507142857142857,,2,C,False
0.4342857142857143,0.06507142857142857,,3,H,False
0.4342857142857143,0.06507142857142857,,3,S,False
0.4342857142857143,0.06507142857142857,,3,N,False
0.4342857142857143,0.06507142857142857,,3,C,False
0.4342857142857143,0.07,17.1428571428571,0,H,False
0.4342857142857143,0.07,0.0,0,S,False
0.4342857142857143,0.07,0.0180900000000000,0,N,False
0.4342857142857143,0.07,0.150000000000000,0,C,False
0.4342857142857143,0.07,17.1428571428571,1,H,True
0.4342857142857143,0.07,41.9411123227917,1,S,True
0.4342857142857143,0.07,0.0180900000000000,1,N,True
0.4342857142857143,0.07,0.00320610687022901,1,C,True
0.4342857142857143,0.07,,2,H,False
0.4342857142857143,0.07,,2,S,False
0.4342857142857143,0.07,,2,N,False
0.4342857142857143,0.07,,2,C,False
0.4342857142857143,0.07,,3,H,False
0.4342857142857143,0.07,,3,S,False
0.4342857142857143,0.07,,3,N,False
0.4342857142857143,0.07,,3,C,False
0.505,0.001,17.1428571428571,0,H,True
0.505,0.001,0.0,0,S,True
0.505,0.001,0.0180900000000000,0,N,True
0.505,0.001,0.150000000000000,0,C,True
0.505,0.001,,1,H,False
0.505,0.001,,1,S,False
0.505,0.001,,1,N,False
0.505,0.001,,1,C,False
0.505,0.001,,2,H,False
0.505,0.001,,2,S,False
0.505,0.001,,2,N,False
0.505,0.001,,2,C,False
0.505,0.001,,3,H,False
0.505,0.001,,3,S,False
0.505,0.001,,3,N,False
0.505,0.001,,3,C,False
0.505,0.005928571428571429,17.1428571428571,0,H,True
0.505,0.005928571428571429,0.0,0,S,True
0.505,0.005928571428571429,0.0180900000000000,0,N,True
0.505,0.005928571428571429,0.150000000000000,0,C,True
0.505,0.005928571428571429,,1,H,False
0.505,0.005928571428571429,,1,S,False
0.505,0.005928571428571429,,1,N,False
0.505,0.005928571428571429,,1,C,False
0.505,0.005928571428571429,,2,H,False
0.505,0.005928571428571429,,2,S,False
0.505,0.005928571428571429,,2,N,False
0.505,0.005928571428571429,,2,C,False
0.505,0.005928571428571429,,3,H,False
0.505,0.005928571428571429,,3,S,False
0.505,0.005928571428571429,,3,N,False
0.505,0.005928571428571429,,3,C,False
0.505,0.010857142857142857,17.1428571428571,0,H,False
0.505,0.010857142857142857,0.0,0,S,False
0.505,0.010857142857142857,0.0180900000000000,0,N,False
0.505,0.010857142857142857,0.150000000000000,0,C,False
0.505,0.010857142857142857,17.1428571428571,1,H,True
0.505,0.010857142857142857,42.0866773675762,1,S,True
0.505,0.010857142857142857,0.0180900000000000,1,N,True
0.505,0.010857142857142857,0.00269662921348315,1,C,True
0.505,0.010857142857142857,39.6154093097909,2,H,False
0.505,0.010857142857142857,79.7248400435739,2,S,False
0.505,0.010857142857142857,0.0141573033707865,2,N,False
0.505,0.010857142857142857,0.00303379631557483,2,C,False
0.505,0.010857142857142857,39.6154093097913,3,H,True
0.505,0.010857142857142857,1.38962352088207,3,S,True
0.505,0.010857142857142857,0.0141573033707865,3,N,True
0.505,0.010857142857142857,0.121677351266801,3,C,True
0.505,0.01578571428571429,17.1428571428571,0,H,False
0.505,0.01578571428571429,0.0,0,S,False
0.505,0.01578571428571429,0.0180900000000000,0,N,False
0.505,0.01578571428571429,0.150000000000000,0,C,False
0.505,0.01578571428571429,17.1428571428571,1,H,True
0.505,0.01578571428571429,42.0866773675762,1,S,True
0.505,0.01578571428571429,0.0180900000000000,1,N,True
0.505,0.01578571428571429,0.00269662921348315,1,C,True
0.505,0.01578571428571429,74.9446654611208,2,H,False
0.505,0.01578571428571429,98.0178266000603,2,S,False
0.505,0.01578571428571429,0.00797468354430382,2,N,False
0.505,0.01578571428571429,0.00409239940660124,2,C,False
0.505,0.01578571428571429,74.9446654611210,3,H,True
0.505,0.01578571428571429,7.42199484992183,3,S,True
0.505,0.01578571428571429,0.00797468354430382,3,N,True
0.505,0.01578571428571429,0.0766225771258979,3,C,True
0.505,0.020714285714285716,17.1428571428571,0,H,False
0.505,0.020714285714285716,0.0,0,S,False
0.505,0.020714285714285716,0.0180900000000000,0,N,False
0.505,0.020714285714285716,0.150000000000000,0,C,False
0.505,0.020714285714285716,17.1428571428571,1,H,True
0.505,0.020714285714285716,42.0866773675762,1,S,True
0.505,0.020714285714285716,0.0180900000000000,1,N,True
0.505,0.020714285714285716,0.00269662921348315,1,C,True
0.505,0.020714285714285716,88.7962240402769,2,H,False
0.505,0.020714285714285716,90.8897566679790,2,S,False
0.505,0.020714285714285716,0.00555066079295154,2,N,False
0.505,0.020714285714285716,0.00498979606146091,2,C,False
0.505,0.020714285714285716,88.7962240402769,3,H,True
0.505,0.020714285714285716,11.7341618974117,3,S,True
0.505,0.020714285714285716,0.00555066079295154,3,N,True
0.505,0.020714285714285716,0.0584755803677823,3,C,True
0.505,0.025642857142857144,17.1428571428571,0,H,False
0.505,0.025642857142857144,0.0,0,S,False
0.505,0.025642857142857144,0.0180900000000000,0,N,False
0.505,0.025642857142857144,0.150000000000000,0,C,False
0.505,0.025642857142857144,17.1428571428571,1,H,True
0.505,0.025642857142857144,42.0866773675762,1,S,True
0.505,0.025642857142857144,0.0180900000000000,1,N,True
0.505,0.025642857142857144,0.00269662921348315,1,C,True
0.505,0.025642857142857144,96.1899613899615,2,H,False
0.505,0.025642857142857144,83.3639548735247,2,S,False
0.505,0.025642857142857144,0.00425675675675675,2,N,False
0.505,0.025642857142857144,0.00577880149806697,2,C,False
0.505,0.025642857142857144,96.1899613899614,3,H,True
0.505,0.025642857142857144,14.9084184045297,3,S,True
0.505,0.025642857142857144,0.00425675675675675,3,N,True
0.505,0.025642857142857144,0.0484790181193032,3,C,True
0.505,0.030571428571428576,17.1428571428571,0,H,False
0.505,0.030571428571428576,0.0,0,S,False
0.505,0.030571428571428576,0.0180900000000000,0,N,False
0.505,0.030571428571428576,0.150000000000000,0,C,False
0.505,0.030571428571428576,17.1428571428571,1,H,True
0.505,0.030571428571428576,42.0866773675762,1,S,True
0.505,0.030571428571428576,0.0180900000000000,1,N,True
0.505,0.030571428571428576,0.00269662921348315,1,C,True
0.505,0.030571428571428576,100.788258317025,2,H,False
0.505,0.030571428571428576,77.1396056240587,2,S,False
0.505,0.030571428571428576,0.00345205479452054,2,N,False
0.505,0.030571428571428576,0.00649191751467076,2,C,False
0.505,0.030571428571428576,100.788258317025,3,H,True
0.505,0.030571428571428576,17.4265251682054,3,S,True
0.505,0.030571428571428576,0.00345205479452054,3,N,True
0.505,0.030571428571428576,0.0420395585512058,3,C,True
0.505,0.035500000000000004,17.1428571428571,0,H,False
0.505,0.035500000000000004,0.0,0,S,False
0.505,0.035500000000000004,0.0180900000000000,0,N,False
0.505,0.035500000000000004,0.150000000000000,0,C,False
0.505,0.035500000000000004,17.1428571428571,1,H,True
0.505,0.035500000000000004,42.0866773675762,1,S,True
0.505,0.035500000000000004,0.0180900000000000,1,N,True
0.505,0.035500000000000004,0.00269662921348315,1,C,True
0.505,0.035500000000000004,103.924423963134,2,H,False
0.505,0.035500000000000004,72.0608776822338,2,S,False
0.505,0.035500000000000004,0.00290322580645161,2,N,False
0.505,0.035500000000000004,0.00715102224332106,2,C,False
0.505,0.035500000000000004,103.924423963134,3,H,True
0.505,0.035500000000000004,19.5376349893247,3,S,True
0.505,0.035500000000000004,0.00290322580645161,3,N,True
0.505,0.035500000000000004,0.0374749291883571,3,C,True
0.505,0.04042857142857143,17.1428571428571,0,H,False
0.505,0.04042857142857143,0.0,0,S,False
0.505,0.04042857142857143,0.0180900000000000,0,N,False
0.505,0.04042857142857143,0.150000000000000,0,C,False
0.505,0.04042857142857143,17.1428571428571,1,H,True
0.505,0.04042857142857143,42.0866773675762,1,S,True
0.505,0.04042857142857143,0.0180900000000000,1,N,True
0.505,0.04042857142857143,0.00269662921348315,1,C,True
0.505,0.04042857142857143,106.200170406135,2,H,False
0.505,0.04042857142857143,67.8402233869863,2,S,False
0.505,0.04042857142857143,0.00250497017892644,2,N,False
0.505,0.04042857142857143,0.00777205286953076,2,C,False
0.505,0.04042857142857143,106.200170406135,3,H,True
0.505,0.04042857142857143,21.3815129584560,3,S,True
0.505,0.04042857142857143,0.00250497017892644,3,N,True
0.505,0.04042857142857143,0.0340198697520431,3,C,True
0.505,0.04535714285714286,17.1428571428571,0,H,False
0.505,0.04535714285714286,0.0,0,S,False
0.505,0.04535714285714286,0.0180900000000000,0,N,False
0.505,0.04535714285714286,0.150000000000000,0,C,False
0.505,0.04535714285714286,17.1428571428571,1,H,True
0.505,0.04535714285714286,42.0866773675762,1,S,True
0.505,0.04535714285714286,0.0180900000000000,1,N,True
0.505,0.04535714285714286,0.00269662921348315,1,C,True
0.505,0.04535714285714286,107.926873126873,2,H,False
0.505,0.04535714285714286,64.2483930080361,2,S,False
0.505,0.04535714285714286,0.00220279720279721,2,N,False
0.505,0.04535714285714286,0.00836757851083513,2,C,False
0.505,0.04535714285714286,107.926873126873,3,H,True
0.505,0.04535714285714286,23.0446631609066,3,S,True
0.505,0.04535714285714286,0.00220279720279721,3,N,True
0.505,0.04535714285714286,0.0312740495240513,3,C,True
0.505,0.05028571428571429,17.1428571428571,0,H,False
0.505,0.05028571428571429,0.0,0,S,False
0.505,0.05028571428571429,0.0180900000000000,0,N,False
0.505,0.05028571428571429,0.150000000000000,0,C,False
0.505,0.05028571428571429,17.1428571428571,1,H,True
0.505,0.05028571428571429,42.0866773675762,1,S,True
0.505,0.05028571428571429,0.0180900000000000,1,N,True
0.505,0.05028571428571429,0.00269662921348315,1,C,True
0.505,0.05028571428571429,109.281836416314,2,H,False
0.505,0.05028571428571429,61.1178638773953,2,S,False
0.505,0.05028571428571429,0.00196567862714509,2,N,False
0.505,0.05028571428571429,0.00894842782590724,2,C,False
0.505,0.05028571428571429,109.281836416314,3,H,True
0.505,0.05028571428571429,24.5860174128811,3,S,True
0.505,0.05028571428571429,0.00196567862714509,3,N,True
0.505,0.05028571428571429,0.0290058395582713,3,C,True
0.505,0.055214285714285716,17.1428571428571,0,H,False
0.505,0.055214285714285716,0.0,0,S,False
0.505,0.055214285714285716,0.0180900000000000,0,N,False
0.505,0.055214285714285716,0.150000000000000,0,C,False
0.505,0.055214285714285716,17.1428571428571,1,H,True
0.505,0.055214285714285716,42.0866773675762,1,S,True
0.505,0.055214285714285716,0.0180900000000000,1,N,True
0.505,0.055214285714285716,0.00269662921348315,1,C,True
0.505,0.055214285714285716,110.373440643863,2,H,False
0.505,0.055214285714285716,58.3250846147589,2,S,False
0.505,0.055214285714285716,0.00177464788732394,2,N,False
0.505,0.055214285714285716,0.00952494271822384,2,C,False
0.505,0.055214285714285716,110.373440643863,3,H,True
0.505,0.055214285714285716,26.0500746147117,3,S,True
0.505,0.055214285714285716,0.00177464788732394,3,N,True
0.505,0.055214285714285716,0.0270699298882012,3,C,True
0.505,0.06014285714285715,17.1428571428571,0,H,False
0.505,0.06014285714285715,0.0,0,S,False
0.505,0.06014285714285715,0.0180900000000000,0,N,False
0.505,0.06014285714285715,0.150000000000000,0,C,False
0.505,0.06014285714285715,17.1428571428571,1,H,True
0.505,0.06014285714285715,42.0866773675762,1,S,True
0.505,0.06014285714285715,0.0180900000000000,1,N,True
0.505,0.06014285714285715,0.00269662921348315,1,C,True
0.505,0.06014285714285715,111.271666972309,2,H,False
0.505,0.06014285714285715,55.7745555266403,2,S,False
0.505,0.06014285714285715,0.00161745827984596,2,N,False
0.505,0.06014285714285715,0.0101082533859362,2,C,False
0.505,0.06014285714285715,111.271666972309,3,H,True
0.505,0.06014285714285715,27.4748545280817,3,S,True
0.505,0.06014285714285715,0.00161745827984596,3,N,True
0.505,0.06014285714285715,0.0253680414893721,3,C,True
0.505,0.06507142857142857,17.1428571428571,0,H,False
0.505,0.06507142857142857,0.0,0,S,False
0.505,0.06507142857142857,0.0180900000000000,0,N,False
0.505,0.06507142857142857,0.150000000000000,0,C,False
0.505,0.06507142857142857,17.1428571428571,1,H,True
0.505,0.06507142857142857,42.0866773675762,1,S,True
0.505,0.06507142857142857,0.0180900000000000,1,N,True
0.505,0.06507142857142857,0.00269662921348315,1,C,True
0.505,0.06507142857142857,112.023719676550,2,H,False
0.505,0.06507142857142857,53.3860325556835,2,S,False
0.505,0.06507142857142857,0.00148584905660377,2,N,False
0.505,0.06507142857142857,0.0107120557140817,2,C,False
0.505,0.06507142857142857,112.023719676550,3,H,True
0.505,0.06507142857142857,28.8983225400389,3,S,True
0.505,0.06507142857142857,0.00148584905660377,3,N,True
0.505,0.06507142857142857,0.0238276941269190,3,C,True
0.505,0.07,17.1428571428571,0,H,False
0.505,0.07,0.0,0,S,False
0.505,0.07,0.0180900000000000,0,N,False
0.505,0.07,0.150000000000000,0,C,False
0.505,0.07,17.1428571428571,1,H,True
0.505,0.07,42.0866773675762,1,S,True
0.505,0.07,0.0180900000000000,1,N,True
0.505,0.07,0.00269662921348315,1,C,True
0.505,0.07,112.662595419847,2,H,False
0.505,0.07,51.0819938876164,2,S,False
0.505,0.07,0.00137404580152672,2,N,False
0.505,0.07,0.0113558936056557,2,C,False
0.505,0.07,112.662595419847,3,H,True
0.505,0.07,30.3664240210331,3,S,True
0.505,0.07,0.00137404580152672,3,N,True
0.505,0.07,0.0223882525475307,3,C,True
0.5757142857142857,0.001,17.1428571428571,0,H,True
0.5757142857142857,0.001,0.0,0,S,True
0.5757142857142857,0.001,0.0180900000000000,0,N,True
0.5757142857142857,0.001,0.150000000000000,0,C,True
0.5757142857142857,0.001,,1,H,False
0.5757142857142857,0.001,,1,S,False
0.5757142857142857,0.001,,1,N,False
0.5757142857142857,0.001,,1,C,False
0.5757142857142857,0.001,,2,H,False
0.5757142857142857,0.001,,2,S,False
0.5757142857142857,0.001,,2,N,False
0.5757142857142857,0.001,,2,C,False
0.5757142857142857,0.001,,3,H,False
0.5757142857142857,0.001,,3,S,False
0.5757142857142857,0.001,,3,N,False
0.5757142857142857,0.001,,3,C,False
0.5757142857142857,0.005928571428571429,17.1428571428571,0,H,True
0.5757142857142857,0.005928571428571429,0.0,0,S,True
0.5757142857142857,0.005928571428571429,0.0180900000000000,0,N,True
0.5757142857142857,0.005928571428571429,0.150000000000000,0,C,True
0.5757142857142857,0.005928571428571429,,1,H,False
0.5757142857142857,0.005928571428571429,,1,S,False
0.5757142857142857,0.005928571428571429,,1,N,False
0.5757142857142857,0.005928571428571429,,1,C,False
0.5757142857142857,0.005928571428571429,,2,H,False
0.5757142857142857,0.005928571428571429,,2,S,False
0.5757142857142857,0.005928571428571429,,2,N,False
0.5757142857142857,0.005928571428571429,,2,C,False
0.5757142857142857,0.005928571428571429,,3,H,False
0.5757142857142857,0.005928571428571429,,3,S,False
0.5757142857142857,0.005928571428571429,,3,N,False
0.5757142857142857,0.005928571428571429,,3,C,False
0.5757142857142857,0.010857142857142857,17.1428571428571,0,H,False
0.5757142857142857,0.010857142857142857,0.0,0,S,False
0.5757142857142857,0.010857142857142857,0.0180900000000000,0,N,False
0.5757142857142857,0.010857142857142857,0.150000000000000,0,C,False
0.5757142857142857,0.010857142857142857,17.1428571428571,1,H,True
0.5757142857142857,0.010857142857142857,42.1923229125445,1,S,True
0.5757142857142857,0.010857142857142857,0.0180900000000000,1,N,True
0.5757142857142857,0.010857142857142857,0.00232686980609418,1,C,True
0.5757142857142857,0.010857142857142857,39.6154093097909,2,H,False
0.5757142857142857,0.010857142857142857,80.0036804495665,2,S,False
0.5757142857142857,0.010857142857142857,0.0141573033707865,2,N,False
0.5757142857142857,0.010857142857142857,0.00261147518722994,2,C,False
0.5757142857142857,0.010857142857142857,39.6154093097913,3,H,True
0.5757142857142857,0.010857142857142857,1.19490036981929,3,S,True
0.5757142857142857,0.010857142857142857,0.0141573033707865,3,N,True
0.5757142857142857,0.010857142857142857,0.121972271583600,3,C,True
0.5757142857142857,0.01578571428571429,17.1428571428571,0,H,False
0.5757142857142857,0.01578571428571429,0.0,0,S,False
0.5757142857142857,0.01578571428571429,0.0180900000000000,0,N,False
0.5757142857142857,0.01578571428571429,0.150000000000000,0,C,False
0.5757142857142857,0.01578571428571429,17.1428571428571,1,H,True
0.5757142857142857,0.01578571428571429,42.1923229125445,1,S,True
0.5757142857142857,0.01578571428571429,0.0180900000000000,1,N,True
0.5757142857142857,0.01578571428571429,0.00232686980609418,1,C,True
0.5757142857142857,0.01578571428571429,74.9446654611208,2,H,False
0.5757142857142857,0.01578571428571429,98.7673420878536,2,S,False
0.5757142857142857,0.01578571428571429,0.00797468354430382,2,N,False
0.5757142857142857,0.01578571428571429,0.00349234429939780,2,C,False
0.5757142857142857,0.01578571428571429,74.9446654611210,3,H,True
0.5757142857142857,0.01578571428571429,6.35569721838672,3,S,True
0.5757142857142857,0.01578571428571429,0.00797468354430382,3,N,True
0.5757142857142857,0.01578571428571429,0.0774762450620806,3,C,True
0.5757142857142857,0.020714285714285716,17.1428571428571,0,H,False
0.5757142857142857,0.020714285714285716,0.0,0,S,False
0.5757142857142857,0.020714285714285716,0.0180900000000000,0,N,False
0.5757142857142857,0.020714285714285716,0.150000000000000,0,C,False
0.5757142857142857,0.020714285714285716,17.1428571428571,1,H,True
0.5757142857142857,0.020714285714285716,42.1923229125445,1,S,True
0.5757142857142857,0.020714285714285716,0.0180900000000000,1,N,True
0.5757142857142857,0.020714285714285716,0.00232686980609418,1,C,True
0.5757142857142857,0.020714285714285716,88.7962240402769,2,H,False
0.5757142857142857,0.020714285714285716,92.0275030957573,2,S,False
0.5757142857142857,0.020714285714285716,0.00555066079295154,2,N,False
0.5757142857142857,0.020714285714285716,0.00422101578499613,2,C,False
0.5757142857142857,0.020714285714285716,88.7962240402769,3,H,True
0.5757142857142857,0.020714285714285716,10.0000052244638,3,S,True
0.5757142857142857,0.020714285714285716,0.00555066079295154,3,N,True
0.5757142857142857,0.020714285714285716,0.0596473576758992,3,C,True
0.5757142857142857,0.025642857142857144,17.1428571428571,0,H,False
0.5757142857142857,0.025642857142857144,0.0,0,S,False
0.5757142857142857,0.025642857142857144,0.0180900000000000,0,N,False
0.5757142857142857,0.025642857142857144,0.150000000000000,0,C,False
0.5757142857142857,0.025642857142857144,17.1428571428571,1,H,True
0.5757142857142857,0.025642857142857144,42.1923229125445,1,S,True
0.5757142857142857,0.025642857142857144,0.0180900000000000,1,N,True
0.5757142857142857,0.025642857142857144,0.00232686980609418,1,C,True
0.5757142857142857,0.025642857142857144,96.1899613899615,2,H,False
0.5757142857142857,0.025642857142857144,84.8612552262973,2,S,False
0.5757142857142857,0.025642857142857144,0.00425675675675675,2,N,False
0.5757142857142857,0.025642857142857144,0.00484483687360734,2,C,False
0.5757142857142857,0.025642857142857144,96.1899613899614,3,H,True
0.5757142857142857,0.025642857142857144,12.6372122641773,3,S,True
0.5757142857142857,0.025642857142857144,0.00425675675675675,3,N,True
0.5757142857142857,0.025642857142857144,0.0498957186403553,3,C,True
0.5757142857142857,0.030571428571428576,17.1428571428571,0,H,False
0.5757142857142857,0.030571428571428576,0.0,0,S,False
0.5757142857142857,0.030571428571428576,0.0180900000000000,0,N,False
0.5757142857142857,0.030571428571428576,0.150000000000000,0,C,False
0.5757142857142857,0.030571428571428576,17.1428571428571,1,H,True
0.5757142857142857,0.030571428571428576,42.1923229125445,1,S,True
0.5757142857142857,0.030571428571428576,0.0180900000000000,1,N,True
0.5757142857142857,0.030571428571428576,0.00232686980609418,1,C,True
0.5757142857142857,0.030571428571428576,100.788258317025,2,H,False
0.5757142857142857,0.030571428571428576,78.9865145632417,2,S,False
0.5757142857142857,0.030571428571428576,0.00345205479452054,2,N,False
0.5757142857142857,0.030571428571428576,0.00539243888291946,2,C,False
0.5757142857142857,0.030571428571428576,100.788258317025,3,H,True
0.5757142857142857,0.030571428571428576,14.6854111825208,3,S,True
0.5757142857142857,0.030571428571428576,0.00345205479452054,3,N,True
0.5757142857142857,0.030571428571428576,0.0436713640996631,3,C,True
0.5757142857142857,0.035500000000000004,17.1428571428571,0,H,False
0.5757142857142857,0.035500000000000004,0.0,0,S,False
0.5757142857142857,0.035500000000000004,0.0180900000000000,0,N,False
0.5757142857142857,0.035500000000000004,0.150000000000000,0,C,False
0.5757142857142857,0.035500000000000004,17.1428571428571,1,H,True
0.5757142857142857,0.035500000000000004,42.1923229125445,1,S,True
0.5757142857142857,0.035500000000000004,0.0180900000000000,1,N,True
0.5757142857142857,0.035500000000000004,0.00232686980609418,1,C,True
0.5757142857142857,0.035500000000000004,103.924423963134,2,H,False
0.5757142857142857,0.035500000000000004,74.2580729930083,2,S,False
0.5757142857142857,0.035500000000000004,0.00290322580645161,2,N,False
0.5757142857142857,0.035500000000000004,0.00588248772930491,2,C,False
0.5757142857142857,0.035500000000000004,103.924423963134,3,H,True
0.5757142857142857,0.035500000000000004,16.3598272370564,3,S,True
0.5757142857142857,0.035500000000000004,0.00290322580645161,3,N,True
0.5757142857142857,0.035500000000000004,0.0393096130659769,3,C,True
0.5757142857142857,0.04042857142857143,17.1428571428571,0,H,False
0.5757142857142857,0.04042857142857143,0.0,0,S,False
0.5757142857142857,0.04042857142857143,0.0180900000000000,0,N,False
0.5757142857142857,0.04042857142857143,0.150000000000000,0,C,False
0.5757142857142857,0.04042857142857143,17.1428571428571,1,H,True
0.5757142857142857,0.04042857142857143,42.1923229125445,1,S,True
0.5757142857142857,0.04042857142857143,0.0180900000000000,1,N,True
0.5757142857142857,0.04042857142857143,0.00232686980609418,1,C,True
0.5757142857142857,0.04042857142857143,106.200170406135,2,H,False
0.5757142857142857,0.04042857142857143,70.3964541966588,2,S,False
0.5757142857142857,0.04042857142857143,0.00250497017892644,2,N,False
0.5757142857142857,0.04042857142857143,0.00632785698929999,2,C,False
0.5757142857142857,0.04042857142857143,106.200170406135,3,H,True
0.5757142857142857,0.04042857142857143,17.7797547619550,3,S,True
0.5757142857142857,0.04042857142857143,0.00250497017892644,3,N,True
0.5757142857142857,0.04042857142857143,0.0360547581233481,3,C,True
0.5757142857142857,0.04535714285714286,17.1428571428571,0,H,False
0.5757142857142857,0.04535714285714286,0.0,0,S,False
0.5757142857142857,0.04535714285714286,0.0180900000000000,0,N,False
0.5757142857142857,0.04535714285714286,0.150000000000000,0,C,False
0.5757142857142857,0.04535714285714286,17.1428571428571,1,H,True
0.5757142857142857,0.04535714285714286,42.1923229125445,1,S,True
0.5757142857142857,0.04535714285714286,0.0180900000000000,1,N,True
0.5757142857142857,0.04535714285714286,0.00232686980609418,1,C,True
0.5757142857142857,0.04535714285714286,107.926873126873,2,H,False
0.5757142857142857,0.04535714285714286,67.1799556942409,2,S,False
0.5757142857142857,0.04535714285714286,0.00220279720279721,2,N,False
0.5757142857142857,0.04535714285714286,0.00673782906960478,2,C,False
0.5757142857142857,0.04535714285714286,107.926873126873,3,H,True
0.5757142857142857,0.04535714285714286,19.0170772215099,3,S,True
0.5757142857142857,0.04535714285714286,0.00220279720279721,3,N,True
0.5757142857142857,0.04535714285714286,0.0335131133397863,3,C,True
0.5757142857142857,0.05028571428571429,17.1428571428571,0,H,False
0.5757142857142857,0.05028571428571429,0.0,0,S,False
0.5757142857142857,0.05028571428571429,0.0180900000000000,0,N,False
0.5757142857142857,0.05028571428571429,0.150000000000000,0,C,False
0.5757142857142857,0.05028571428571429,17.1428571428571,1,H,True
0.5757142857142857,0.05028571428571429,42.1923229125445,1,S,True
0.5757142857142857,0.05028571428571429,0.0180900000000000,1,N,True
0.5757142857142857,0.05028571428571429,0.00232686980609418,1,C,True
0.5757142857142857,0.05028571428571429,109.281836416314,2,H,False
0.5757142857142857,0.05028571428571429,64.4492834620842,2,S,False
0.5757142857142857,0.05028571428571429,0.00196567862714509,2,N,False
0.5757142857142857,0.05028571428571429,0.00711934824931696,2,C,False
0.5757142857142857,0.05028571428571429,109.281836416314,3,H,True
0.5757142857142857,0.05028571428571429,20.1181993639035,3,S,True
0.5757142857142857,0.05028571428571429,0.00196567862714509,3,N,True
0.5757142857142857,0.05028571428571429,0.0314588463133685,3,C,True
0.5757142857142857,0.055214285714285716,17.1428571428571,0,H,False
0.5757142857142857,0.055214285714285716,0.0,0,S,False
0.5757142857142857,0.055214285714285716,0.0180900000000000,0,N,False
0.5757142857142857,0.055214285714285716,0.150000000000000,0,C,False
0.5757142857142857,0.055214285714285716,17.1428571428571,1,H,True
0.5757142857142857,0.055214285714285716,42.1923229125445,1,S,True
0.5757142857142857,0.055214285714285716,0.0180900000000000,1,N,True
0.5757142857142857,0.055214285714285716,0.00232686980609418,1,C,True
0.5757142857142857,0.055214285714285716,110.373440643863,2,H,False
0.5757142857142857,0.055214285714285716,62.0909604743046,2,S,False
0.5757142857142857,0.055214285714285716,0.00177464788732394,2,N,False
0.5757142857142857,0.055214285714285716,0.00747777856120698,2,C,False
0.5757142857142857,0.055214285714285716,110.373440643863,3,H,True
0.5757142857142857,0.055214285714285716,21.1147926162803,3,S,True
0.5757142857142857,0.055214285714285716,0.00177464788732394,3,N,True
0.5757142857142857,0.055214285714285716,0.0297527937925833,3,C,True
0.5757142857142857,0.06014285714285715,17.1428571428571,0,H,False
0.5757142857142857,0.06014285714285715,0.0,0,S,False
0.5757142857142857,0.06014285714285715,0.0180900000000000,0,N,False
0.5757142857142857,0.06014285714285715,0.150000000000000,0,C,False
0.5757142857142857,0.06014285714285715,17.1428571428571,1,H,True
0.5757142857142857,0.06014285714285715,42.1923229125445,1,S,True
0.5757142857142857,0.06014285714285715,0.0180900000000000,1,N,True
0.5757142857142857,0.06014285714285715,0.00232686980609418,1,C,True
0.5757142857142857,0.06014285714285715,111.271666972309,2,H,False
0.5757142857142857,0.06014285714285715,60.0230327762052,2,S,False
0.5757142857142857,0.06014285714285715,0.00161745827984596,2,N,False
0.5757142857142857,0.06014285714285715,0.00781738598087322,2,C,False
0.5757142857142857,0.06014285714285715,111.271666972309,3,H,True
0.5757142857142857,0.06014285714285715,22.0294895209437,3,S,True
0.5757142857142857,0.06014285714285715,0.00161745827984596,3,N,True
0.5757142857142857,0.06014285714285715,0.0283042956978184,3,C,True
0.5757142857142857,0.06507142857142857,17.1428571428571,0,H,False
0.5757142857142857,0.06507142857142857,0.0,0,S,False
0.5757142857142857,0.06507142857142857,0.0180900000000000,0,N,False
0.5757142857142857,0.06507142857142857,0.150000000000000,0,C,False
0.5757142857142857,0.06507142857142857,17.1428571428571,1,H,True
0.5757142857142857,0.06507142857142857,42.1923229125445,1,S,True
0.5757142857142857,0.06507142857142857,0.0180900000000000,1,N,True
0.5757142857142857,0.06507142857142857,0.00232686980609418,1,C,True
0.5757142857142857,0.06507142857142857,112.023719676550,2,H,False
0.5757142857142857,0.06507142857142857,58.1851220254285,2,S,False
0.5757142857142857,0.06507142857142857,0.00148584905660377,2,N,False
0.5757142857142857,0.06507142857142857,0.00814165929253705,2,C,False
0.5757142857142857,0.06507142857142857,112.023719676550,3,H,True
0.5757142857142857,0.06507142857142857,22.8791128586842,3,S,True
0.5757142857142857,0.06507142857142857,0.00148584905660377,3,N,True
0.5757142857142857,0.06507142857142857,0.0270515879765790,3,C,True
0.5757142857142857,0.07,17.1428571428571,0,H,False
0.5757142857142857,0.07,0.0,0,S,False
0.5757142857142857,0.07,0.0180900000000000,0,N,False
0.5757142857142857,0.07,0.150000000000000,0,C,False
0.5757142857142857,0.07,17.1428571428571,1,H,True
0.5757142857142857,0.07,42.1923229125445,1,S,True
0.5757142857142857,0.07,0.0180900000000000,1,N,True
0.5757142857142857,0.07,0.00232686980609418,1,C,True
0.5757142857142857,0.07,112.662595419847,2,H,False
0.5757142857142857,0.07,56.5317851625714,2,S,False
0.5757142857142857,0.07,0.00137404580152672,2,N,False
0.5757142857142857,0.07,0.00845353301935144,2,C,False
0.5757142857142857,0.07,112.662595419847,3,H,True
0.5757142857142857,0.07,23.6766166232854,3,S,True
0.5757142857142857,0.07,0.00137404580152672,3,N,True
0.5757142857142857,0.07,0.0259510006128406,3,C,True
0.6464285714285715,0.001,17.1428571428571,0,H,True
0.6464285714285715,0.001,0.0,0,S,True
0.6464285714285715,0.001,0.0180900000000000,0,N,True
0.6464285714285715,0.001,0.150000000000000,0,C,True
0.6464285714285715,0.001,,1,H,False
0.6464285714285715,0.001,,1,S,False
0.6464285714285715,0.001,,1,N,False
0.6464285714285715,0.001,,1,C,False
0.6464285714285715,0.001,,2,H,False
0.6464285714285715,0.001,,2,S,False
0.6464285714285715,0.001,,2,N,False
0.6464285714285715,0.001,,2,C,False
0.6464285714285715,0.001,,3,H,False
0.6464285714285715,0.001,,3,S,False
0.6464285714285715,0.001,,3,N,False
0.6464285714285715,0.001,,3,C,False
0.6464285714285715,0.005928571428571429,17.1428571428571,0,H,True
0.6464285714285715,0.005928571428571429,0.0,0,S,True
0.6464285714285715,0.005928571428571429,0.0180900000000000,0,N,True
0.6464285714285715,0.005928571428571429,0.150000000000000,0,C,True
0.6464285714285715,0.005928571428571429,,1,H,False
0.6464285714285715,0.005928571428571429,,1,S,False
0.6464285714285715,0.005928571428571429,,1,N,False
0.6464285714285715,0.005928571428571429,,1,C,False
0.6464285714285715,0.005928571428571429,,2,H,False
0.6464285714285715,0.005928571428571429,,2,S,False
0.6464285714285715,0.005928571428571429,,2,N,False
0.6464285714285715,0.005928571428571429,,2,C,False
0.6464285714285715,0.005928571428571429,,3,H,False
0.6464285714285715,0.005928571428571429,,3,S,False
0.6464285714285715,0.005928571428571429,,3,N,False
0.6464285714285715,0.005928571428571429,,3,C,False
0.6464285714285715,0.010857142857142857,17.1428571428571,0,H,False
0.6464285714285715,0.010857142857142857,0.0,0,S,False
0.6464285714285715,0.010857142857142857,0.0180900000000000,0,N,False
0.6464285714285715,0.010857142857142857,0.150000000000000,0,C,False
0.6464285714285715,0.010857142857142857,17.1428571428571,1,H,True
0.6464285714285715,0.010857142857142857,42.2724899947800,1,S,True
0.6464285714285715,0.010857142857142857,0.0180900000000000,1,N,True
0.6464285714285715,0.010857142857142857,0.00204628501827040,1,C,True
0.6464285714285715,0.010857142857142857,39.6154093097909,2,H,False
0.6464285714285715,0.010857142857142857,80.2143577381111,2,S,False
0.6464285714285715,0.010857142857142857,0.0141573033707865,2,N,False
0.6464285714285715,0.010857142857142857,0.00229239133746323,2,C,False
0.6464285714285715,0.010857142857142857,39.6154093097913,3,H,True
0.6464285714285715,0.010857142857142857,1.04805383623402,3,S,True
0.6464285714285715,0.010857142857142857,0.0141573033707865,3,N,True
0.6464285714285715,0.010857142857142857,0.122194679787090,3,C,True
0.6464285714285715,0.01578571428571429,17.1428571428571,0,H,False
0.6464285714285715,0.01578571428571429,0.0,0,S,False
0.6464285714285715,0.01578571428571429,0.0180900000000000,0,N,False
0.6464285714285715,0.01578571428571429,0.150000000000000,0,C,False
0.6464285714285715,0.01578571428571429,17.1428571428571,1,H,True
0.6464285714285715,0.01578571428571429,42.2724899947800,1,S,True
0.6464285714285715,0.01578571428571429,0.0180900000000000,1,N,True
0.6464285714285715,0.01578571428571429,0.00204628501827040,1,C,True
0.6464285714285715,0.01578571428571429,74.9446654611208,2,H,False
0.6464285714285715,0.01578571428571429,99.3247231046736,2,S,False
0.6464285714285715,0.01578571428571429,0.00797468354430382,2,N,False
0.6464285714285715,0.01578571428571429,0.00304611025720939,2,C,False
0.6464285714285715,0.01578571428571429,74.9446654611210,3,H,True
0.6464285714285715,0.01578571428571429,5.55793218749756,3,S,True
0.6464285714285715,0.01578571428571429,0.00797468354430382,3,N,True
0.6464285714285715,0.01578571428571429,0.0781149283033607,3,C,True
0.6464285714285715,0.020714285714285716,17.1428571428571,0,H,False
0.6464285714285715,0.020714285714285716,0.0,0,S,False
0.6464285714285715,0.020714285714285716,0.0180900000000000,0,N,False
0.6464285714285715,0.020714285714285716,0.150000000000000,0,C,False
0.6464285714285715,0.020714285714285716,17.1428571428571,1,H,True
0.6464285714285715,0.020714285714285716,42.2724899947800,1,S,True
0.6464285714285715,0.020714285714285716,0.0180900000000000,1,N,True
0.6464285714285715,0.020714285714285716,0.00204628501827040,1,C,True
0.6464285714285715,0.020714285714285716,88.7962240402770,2,H,False
0.6464285714285715,0.020714285714285716,92.8595763861455,2,S,False
0.6464285714285715,0.020714285714285716,0.00555066079295154,2,N,False
0.6464285714285715,0.020714285714285716,0.00365878019488121,2,C,False
0.6464285714285715,0.020714285714285716,88.7962240402770,3,H,True
0.6464285714285715,0.020714285714285716,8.71535753366136,3,S,True
0.6464285714285715,0.020714285714285716,0.00555066079295154,3,N,True
0.6464285714285715,0.020714285714285716,0.0605153997833339,3,C,True
0.6464285714285715,0.025642857142857144,17.1428571428571,0,H,False
0.6464285714285715,0.025642857142857144,0.0,0,S,False
0.6464285714285715,0.025642857142857144,0.0180900000000000,0,N,False
0.6464285714285715,0.025642857142857144,0.150000000000000,0,C,False
0.6464285714285715,0.025642857142857144,17.1428571428571,1,H,True
0.6464285714285715,0.025642857142857144,42.2724899947800,1,S,True
0.6464285714285715,0.025642857142857144,0.0180900000000000,1,N,True
0.6464285714285715,0.025642857142857144,0.00204628501827040,1,C,True
0.6464285714285715,0.025642857142857144,96.1899613899616,2,H,False
0.6464285714285715,0.025642857142857144,85.9369550013575,2,S,False
0.6464285714285715,0.025642857142857144,0.00425675675675675,2,N,False
0.6464285714285715,0.025642857142857144,0.00417385223476403,2,C,False
0.6464285714285715,0.025642857142857144,96.1899613899615,3,H,True
0.6464285714285715,0.025642857142857144,10.9742490230246,3,S,True
0.6464285714285715,0.025642857142857144,0.00425675675675675,3,N,True
0.6464285714285715,0.025642857142857144,0.0509330180947617,3,C,True
0.6464285714285715,0.030571428571428576,17.1428571428571,0,H,False
0.6464285714285715,0.030571428571428576,0.0,0,S,False
0.6464285714285715,0.030571428571428576,0.0180900000000000,0,N,False
0.6464285714285715,0.030571428571428576,0.150000000000000,0,C,False
0.6464285714285715,0.030571428571428576,17.1428571428571,1,H,True
0.6464285714285715,0.030571428571428576,42.2724899947800,1,S,True
0.6464285714285715,0.030571428571428576,0.0180900000000000,1,N,True
0.6464285714285715,0.030571428571428576,0.00204628501827040,1,C,True
0.6464285714285715,0.030571428571428576,100.788258317026,2,H,False
0.6464285714285715,0.030571428571428576,80.2881752774755,2,S,False
0.6464285714285715,0.030571428571428576,0.00345205479452054,2,N,False
0.6464285714285715,0.030571428571428576,0.00461755057590716,2,C,False
0.6464285714285715,0.030571428571428576,100.788258317026,3,H,True
0.6464285714285715,0.030571428571428576,12.7052002320265,3,S,True
0.6464285714285715,0.030571428571428576,0.00345205479452054,3,N,True
0.6464285714285715,0.030571428571428576,0.0448501984104610,3,C,True
0.6464285714285715,0.035500000000000004,17.1428571428571,0,H,False
0.6464285714285715,0.035500000000000004,0.0,0,S,False
0.6464285714285715,0.035500000000000004,0.0180900000000000,0,N,False
0.6464285714285715,0.035500000000000004,0.150000000000000,0,C,False
0.6464285714285715,0.035500000000000004,17.1428571428571,1,H,True
0.6464285714285715,0.035500000000000004,42.2724899947800,1,S,True
0.6464285714285715,0.035500000000000004,0.0180900000000000,1,N,True
0.6464285714285715,0.035500000000000004,0.00204628501827040,1,C,True
0.6464285714285715,0.035500000000000004,103.924423963134,2,H,False
0.6464285714285715,0.035500000000000004,75.7746447677479,2,S,False
0.6464285714285715,0.035500000000000004,0.00290322580645161,2,N,False
0.6464285714285715,0.035500000000000004,0.00500690619597225,2,C,False
0.6464285714285715,0.035500000000000004,103.924423963134,3,H,True
0.6464285714285715,0.035500000000000004,14.0991366425236,3,S,True
0.6464285714285715,0.035500000000000004,0.00290322580645161,3,N,True
0.6464285714285715,0.035500000000000004,0.0406148061139567,3,C,True
0.6464285714285715,0.04042857142857143,17.1428571428571,0,H,False
0.6464285714285715,0.04042857142857143,0.0,0,S,False
0.6464285714285715,0.04042857142857143,0.0180900000000000,0,N,False
0.6464285714285715,0.04042857142857143,0.150000000000000,0,C,False
0.6464285714285715,0.04042857142857143,17.1428571428571,1,H,True
0.6464285714285715,0.04042857142857143,42.2724899947800,1,S,True
0.6464285714285715,0.04042857142857143,0.0180900000000000,1,N,True
0.6464285714285715,0.04042857142857143,0.00204628501827040,1,C,True
0.6464285714285715,0.04042857142857143,106.200170406135,2,H,False
0.6464285714285715,0.04042857142857143,72.1209010223021,2,S,False
0.6464285714285715,0.04042857142857143,0.00250497017892644,2,N,False
0.6464285714285715,0.04042857142857143,0.00535359480927817,2,C,False
0.6464285714285715,0.04042857142857143,106.200170406135,3,H,True
0.6464285714285715,0.04042857142857143,15.2619296634813,3,S,True
0.6464285714285715,0.04042857142857143,0.00250497017892644,3,N,True
0.6464285714285715,0.04042857142857143,0.0374772558964752,3,C,True
0.6464285714285715,0.04535714285714286,17.1428571428571,0,H,False
0.6464285714285715,0.04535714285714286,0.0,0,S,False
0.6464285714285715,0.04535714285714286,0.0180900000000000,0,N,False
0.6464285714285715,0.04535714285714286,0.150000000000000,0,C,False
0.6464285714285715,0.04535714285714286,17.1428571428571,1,H,True
0.6464285714285715,0.04535714285714286,42.2724899947800,1,S,True
0.6464285714285715,0.04535714285714286,0.0180900000000000,1,N,True
0.6464285714285715,0.04535714285714286,0.00204628501827040,1,C,True
0.6464285714285715,0.04535714285714286,107.926873126873,2,H,False
0.6464285714285715,0.04535714285714286,69.1080100267576,2,S,False
0.6464285714285715,0.04535714285714286,0.00220279720279721,2,N,False
0.6464285714285715,0.04535714285714286,0.00566596201185170,2,C,False
0.6464285714285715,0.04535714285714286,107.926873126873,3,H,True
0.6464285714285715,0.04535714285714286,16.2573268028314,3,S,True
0.6464285714285715,0.04535714285714286,0.00220279720279721,3,N,True
0.6464285714285715,0.04535714285714286,0.0350473468473769,3,C,True
0.6464285714285715,0.05028571428571429,17.1428571428571,0,H,False
0.6464285714285715,0.05028571428571429,0.0,0,S,False
0.6464285714285715,0.05028571428571429,0.0180900000000000,0,N,False
0.6464285714285715,0.05028571428571429,0.150000000000000,0,C,False
0.6464285714285715,0.05028571428571429,17.1428571428571,1,H,True
0.6464285714285715,0.05028571428571429,42.2724899947800,1,S,True
0.6464285714285715,0.05028571428571429,0.0180900000000000,1,N,True
0.6464285714285715,0.05028571428571429,0.00204628501827040,1,C,True
0.6464285714285715,0.05028571428571429,109.281836416314,2,H,False
0.6464285714285715,0.05028571428571429,66.5787737987770,2,S,False
0.6464285714285715,0.05028571428571429,0.00196567862714509,2,N,False
0.6464285714285715,0.05028571428571429,0.00595017481307665,2,C,False
0.6464285714285715,0.05028571428571429,109.281836416314,3,H,True
0.6464285714285715,0.05028571428571429,17.1263749915824,3,S,True
0.6464285714285715,0.05028571428571429,0.00196567862714509,3,N,True
0.6464285714285715,0.05028571428571429,0.0331014748436527,3,C,True
0.6464285714285715,0.055214285714285716,17.1428571428571,0,H,False
0.6464285714285715,0.055214285714285716,0.0,0,S,False
0.6464285714285715,0.055214285714285716,0.0180900000000000,0,N,False
0.6464285714285715,0.055214285714285716,0.150000000000000,0,C,False
0.6464285714285715,0.055214285714285716,17.1428571428571,1,H,True
0.6464285714285715,0.055214285714285716,42.2724899947800,1,S,True
0.6464285714285715,0.055214285714285716,0.0180900000000000,1,N,True
0.6464285714285715,0.055214285714285716,0.00204628501827040,1,C,True
0.6464285714285715,0.055214285714285716,110.373440643863,2,H,False
0.6464285714285715,0.055214285714285716,64.4214270602436,2,S,False
0.6464285714285715,0.055214285714285716,0.00177464788732394,2,N,False
0.6464285714285715,0.055214285714285716,0.00621091585999329,2,C,False
0.6464285714285715,0.055214285714285716,110.373440643863,3,H,True
0.6464285714285715,0.055214285714285716,17.8969447580811,3,S,True
0.6464285714285715,0.055214285714285716,0.00177464788732394,3,N,True
0.6464285714285715,0.055214285714285716,0.0315020449744409,3,C,True
0.6464285714285715,0.06014285714285715,17.1428571428571,0,H,False
0.6464285714285715,0.06014285714285715,0.0,0,S,False
0.6464285714285715,0.06014285714285715,0.0180900000000000,0,N,False
0.6464285714285715,0.06014285714285715,0.150000000000000,0,C,False
0.6464285714285715,0.06014285714285715,17.1428571428571,1,H,True
0.6464285714285715,0.06014285714285715,42.2724899947800,1,S,True
0.6464285714285715,0.06014285714285715,0.0180900000000000,1,N,True
0.6464285714285715,0.06014285714285715,0.00204628501827040,1,C,True
0.6464285714285715,0.06014285714285715,111.271666972309,2,H,False
0.6464285714285715,0.06014285714285715,62.5555088062543,2,S,False
0.6464285714285715,0.06014285714285715,0.00161745827984596,2,N,False
0.6464285714285715,0.06014285714285715,0.00645182216811277,2,C,False
0.6464285714285715,0.06014285714285715,111.271666972309,3,H,True
0.6464285714285715,0.06014285714285715,18.5887783228462,3,S,True
0.6464285714285715,0.06014285714285715,0.00161745827984596,3,N,True
0.6464285714285715,0.06014285714285715,0.0301595988266665,3,C,True
0.6464285714285715,0.06507142857142857,17.1428571428571,0,H,False
0.6464285714285715,0.06507142857142857,0.0,0,S,False
0.6464285714285715,0.06507142857142857,0.0180900000000000,0,N,False
0.6464285714285715,0.06507142857142857,0.150000000000000,0,C,False
0.6464285714285715,0.06507142857142857,17.1428571428571,1,H,True
0.6464285714285715,0.06507142857142857,42.2724899947800,1,S,True
0.6464285714285715,0.06507142857142857,0.0180900000000000,1,N,True
0.6464285714285715,0.06507142857142857,0.00204628501827040,1,C,True
0.6464285714285715,0.06507142857142857,112.023719676550,2,H,False
0.6464285714285715,0.06507142857142857,60.9220219050078,2,S,False
0.6464285714285715,0.06507142857142857,0.00148584905660377,2,N,False
0.6464285714285715,0.06507142857142857,0.00667577337793907,2,C,False
0.6464285714285715,0.06507142857142857,112.023719676550,3,H,True
0.6464285714285715,0.06507142857142857,19.2163483118306,3,S,True
0.6464285714285715,0.06507142857142857,0.00148584905660377,3,N,True
0.6464285714285715,0.06507142857142857,0.0290133677982612,3,C,True
0.6464285714285715,0.07,17.1428571428571,0,H,False
0.6464285714285715,0.07,0.0,0,S,False
0.6464285714285715,0.07,0.0180900000000000,0,N,False
0.6464285714285715,0.07,0.150000000000000,0,C,False
0.6464285714285715,0.07,17.1428571428571,1,H,True
0.6464285714285715,0.07,42.2724899947800,1,S,True
0.6464285714285715,0.07,0.0180900000000000,1,N,True
0.6464285714285715,0.07,0.00204628501827040,1,C,True
0.6464285714285715,0.07,112.662595419847,2,H,False
0.6464285714285715,0.07,59.4768710076683,2,S,False
0.6464285714285715,0.07,0.00137404580152672,2,N,False
0.6464285714285715,0.07,0.00688508743146793,2,C,False
0.6464285714285715,0.07,112.662595419847,3,H,True
0.6464285714285715,0.07,19.7905684828181,3,S,True
0.6464285714285715,0.07,0.00137404580152672,3,N,True
0.6464285714285715,0.07,0.0280205684899090,3,C,True
0.7171428571428572,0.001,17.1428571428571,0,H,True
0.7171428571428572,0.001,0.0,0,S,True
0.7171428571428572,0.001,0.0180900000000000,0,N,True
0.7171428571428572,0.001,0.150000000000000,0,C,True
0.7171428571428572,0.001,,1,H,False
0.7171428571428572,0.001,,1,S,False
0.7171428571428572,0.001,,1,N,False
0.7171428571428572,0.001,,1,C,False
0.7171428571428572,0.001,,2,H,False
0.7171428571428572,0.001,,2,S,False
0.7171428571428572,0.001,,2,N,False
0.7171428571428572,0.001,,2,C,False
0.7171428571428572,0.001,,3,H,False
0.7171428571428572,0.001,,3,S,False
0.7171428571428572,0.001,,3,N,False
0.7171428571428572,0.001,,3,C,False
0.7171428571428572,0.005928571428571429,17.1428571428571,0,H,True
0.7171428571428572,0.005928571428571429,0.0,0,S,True
0.7171428571428572,0.005928571428571429,0.0180900000000000,0,N,True
0.7171428571428572,0.005928571428571429,0.150000000000000,0,C,True
0.7171428571428572,0.005928571428571429,,1,H,False
0.7171428571428572,0.005928571428571429,,1,S,False
0.7171428571428572,0.005928571428571429,,1,N,False
0.7171428571428572,0.005928571428571429,,1,C,False
0.7171428571428572,0.005928571428571429,,2,H,False
0.7171428571428572,0.005928571428571429,,2,S,False
0.7171428571428572,0.005928571428571429,,2,N,False
0.7171428571428572,0.005928571428571429,,2,C,False
0.7171428571428572,0.005928571428571429,,3,H,False
0.7171428571428572,0.005928571428571429,,3,S,False
0.7171428571428572,0.005928571428571429,,3,N,False
0.7171428571428572,0.005928571428571429,,3,C,False
0.7171428571428572,0.010857142857142857,17.1428571428571,0,H,False
0.7171428571428572,0.010857142857142857,0.0,0,S,False
0.7171428571428572,0.010857142857142857,0.0180900000000000,0,N,False
0.7171428571428572,0.010857142857142857,0.150000000000000,0,C,False
0.7171428571428572,0.010857142857142857,17.1428571428571,1,H,True
0.7171428571428572,0.010857142857142857,42.3354037267082,1,S,True
0.7171428571428572,0.010857142857142857,0.0180900000000000,1,N,True
0.7171428571428572,0.010857142857142857,0.00182608695652174,1,C,True
0.7171428571428572,0.010857142857142857,39.6154093097909,2,H,False
0.7171428571428572,0.010857142857142857,80.3791481761689,2,S,False
0.7171428571428572,0.010857142857142857,0.0141573033707865,2,N,False
0.7171428571428572,0.010857142857142857,0.00204280597520776,2,C,False
0.7171428571428572,0.010857142857142857,39.6154093097913,3,H,True
0.7171428571428572,0.010857142857142857,0.933356664567652,3,S,True
0.7171428571428572,0.010857142857142857,0.0141573033707865,3,N,True
0.7171428571428572,0.010857142857142857,0.122368395783463,3,C,True
0.7171428571428572,0.01578571428571429,17.1428571428571,0,H,False
0.7171428571428572,0.01578571428571429,0.0,0,S,False
0.7171428571428572,0.01578571428571429,0.0180900000000000,0,N,False
0.7171428571428572,0.01578571428571429,0.150000000000000,0,C,False
0.7171428571428572,0.01578571428571429,17.1428571428571,1,H,True
0.7171428571428572,0.01578571428571429,42.3354037267082,1,S,True
0.7171428571428572,0.01578571428571429,0.0180900000000000,1,N,True
0.7171428571428572,0.01578571428571429,0.00182608695652174,1,C,True
0.7171428571428572,0.01578571428571429,74.9446654611208,2,H,False
0.7171428571428572,0.01578571428571429,99.7555778555127,2,S,False
0.7171428571428572,0.01578571428571429,0.00797468354430382,2,N,False
0.7171428571428572,0.01578571428571429,0.00270117196318543,2,C,False
0.7171428571428572,0.01578571428571429,74.9446654611210,3,H,True
0.7171428571428572,0.01578571428571429,4.93842824300803,3,S,True
0.7171428571428572,0.01578571428571429,0.00797468354430382,3,N,True
0.7171428571428572,0.01578571428571429,0.0786108973818890,3,C,True
0.7171428571428572,0.020714285714285716,17.1428571428571,0,H,False
0.7171428571428572,0.020714285714285716,0.0,0,S,False
0.7171428571428572,0.020714285714285716,0.0180900000000000,0,N,False
0.7171428571428572,0.020714285714285716,0.150000000000000,0,C,False
0.7171428571428572,0.020714285714285716,17.1428571428571,1,H,True
0.7171428571428572,0.020714285714285716,42.3354037267082,1,S,True
0.7171428571428572,0.020714285714285716,0.0180900000000000,1,N,True
0.7171428571428572,0.020714285714285716,0.00182608695652174,1,C,True
0.7171428571428572,0.020714285714285716,88.7962240402770,2,H,False
0.7171428571428572,0.020714285714285716,93.4951206754383,2,S,False
0.7171428571428572,0.020714285714285716,0.00555066079295154,2,N,False
0.7171428571428572,0.020714285714285716,0.00322934011711087,2,C,False
0.7171428571428572,0.020714285714285716,88.7962240402770,3,H,True
0.7171428571428572,0.020714285714285716,7.72464072578219,3,S,True
0.7171428571428572,0.020714285714285716,0.00555066079295154,3,N,True
0.7171428571428572,0.020714285714285716,0.0611848314975223,3,C,True
0.7171428571428572,0.025642857142857144,17.1428571428571,0,H,False
0.7171428571428572,0.025642857142857144,0.0,0,S,False
0.7171428571428572,0.025642857142857144,0.0180900000000000,0,N,False
0.7171428571428572,0.025642857142857144,0.150000000000000,0,C,False
0.7171428571428572,0.025642857142857144,17.1428571428571,1,H,True
0.7171428571428572,0.025642857142857144,42.3354037267082,1,S,True
0.7171428571428572,0.025642857142857144,0.0180900000000000,1,N,True
0.7171428571428572,0.025642857142857144,0.00182608695652174,1,C,True
0.7171428571428572,0.025642857142857144,96.1899613899615,2,H,False
0.7171428571428572,0.025642857142857144,86.7486390085378,2,S,False
0.7171428571428572,0.025642857142857144,0.00425675675675675,2,N,False
0.7171428571428572,0.025642857142857144,0.00366755158002753,2,C,False
0.7171428571428572,0.025642857142857144,96.1899613899615,3,H,True
0.7171428571428572,0.025642857142857144,9.70169086093235,3,S,True
0.7171428571428572,0.025642857142857144,0.00425675675675675,3,N,True
0.7171428571428572,0.025642857142857144,0.0517267962460594,3,C,True
0.7171428571428572,0.030571428571428576,17.1428571428571,0,H,False
0.7171428571428572,0.030571428571428576,0.0,0,S,False
0.7171428571428572,0.030571428571428576,0.0180900000000000,0,N,False
0.7171428571428572,0.030571428571428576,0.150000000000000,0,C,False
0.7171428571428572,0.030571428571428576,17.1428571428571,1,H,True
0.7171428571428572,0.030571428571428576,42.3354037267082,1,S,True
0.7171428571428572,0.030571428571428576,0.0180900000000000,1,N,True
0.7171428571428572,0.030571428571428576,0.00182608695652174,1,C,True
0.7171428571428572,0.030571428571428576,100.788258317026,2,H,False
0.7171428571428572,0.030571428571428576,81.2581989175960,2,S,False
0.7171428571428572,0.030571428571428576,0.00345205479452054,2,N,False
0.7171428571428572,0.030571428571428576,0.00404008828635977,2,C,False
0.7171428571428572,0.030571428571428576,100.788258317026,3,H,True
0.7171428571428572,0.030571428571428576,11.2026621673618,3,S,True
0.7171428571428572,0.030571428571428576,0.00345205479452054,3,N,True
0.7171428571428572,0.030571428571428576,0.0457446704986313,3,C,True
0.7171428571428572,0.035500000000000004,17.1428571428571,0,H,False
0.7171428571428572,0.035500000000000004,0.0,0,S,False
0.7171428571428572,0.035500000000000004,0.0180900000000000,0,N,False
0.7171428571428572,0.035500000000000004,0.150000000000000,0,C,False
0.7171428571428572,0.035500000000000004,17.1428571428571,1,H,True
0.7171428571428572,0.035500000000000004,42.3354037267082,1,S,True
0.7171428571428572,0.035500000000000004,0.0180900000000000,1,N,True
0.7171428571428572,0.035500000000000004,0.00182608695652174,1,C,True
0.7171428571428572,0.035500000000000004,103.924423963134,2,H,False
0.7171428571428572,0.035500000000000004,76.8904469421226,2,S,False
0.7171428571428572,0.035500000000000004,0.00290322580645161,2,N,False
0.7171428571428572,0.035500000000000004,0.00436270603676574,2,C,False
0.7171428571428572,0.035500000000000004,103.924423963134,3,H,True
0.7171428571428572,0.035500000000000004,12.3993629595715,3,S,True
0.7171428571428572,0.035500000000000004,0.00290322580645161,3,N,True
0.7171428571428572,0.035500000000000004,0.0415961579183534,3,C,True
0.7171428571428572,0.04042857142857143,17.1428571428571,0,H,False
0.7171428571428572,0.04042857142857143,0.0,0,S,False
0.7171428571428572,0.04042857142857143,0.0180900000000000,0,N,False
0.7171428571428572,0.04042857142857143,0.150000000000000,0,C,False
0.7171428571428572,0.04042857142857143,17.1428571428571,1,H,True
0.7171428571428572,0.04042857142857143,42.3354037267082,1,S,True
0.7171428571428572,0.04042857142857143,0.0180900000000000,1,N,True
0.7171428571428572,0.04042857142857143,0.00182608695652174,1,C,True
0.7171428571428572,0.04042857142857143,106.200170406135,2,H,False
0.7171428571428572,0.04042857142857143,73.3730055112840,2,S,False
0.7171428571428572,0.04042857142857143,0.00250497017892644,2,N,False
0.7171428571428572,0.04042857142857143,0.00464619227826886,2,C,False
0.7171428571428572,0.04042857142857143,106.200170406135,3,H,True
0.7171428571428572,0.04042857142857143,13.3871957038646,3,S,True
0.7171428571428572,0.04042857142857143,0.00250497017892644,3,N,True
0.7171428571428572,0.04042857142857143,0.0385364259255517,3,C,True
0.7171428571428572,0.04535714285714286,17.1428571428571,0,H,False
0.7171428571428572,0.04535714285714286,0.0,0,S,False
0.7171428571428572,0.04535714285714286,0.0180900000000000,0,N,False
0.7171428571428572,0.04535714285714286,0.150000000000000,0,C,False
0.7171428571428572,0.04535714285714286,17.1428571428571,1,H,True
0.7171428571428572,0.04535714285714286,42.3354037267082,1,S,True
0.7171428571428572,0.04535714285714286,0.0180900000000000,1,N,True
0.7171428571428572,0.04535714285714286,0.00182608695652174,1,C,True
0.7171428571428572,0.04535714285714286,107.926873126873,2,H,False
0.7171428571428572,0.04535714285714286,70.4889643874949,2,S,False
0.7171428571428572,0.04535714285714286,0.00220279720279721,2,N,False
0.7171428571428572,0.04535714285714286,0.00489824532328560,2,C,False
0.7171428571428572,0.04535714285714286,107.926873126873,3,H,True
0.7171428571428572,0.04535714285714286,14.2236718179537,3,S,True
0.7171428571428572,0.04535714285714286,0.00220279720279721,3,N,True
0.7171428571428572,0.04535714285714286,0.0361779206846196,3,C,True
0.7171428571428572,0.05028571428571429,17.1428571428571,0,H,False
0.7171428571428572,0.05028571428571429,0.0,0,S,False
0.7171428571428572,0.05028571428571429,0.0180900000000000,0,N,False
0.7171428571428572,0.05028571428571429,0.150000000000000,0,C,False
0.7171428571428572,0.05028571428571429,17.1428571428571,1,H,True
0.7171428571428572,0.05028571428571429,42.3354037267082,1,S,True
0.7171428571428572,0.05028571428571429,0.0180900000000000,1,N,True
0.7171428571428572,0.05028571428571429,0.00182608695652174,1,C,True
0.7171428571428572,0.05028571428571429,109.281836416314,2,H,False
0.7171428571428572,0.05028571428571429,68.0825490819100,2,S,False
0.7171428571428572,0.05028571428571429,0.00196567862714509,2,N,False
0.7171428571428572,0.05028571428571429,0.00512454340032959,2,C,False
0.7171428571428572,0.05028571428571429,109.281836416314,3,H,True
0.7171428571428572,0.05028571428571429,14.9458549544010,3,S,True
0.7171428571428572,0.05028571428571429,0.00196567862714509,3,N,True
0.7171428571428572,0.05028571428571429,0.0342986655802036,3,C,True
0.7171428571428572,0.055214285714285716,17.1428571428571,0,H,False
0.7171428571428572,0.055214285714285716,0.0,0,S,False
0.7171428571428572,0.055214285714285716,0.0180900000000000,0,N,False
0.7171428571428572,0.055214285714285716,0.150000000000000,0,C,False
0.7171428571428572,0.055214285714285716,17.1428571428571,1,H,True
0.7171428571428572,0.055214285714285716,42.3354037267082,1,S,True
0.7171428571428572,0.055214285714285716,0.0180900000000000,1,N,True
0.7171428571428572,0.055214285714285716,0.00182608695652174,1,C,True
0.7171428571428572,0.055214285714285716,110.373440643863,2,H,False
0.7171428571428572,0.055214285714285716,66.0430458845122,2,S,False
0.7171428571428572,0.055214285714285716,0.00177464788732394,2,N,False
0.7171428571428572,0.055214285714285716,0.00532938920930152,2,C,False
0.7171428571428572,0.055214285714285716,110.373440643863,3,H,True
0.7171428571428572,0.055214285714285716,15.5789245440604,3,S,True
0.7171428571428572,0.055214285714285716,0.00177464788732394,3,N,True
0.7171428571428572,0.055214285714285716,0.0327621417153770,3,C,True
0.7171428571428572,0.06014285714285715,17.1428571428571,0,H,False
0.7171428571428572,0.06014285714285715,0.0,0,S,False
0.7171428571428572,0.06014285714285715,0.0180900000000000,0,N,False
0.7171428571428572,0.06014285714285715,0.150000000000000,0,C,False
0.7171428571428572,0.06014285714285715,17.1428571428571,1,H,True
0.7171428571428572,0.06014285714285715,42.3354037267082,1,S,True
0.7171428571428572,0.06014285714285715,0.0180900000000000,1,N,True
0.7171428571428572,0.06014285714285715,0.00182608695652174,1,C,True
0.7171428571428572,0.06014285714285715,111.271666972309,2,H,False
0.7171428571428572,0.06014285714285715,64.2907996863808,2,S,False
0.7171428571428572,0.06014285714285715,0.00161745827984596,2,N,False
0.7171428571428572,0.06014285714285715,0.00551611718911262,2,C,False
0.7171428571428572,0.06014285714285715,111.271666972309,3,H,True
0.7171428571428572,0.06014285714285715,16.1407202782282,3,S,True
0.7171428571428572,0.06014285714285715,0.00161745827984596,3,N,True
0.7171428571428572,0.06014285714285715,0.0314796427037266,3,C,True
0.7171428571428572,0.06507142857142857,17.1428571428571,0,H,False
0.7171428571428572,0.06507142857142857,0.0,0,S,False
0.7171428571428572,0.06507142857142857,0.0180900000000000,0,N,False
0.7171428571428572,0.06507142857142857,0.150000000000000,0,C,False
0.7171428571428572,0.06507142857142857,17.1428571428571,1,H,True
0.7171428571428572,0.06507142857142857,42.3354037267082,1,S,True
0.7171428571428572,0.06507142857142857,0.0180900000000000,1,N,True
0.7171428571428572,0.06507142857142857,0.00182608695652174,1,C,True
0.7171428571428572,0.06507142857142857,112.023719676550,2,H,False
0.7171428571428572,0.06507142857142857,62.7674490911148,2,S,False
0.7171428571428572,0.06507142857142857,0.00148584905660377,2,N,False
0.7171428571428572,0.06507142857142857,0.00568736099986280,2,C,False
0.7171428571428572,0.06507142857142857,112.023719676550,3,H,True
0.7171428571428572,0.06507142857142857,16.6443186368400,3,S,True
0.7171428571428572,0.06507142857142857,0.00148584905660377,3,N,True
0.7171428571428572,0.06507142857142857,0.0303909490903751,3,C,True
0.7171428571428572,0.07,17.1428571428571,0,H,False
0.7171428571428572,0.07,0.0,0,S,False
0.7171428571428572,0.07,0.0180900000000000,0,N,False
0.7171428571428572,0.07,0.150000000000000,0,C,False
0.7171428571428572,0.07,17.1428571428571,1,H,True
0.7171428571428572,0.07,42.3354037267082,1,S,True
0.7171428571428572,0.07,0.0180900000000000,1,N,True
0.7171428571428572,0.07,0.00182608695652174,1,C,True
0.7171428571428572,0.07,112.662595419847,2,H,False
0.7171428571428572,0.07,61.4294122394436,2,S,False
0.7171428571428572,0.07,0.00137404580152672,2,N,False
0.7171428571428572,0.07,0.00584523499890190,2,C,False
0.7171428571428572,0.07,112.662595419847,3,H,True
0.7171428571428572,0.07,17.0995764061968,3,S,True
0.7171428571428572,0.07,0.00137404580152672,3,N,True
0.7171428571428572,0.07,0.0294536929798568,3,C,True
0.7878571428571429,0.001,17.1428571428571,0,H,True
0.7878571428571429,0.001,0.0,0,S,True
0.7878571428571429,0.001,0.0180900000000000,0,N,True
0.7878571428571429,0.001,0.150000000000000,0,C,True
0.7878571428571429,0.001,,1,H,False
0.7878571428571429,0.001,,1,S,False
0.7878571428571429,0.001,,1,N,False
0.7878571428571429,0.001,,1,C,False
0.7878571428571429,0.001,,2,H,False
0.7878571428571429,0.001,,2,S,False
0.7878571428571429,0.001,,2,N,False
0.7878571428571429,0.001,,2,C,False
0.7878571428571429,0.001,,3,H,False
0.7878571428571429,0.001,,3,S,False
0.7878571428571429,0.001,,3,N,False
0.7878571428571429,0.001,,3,C,False
0.7878571428571429,0.005928571428571429,17.1428571428571,0,H,True
0.7878571428571429,0.005928571428571429,0.0,0,S,True
0.7878571428571429,0.005928571428571429,0.0180900000000000,0,N,True
0.7878571428571429,0.005928571428571429,0.150000000000000,0,C,True
0.7878571428571429,0.005928571428571429,,1,H,False
0.7878571428571429,0.005928571428571429,,1,S,False
0.7878571428571429,0.005928571428571429,,1,N,False
0.7878571428571429,0.005928571428571429,,1,C,False
0.7878571428571429,0.005928571428571429,,2,H,False
0.7878571428571429,0.005928571428571429,,2,S,False
0.7878571428571429,0.005928571428571429,,2,N,False
0.7878571428571429,0.005928571428571429,,2,C,False
0.7878571428571429,0.005928571428571429,,3,H,False
0.7878571428571429,0.005928571428571429,,3,S,False
0.7878571428571429,0.005928571428571429,,3,N,False
0.7878571428571429,0.005928571428571429,,3,C,False
0.7878571428571429,0.010857142857142857,17.1428571428571,0,H,False
0.7878571428571429,0.010857142857142857,0.0,0,S,False
0.7878571428571429,0.010857142857142857,0.0180900000000000,0,N,False
0.7878571428571429,0.010857142857142857,0.150000000000000,0,C,False
0.7878571428571429,0.010857142857142857,17.1428571428571,1,H,True
0.7878571428571429,0.010857142857142857,42.3860928080750,1,S,True
0.7878571428571429,0.010857142857142857,0.0180900000000000,1,N,True
0.7878571428571429,0.010857142857142857,0.00164867517173700,1,C,True
0.7878571428571429,0.010857142857142857,39.6154093097909,2,H,False
0.7878571428571429,0.010857142857142857,80.5115733468361,2,S,False
0.7878571428571429,0.010857142857142857,0.0141573033707865,2,N,False
0.7878571428571429,0.010857142857142857,0.00184223982232740,2,C,False
0.7878571428571429,0.010857142857142857,39.6154093097913,3,H,True
0.7878571428571429,0.010857142857142857,0.841291230610295,3,S,True
0.7878571428571429,0.010857142857142857,0.0141573033707865,3,N,True
0.7878571428571429,0.010857142857142857,0.122507834606227,3,C,True
0.7878571428571429,0.01578571428571429,17.1428571428571,0,H,False
0.7878571428571429,0.01578571428571429,0.0,0,S,False
0.7878571428571429,0.01578571428571429,0.0180900000000000,0,N,False
0.7878571428571429,0.01578571428571429,0.150000000000000,0,C,False
0.7878571428571429,0.01578571428571429,17.1428571428571,1,H,True
0.7878571428571429,0.01578571428571429,42.3860928080750,1,S,True
0.7878571428571429,0.01578571428571429,0.0180900000000000,1,N,True
0.7878571428571429,0.01578571428571429,0.00164867517173700,1,C,True
0.7878571428571429,0.01578571428571429,74.9446654611208,2,H,False
0.7878571428571429,0.01578571428571429,100.098654634968,2,S,False
0.7878571428571429,0.01578571428571429,0.00797468354430382,2,N,False
0.7878571428571429,0.01578571428571429,0.00242650789415994,2,C,False
0.7878571428571429,0.01578571428571429,74.9446654611210,3,H,True
0.7878571428571429,0.01578571428571429,4.44335834482194,3,S,True
0.7878571428571429,0.01578571428571429,0.00797468354430382,3,N,True
0.7878571428571429,0.01578571428571429,0.0790072457238077,3,C,True
0.7878571428571429,0.020714285714285716,17.1428571428571,0,H,False
0.7878571428571429,0.020714285714285716,0.0,0,S,False
0.7878571428571429,0.020714285714285716,0.0180900000000000,0,N,False
0.7878571428571429,0.020714285714285716,0.150000000000000,0,C,False
0.7878571428571429,0.020714285714285716,17.1428571428571,1,H,True
0.7878571428571429,0.020714285714285716,42.3860928080750,1,S,True
0.7878571428571429,0.020714285714285716,0.0180900000000000,1,N,True
0.7878571428571429,0.020714285714285716,0.00164867517173700,1,C,True
0.7878571428571429,0.020714285714285716,88.7962240402769,2,H,False
0.7878571428571429,0.020714285714285716,93.9966529862028,2,S,False
0.7878571428571429,0.020714285714285716,0.00555066079295154,2,N,False
0.7878571428571429,0.020714285714285716,0.00289045252396013,2,C,False
0.7878571428571429,0.020714285714285716,88.7962240402769,3,H,True
0.7878571428571429,0.020714285714285716,6.93694880975797,3,S,True
0.7878571428571429,0.020714285714285716,0.00555066079295154,3,N,True
0.7878571428571429,0.020714285714285716,0.0617170783973456,3,C,True
0.7878571428571429,0.025642857142857144,17.1428571428571,0,H,False
0.7878571428571429,0.025642857142857144,0.0,0,S,False
0.7878571428571429,0.025642857142857144,0.0180900000000000,0,N,False
0.7878571428571429,0.025642857142857144,0.150000000000000,0,C,False
0.7878571428571429,0.025642857142857144,17.1428571428571,1,H,True
0.7878571428571429,0.025642857142857144,42.3860928080750,1,S,True
0.7878571428571429,0.025642857142857144,0.0180900000000000,1,N,True
0.7878571428571429,0.025642857142857144,0.00164867517173700,1,C,True
0.7878571428571429,0.025642857142857144,96.1899613899614,2,H,False
0.7878571428571429,0.025642857142857144,87.3835136814306,2,S,False
0.7878571428571429,0.025642857142857144,0.00425675675675675,2,N,False
0.7878571428571429,0.025642857142857144,0.00327153852603379,2,C,False
0.7878571428571429,0.025642857142857144,96.1899613899614,3,H,True
0.7878571428571429,0.025642857142857144,8.69549363535760,3,S,True
0.7878571428571429,0.025642857142857144,0.00425675675675675,3,N,True
0.7878571428571429,0.025642857142857144,0.0523544275774593,3,C,True
0.7878571428571429,0.030571428571428576,17.1428571428571,0,H,False
0.7878571428571429,0.030571428571428576,0.0,0,S,False
0.7878571428571429,0.030571428571428576,0.0180900000000000,0,N,False
0.7878571428571429,0.030571428571428576,0.150000000000000,0,C,False
0.7878571428571429,0.030571428571428576,17.1428571428571,1,H,True
0.7878571428571429,0.030571428571428576,42.3860928080750,1,S,True
0.7878571428571429,0.030571428571428576,0.0180900000000000,1,N,True
0.7878571428571429,0.030571428571428576,0.00164867517173700,1,C,True
0.7878571428571429,0.030571428571428576,100.788258317025,2,H,False
0.7878571428571429,0.030571428571428576,82.0102963351888,2,S,False
0.7878571428571429,0.030571428571428576,0.00345205479452054,2,N,False
0.7878571428571429,0.030571428571428576,0.00359235909836603,2,C,False
0.7878571428571429,0.030571428571428576,100.788258317025,3,H,True
0.7878571428571429,0.030571428571428576,10.0215222153716,3,S,True
0.7878571428571429,0.030571428571428576,0.00345205479452054,3,N,True
0.7878571428571429,0.030571428571428576,0.0464478118992545,3,C,True
0.7878571428571429,0.035500000000000004,17.1428571428571,0,H,False
0.7878571428571429,0.035500000000000004,0.0,0,S,False
0.7878571428571429,0.035500000000000004,0.0180900000000000,0,N,False
0.7878571428571429,0.035500000000000004,0.150000000000000,0,C,False
0.7878571428571429,0.035500000000000004,17.1428571428571,1,H,True
0.7878571428571429,0.035500000000000004,42.3860928080750,1,S,True
0.7878571428571429,0.035500000000000004,0.0180900000000000,1,N,True
0.7878571428571429,0.035500000000000004,0.00164867517173700,1,C,True
0.7878571428571429,0.035500000000000004,103.924423963134,2,H,False
0.7878571428571429,0.035500000000000004,77.7480829056960,2,S,False
0.7878571428571429,0.035500000000000004,0.00290322580645161,2,N,False
0.7878571428571429,0.035500000000000004,0.00386755623605416,2,C,False
0.7878571428571429,0.035500000000000004,103.924423963134,3,H,True
0.7878571428571429,0.035500000000000004,11.0712259081257,3,S,True
0.7878571428571429,0.035500000000000004,0.00290322580645161,3,N,True
0.7878571428571429,0.035500000000000004,0.0423629480534137,3,C,True
0.7878571428571429,0.04042857142857143,17.1428571428571,0,H,False
0.7878571428571429,0.04042857142857143,0.0,0,S,False
0.7878571428571429,0.04042857142857143,0.0180900000000000,0,N,False
0.7878571428571429,0.04042857142857143,0.150000000000000,0,C,False
0.7878571428571429,0.04042857142857143,17.1428571428571,1,H,True
0.7878571428571429,0.04042857142857143,42.3860928080750,1,S,True
0.7878571428571429,0.04042857142857143,0.0180900000000000,1,N,True
0.7878571428571429,0.04042857142857143,0.00164867517173700,1,C,True
0.7878571428571429,0.04042857142857143,106.200170406135,2,H,False
0.7878571428571429,0.04042857142857143,74.3271322303988,2,S,False
0.7878571428571429,0.04042857142857143,0.00250497017892644,2,N,False
0.7878571428571429,0.04042857142857143,0.00410713849965466,2,C,False
0.7878571428571429,0.04042857142857143,106.200170406135,3,H,True
0.7878571428571429,0.04042857142857143,11.9314214917260,3,S,True
0.7878571428571429,0.04042857142857143,0.00250497017892644,3,N,True
0.7878571428571429,0.04042857142857143,0.0393588959121278,3,C,True
0.7878571428571429,0.04535714285714286,17.1428571428571,0,H,False
0.7878571428571429,0.04535714285714286,0.0,0,S,False
0.7878571428571429,0.04535714285714286,0.0180900000000000,0,N,False
0.7878571428571429,0.04535714285714286,0.150000000000000,0,C,False
0.7878571428571429,0.04535714285714286,17.1428571428571,1,H,True
0.7878571428571429,0.04535714285714286,42.3860928080750,1,S,True
0.7878571428571429,0.04535714285714286,0.0180900000000000,1,N,True
0.7878571428571429,0.04535714285714286,0.00164867517173700,1,C,True
0.7878571428571429,0.04535714285714286,107.926873126873,2,H,False
0.7878571428571429,0.04535714285714286,71.5322763373035,2,S,False
0.7878571428571429,0.04535714285714286,0.00220279720279721,2,N,False
0.7878571428571429,0.04535714285714286,0.00431823484790621,2,C,False
0.7878571428571429,0.04535714285714286,107.926873126873,3,H,True
0.7878571428571429,0.04535714285714286,12.6544842916787,3,S,True
0.7878571428571429,0.04535714285714286,0.00220279720279721,3,N,True
0.7878571428571429,0.04535714285714286,0.0370502822091290,3,C,True
0.7878571428571429,0.05028571428571429,17.1428571428571,0,H,False
0.7878571428571429,0.05028571428571429,0.0,0,S,False
0.7878571428571429,0.05028571428571429,0.0180900000000000,0,N,False
0.7878571428571429,0.05028571428571429,0.150000000000000,0,C,False
0.7878571428571429,0.05028571428571429,17.1428571428571,1,H,True
0.7878571428571429,0.05028571428571429,42.3860928080750,1,S,True
0.7878571428571429,0.05028571428571429,0.0180900000000000,1,N,True
0.7878571428571429,0.05028571428571429,0.00164867517173700,1,C,True
0.7878571428571429,0.05028571428571429,109.281836416314,2,H,False
0.7878571428571429,0.05028571428571429,69.2089730294262,2,S,False
0.7878571428571429,0.05028571428571429,0.00196567862714509,2,N,False
0.7878571428571429,0.05028571428571429,0.00450609262143245,2,C,False
0.7878571428571429,0.05028571428571429,109.281836416314,3,H,True
0.7878571428571429,0.05028571428571429,13.2741832707968,3,S,True
0.7878571428571429,0.05028571428571429,0.00196567862714509,3,N,True
0.7878571428571429,0.05028571428571429,0.0352164786798494,3,C,True
0.7878571428571429,0.055214285714285716,17.1428571428571,0,H,False
0.7878571428571429,0.055214285714285716,0.0,0,S,False
0.7878571428571429,0.055214285714285716,0.0180900000000000,0,N,False
0.7878571428571429,0.055214285714285716,0.150000000000000,0,C,False
0.7878571428571429,0.055214285714285716,17.1428571428571,1,H,True
0.7878571428571429,0.055214285714285716,42.3860928080750,1,S,True
0.7878571428571429,0.055214285714285716,0.0180900000000000,1,N,True
0.7878571428571429,0.055214285714285716,0.00164867517173700,1,C,True
0.7878571428571429,0.055214285714285716,110.373440643863,2,H,False
0.7878571428571429,0.055214285714285716,67.2474225052350,2,S,False
0.7878571428571429,0.055214285714285716,0.00177464788732394,2,N,False
0.7878571428571429,0.055214285714285716,0.00467467919191126,2,C,False
0.7878571428571429,0.055214285714285716,110.373440643863,3,H,True
0.7878571428571429,0.055214285714285716,13.8134629959711,3,S,True
0.7878571428571429,0.055214285714285716,0.00177464788732394,3,N,True
0.7878571428571429,0.055214285714285716,0.0337218625709327,3,C,True
0.7878571428571429,0.06014285714285715,17.1428571428571,0,H,False
0.7878571428571429,0.06014285714285715,0.0,0,S,False
0.7878571428571429,0.06014285714285715,0.0180900000000000,0,N,False
0.7878571428571429,0.06014285714285715,0.150000000000000,0,C,False
0.7878571428571429,0.06014285714285715,17.1428571428571,1,H,True
0.7878571428571429,0.06014285714285715,42.3860928080750,1,S,True
0.7878571428571429,0.06014285714285715,0.0180900000000000,1,N,True
0.7878571428571429,0.06014285714285715,0.00164867517173700,1,C,True
0.7878571428571429,0.06014285714285715,111.271666972309,2,H,False
0.7878571428571429,0.06014285714285715,65.5686717074081,2,S,False
0.7878571428571429,0.06014285714285715,0.00161745827984596,2,N,False
0.7878571428571429,0.06014285714285715,0.00482706198442385,2,C,False
0.7878571428571429,0.06014285714285715,111.271666972309,3,H,True
0.7878571428571429,0.06014285714285715,14.2885775584303,3,S,True
0.7878571428571429,0.06014285714285715,0.00161745827984596,3,N,True
0.7878571428571429,0.06014285714285715,0.0324783566280495,3,C,True
0.7878571428571429,0.06507142857142857,17.1428571428571,0,H,False
0.7878571428571429,0.06507142857142857,0.0,0,S,False
0.7878571428571429,0.06507142857142857,0.0180900000000000,0,N,False
0.7878571428571429,0.06507142857142857,0.150000000000000,0,C,False
0.7878571428571429,0.06507142857142857,17.1428571428571,1,H,True
0.7878571428571429,0.06507142857142857,42.3860928080750,1,S,True
0.7878571428571429,0.06507142857142857,0.0180900000000000,1,N,True
0.7878571428571429,0.06507142857142857,0.00164867517173700,1,C,True
0.7878571428571429,0.06507142857142857,112.023719676550,2,H,False
0.7878571428571429,0.06507142857142857,64.1149134651790,2,S,False
0.7878571428571429,0.06507142857142857,0.00148584905660377,2,N,False
0.7878571428571429,0.06507142857142857,0.00496565792950170,2,C,False
0.7878571428571429,0.06507142857142857,112.023719676550,3,H,True
0.7878571428571429,0.06507142857142857,14.7114365558349,3,S,True
0.7878571428571429,0.06507142857142857,0.00148584905660377,3,N,True
0.7878571428571429,0.06507142857142857,0.0314262023849020,3,C,True
0.7878571428571429,0.07,17.1428571428571,0,H,False
0.7878571428571429,0.07,0.0,0,S,False
0.7878571428571429,0.07,0.0180900000000000,0,N,False
0.7878571428571429,0.07,0.150000000000000,0,C,False
0.7878571428571429,0.07,17.1428571428571,1,H,True
0.7878571428571429,0.07,42.3860928080750,1,S,True
0.7878571428571429,0.07,0.0180900000000000,1,N,True
0.7878571428571429,0.07,0.00164867517173700,1,C,True
0.7878571428571429,0.07,112.662595419847,2,H,False
0.7878571428571429,0.07,62.8430131257857,2,S,False
0.7878571428571429,0.07,0.00137404580152672,2,N,False
0.7878571428571429,0.07,0.00509240258931239,2,C,False
0.7878571428571429,0.07,112.662595419847,3,H,True
0.7878571428571429,0.07,15.0910116890220,3,S,True
0.7878571428571429,0.07,0.00137404580152672,3,N,True
0.7878571428571429,0.07,0.0305233814827835,3,C,True
0.8585714285714285,0.001,17.1428571428571,0,H,True
0.8585714285714285,0.001,0.0,0,S,True
0.8585714285714285,0.001,0.0180900000000000,0,N,True
0.8585714285714285,0.001,0.150000000000000,0,C,True
0.8585714285714285,0.001,,1,H,False
0.8585714285714285,0.001,,1,S,False
0.8585714285714285,0.001,,1,N,False
0.8585714285714285,0.001,,1,C,False
0.8585714285714285,0.001,,2,H,False
0.8585714285714285,0.001,,2,S,False
0.8585714285714285,0.001,,2,N,False
0.8585714285714285,0.001,,2,C,False
0.8585714285714285,0.001,,3,H,False
0.8585714285714285,0.001,,3,S,False
0.8585714285714285,0.001,,3,N,False
0.8585714285714285,0.001,,3,C,False
0.8585714285714285,0.005928571428571429,17.1428571428571,0,H,True
0.8585714285714285,0.005928571428571429,0.0,0,S,True
0.8585714285714285,0.005928571428571429,0.0180900000000000,0,N,True
0.8585714285714285,0.005928571428571429,0.150000000000000,0,C,True
0.8585714285714285,0.005928571428571429,,1,H,False
0.8585714285714285,0.005928571428571429,,1,S,False
0.8585714285714285,0.005928571428571429,,1,N,False
0.8585714285714285,0.005928571428571429,,1,C,False
0.8585714285714285,0.005928571428571429,,2,H,False
0.8585714285714285,0.005928571428571429,,2,S,False
0.8585714285714285,0.005928571428571429,,2,N,False
0.8585714285714285,0.005928571428571429,,2,C,False
0.8585714285714285,0.005928571428571429,,3,H,False
0.8585714285714285,0.005928571428571429,,3,S,False
0.8585714285714285,0.005928571428571429,,3,N,False
0.8585714285714285,0.005928571428571429,,3,C,False
0.8585714285714285,0.010857142857142857,17.1428571428571,0,H,False
0.8585714285714285,0.010857142857142857,0.0,0,S,False
0.8585714285714285,0.010857142857142857,0.0180900000000000,0,N,False
0.8585714285714285,0.010857142857142857,0.150000000000000,0,C,False
0.8585714285714285,0.010857142857142857,17.1428571428571,1,H,True
0.8585714285714285,0.010857142857142857,42.4278047533860,1,S,True
0.8585714285714285,0.010857142857142857,0.0180900000000000,1,N,True
0.8585714285714285,0.010857142857142857,0.00150268336314848,1,C,True
0.8585714285714285,0.010857142857142857,39.6154093097909,2,H,False
0.8585714285714285,0.010857142857142857,80.6203167385670,2,S,False
0.8585714285714285,0.010857142857142857,0.0141573033707865,2,N,False
0.8585714285714285,0.010857142857142857,0.00167754119576946,2,C,False
0.8585714285714285,0.010857142857142857,39.6154093097913,3,H,True
0.8585714285714285,0.010857142857142857,0.765759786798254,3,S,True
0.8585714285714285,0.010857142857142857,0.0141573033707865,3,N,True
0.8585714285714285,0.010857142857142857,0.122622231673118,3,C,True
0.8585714285714285,0.01578571428571429,17.1428571428571,0,H,False
0.8585714285714285,0.01578571428571429,0.0,0,S,False
0.8585714285714285,0.01578571428571429,0.0180900000000000,0,N,False
0.8585714285714285,0.01578571428571429,0.150000000000000,0,C,False
0.8585714285714285,0.01578571428571429,17.1428571428571,1,H,True
0.8585714285714285,0.01578571428571429,42.4278047533860,1,S,True
0.8585714285714285,0.01578571428571429,0.0180900000000000,1,N,True
0.8585714285714285,0.01578571428571429,0.00150268336314848,1,C,True
0.8585714285714285,0.01578571428571429,74.9446654611208,2,H,False
0.8585714285714285,0.01578571428571429,100.378327308862,2,S,False
0.8585714285714285,0.01578571428571429,0.00797468354430382,2,N,False
0.8585714285714285,0.01578571428571429,0.00220260456054157,2,C,False
0.8585714285714285,0.01578571428571429,74.9446654611210,3,H,True
0.8585714285714285,0.01578571428571429,4.03861083261592,3,S,True
0.8585714285714285,0.01578571428571429,0.00797468354430382,3,N,True
0.8585714285714285,0.01578571428571429,0.0793312828061396,3,C,True
0.8585714285714285,0.020714285714285716,17.1428571428571,0,H,False
0.8585714285714285,0.020714285714285716,0.0,0,S,False
0.8585714285714285,0.020714285714285716,0.0180900000000000,0,N,False
0.8585714285714285,0.020714285714285716,0.150000000000000,0,C,False
0.8585714285714285,0.020714285714285716,17.1428571428571,1,H,True
0.8585714285714285,0.020714285714285716,42.4278047533860,1,S,True
0.8585714285714285,0.020714285714285716,0.0180900000000000,1,N,True
0.8585714285714285,0.020714285714285716,0.00150268336314848,1,C,True
0.8585714285714285,0.020714285714285716,88.7962240402769,2,H,False
0.8585714285714285,0.020714285714285716,94.4026375182043,2,S,False
0.8585714285714285,0.020714285714285716,0.00555066079295154,2,N,False
0.8585714285714285,0.020714285714285716,0.00261612698609663,2,C,False
0.8585714285714285,0.020714285714285716,88.7962240402769,3,H,True
0.8585714285714285,0.020714285714285716,6.29548410169311,3,S,True
0.8585714285714285,0.020714285714285716,0.00555066079295154,3,N,True
0.8585714285714285,0.020714285714285716,0.0621505189281776,3,C,True
0.8585714285714285,0.025642857142857144,17.1428571428571,0,H,False
0.8585714285714285,0.025642857142857144,0.0,0,S,False
0.8585714285714285,0.025642857142857144,0.0180900000000000,0,N,False
0.8585714285714285,0.025642857142857144,0.150000000000000,0,C,False
0.8585714285714285,0.025642857142857144,17.1428571428571,1,H,True
0.8585714285714285,0.025642857142857144,42.4278047533860,1,S,True
0.8585714285714285,0.025642857142857144,0.0180900000000000,1,N,True
0.8585714285714285,0.025642857142857144,0.00150268336314848,1,C,True
0.8585714285714285,0.025642857142857144,96.1899613899614,2,H,False
0.8585714285714285,0.025642857142857144,87.8939766199882,2,S,False
0.8585714285714285,0.025642857142857144,0.00425675675675675,2,N,False
0.8585714285714285,0.025642857142857144,0.00295312924640744,2,C,False
0.8585714285714285,0.025642857142857144,96.1899613899614,3,H,True
0.8585714285714285,0.025642857142857144,7.87947009888643,3,S,True
0.8585714285714285,0.025642857142857144,0.00425675675675675,3,N,True
0.8585714285714285,0.025642857142857144,0.0528634350817847,3,C,True
0.8585714285714285,0.030571428571428576,17.1428571428571,0,H,False
0.8585714285714285,0.030571428571428576,0.0,0,S,False
0.8585714285714285,0.030571428571428576,0.0180900000000000,0,N,False
0.8585714285714285,0.030571428571428576,0.150000000000000,0,C,False
0.8585714285714285,0.030571428571428576,17.1428571428571,1,H,True
0.8585714285714285,0.030571428571428576,42.4278047533860,1,S,True
0.8585714285714285,0.030571428571428576,0.0180900000000000,1,N,True
0.8585714285714285,0.030571428571428576,0.00150268336314848,1,C,True
0.8585714285714285,0.030571428571428576,100.788258317025,2,H,False
0.8585714285714285,0.030571428571428576,82.6110810351866,2,S,False
0.8585714285714285,0.030571428571428576,0.00345205479452054,2,N,False
0.8585714285714285,0.030571428571428576,0.00323470749686213,2,C,False
0.8585714285714285,0.030571428571428576,100.788258317025,3,H,True
0.8585714285714285,0.030571428571428576,9.06767925808812,3,S,True
0.8585714285714285,0.030571428571428576,0.00345205479452054,3,N,True
0.8585714285714285,0.030571428571428576,0.0470156417079311,3,C,True
0.8585714285714285,0.035500000000000004,17.1428571428571,0,H,False
0.8585714285714285,0.035500000000000004,0.0,0,S,False
0.8585714285714285,0.035500000000000004,0.0180900000000000,0,N,False
0.8585714285714285,0.035500000000000004,0.150000000000000,0,C,False
0.8585714285714285,0.035500000000000004,17.1428571428571,1,H,True
0.8585714285714285,0.035500000000000004,42.4278047533860,1,S,True
0.8585714285714285,0.035500000000000004,0.0180900000000000,1,N,True
0.8585714285714285,0.035500000000000004,0.00150268336314848,1,C,True
0.8585714285714285,0.035500000000000004,103.924423963134,2,H,False
0.8585714285714285,0.035500000000000004,78.4288679748635,2,S,False
0.8585714285714285,0.035500000000000004,0.00290322580645161,2,N,False
0.8585714285714285,0.035500000000000004,0.00347450999540771,2,C,False
0.8585714285714285,0.035500000000000004,103.924423963134,3,H,True
0.8585714285714285,0.035500000000000004,10.0032664195999,3,S,True
0.8585714285714285,0.035500000000000004,0.00290322580645161,3,N,True
0.8585714285714285,0.035500000000000004,0.0429795265906618,3,C,True
0.8585714285714285,0.04042857142857143,17.1428571428571,0,H,False
0.8585714285714285,0.04042857142857143,0.0,0,S,False
0.8585714285714285,0.04042857142857143,0.0180900000000000,0,N,False
0.8585714285714285,0.04042857142857143,0.150000000000000,0,C,False
0.8585714285714285,0.04042857142857143,17.1428571428571,1,H,True
0.8585714285714285,0.04042857142857143,42.4278047533860,1,S,True
0.8585714285714285,0.04042857142857143,0.0180900000000000,1,N,True
0.8585714285714285,0.04042857142857143,0.00150268336314848,1,C,True
0.8585714285714285,0.04042857142857143,106.200170406135,2,H,False
0.8585714285714285,0.04042857142857143,75.0799006962919,2,S,False
0.8585714285714285,0.04042857142857143,0.00250497017892644,2,N,False
0.8585714285714285,0.04042857142857143,0.00368184626348527,2,C,False
0.8585714285714285,0.04042857142857143,106.200170406135,3,H,True
0.8585714285714285,0.04042857142857143,10.7658482909653,3,S,True
0.8585714285714285,0.04042857142857143,0.00250497017892644,3,N,True
0.8585714285714285,0.04042857142857143,0.0400174107881227,3,C,True
0.8585714285714285,0.04535714285714286,17.1428571428571,0,H,False
0.8585714285714285,0.04535714285714286,0.0,0,S,False
0.8585714285714285,0.04535714285714286,0.0180900000000000,0,N,False
0.8585714285714285,0.04535714285714286,0.150000000000000,0,C,False
0.8585714285714285,0.04535714285714286,17.1428571428571,1,H,True
0.8585714285714285,0.04535714285714286,42.4278047533860,1,S,True
0.8585714285714285,0.04535714285714286,0.0180900000000000,1,N,True
0.8585714285714285,0.04535714285714286,0.00150268336314848,1,C,True
0.8585714285714285,0.04535714285714286,107.926873126873,2,H,False
0.8585714285714285,0.04535714285714286,72.3505479064136,2,S,False
0.8585714285714285,0.04535714285714286,0.00220279720279721,2,N,False
0.8585714285714285,0.04535714285714286,0.00386333151638010,2,C,False
0.8585714285714285,0.04535714285714286,107.926873126873,3,H,True
0.8585714285714285,0.04535714285714286,11.4034707455123,3,S,True
0.8585714285714285,0.04535714285714286,0.00220279720279721,3,N,True
0.8585714285714285,0.04535714285714286,0.0377457606436959,3,C,True
0.8585714285714285,0.05028571428571429,17.1428571428571,0,H,False
0.8585714285714285,0.05028571428571429,0.0,0,S,False
0.8585714285714285,0.05028571428571429,0.0180900000000000,0,N,False
0.8585714285714285,0.05028571428571429,0.150000000000000,0,C,False
0.8585714285714285,0.05028571428571429,17.1428571428571,1,H,True
0.8585714285714285,0.05028571428571429,42.4278047533860,1,S,True
0.8585714285714285,0.05028571428571429,0.0180900000000000,1,N,True
0.8585714285714285,0.05028571428571429,0.00150268336314848,1,C,True
0.8585714285714285,0.05028571428571429,109.281836416314,2,H,False
0.8585714285714285,0.05028571428571429,70.0873626060569,2,S,False
0.8585714285714285,0.05028571428571429,0.00196567862714509,2,N,False
0.8585714285714285,0.05028571428571429,0.00402382240777062,2,C,False
0.8585714285714285,0.05028571428571429,109.281836416314,3,H,True
0.8585714285714285,0.05028571428571429,11.9471104050775,3,S,True
0.8585714285714285,0.05028571428571429,0.00196567862714509,3,N,True
0.8585714285714285,0.05028571428571429,0.0359450935581703,3,C,True
0.8585714285714285,0.055214285714285716,17.1428571428571,0,H,False
0.8585714285714285,0.055214285714285716,0.0,0,S,False
0.8585714285714285,0.055214285714285716,0.0180900000000000,0,N,False
0.8585714285714285,0.055214285714285716,0.150000000000000,0,C,False
0.8585714285714285,0.055214285714285716,17.1428571428571,1,H,True
0.8585714285714285,0.055214285714285716,42.4278047533860,1,S,True
0.8585714285714285,0.055214285714285716,0.0180900000000000,1,N,True
0.8585714285714285,0.055214285714285716,0.00150268336314848,1,C,True
0.8585714285714285,0.055214285714285716,110.373440643863,2,H,False
0.8585714285714285,0.055214285714285716,68.1813625104695,2,S,False
0.8585714285714285,0.055214285714285716,0.00177464788732394,2,N,False
0.8585714285714285,0.055214285714285716,0.00416698096317805,2,C,False
0.8585714285714285,0.055214285714285716,110.373440643863,3,H,True
0.8585714285714285,0.055214285714285716,12.4178073081092,3,S,True
0.8585714285714285,0.055214285714285716,0.00177464788732394,3,N,True
0.8585714285714285,0.055214285714285716,0.0344805536181920,3,C,True
0.8585714285714285,0.06014285714285715,17.1428571428571,0,H,False
0.8585714285714285,0.06014285714285715,0.0,0,S,False
0.8585714285714285,0.06014285714285715,0.0180900000000000,0,N,False
0.8585714285714285,0.06014285714285715,0.150000000000000,0,C,False
0.8585714285714285,0.06014285714285715,17.1428571428571,1,H,True
0.8585714285714285,0.06014285714285715,42.4278047533860,1,S,True
0.8585714285714285,0.06014285714285715,0.0180900000000000,1,N,True
0.8585714285714285,0.06014285714285715,0.00150268336314848,1,C,True
0.8585714285714285,0.06014285714285715,111.271666972309,2,H,False
0.8585714285714285,0.06014285714285715,66.5542260420793,2,S,False
0.8585714285714285,0.06014285714285715,0.00161745827984596,2,N,False
0.8585714285714285,0.06014285714285715,0.00429563056356661,2,C,False
0.8585714285714285,0.06014285714285715,111.271666972309,3,H,True
0.8585714285714285,0.06014285714285715,12.8304569957913,3,S,True
0.8585714285714285,0.06014285714285715,0.00161745827984596,3,N,True
0.8585714285714285,0.06014285714285715,0.0332646055999474,3,C,True
0.8585714285714285,0.06507142857142857,17.1428571428571,0,H,False
0.8585714285714285,0.06507142857142857,0.0,0,S,False
0.8585714285714285,0.06507142857142857,0.0180900000000000,0,N,False
0.8585714285714285,0.06507142857142857,0.150000000000000,0,C,False
0.8585714285714285,0.06507142857142857,17.1428571428571,1,H,True
0.8585714285714285,0.06507142857142857,42.4278047533860,1,S,True
0.8585714285714285,0.06507142857142857,0.0180900000000000,1,N,True
0.8585714285714285,0.06507142857142857,0.00150268336314848,1,C,True
0.8585714285714285,0.06507142857142857,112.023719676550,2,H,False
0.8585714285714285,0.06507142857142857,65.1486468796352,2,S,False
0.8585714285714285,0.06507142857142857,0.00148584905660377,2,N,False
0.8585714285714285,0.06507142857142857,0.00441198942923738,2,C,False
0.8585714285714285,0.06507142857142857,112.023719676550,3,H,True
0.8585714285714285,0.06507142857142857,13.1959640623221,3,S,True
0.8585714285714285,0.06507142857142857,0.00148584905660377,3,N,True
0.8585714285714285,0.06507142857142857,0.0322378907476283,3,C,True
0.8585714285714285,0.07,17.1428571428571,0,H,False
0.8585714285714285,0.07,0.0,0,S,False
0.8585714285714285,0.07,0.0180900000000000,0,N,False
0.8585714285714285,0.07,0.150000000000000,0,C,False
0.8585714285714285,0.07,17.1428571428571,1,H,True
0.8585714285714285,0.07,42.4278047533860,1,S,True
0.8585714285714285,0.07,0.0180900000000000,1,N,True
0.8585714285714285,0.07,0.00150268336314848,1,C,True
0.8585714285714285,0.07,112.662595419847,2,H,False
0.8585714285714285,0.07,63.9218960941824,2,S,False
0.8585714285714285,0.07,0.00137404580152672,2,N,False
0.8585714285714285,0.07,0.00451782876680620,2,C,False
0.8585714285714285,0.07,112.662595419847,3,H,True
0.8585714285714285,0.07,13.5225341550019,3,S,True
0.8585714285714285,0.07,0.00137404580152672,3,N,True
0.8585714285714285,0.07,0.0313586955609874,3,C,True
0.9292857142857143,0.001,17.1428571428571,0,H,True
0.9292857142857143,0.001,0.0,0,S,True
0.9292857142857143,0.001,0.0180900000000000,0,N,True
0.9292857142857143,0.001,0.150000000000000,0,C,True
0.9292857142857143,0.001,,1,H,False
0.9292857142857143,0.001,,1,S,False
0.9292857142857143,0.001,,1,N,False
0.9292857142857143,0.001,,1,C,False
0.9292857142857143,0.001,,2,H,False
0.9292857142857143,0.001,,2,S,False
0.9292857142857143,0.001,,2,N,False
0.9292857142857143,0.001,,2,C,False
0.9292857142857143,0.001,,3,H,False
0.9292857142857143,0.001,,3,S,False
0.9292857142857143,0.001,,3,N,False
0.9292857142857143,0.001,,3,C,False
0.9292857142857143,0.005928571428571429,17.1428571428571,0,H,True
0.9292857142857143,0.005928571428571429,0.0,0,S,True
0.9292857142857143,0.005928571428571429,0.0180900000000000,0,N,True
0.9292857142857143,0.005928571428571429,0.150000000000000,0,C,True
0.9292857142857143,0.005928571428571429,,1,H,False
0.9292857142857143,0.005928571428571429,,1,S,False
0.9292857142857143,0.005928571428571429,,1,N,False
0.9292857142857143,0.005928571428571429,,1,C,False
0.9292857142857143,0.005928571428571429,,2,H,False
0.9292857142857143,0.005928571428571429,,2,S,False
0.9292857142857143,0.005928571428571429,,2,N,False
0.9292857142857143,0.005928571428571429,,2,C,False
0.9292857142857143,0.005928571428571429,,3,H,False
0.9292857142857143,0.005928571428571429,,3,S,False
0.9292857142857143,0.005928571428571429,,3,N,False
0.9292857142857143,0.005928571428571429,,3,C,False
0.9292857142857143,0.010857142857142857,17.1428571428571,0,H,False
0.9292857142857143,0.010857142857142857,0.0,0,S,False
0.9292857142857143,0.010857142857142857,0.0180900000000000,0,N,False
0.9292857142857143,0.010857142857142857,0.150000000000000,0,C,False
0.9292857142857143,0.010857142857142857,17.1428571428571,1,H,True
0.9292857142857143,0.010857142857142857,42.4627303674140,1,S,True
0.9292857142857143,0.010857142857142857,0.0180900000000000,1,N,True
0.9292857142857143,0.010857142857142857,0.00138044371405095,1,C,True
0.9292857142857143,0.010857142857142857,39.6154093097909,2,H,False
0.9292857142857143,0.010857142857142857,80.7112101799503,2,S,False
0.9292857142857143,0.010857142857142857,0.0141573033707865,2,N,False
0.9292857142857143,0.010857142857142857,0.00153987742861463,2,C,False
0.9292857142857143,0.010857142857142857,39.6154093097913,3,H,True
0.9292857142857143,0.010857142857142857,0.702674870419024,3,S,True
0.9292857142857143,0.010857142857142857,0.0141573033707865,3,N,True
0.9292857142857143,0.010857142857142857,0.122717777700502,3,C,True
0.9292857142857143,0.01578571428571429,17.1428571428571,0,H,False
0.9292857142857143,0.01578571428571429,0.0,0,S,False
0.9292857142857143,0.01578571428571429,0.0180900000000000,0,N,False
0.9292857142857143,0.01578571428571429,0.150000000000000,0,C,False
0.9292857142857143,0.01578571428571429,17.1428571428571,1,H,True
0.9292857142857143,0.01578571428571429,42.4627303674140,1,S,True
0.9292857142857143,0.01578571428571429,0.0180900000000000,1,N,True
0.9292857142857143,0.01578571428571429,0.00138044371405095,1,C,True
0.9292857142857143,0.01578571428571429,74.9446654611208,2,H,False
0.9292857142857143,0.01578571428571429,100.610701685792,2,S,False
0.9292857142857143,0.01578571428571429,0.00797468354430382,2,N,False
0.9292857142857143,0.01578571428571429,0.00201656780222130,2,C,False
0.9292857142857143,0.01578571428571429,74.9446654611210,3,H,True
0.9292857142857143,0.01578571428571429,3.70151068720660,3,S,True
0.9292857142857143,0.01578571428571429,0.00797468354430382,3,N,True
0.9292857142857143,0.01578571428571429,0.0796011620377049,3,C,True
0.9292857142857143,0.020714285714285716,17.1428571428571,0,H,False
0.9292857142857143,0.020714285714285716,0.0,0,S,False
0.9292857142857143,0.020714285714285716,0.0180900000000000,0,N,False
0.9292857142857143,0.020714285714285716,0.150000000000000,0,C,False
0.9292857142857143,0.020714285714285716,17.1428571428571,1,H,True
0.9292857142857143,0.020714285714285716,42.4627303674140,1,S,True
0.9292857142857143,0.020714285714285716,0.0180900000000000,1,N,True
0.9292857142857143,0.020714285714285716,0.00138044371405095,1,C,True
0.9292857142857143,0.020714285714285716,88.7962240402769,2,H,False
0.9292857142857143,0.020714285714285716,94.7380678091902,2,S,False
0.9292857142857143,0.020714285714285716,0.00555066079295154,2,N,False
0.9292857142857143,0.020714285714285716,0.00238947525989237,2,C,False
0.9292857142857143,0.020714285714285716,88.7962240402769,3,H,True
0.9292857142857143,0.020714285714285716,5.76288511768474,3,S,True
0.9292857142857143,0.020714285714285716,0.00555066079295154,3,N,True
0.9292857142857143,0.020714285714285716,0.0625103984093818,3,C,True
0.9292857142857143,0.025642857142857144,17.1428571428571,0,H,False
0.9292857142857143,0.025642857142857144,0.0,0,S,False
0.9292857142857143,0.025642857142857144,0.0180900000000000,0,N,False
0.9292857142857143,0.025642857142857144,0.150000000000000,0,C,False
0.9292857142857143,0.025642857142857144,17.1428571428571,1,H,True
0.9292857142857143,0.025642857142857144,42.4627303674140,1,S,True
0.9292857142857143,0.025642857142857144,0.0180900000000000,1,N,True
0.9292857142857143,0.025642857142857144,0.00138044371405095,1,C,True
0.9292857142857143,0.025642857142857144,96.1899613899615,2,H,False
0.9292857142857143,0.025642857142857144,88.3134898722144,2,S,False
0.9292857142857143,0.025642857142857144,0.00425675675675675,2,N,False
0.9292857142857143,0.025642857142857144,0.00269145126286478,2,C,False
0.9292857142857143,0.025642857142857144,96.1899613899614,3,H,True
0.9292857142857143,0.025642857142857144,7.20410947667356,3,S,True
0.9292857142857143,0.025642857142857144,0.00425675675675675,3,N,True
0.9292857142857143,0.025642857142857144,0.0532847018828858,3,C,True
0.9292857142857143,0.030571428571428576,17.1428571428571,0,H,False
0.9292857142857143,0.030571428571428576,0.0,0,S,False
0.9292857142857143,0.030571428571428576,0.0180900000000000,0,N,False
0.9292857142857143,0.030571428571428576,0.150000000000000,0,C,False
0.9292857142857143,0.030571428571428576,17.1428571428571,1,H,True
0.9292857142857143,0.030571428571428576,42.4627303674140,1,S,True
0.9292857142857143,0.030571428571428576,0.0180900000000000,1,N,True
0.9292857142857143,0.030571428571428576,0.00138044371405095,1,C,True
0.9292857142857143,0.030571428571428576,100.788258317025,2,H,False
0.9292857142857143,0.030571428571428576,83.1023404271771,2,S,False
0.9292857142857143,0.030571428571428576,0.00345205479452054,2,N,False
0.9292857142857143,0.030571428571428576,0.00294225712603935,2,C,False
0.9292857142857143,0.030571428571428576,100.788258317025,3,H,True
0.9292857142857143,0.030571428571428576,8.28080247565120,3,S,True
0.9292857142857143,0.030571428571428576,0.00345205479452054,3,N,True
0.9292857142857143,0.030571428571428576,0.0474840753105609,3,C,True
0.9292857142857143,0.035500000000000004,17.1428571428571,0,H,False
0.9292857142857143,0.035500000000000004,0.0,0,S,False
0.9292857142857143,0.035500000000000004,0.0180900000000000,0,N,False
0.9292857142857143,0.035500000000000004,0.150000000000000,0,C,False
0.9292857142857143,0.035500000000000004,17.1428571428571,1,H,True
0.9292857142857143,0.035500000000000004,42.4627303674140,1,S,True
0.9292857142857143,0.035500000000000004,0.0180900000000000,1,N,True
0.9292857142857143,0.035500000000000004,0.00138044371405095,1,C,True
0.9292857142857143,0.035500000000000004,103.924423963134,2,H,False
0.9292857142857143,0.035500000000000004,78.9828854237264,2,S,False
0.9292857142857143,0.035500000000000004,0.00290322580645161,2,N,False
0.9292857142857143,0.035500000000000004,0.00315465210575957,2,C,False
0.9292857142857143,0.035500000000000004,103.924423963134,3,H,True
0.9292857142857143,0.035500000000000004,9.12506595239236,3,S,True
0.9292857142857143,0.035500000000000004,0.00290322580645161,3,N,True
0.9292857142857143,0.035500000000000004,0.0434865491559363,3,C,True
0.9292857142857143,0.04042857142857143,17.1428571428571,0,H,False
0.9292857142857143,0.04042857142857143,0.0,0,S,False
0.9292857142857143,0.04042857142857143,0.0180900000000000,0,N,False
0.9292857142857143,0.04042857142857143,0.150000000000000,0,C,False
0.9292857142857143,0.04042857142857143,17.1428571428571,1,H,True
0.9292857142857143,0.04042857142857143,42.4627303674140,1,S,True
0.9292857142857143,0.04042857142857143,0.0180900000000000,1,N,True
0.9292857142857143,0.04042857142857143,0.00138044371405095,1,C,True
0.9292857142857143,0.04042857142857143,106.200170406135,2,H,False
0.9292857142857143,0.04042857142857143,75.6897149438141,2,S,False
0.9292857142857143,0.04042857142857143,0.00250497017892644,2,N,False
0.9292857142857143,0.04042857142857143,0.00333731899284731,2,C,False
0.9292857142857143,0.04042857142857143,106.200170406135,3,H,True
0.9292857142857143,0.04042857142857143,9.81039063766706,3,S,True
0.9292857142857143,0.04042857142857143,0.00250497017892644,3,N,True
0.9292857142857143,0.04042857142857143,0.0405572165057470,3,C,True
0.9292857142857143,0.04535714285714286,17.1428571428571,0,H,False
0.9292857142857143,0.04535714285714286,0.0,0,S,False
0.9292857142857143,0.04535714285714286,0.0180900000000000,0,N,False
0.9292857142857143,0.04535714285714286,0.150000000000000,0,C,False
0.9292857142857143,0.04535714285714286,17.1428571428571,1,H,True
0.9292857142857143,0.04535714285714286,42.4627303674140,1,S,True
0.9292857142857143,0.04535714285714286,0.0180900000000000,1,N,True
0.9292857142857143,0.04535714285714286,0.00138044371405095,1,C,True
0.9292857142857143,0.04535714285714286,107.926873126873,2,H,False
0.9292857142857143,0.04535714285714286,73.0105560811511,2,S,False
0.9292857142857143,0.04535714285714286,0.00220279720279721,2,N,False
0.9292857142857143,0.04535714285714286,0.00349641186664943,2,C,False
0.9292857142857143,0.04535714285714286,107.926873126873,3,H,True
0.9292857142857143,0.04535714285714286,10.3811256154584,3,S,True
0.9292857142857143,0.04535714285714286,0.00220279720279721,3,N,True
0.9292857142857143,0.04535714285714286,0.0383141149935077,3,C,True
0.9292857142857143,0.05028571428571429,17.1428571428571,0,H,False
0.9292857142857143,0.05028571428571429,0.0,0,S,False
0.9292857142857143,0.05028571428571429,0.0180900000000000,0,N,False
0.9292857142857143,0.05028571428571429,0.150000000000000,0,C,False
0.9292857142857143,0.05028571428571429,17.1428571428571,1,H,True
0.9292857142857143,0.05028571428571429,42.4627303674140,1,S,True
0.9292857142857143,0.05028571428571429,0.0180900000000000,1,N,True
0.9292857142857143,0.05028571428571429,0.00138044371405095,1,C,True
0.9292857142857143,0.05028571428571429,109.281836416314,2,H,False
0.9292857142857143,0.05028571428571429,70.7929331074883,2,S,False
0.9292857142857143,0.05028571428571429,0.00196567862714509,2,N,False
0.9292857142857143,0.05028571428571429,0.00363643662186027,2,C,False
0.9292857142857143,0.05028571428571429,109.281836416314,3,H,True
0.9292857142857143,0.05028571428571429,10.8658552104821,3,S,True
0.9292857142857143,0.05028571428571429,0.00196567862714509,3,N,True
0.9292857142857143,0.05028571428571429,0.0365387449260755,3,C,True
0.9292857142857143,0.055214285714285716,17.1428571428571,0,H,False
0.9292857142857143,0.055214285714285716,0.0,0,S,False
0.9292857142857143,0.055214285714285716,0.0180900000000000,0,N,False
0.9292857142857143,0.055214285714285716,0.150000000000000,0,C,False
0.9292857142857143,0.055214285714285716,17.1428571428571,1,H,True
0.9292857142857143,0.055214285714285716,42.4627303674140,1,S,True
0.9292857142857143,0.055214285714285716,0.0180900000000000,1,N,True
0.9292857142857143,0.055214285714285716,0.00138044371405095,1,C,True
0.9292857142857143,0.055214285714285716,110.373440643863,2,H,False
0.9292857142857143,0.055214285714285716,68.9285900575552,2,S,False
0.9292857142857143,0.055214285714285716,0.00177464788732394,2,N,False
0.9292857142857143,0.055214285714285716,0.00376078131438948,2,C,False
0.9292857142857143,0.055214285714285716,110.373440643863,3,H,True
0.9292857142857143,0.055214285714285716,11.2839829815685,3,S,True
0.9292857142857143,0.055214285714285716,0.00177464788732394,3,N,True
0.9292857142857143,0.055214285714285716,0.0350969107707426,3,C,True
0.9292857142857143,0.06014285714285715,17.1428571428571,0,H,False
0.9292857142857143,0.06014285714285715,0.0,0,S,False
0.9292857142857143,0.06014285714285715,0.0180900000000000,0,N,False
0.9292857142857143,0.06014285714285715,0.150000000000000,0,C,False
0.9292857142857143,0.06014285714285715,17.1428571428571,1,H,True
0.9292857142857143,0.06014285714285715,42.4627303674140,1,S,True
0.9292857142857143,0.06014285714285715,0.0180900000000000,1,N,True
0.9292857142857143,0.06014285714285715,0.00138044371405095,1,C,True
0.9292857142857143,0.06014285714285715,111.271666972309,2,H,False
0.9292857142857143,0.06014285714285715,67.3397667411874,2,S,False
0.9292857142857143,0.06014285714285715,0.00161745827984596,2,N,False
0.9292857142857143,0.06014285714285715,0.00387205066017404,2,C,False
0.9292857142857143,0.06014285714285715,111.271666972309,3,H,True
0.9292857142857143,0.06014285714285715,11.6492343030109,3,S,True
0.9292857142857143,0.06014285714285715,0.00161745827984596,3,N,True
0.9292857142857143,0.06014285714285715,0.0339015454741786,3,C,True
0.9292857142857143,0.06507142857142857,17.1428571428571,0,H,False
0.9292857142857143,0.06507142857142857,0.0,0,S,False
0.9292857142857143,0.06507142857142857,0.0180900000000000,0,N,False
0.9292857142857143,0.06507142857142857,0.150000000000000,0,C,False
0.9292857142857143,0.06507142857142857,17.1428571428571,1,H,True
0.9292857142857143,0.06507142857142857,42.4627303674140,1,S,True
0.9292857142857143,0.06507142857142857,0.0180900000000000,1,N,True
0.9292857142857143,0.06507142857142857,0.00138044371405095,1,C,True
0.9292857142857143,0.06507142857142857,112.023719676550,2,H,False
0.9292857142857143,0.06507142857142857,65.9696019370470,2,S,False
0.9292857142857143,0.06507142857142857,0.00148584905660377,2,N,False
0.9292857142857143,0.06507142857142857,0.00397228519885707,2,C,False
0.9292857142857143,0.06507142857142857,112.023719676550,3,H,True
0.9292857142857143,0.06507142857142857,11.9716465385509,3,S,True
0.9292857142857143,0.06507142857142857,0.00148584905660377,3,N,True
0.9292857142857143,0.06507142857142857,0.0328936362597250,3,C,True
0.9292857142857143,0.07,17.1428571428571,0,H,False
0.9292857142857143,0.07,0.0,0,S,False
0.9292857142857143,0.07,0.0180900000000000,0,N,False
0.9292857142857143,0.07,0.150000000000000,0,C,False
0.9292857142857143,0.07,17.1428571428571,1,H,True
0.9292857142857143,0.07,42.4627303674140,1,S,True
0.9292857142857143,0.07,0.0180900000000000,1,N,True
0.9292857142857143,0.07,0.00138044371405095,1,C,True
0.9292857142857143,0.07,112.662595419847,2,H,False
0.9292857142857143,0.07,64.7757268549398,2,S,False
0.9292857142857143,0.07,0.00137404580152672,2,N,False
0.9292857142857143,0.07,0.00406310956337838,2,C,False
0.9292857142857143,0.07,112.662595419847,3,H,True
0.9292857142857143,0.07,12.2587634909011,3,S,True
0.9292857142857143,0.07,0.00137404580152672,3,N,True
0.9292857142857143,0.07,0.0320317338445764,3,C,True
1.0,0.001,17.1428571428571,0,H,True
1.0,0.001,0.0,0,S,True
1.0,0.001,0.0180900000000000,0,N,True
1.0,0.001,0.150000000000000,0,C,True
1.0,0.001,,1,H,False
1.0,0.001,,1,S,False
1.0,0.001,,1,N,False
1.0,0.001,,1,C,False
1.0,0.001,,2,H,False
1.0,0.001,,2,S,False
1.0,0.001,,2,N,False
1.0,0.001,,2,C,False
1.0,0.001,,3,H,False
1.0,0.001,,3,S,False
1.0,0.001,,3,N,False
1.0,0.001,,3,C,False
1.0,0.005928571428571429,17.1428571428571,0,H,True
1.0,0.005928571428571429,0.0,0,S,True
1.0,0.005928571428571429,0.0180900000000000,0,N,True
1.0,0.005928571428571429,0.150000000000000,0,C,True
1.0,0.005928571428571429,,1,H,False
1.0,0.005928571428571429,,1,S,False
1.0,0.005928571428571429,,1,N,False
1.0,0.005928571428571429,,1,C,False
1.0,0.005928571428571429,,2,H,False
1.0,0.005928571428571429,,2,S,False
1.0,0.005928571428571429,,2,N,False
1.0,0.005928571428571429,,2,C,False
1.0,0.005928571428571429,,3,H,False
1.0,0.005928571428571429,,3,S,False
1.0,0.005928571428571429,,3,N,False
1.0,0.005928571428571429,,3,C,False
1.0,0.010857142857142857,17.1428571428571,0,H,False
1.0,0.010857142857142857,0.0,0,S,False
1.0,0.010857142857142857,0.0180900000000000,0,N,False
1.0,0.010857142857142857,0.150000000000000,0,C,False
1.0,0.010857142857142857,17.1428571428571,1,H,True
1.0,0.010857142857142857,42.4924012158055,1,S,True
1.0,0.010857142857142857,0.0180900000000000,1,N,True
1.0,0.010857142857142857,0.00127659574468085,1,C,True
1.0,0.010857142857142857,39.6154093097909,2,H,False
1.0,0.010857142857142857,80.7883157391931,2,S,False
1.0,0.010857142857142857,0.0141573033707865,2,N,False
1.0,0.010857142857142857,0.00142309626605205,2,C,False
1.0,0.010857142857142857,39.6154093097913,3,H,True
1.0,0.010857142857142857,0.649193878770047,3,S,True
1.0,0.010857142857142857,0.0141573033707865,3,N,True
1.0,0.010857142857142857,0.122798777986876,3,C,True
1.0,0.01578571428571429,17.1428571428571,0,H,False
1.0,0.01578571428571429,0.0,0,S,False
1.0,0.01578571428571429,0.0180900000000000,0,N,False
1.0,0.01578571428571429,0.150000000000000,0,C,False
1.0,0.01578571428571429,17.1428571428571,1,H,True
1.0,0.01578571428571429,42.4924012158055,1,S,True
1.0,0.01578571428571429,0.0180900000000000,1,N,True
1.0,0.01578571428571429,0.00127659574468085,1,C,True
1.0,0.01578571428571429,74.9446654611208,2,H,False
1.0,0.01578571428571429,100.806850168023,2,S,False
1.0,0.01578571428571429,0.00797468354430382,2,N,False
1.0,0.01578571428571429,0.00185953315724007,2,C,False
1.0,0.01578571428571429,74.9446654611210,3,H,True
1.0,0.01578571428571429,3.41639304907774,3,S,True
1.0,0.01578571428571429,0.00797468354430382,3,N,True
1.0,0.01578571428571429,0.0798294245588926,3,C,True
1.0,0.020714285714285716,17.1428571428571,0,H,False
1.0,0.020714285714285716,0.0,0,S,False
1.0,0.020714285714285716,0.0180900000000000,0,N,False
1.0,0.020714285714285716,0.150000000000000,0,C,False
1.0,0.020714285714285716,17.1428571428571,1,H,True
1.0,0.020714285714285716,42.4924012158055,1,S,True
1.0,0.020714285714285716,0.0180900000000000,1,N,True
1.0,0.020714285714285716,0.00127659574468085,1,C,True
1.0,0.020714285714285716,88.7962240402769,2,H,False
1.0,0.020714285714285716,95.0199015578102,2,S,False
1.0,0.020714285714285716,0.00555066079295154,2,N,False
1.0,0.020714285714285716,0.00219903895361961,2,C,False
1.0,0.020714285714285716,88.7962240402769,3,H,True
1.0,0.020714285714285716,5.31354787453647,3,S,True
1.0,0.020714285714285716,0.00555066079295154,3,N,True
1.0,0.020714285714285716,0.0628140175652669,3,C,True
1.0,0.025642857142857144,17.1428571428571,0,H,False
1.0,0.025642857142857144,0.0,0,S,False
1.0,0.025642857142857144,0.0180900000000000,0,N,False
1.0,0.025642857142857144,0.150000000000000,0,C,False
1.0,0.025642857142857144,17.1428571428571,1,H,True
1.0,0.025642857142857144,42.4924012158055,1,S,True
1.0,0.025642857142857144,0.0180900000000000,1,N,True
1.0,0.025642857142857144,0.00127659574468085,1,C,True
1.0,0.025642857142857144,96.1899613899615,2,H,False
1.0,0.025642857142857144,88.6644581466563,2,S,False
1.0,0.025642857142857144,0.00425675675675675,2,N,False
1.0,0.025642857142857144,0.00247252928636929,2,C,False
1.0,0.025642857142857144,96.1899613899614,3,H,True
1.0,0.025642857142857144,6.63578758548004,3,S,True
1.0,0.025642857142857144,0.00425675675675675,3,N,True
1.0,0.025642857142857144,0.0536392015934467,3,C,True
1.0,0.030571428571428576,17.1428571428571,0,H,False
1.0,0.030571428571428576,0.0,0,S,False
1.0,0.030571428571428576,0.0180900000000000,0,N,False
1.0,0.030571428571428576,0.150000000000000,0,C,False
1.0,0.030571428571428576,17.1428571428571,1,H,True
1.0,0.030571428571428576,42.4924012158055,1,S,True
1.0,0.030571428571428576,0.0180900000000000,1,N,True
1.0,0.030571428571428576,0.00127659574468085,1,C,True
1.0,0.030571428571428576,100.788258317025,2,H,False
1.0,0.030571428571428576,83.5116843517321,2,S,False
1.0,0.030571428571428576,0.00345205479452054,2,N,False
1.0,0.030571428571428576,0.00269857164239830,2,C,False
1.0,0.030571428571428576,100.788258317025,3,H,True
1.0,0.030571428571428576,7.62031854918107,3,S,True
1.0,0.030571428571428576,0.00345205479452054,3,N,True
1.0,0.030571428571428576,0.0478772663057218,3,C,True
1.0,0.035500000000000004,17.1428571428571,0,H,False
1.0,0.035500000000000004,0.0,0,S,False
1.0,0.035500000000000004,0.0180900000000000,0,N,False
1.0,0.035500000000000004,0.150000000000000,0,C,False
1.0,0.035500000000000004,17.1428571428571,1,H,True
1.0,0.035500000000000004,42.4924012158055,1,S,True
1.0,0.035500000000000004,0.0180900000000000,1,N,True
1.0,0.035500000000000004,0.00127659574468085,1,C,True
1.0,0.035500000000000004,103.924423963134,2,H,False
1.0,0.035500000000000004,79.4427899665260,2,S,False
1.0,0.035500000000000004,0.00290322580645161,2,N,False
1.0,0.035500000000000004,0.00288912960858629,2,C,False
1.0,0.035500000000000004,103.924423963134,3,H,True
1.0,0.035500000000000004,8.38975364780698,3,S,True
1.0,0.035500000000000004,0.00290322580645161,3,N,True
1.0,0.035500000000000004,0.0439110762939532,3,C,True
1.0,0.04042857142857143,17.1428571428571,0,H,False
1.0,0.04042857142857143,0.0,0,S,False
1.0,0.04042857142857143,0.0180900000000000,0,N,False
1.0,0.04042857142857143,0.150000000000000,0,C,False
1.0,0.04042857142857143,17.1428571428571,1,H,True
1.0,0.04042857142857143,42.4924012158055,1,S,True
1.0,0.04042857142857143,0.0180900000000000,1,N,True
1.0,0.04042857142857143,0.00127659574468085,1,C,True
1.0,0.04042857142857143,106.200170406135,2,H,False
1.0,0.04042857142857143,76.1941545529630,2,S,False
1.0,0.04042857142857143,0.00250497017892644,2,N,False
1.0,0.04042857142857143,0.00305232532067906,2,C,False
1.0,0.04042857142857143,106.200170406135,3,H,True
1.0,0.04042857142857143,9.01231172178706,3,S,True
1.0,0.04042857142857143,0.00250497017892644,3,N,True
1.0,0.04042857142857143,0.0410081078251269,3,C,True
1.0,0.04535714285714286,17.1428571428571,0,H,False
1.0,0.04535714285714286,0.0,0,S,False
1.0,0.04535714285714286,0.0180900000000000,0,N,False
1.0,0.04535714285714286,0.150000000000000,0,C,False
1.0,0.04535714285714286,17.1428571428571,1,H,True
1.0,0.04535714285714286,42.4924012158055,1,S,True
1.0,0.04535714285714286,0.0180900000000000,1,N,True
1.0,0.04535714285714286,0.00127659574468085,1,C,True
1.0,0.04535714285714286,107.926873126873,2,H,False
1.0,0.04535714285714286,73.5547070135370,2,S,False
1.0,0.04535714285714286,0.00220279720279721,2,N,False
1.0,0.04535714285714286,0.00319390096276379,2,C,False
1.0,0.04535714285714286,107.926873126873,3,H,True
1.0,0.04535714285714286,9.52915347027304,3,S,True
1.0,0.04535714285714286,0.00220279720279721,3,N,True
1.0,0.04535714285714286,0.0387877535529333,3,C,True
1.0,0.05028571428571429,17.1428571428571,0,H,False
1.0,0.05028571428571429,0.0,0,S,False
1.0,0.05028571428571429,0.0180900000000000,0,N,False
1.0,0.05028571428571429,0.150000000000000,0,C,False
1.0,0.05028571428571429,17.1428571428571,1,H,True
1.0,0.05028571428571429,42.4924012158055,1,S,True
1.0,0.05028571428571429,0.0180900000000000,1,N,True
1.0,0.05028571428571429,0.00127659574468085,1,C,True
1.0,0.05028571428571429,109.281836416314,2,H,False
1.0,0.05028571428571429,71.3728312725981,2,S,False
1.0,0.05028571428571429,0.00196567862714509,2,N,False
1.0,0.05028571428571429,0.00331804986109921,2,C,False
1.0,0.05028571428571429,109.281836416314,3,H,True
1.0,0.05028571428571429,9.96679634099665,3,S,True
1.0,0.05028571428571429,0.00196567862714509,3,N,True
1.0,0.05028571428571429,0.0370323633894734,3,C,True
1.0,0.055214285714285716,17.1428571428571,0,H,False
1.0,0.055214285714285716,0.0,0,S,False
1.0,0.055214285714285716,0.0180900000000000,0,N,False
1.0,0.055214285714285716,0.150000000000000,0,C,False
1.0,0.055214285714285716,17.1428571428571,1,H,True
1.0,0.055214285714285716,42.4924012158055,1,S,True
1.0,0.055214285714285716,0.0180900000000000,1,N,True
1.0,0.055214285714285716,0.00127659574468085,1,C,True
1.0,0.055214285714285716,110.373440643863,2,H,False
1.0,0.055214285714285716,69.5409136542863,2,S,False
1.0,0.055214285714285716,0.00177464788732394,2,N,False
1.0,0.055214285714285716,0.00342791667241081,2,C,False
1.0,0.055214285714285716,110.373440643863,3,H,True
1.0,0.055214285714285716,10.3432283822301,3,S,True
1.0,0.055214285714285716,0.00177464788732394,3,N,True
1.0,0.055214285714285716,0.0356083134744277,3,C,True
1.0,0.06014285714285715,17.1428571428571,0,H,False
1.0,0.06014285714285715,0.0,0,S,False
1.0,0.06014285714285715,0.0180900000000000,0,N,False
1.0,0.06014285714285715,0.150000000000000,0,C,False
1.0,0.06014285714285715,17.1428571428571,1,H,True
1.0,0.06014285714285715,42.4924012158055,1,S,True
1.0,0.06014285714285715,0.0180900000000000,1,N,True
1.0,0.06014285714285715,0.00127659574468085,1,C,True
1.0,0.06014285714285715,111.271666972309,2,H,False
1.0,0.06014285714285715,67.9816894946232,2,S,False
1.0,0.06014285714285715,0.00161745827984596,2,N,False
1.0,0.06014285714285715,0.00352591254384887,2,C,False
1.0,0.06014285714285715,111.271666972309,3,H,True
1.0,0.06014285714285715,10.6711622570780,3,S,True
1.0,0.06014285714285715,0.00161745827984596,3,N,True
1.0,0.06014285714285715,0.0344289422891339,3,C,True
1.0,0.06507142857142857,17.1428571428571,0,H,False
1.0,0.06507142857142857,0.0,0,S,False
1.0,0.06507142857142857,0.0180900000000000,0,N,False
1.0,0.06507142857142857,0.150000000000000,0,C,False
1.0,0.06507142857142857,17.1428571428571,1,H,True
1.0,0.06507142857142857,42.4924012158055,1,S,True
1.0,0.06507142857142857,0.0180900000000000,1,N,True
1.0,0.06507142857142857,0.00127659574468085,1,C,True
1.0,0.06507142857142857,112.023719676550,2,H,False
1.0,0.06507142857142857,66.6386894397227,2,S,False
1.0,0.06507142857142857,0.00148584905660377,2,N,False
1.0,0.06507142857142857,0.00361392136058722,2,C,False
1.0,0.06507142857142857,112.023719676550,3,H,True
1.0,0.06507142857142857,10.9598848433297,3,S,True
1.0,0.06507142857142857,0.00148584905660377,3,N,True
1.0,0.06507142857142857,0.0334355366883891,3,C,True
1.0,0.07,17.1428571428571,0,H,False
1.0,0.07,0.0,0,S,False
1.0,0.07,0.0180900000000000,0,N,False
1.0,0.07,0.150000000000000,0,C,False
1.0,0.07,17.1428571428571,1,H,True
1.0,0.07,42.4924012158055,1,S,True
1.0,0.07,0.0180900000000000,1,N,True
1.0,0.07,0.00127659574468085,1,C,True
1.0,0.07,112.662595419847,2,H,False
1.0,0.07,65.4698607664324,2,S,False
1.0,0.07,0.00137404580152672,2,N,False
1.0,0.07,0.00369343909258600,2,C,False
1.0,0.07,112.662595419847,3,H,True
1.0,0.07,11.2163675642581,3,S,True
1.0,0.07,0.00137404580152672,3,N,True
1.0,0.07,0.0325868759959311,3,C,True
