$\epsilon$,$N_I$,value,fp_num,name,stability
1.0,0.0,17.1428571428571,0,H,False
1.0,0.0,0.0,0,S,False
1.0,0.0,0.0180000000000000,0,N,False
1.0,0.0,0.150000000000000,0,C,False
1.0,0.0,17.1428571428571,1,H,True
1.0,0.0,42.0779220779221,1,S,True
1.0,0.0,0.0180000000000000,1,N,True
1.0,0.0,0.00272727272727273,1,C,True
1.0,0.0,104.415584415584,2,H,False
1.0,0.0,70.9916779146289,2,S,False
1.0,0.0,0.00272727272727273,2,N,False
1.0,0.0,0.00738809281296426,2,C,False
1.0,0.0,104.415584415584,3,H,True
1.0,0.0,20.1921795502203,3,S,True
1.0,0.0,0.00272727272727273,3,N,True
1.0,0.0,0.0365788493357961,3,C,True
1.0,0.000125,17.1428571428571,0,H,False
1.0,0.000125,0.0,0,S,False
1.0,0.000125,0.0181250000000000,0,N,False
1.0,0.000125,0.150000000000000,0,C,False
1.0,0.000125,17.1428571428571,1,H,True
1.0,0.000125,42.0779220779221,1,S,True
1.0,0.000125,0.0181250000000000,1,N,True
1.0,0.000125,0.00272727272727273,1,C,True
1.0,0.000125,105.129870129870,2,H,False
1.0,0.000125,69.6780466001467,2,S,False
1.0,0.000125,0.00272727272727273,2,N,False
1.0,0.000125,0.00758164416995765,2,C,False
1.0,0.000125,105.129870129870,3,H,True
1.0,0.000125,20.7689987500495,3,S,True
1.0,0.000125,0.00272727272727273,3,N,True
1.0,0.000125,0.0354951464636512,3,C,True
1.0,0.00025,17.1428571428571,0,H,False
1.0,0.00025,0.0,0,S,False
1.0,0.00025,0.0182500000000000,0,N,False
1.0,0.00025,0.150000000000000,0,C,False
1.0,0.00025,17.1428571428571,1,H,True
1.0,0.00025,42.0779220779221,1,S,True
1.0,0.00025,0.0182500000000000,1,N,True
1.0,0.00025,0.00272727272727273,1,C,True
1.0,0.00025,105.844155844156,2,H,False
1.0,0.00025,68.3121662107274,2,S,False
1.0,0.00025,0.00272727272727273,2,N,False
1.0,0.00025,0.00779095422759805,2,C,False
1.0,0.00025,105.844155844156,3,H,True
1.0,0.00025,21.3795785688273,3,S,True
1.0,0.00025,0.00272727272727273,3,N,True
1.0,0.00025,0.0343956848908593,3,C,True
1.0,0.000375,17.1428571428571,0,H,False
1.0,0.000375,0.0,0,S,False
1.0,0.000375,0.0183750000000000,0,N,False
1.0,0.000375,0.150000000000000,0,C,False
1.0,0.000375,17.1428571428571,1,H,True
1.0,0.000375,42.0779220779221,1,S,True
1.0,0.000375,0.0183750000000000,1,N,True
1.0,0.000375,0.00272727272727273,1,C,True
1.0,0.000375,106.558441558442,2,H,False
1.0,0.000375,66.8891240830062,2,S,False
1.0,0.000375,0.00272727272727273,2,N,False
1.0,0.000375,0.00801847226305052,2,C,False
1.0,0.000375,106.558441558442,3,H,True
1.0,0.000375,22.0288316699186,3,S,True
1.0,0.000375,0.00272727272727273,3,N,True
1.0,0.000375,0.0332780153402553,3,C,True
1.0,0.0005,17.1428571428571,0,H,False
1.0,0.0005,0.0,0,S,False
1.0,0.0005,0.0185000000000000,0,N,False
1.0,0.0005,0.150000000000000,0,C,False
1.0,0.0005,17.1428571428571,1,H,True
1.0,0.0005,42.0779220779221,1,S,True
1.0,0.0005,0.0185000000000000,1,N,True
1.0,0.0005,0.00272727272727273,1,C,True
1.0,0.0005,107.272727272727,2,H,False
1.0,0.0005,65.4027673943754,2,S,False
1.0,0.0005,0.00272727272727273,2,N,False
1.0,0.0005,0.00826727596688506,2,C,False
1.0,0.0005,107.272727272727,3,H,True
1.0,0.0005,22.7229108759310,3,S,True
1.0,0.0005,0.00272727272727273,3,N,True
1.0,0.0005,0.0321390601212692,3,C,True
1.0,0.000625,17.1428571428571,0,H,False
1.0,0.000625,0.0,0,S,False
1.0,0.000625,0.0186250000000000,0,N,False
1.0,0.000625,0.150000000000000,0,C,False
1.0,0.000625,17.1428571428571,1,H,True
1.0,0.000625,42.0779220779221,1,S,True
1.0,0.000625,0.0186250000000000,1,N,True
1.0,0.000625,0.00272727272727273,1,C,True
1.0,0.000625,107.987012987013,2,H,False
1.0,0.000625,63.8452276005835,2,S,False
1.0,0.000625,0.00272727272727273,2,N,False
1.0,0.000625,0.00854131489281892,2,C,False
1.0,0.000625,107.987012987013,3,H,True
1.0,0.000625,23.4696847311161,3,S,True
1.0,0.000625,0.00272727272727273,3,N,True
1.0,0.000625,0.0309748696801838,3,C,True
1.0,0.00075,17.1428571428571,0,H,False
1.0,0.00075,0.0,0,S,False
1.0,0.00075,0.0187500000000000,0,N,False
1.0,0.00075,0.150000000000000,0,C,False
1.0,0.00075,17.1428571428571,1,H,True
1.0,0.00075,42.0779220779221,1,S,True
1.0,0.00075,0.0187500000000000,1,N,True
1.0,0.00075,0.00272727272727273,1,C,True
1.0,0.00075,108.701298701299,2,H,False
1.0,0.00075,62.2061830187206,2,S,False
1.0,0.00075,0.00272727272727273,2,N,False
1.0,0.00075,0.00884578884532007,2,C,False
1.0,0.00075,108.701298701299,3,H,True
1.0,0.00075,24.2794749183836,3,S,True
1.0,0.00075,0.00272727272727273,3,N,True
1.0,0.00075,0.0297802442125312,3,C,True
1.0,0.000875,17.1428571428571,0,H,False
1.0,0.000875,0.0,0,S,False
1.0,0.000875,0.0188750000000000,0,N,False
1.0,0.000875,0.150000000000000,0,C,False
1.0,0.000875,17.1428571428571,1,H,True
1.0,0.000875,42.0779220779221,1,S,True
1.0,0.000875,0.0188750000000000,1,N,True
1.0,0.000875,0.00272727272727273,1,C,True
1.0,0.000875,109.415584415584,2,H,False
1.0,0.000875,60.4716588009634,2,S,False
1.0,0.000875,0.00272727272727273,2,N,False
1.0,0.000875,0.00918776512617615,2,C,False
1.0,0.000875,109.415584415584,3,H,True
1.0,0.000875,25.1662562855571,3,S,True
1.0,0.000875,0.00272727272727273,3,N,True
1.0,0.000875,0.0285481164165236,3,C,True
1.0,0.001,17.1428571428571,0,H,False
1.0,0.001,0.0,0,S,False
1.0,0.001,0.0190000000000000,0,N,False
1.0,0.001,0.150000000000000,0,C,False
1.0,0.001,17.1428571428571,1,H,True
1.0,0.001,42.0779220779221,1,S,True
1.0,0.001,0.0190000000000000,1,N,True
1.0,0.001,0.00272727272727273,1,C,True
1.0,0.001,110.129870129870,2,H,False
1.0,0.001,58.6219517523096,2,S,False
1.0,0.001,0.00272727272727273,2,N,False
1.0,0.001,0.00957724855575641,2,C,False
1.0,0.001,110.129870129870,3,H,True
1.0,0.001,26.1497320276386,3,S,True
1.0,0.001,0.00272727272727273,3,N,True
1.0,0.001,0.0272684814717918,3,C,True
1.0,0.0011250000000000001,17.1428571428571,0,H,False
1.0,0.0011250000000000001,0.0,0,S,False
1.0,0.0011250000000000001,0.0191250000000000,0,N,False
1.0,0.0011250000000000001,0.150000000000000,0,C,False
1.0,0.0011250000000000001,17.1428571428571,1,H,True
1.0,0.0011250000000000001,42.0779220779221,1,S,True
1.0,0.0011250000000000001,0.0191250000000000,1,N,True
1.0,0.0011250000000000001,0.00272727272727273,1,C,True
1.0,0.0011250000000000001,110.844155844156,2,H,False
1.0,0.0011250000000000001,56.6277466922223,2,S,False
1.0,0.0011250000000000001,0.00272727272727273,2,N,False
1.0,0.0011250000000000001,0.0100291890408613,2,C,False
1.0,0.0011250000000000001,110.844155844156,3,H,True
1.0,0.0011250000000000001,27.2592173251653,3,S,True
1.0,0.0011250000000000001,0.00272727272727273,3,N,True
1.0,0.0011250000000000001,0.0259263894715354,3,C,True
1.0,0.00125,17.1428571428571,0,H,False
1.0,0.00125,0.0,0,S,False
1.0,0.00125,0.0192500000000000,0,N,False
1.0,0.00125,0.150000000000000,0,C,False
1.0,0.00125,17.1428571428571,1,H,True
1.0,0.00125,42.0779220779221,1,S,True
1.0,0.00125,0.0192500000000000,1,N,True
1.0,0.00125,0.00272727272727273,1,C,True
1.0,0.00125,111.558441558442,2,H,False
1.0,0.00125,54.4420230777293,2,S,False
1.0,0.00125,0.00272727272727273,2,N,False
1.0,0.00125,0.0105676761617434,2,C,False
1.0,0.00125,111.558441558442,3,H,True
1.0,0.00125,28.5417327211092,3,S,True
1.0,0.00125,0.00272727272727273,3,N,True
1.0,0.00125,0.0244977508355018,3,C,True
1.0,0.001375,17.1428571428571,0,H,False
1.0,0.001375,0.0,0,S,False
1.0,0.001375,0.0193750000000000,0,N,False
1.0,0.001375,0.150000000000000,0,C,False
1.0,0.001375,17.1428571428571,1,H,True
1.0,0.001375,42.0779220779221,1,S,True
1.0,0.001375,0.0193750000000000,1,N,True
1.0,0.001375,0.00272727272727273,1,C,True
1.0,0.001375,112.272727272727,2,H,False
1.0,0.001375,51.9803277460102,2,S,False
1.0,0.001375,0.00272727272727273,2,N,False
1.0,0.001375,0.0112361909383364,2,C,False
1.0,0.001375,112.272727272727,3,H,True
1.0,0.001375,30.0817313782907,3,S,True
1.0,0.001375,0.00272727272727273,3,N,True
1.0,0.001375,0.0229390845437573,3,C,True
1.0,0.0015,17.1428571428571,0,H,False
1.0,0.0015,0.0,0,S,False
1.0,0.0015,0.0195000000000000,0,N,False
1.0,0.0015,0.150000000000000,0,C,False
1.0,0.0015,17.1428571428571,1,H,True
1.0,0.0015,42.0779220779221,1,S,True
1.0,0.0015,0.0195000000000000,1,N,True
1.0,0.0015,0.00272727272727273,1,C,True
1.0,0.0015,112.987012987013,2,H,False
1.0,0.0015,49.0586360705241,2,S,False
1.0,0.0015,0.00272727272727273,2,N,False
1.0,0.0015,0.0121299907512640,2,C,False
1.0,0.0015,112.987012987013,3,H,True
1.0,0.0015,32.0632379232507,3,S,True
1.0,0.0015,0.00272727272727273,3,N,True
1.0,0.0015,0.0211551332156781,3,C,True
1.0,0.0016250000000000001,17.1428571428571,0,H,False
1.0,0.0016250000000000001,0.0,0,S,False
1.0,0.0016250000000000001,0.0196250000000000,0,N,False
1.0,0.0016250000000000001,0.150000000000000,0,C,False
1.0,0.0016250000000000001,17.1428571428571,1,H,True
1.0,0.0016250000000000001,42.0779220779221,1,S,True
1.0,0.0016250000000000001,0.0196250000000000,1,N,True
1.0,0.0016250000000000001,0.00272727272727273,1,C,True
1.0,0.0016250000000000001,113.701298701299,2,H,False
1.0,0.0016250000000000001,45.0534066072406,2,S,False
1.0,0.0016250000000000001,0.00272727272727273,2,N,False
1.0,0.0016250000000000001,0.0135738716531163,2,C,False
1.0,0.0016250000000000001,113.701298701299,3,H,True
1.0,0.0016250000000000001,35.1097938000198,3,S,True
1.0,0.0016250000000000001,0.00272727272727273,3,N,True
1.0,0.0016250000000000001,0.0188211007986743,3,C,True
1.0,0.00175,17.1428571428571,0,H,False
1.0,0.00175,0.0,0,S,False
1.0,0.00175,0.0197500000000000,0,N,False
1.0,0.00175,0.150000000000000,0,C,False
1.0,0.00175,17.1428571428571,1,H,True
1.0,0.00175,42.0779220779221,1,S,True
1.0,0.00175,0.0197500000000000,1,N,True
1.0,0.00175,0.00272727272727273,1,C,True
1.0,0.00175,,2,H,False
1.0,0.00175,,2,S,False
1.0,0.00175,,2,N,False
1.0,0.00175,,2,C,False
1.0,0.00175,,3,H,False
1.0,0.00175,,3,S,False
1.0,0.00175,,3,N,False
1.0,0.00175,,3,C,False
1.0357142857142858,0.0,15.3061224489796,0,H,False
1.0357142857142858,0.0,0.0,0,S,False
1.0357142857142858,0.0,0.0183214285714286,0,N,False
1.0357142857142858,0.0,0.151071428571428,0,C,False
1.0357142857142858,0.0,15.3061224489796,1,H,True
1.0357142857142858,0.0,37.1650822977472,1,S,True
1.0357142857142858,0.0,0.0183214285714286,1,N,True
1.0357142857142858,0.0,0.00278275020341741,1,C,True
1.0357142857142858,0.0,104.415584415584,2,H,False
1.0357142857142858,0.0,66.9667304208294,2,S,False
1.0357142857142858,0.0,0.00272727272727273,2,N,False
1.0357142857142858,0.0,0.00794234858999777,2,C,False
1.0357142857142858,0.0,104.415584415584,3,H,True
1.0357142857142858,0.0,21.1870258572431,3,S,True
1.0357142857142858,0.0,0.00272727272727273,3,N,True
1.0357142857142858,0.0,0.0347183511659013,3,C,True
1.0357142857142858,0.000125,15.3061224489796,0,H,False
1.0357142857142858,0.000125,0.0,0,S,False
1.0357142857142858,0.000125,0.0184464285714286,0,N,False
1.0357142857142858,0.000125,0.151071428571428,0,C,False
1.0357142857142858,0.000125,15.3061224489796,1,H,True
1.0357142857142858,0.000125,37.1650822977472,1,S,True
1.0357142857142858,0.000125,0.0184464285714286,1,N,True
1.0357142857142858,0.000125,0.00278275020341741,1,C,True
1.0357142857142858,0.000125,105.129870129870,2,H,False
1.0357142857142858,0.000125,65.5931004003481,2,S,False
1.0357142857142858,0.000125,0.00272727272727273,2,N,False
1.0357142857142858,0.000125,0.00817309647067734,2,C,False
1.0357142857142858,0.000125,105.129870129870,3,H,True
1.0357142857142858,0.000125,21.8289749131840,3,S,True
1.0357142857142858,0.000125,0.00272727272727273,3,N,True
1.0357142857142858,0.000125,0.0335962959893172,3,C,True
1.0357142857142858,0.00025,15.3061224489796,0,H,False
1.0357142857142858,0.00025,0.0,0,S,False
1.0357142857142858,0.00025,0.0185714285714286,0,N,False
1.0357142857142858,0.00025,0.151071428571428,0,C,False
1.0357142857142858,0.00025,15.3061224489796,1,H,True
1.0357142857142858,0.00025,37.1650822977472,1,S,True
1.0357142857142858,0.00025,0.0185714285714286,1,N,True
1.0357142857142858,0.00025,0.00278275020341741,1,C,True
1.0357142857142858,0.00025,105.844155844156,2,H,False
1.0357142857142858,0.00025,64.1572617800694,2,S,False
1.0357142857142858,0.00025,0.00272727272727273,2,N,False
1.0357142857142858,0.00025,0.00842537649945584,2,C,False
1.0357142857142858,0.00025,105.844155844156,3,H,True
1.0357142857142858,0.00025,22.5149955076179,3,S,True
1.0357142857142858,0.00025,0.00272727272727273,3,N,True
1.0357142857142858,0.00025,0.0324527086646341,3,C,True
1.0357142857142858,0.000375,15.3061224489796,0,H,False
1.0357142857142858,0.000375,0.0,0,S,False
1.0357142857142858,0.000375,0.0186964285714286,0,N,False
1.0357142857142858,0.000375,0.151071428571428,0,C,False
1.0357142857142858,0.000375,15.3061224489796,1,H,True
1.0357142857142858,0.000375,37.1650822977472,1,S,True
1.0357142857142858,0.000375,0.0186964285714286,1,N,True
1.0357142857142858,0.000375,0.00278275020341741,1,C,True
1.0357142857142858,0.000375,106.558441558442,2,H,False
1.0357142857142858,0.000375,62.6514928798076,2,S,False
1.0357142857142858,0.000375,0.00272727272727273,2,N,False
1.0357142857142858,0.000375,0.00870318116830604,2,C,False
1.0357142857142858,0.000375,106.558441558442,3,H,True
1.0357142857142858,0.000375,23.2528093207306,3,S,True
1.0357142857142858,0.000375,0.00272727272727273,3,N,True
1.0357142857142858,0.000375,0.0312835966998794,3,C,True
1.0357142857142858,0.0005,15.3061224489796,0,H,False
1.0357142857142858,0.0005,0.0,0,S,False
1.0357142857142858,0.0005,0.0188214285714286,0,N,False
1.0357142857142858,0.0005,0.151071428571428,0,C,False
1.0357142857142858,0.0005,15.3061224489796,1,H,True
1.0357142857142858,0.0005,37.1650822977472,1,S,True
1.0357142857142858,0.0005,0.0188214285714286,1,N,True
1.0357142857142858,0.0005,0.00278275020341741,1,C,True
1.0357142857142858,0.0005,107.272727272727,2,H,False
1.0357142857142858,0.0005,61.0656646723720,2,S,False
1.0357142857142858,0.0005,0.00272727272727273,2,N,False
1.0357142857142858,0.0005,0.00901176715819070,2,C,False
1.0357142857142858,0.0005,107.272727272727,3,H,True
1.0357142857142858,0.0005,24.0525453797127,3,S,True
1.0357142857142858,0.0005,0.00272727272727273,3,N,True
1.0357142857142858,0.0005,0.0300837034140902,3,C,True
1.0357142857142858,0.000625,15.3061224489796,0,H,False
1.0357142857142858,0.000625,0.0,0,S,False
1.0357142857142858,0.000625,0.0189464285714286,0,N,False
1.0357142857142858,0.000625,0.151071428571428,0,C,False
1.0357142857142858,0.000625,15.3061224489796,1,H,True
1.0357142857142858,0.000625,37.1650822977472,1,S,True
1.0357142857142858,0.000625,0.0189464285714286,1,N,True
1.0357142857142858,0.000625,0.00278275020341741,1,C,True
1.0357142857142858,0.000625,107.987012987013,2,H,False
1.0357142857142858,0.000625,59.3860624484505,2,S,False
1.0357142857142858,0.000625,0.00272727272727273,2,N,False
1.0357142857142858,0.000625,0.00935827992943083,2,C,False
1.0357142857142858,0.000625,107.987012987013,3,H,True
1.0357142857142858,0.000625,24.9279183938763,3,S,True
1.0357142857142858,0.000625,0.00272727272727273,3,N,True
1.0357142857142858,0.000625,0.0288458833469456,3,C,True
1.0357142857142858,0.00075,15.3061224489796,0,H,False
1.0357142857142858,0.00075,0.0,0,S,False
1.0357142857142858,0.00075,0.0190714285714286,0,N,False
1.0357142857142858,0.00075,0.151071428571428,0,C,False
1.0357142857142858,0.00075,15.3061224489796,1,H,True
1.0357142857142858,0.00075,37.1650822977472,1,S,True
1.0357142857142858,0.00075,0.0190714285714286,1,N,True
1.0357142857142858,0.00075,0.00278275020341741,1,C,True
1.0357142857142858,0.00075,108.701298701299,2,H,False
1.0357142857142858,0.00075,57.5933473211788,2,S,False
1.0357142857142858,0.00075,0.00272727272727273,2,N,False
1.0357142857142858,0.00075,0.00975283694875952,2,C,False
1.0357142857142858,0.00075,108.701298701299,3,H,True
1.0357142857142858,0.00075,25.8982672500857,3,S,True
1.0357142857142858,0.00075,0.00272727272727273,3,N,True
1.0357142857142858,0.00075,0.0275600190317123,3,C,True
1.0357142857142858,0.000875,15.3061224489796,0,H,False
1.0357142857142858,0.000875,0.0,0,S,False
1.0357142857142858,0.000875,0.0191964285714286,0,N,False
1.0357142857142858,0.000875,0.151071428571428,0,C,False
1.0357142857142858,0.000875,15.3061224489796,1,H,True
1.0357142857142858,0.000875,37.1650822977472,1,S,True
1.0357142857142858,0.000875,0.0191964285714286,1,N,True
1.0357142857142858,0.000875,0.00278275020341741,1,C,True
1.0357142857142858,0.000875,109.415584415584,2,H,False
1.0357142857142858,0.000875,55.6587390917078,2,S,False
1.0357142857142858,0.000875,0.00272727272727273,2,N,False
1.0357142857142858,0.000875,0.0102105612528715,2,C,False
1.0357142857142858,0.000875,109.415584415584,3,H,True
1.0357142857142858,0.000875,26.9923721471901,3,S,True
1.0357142857142858,0.000875,0.00272727272727273,3,N,True
1.0357142857142858,0.000875,0.0262109874316958,3,C,True
1.0357142857142858,0.001,15.3061224489796,0,H,False
1.0357142857142858,0.001,0.0,0,S,False
1.0357142857142858,0.001,0.0193214285714286,0,N,False
1.0357142857142858,0.001,0.151071428571428,0,C,False
1.0357142857142858,0.001,15.3061224489796,1,H,True
1.0357142857142858,0.001,37.1650822977472,1,S,True
1.0357142857142858,0.001,0.0193214285714286,1,N,True
1.0357142857142858,0.001,0.00278275020341741,1,C,True
1.0357142857142858,0.001,110.129870129870,2,H,False
1.0357142857142858,0.001,53.5360549035405,2,S,False
1.0357142857142858,0.001,0.00272727272727273,2,N,False
1.0357142857142858,0.001,0.0107558340069423,2,C,False
1.0357142857142858,0.001,110.129870129870,3,H,True
1.0357142857142858,0.001,28.2564159416864,3,S,True
1.0357142857142858,0.001,0.00272727272727273,3,N,True
1.0357142857142858,0.001,0.0247744073817205,3,C,True
1.0357142857142858,0.0011250000000000001,15.3061224489796,0,H,False
1.0357142857142858,0.0011250000000000001,0.0,0,S,False
1.0357142857142858,0.0011250000000000001,0.0194464285714286,0,N,False
1.0357142857142858,0.0011250000000000001,0.151071428571428,0,C,False
1.0357142857142858,0.0011250000000000001,15.3061224489796,1,H,True
1.0357142857142858,0.0011250000000000001,37.1650822977472,1,S,True
1.0357142857142858,0.0011250000000000001,0.0194464285714286,1,N,True
1.0357142857142858,0.0011250000000000001,0.00278275020341741,1,C,True
1.0357142857142858,0.0011250000000000001,110.844155844156,2,H,False
1.0357142857142858,0.0011250000000000001,51.1422786021669,2,S,False
1.0357142857142858,0.0011250000000000001,0.00272727272727273,2,N,False
1.0357142857142858,0.0011250000000000001,0.0114327018392484,2,C,False
1.0357142857142858,0.0011250000000000001,110.844155844156,3,H,True
1.0357142857142858,0.0011250000000000001,29.7734147880847,3,S,True
1.0357142857142858,0.0011250000000000001,0.00272727272727273,3,N,True
1.0357142857142858,0.0011250000000000001,0.0232062322535099,3,C,True
1.0357142857142858,0.00125,15.3061224489796,0,H,False
1.0357142857142858,0.00125,0.0,0,S,False
1.0357142857142858,0.00125,0.0195714285714286,0,N,False
1.0357142857142858,0.00125,0.151071428571428,0,C,False
1.0357142857142858,0.00125,15.3061224489796,1,H,True
1.0357142857142858,0.00125,37.1650822977472,1,S,True
1.0357142857142858,0.00125,0.0195714285714286,1,N,True
1.0357142857142858,0.00125,0.00278275020341741,1,C,True
1.0357142857142858,0.00125,111.558441558442,2,H,False
1.0357142857142858,0.00125,48.2962112007760,2,S,False
1.0357142857142858,0.00125,0.00272727272727273,2,N,False
1.0357142857142858,0.00125,0.0123378323921145,2,C,False
1.0357142857142858,0.00125,111.558441558442,3,H,True
1.0357142857142858,0.00125,31.7245676731958,3,S,True
1.0357142857142858,0.00125,0.00272727272727273,3,N,True
1.0357142857142858,0.00125,0.0214097944047392,3,C,True
1.0357142857142858,0.001375,15.3061224489796,0,H,False
1.0357142857142858,0.001375,0.0,0,S,False
1.0357142857142858,0.001375,0.0196964285714286,0,N,False
1.0357142857142858,0.001375,0.151071428571428,0,C,False
1.0357142857142858,0.001375,15.3061224489796,1,H,True
1.0357142857142858,0.001375,37.1650822977472,1,S,True
1.0357142857142858,0.001375,0.0196964285714286,1,N,True
1.0357142857142858,0.001375,0.00278275020341741,1,C,True
1.0357142857142858,0.001375,112.272727272727,2,H,False
1.0357142857142858,0.001375,44.3806128419906,2,S,False
1.0357142857142858,0.001375,0.00272727272727273,2,N,False
1.0357142857142858,0.001375,0.0138026203538489,2,C,False
1.0357142857142858,0.001375,112.272727272727,3,H,True
1.0357142857142858,0.001375,34.7271144543970,3,S,True
1.0357142857142858,0.001375,0.00272727272727273,3,N,True
1.0357142857142858,0.001375,0.0190536991471003,3,C,True
1.0357142857142858,0.0015,15.3061224489796,0,H,False
1.0357142857142858,0.0015,0.0,0,S,False
1.0357142857142858,0.0015,0.0198214285714286,0,N,False
1.0357142857142858,0.0015,0.151071428571428,0,C,False
1.0357142857142858,0.0015,15.3061224489796,1,H,True
1.0357142857142858,0.0015,37.1650822977472,1,S,True
1.0357142857142858,0.0015,0.0198214285714286,1,N,True
1.0357142857142858,0.0015,0.00278275020341741,1,C,True
1.0357142857142858,0.0015,,2,H,False
1.0357142857142858,0.0015,,2,S,False
1.0357142857142858,0.0015,,2,N,False
1.0357142857142858,0.0015,,2,C,False
1.0357142857142858,0.0015,,3,H,False
1.0357142857142858,0.0015,,3,S,False
1.0357142857142858,0.0015,,3,N,False
1.0357142857142858,0.0015,,3,C,False
1.0357142857142858,0.0016250000000000001,15.3061224489796,0,H,False
1.0357142857142858,0.0016250000000000001,0.0,0,S,False
1.0357142857142858,0.0016250000000000001,0.0199464285714286,0,N,False
1.0357142857142858,0.0016250000000000001,0.151071428571428,0,C,False
1.0357142857142858,0.0016250000000000001,15.3061224489796,1,H,True
1.0357142857142858,0.0016250000000000001,37.1650822977472,1,S,True
1.0357142857142858,0.0016250000000000001,0.0199464285714286,1,N,True
1.0357142857142858,0.0016250000000000001,0.00278275020341741,1,C,True
1.0357142857142858,0.0016250000000000001,,2,H,False
1.0357142857142858,0.0016250000000000001,,2,S,False
1.0357142857142858,0.0016250000000000001,,2,N,False
1.0357142857142858,0.0016250000000000001,,2,C,False
1.0357142857142858,0.0016250000000000001,,3,H,False
1.0357142857142858,0.0016250000000000001,,3,S,False
1.0357142857142858,0.0016250000000000001,,3,N,False
1.0357142857142858,0.0016250000000000001,,3,C,False
1.0357142857142858,0.00175,15.3061224489796,0,H,False
1.0357142857142858,0.00175,0.0,0,S,False
1.0357142857142858,0.00175,0.0200714285714286,0,N,False
1.0357142857142858,0.00175,0.151071428571428,0,C,False
1.0357142857142858,0.00175,15.3061224489796,1,H,True
1.0357142857142858,0.00175,37.1650822977472,1,S,True
1.0357142857142858,0.00175,0.0200714285714286,1,N,True
1.0357142857142858,0.00175,0.00278275020341741,1,C,True
1.0357142857142858,0.00175,,2,H,False
1.0357142857142858,0.00175,,2,S,False
1.0357142857142858,0.00175,,2,N,False
1.0357142857142858,0.00175,,2,C,False
1.0357142857142858,0.00175,,3,H,False
1.0357142857142858,0.00175,,3,S,False
1.0357142857142858,0.00175,,3,N,False
1.0357142857142858,0.00175,,3,C,False
1.0714285714285714,0.0,13.4693877551021,0,H,False
1.0714285714285714,0.0,0.0,0,S,False
1.0714285714285714,0.0,0.0186428571428571,0,N,False
1.0714285714285714,0.0,0.152142857142857,0,C,False
1.0714285714285714,0.0,13.4693877551021,1,H,True
1.0714285714285714,0.0,32.3615357151468,1,S,True
1.0714285714285714,0.0,0.0186428571428571,1,N,True
1.0714285714285714,0.0,0.00283849918433932,1,C,True
1.0714285714285714,0.0,104.415584415584,2,H,False
1.0714285714285714,0.0,62.9321478410237,2,S,False
1.0714285714285714,0.0,0.00272727272727273,2,N,False
1.0714285714285714,0.0,0.00858494021566532,2,C,False
1.0714285714285714,0.0,104.415584415584,3,H,True
1.0714285714285714,0.0,22.3067348429746,3,S,True
1.0714285714285714,0.0,0.00272727272727273,3,N,True
1.0714285714285714,0.0,0.0327631244439818,3,C,True
1.0714285714285714,0.000125,13.4693877551021,0,H,False
1.0714285714285714,0.000125,0.0,0,S,False
1.0714285714285714,0.000125,0.0187678571428571,0,N,False
1.0714285714285714,0.000125,0.152142857142857,0,C,False
1.0714285714285714,0.000125,13.4693877551021,1,H,True
1.0714285714285714,0.000125,32.3615357151468,1,S,True
1.0714285714285714,0.000125,0.0187678571428571,1,N,True
1.0714285714285714,0.000125,0.00283849918433932,1,C,True
1.0714285714285714,0.000125,105.129870129870,2,H,False
1.0714285714285714,0.000125,61.4763872249519,2,S,False
1.0714285714285714,0.000125,0.00272727272727273,2,N,False
1.0714285714285714,0.000125,0.00886658967333688,2,C,False
1.0714285714285714,0.000125,105.129870129870,3,H,True
1.0714285714285714,0.000125,23.0358517568585,3,S,True
1.0714285714285714,0.000125,0.00272727272727273,3,N,True
1.0714285714285714,0.000125,0.0315890062533032,3,C,True
1.0714285714285714,0.00025,13.4693877551021,0,H,False
1.0714285714285714,0.00025,0.0,0,S,False
1.0714285714285714,0.00025,0.0188928571428571,0,N,False
1.0714285714285714,0.00025,0.152142857142857,0,C,False
1.0714285714285714,0.00025,13.4693877551021,1,H,True
1.0714285714285714,0.00025,32.3615357151468,1,S,True
1.0714285714285714,0.00025,0.0188928571428571,1,N,True
1.0714285714285714,0.00025,0.00283849918433932,1,C,True
1.0714285714285714,0.00025,105.844155844156,2,H,False
1.0714285714285714,0.00025,59.9419474543306,2,S,False
1.0714285714285714,0.00025,0.00272727272727273,2,N,False
1.0714285714285714,0.00025,0.00917938411843290,2,C,False
1.0714285714285714,0.00025,105.844155844156,3,H,True
1.0714285714285714,0.00025,23.8258501716445,3,S,True
1.0714285714285714,0.00025,0.00272727272727273,3,N,True
1.0714285714285714,0.00025,0.0303837430752001,3,C,True
1.0714285714285714,0.000375,13.4693877551021,0,H,False
1.0714285714285714,0.000375,0.0,0,S,False
1.0714285714285714,0.000375,0.0190178571428571,0,N,False
1.0714285714285714,0.000375,0.152142857142857,0,C,False
1.0714285714285714,0.000375,13.4693877551021,1,H,True
1.0714285714285714,0.000375,32.3615357151468,1,S,True
1.0714285714285714,0.000375,0.0190178571428571,1,N,True
1.0714285714285714,0.000375,0.00283849918433932,1,C,True
1.0714285714285714,0.000375,106.558441558442,2,H,False
1.0714285714285714,0.000375,58.3153561374867,2,S,False
1.0714285714285714,0.000375,0.00272727272727273,2,N,False
1.0714285714285714,0.000375,0.00953055407761149,2,C,False
1.0714285714285714,0.000375,106.558441558442,3,H,True
1.0714285714285714,0.000375,24.6902024790058,3,S,True
1.0714285714285714,0.000375,0.00272727272727273,3,N,True
1.0714285714285714,0.000375,0.0291401043830144,3,C,True
1.0714285714285714,0.0005,13.4693877551021,0,H,False
1.0714285714285714,0.0005,0.0,0,S,False
1.0714285714285714,0.0005,0.0191428571428571,0,N,False
1.0714285714285714,0.0005,0.152142857142857,0,C,False
1.0714285714285714,0.0005,13.4693877551021,1,H,True
1.0714285714285714,0.0005,32.3615357151468,1,S,True
1.0714285714285714,0.0005,0.0191428571428571,1,N,True
1.0714285714285714,0.0005,0.00283849918433932,1,C,True
1.0714285714285714,0.0005,107.272727272727,2,H,False
1.0714285714285714,0.0005,56.5776110343954,2,S,False
1.0714285714285714,0.0005,0.00272727272727273,2,N,False
1.0714285714285714,0.0005,0.00993034092601743,2,C,False
1.0714285714285714,0.0005,107.272727272727,3,H,True
1.0714285714285714,0.0005,25.6479109189671,3,S,True
1.0714285714285714,0.0005,0.00272727272727273,3,N,True
1.0714285714285714,0.0005,0.0278478488016014,3,C,True
1.0714285714285714,0.000625,13.4693877551021,0,H,False
1.0714285714285714,0.000625,0.0,0,S,False
1.0714285714285714,0.000625,0.0192678571428571,0,N,False
1.0714285714285714,0.000625,0.152142857142857,0,C,False
1.0714285714285714,0.000625,13.4693877551021,1,H,True
1.0714285714285714,0.000625,32.3615357151468,1,S,True
1.0714285714285714,0.000625,0.0192678571428571,1,N,True
1.0714285714285714,0.000625,0.00283849918433932,1,C,True
1.0714285714285714,0.000625,107.987012987013,2,H,False
1.0714285714285714,0.000625,54.7004207387257,2,S,False
1.0714285714285714,0.000625,0.00272727272727273,2,N,False
1.0714285714285714,0.000625,0.0103940606699731,2,C,False
1.0714285714285714,0.000625,107.987012987013,3,H,True
1.0714285714285714,0.000625,26.7272668978595,3,S,True
1.0714285714285714,0.000625,0.00272727272727273,3,N,True
1.0714285714285714,0.000625,0.0264916603246387,3,C,True
1.0714285714285714,0.00075,13.4693877551021,0,H,False
1.0714285714285714,0.00075,0.0,0,S,False
1.0714285714285714,0.00075,0.0193928571428571,0,N,False
1.0714285714285714,0.00075,0.152142857142857,0,C,False
1.0714285714285714,0.00075,13.4693877551021,1,H,True
1.0714285714285714,0.00075,32.3615357151468,1,S,True
1.0714285714285714,0.00075,0.0193928571428571,1,N,True
1.0714285714285714,0.00075,0.00283849918433932,1,C,True
1.0714285714285714,0.00075,108.701298701299,2,H,False
1.0714285714285714,0.00075,52.6383545062665,2,S,False
1.0714285714285714,0.00075,0.00272727272727273,2,N,False
1.0714285714285714,0.00075,0.0109464250398589,2,C,False
1.0714285714285714,0.00075,108.701298701299,3,H,True
1.0714285714285714,0.00075,27.9737011598939,3,S,True
1.0714285714285714,0.00075,0.00272727272727273,3,N,True
1.0714285714285714,0.00075,0.0250468272217458,3,C,True
1.0714285714285714,0.000875,13.4693877551021,0,H,False
1.0714285714285714,0.000875,0.0,0,S,False
1.0714285714285714,0.000875,0.0195178571428571,0,N,False
1.0714285714285714,0.000875,0.152142857142857,0,C,False
1.0714285714285714,0.000875,13.4693877551021,1,H,True
1.0714285714285714,0.000875,32.3615357151468,1,S,True
1.0714285714285714,0.000875,0.0195178571428571,1,N,True
1.0714285714285714,0.000875,0.00283849918433932,1,C,True
1.0714285714285714,0.000875,109.415584415584,2,H,False
1.0714285714285714,0.000875,50.3096470834594,2,S,False
1.0714285714285714,0.000875,0.00272727272727273,2,N,False
1.0714285714285714,0.000875,0.0116321367508084,2,C,False
1.0714285714285714,0.000875,109.415584415584,3,H,True
1.0714285714285714,0.000875,29.4689789586291,3,S,True
1.0714285714285714,0.000875,0.00272727272727273,3,N,True
1.0714285714285714,0.000875,0.0234686467777892,3,C,True
1.0714285714285714,0.001,13.4693877551021,0,H,False
1.0714285714285714,0.001,0.0,0,S,False
1.0714285714285714,0.001,0.0196428571428571,0,N,False
1.0714285714285714,0.001,0.152142857142857,0,C,False
1.0714285714285714,0.001,13.4693877551021,1,H,True
1.0714285714285714,0.001,32.3615357151468,1,S,True
1.0714285714285714,0.001,0.0196428571428571,1,N,True
1.0714285714285714,0.001,0.00283849918433932,1,C,True
1.0714285714285714,0.001,110.129870129870,2,H,False
1.0714285714285714,0.001,47.5353869834836,2,S,False
1.0714285714285714,0.001,0.00272727272727273,2,N,False
1.0714285714285714,0.001,0.0125495553727698,2,C,False
1.0714285714285714,0.001,110.129870129870,3,H,True
1.0714285714285714,0.001,31.3920117808854,3,S,True
1.0714285714285714,0.001,0.00272727272727273,3,N,True
1.0714285714285714,0.001,0.0216587594228208,3,C,True
1.0714285714285714,0.0011250000000000001,13.4693877551021,0,H,False
1.0714285714285714,0.0011250000000000001,0.0,0,S,False
1.0714285714285714,0.0011250000000000001,0.0197678571428571,0,N,False
1.0714285714285714,0.0011250000000000001,0.152142857142857,0,C,False
1.0714285714285714,0.0011250000000000001,13.4693877551021,1,H,True
1.0714285714285714,0.0011250000000000001,32.3615357151468,1,S,True
1.0714285714285714,0.0011250000000000001,0.0197678571428571,1,N,True
1.0714285714285714,0.0011250000000000001,0.00283849918433932,1,C,True
1.0714285714285714,0.0011250000000000001,110.844155844156,2,H,False
1.0714285714285714,0.0011250000000000001,43.7014254843579,2,S,False
1.0714285714285714,0.0011250000000000001,0.00272727272727273,2,N,False
1.0714285714285714,0.0011250000000000001,0.0140385133596814,2,C,False
1.0714285714285714,0.0011250000000000001,110.844155844156,3,H,True
1.0714285714285714,0.0011250000000000001,34.3569483486444,3,S,True
1.0714285714285714,0.0011250000000000001,0.00272727272727273,3,N,True
1.0714285714285714,0.0011250000000000001,0.0192773327029021,3,C,True
1.0714285714285714,0.00125,13.4693877551021,0,H,False
1.0714285714285714,0.00125,0.0,0,S,False
1.0714285714285714,0.00125,0.0198928571428571,0,N,False
1.0714285714285714,0.00125,0.152142857142857,0,C,False
1.0714285714285714,0.00125,13.4693877551021,1,H,True
1.0714285714285714,0.00125,32.3615357151468,1,S,True
1.0714285714285714,0.00125,0.0198928571428571,1,N,True
1.0714285714285714,0.00125,0.00283849918433932,1,C,True
1.0714285714285714,0.00125,,2,H,False
1.0714285714285714,0.00125,,2,S,False
1.0714285714285714,0.00125,,2,N,False
1.0714285714285714,0.00125,,2,C,False
1.0714285714285714,0.00125,,3,H,False
1.0714285714285714,0.00125,,3,S,False
1.0714285714285714,0.00125,,3,N,False
1.0714285714285714,0.00125,,3,C,False
1.0714285714285714,0.001375,13.4693877551021,0,H,False
1.0714285714285714,0.001375,0.0,0,S,False
1.0714285714285714,0.001375,0.0200178571428571,0,N,False
1.0714285714285714,0.001375,0.152142857142857,0,C,False
1.0714285714285714,0.001375,13.4693877551021,1,H,True
1.0714285714285714,0.001375,32.3615357151468,1,S,True
1.0714285714285714,0.001375,0.0200178571428571,1,N,True
1.0714285714285714,0.001375,0.00283849918433932,1,C,True
1.0714285714285714,0.001375,,2,H,False
1.0714285714285714,0.001375,,2,S,False
1.0714285714285714,0.001375,,2,N,False
1.0714285714285714,0.001375,,2,C,False
1.0714285714285714,0.001375,,3,H,False
1.0714285714285714,0.001375,,3,S,False
1.0714285714285714,0.001375,,3,N,False
1.0714285714285714,0.001375,,3,C,False
1.0714285714285714,0.0015,13.4693877551021,0,H,False
1.0714285714285714,0.0015,0.0,0,S,False
1.0714285714285714,0.0015,0.0201428571428571,0,N,False
1.0714285714285714,0.0015,0.152142857142857,0,C,False
1.0714285714285714,0.0015,13.4693877551021,1,H,True
1.0714285714285714,0.0015,32.3615357151468,1,S,True
1.0714285714285714,0.0015,0.0201428571428571,1,N,True
1.0714285714285714,0.0015,0.00283849918433932,1,C,True
1.0714285714285714,0.0015,,2,H,False
1.0714285714285714,0.0015,,2,S,False
1.0714285714285714,0.0015,,2,N,False
1.0714285714285714,0.0015,,2,C,False
1.0714285714285714,0.0015,,3,H,False
1.0714285714285714,0.0015,,3,S,False
1.0714285714285714,0.0015,,3,N,False
1.0714285714285714,0.0015,,3,C,False
1.0714285714285714,0.0016250000000000001,13.4693877551021,0,H,False
1.0714285714285714,0.0016250000000000001,0.0,0,S,False
1.0714285714285714,0.0016250000000000001,0.0202678571428571,0,N,False
1.0714285714285714,0.0016250000000000001,0.152142857142857,0,C,False
1.0714285714285714,0.0016250000000000001,13.4693877551021,1,H,True
1.0714285714285714,0.0016250000000000001,32.3615357151468,1,S,True
1.0714285714285714,0.0016250000000000001,0.0202678571428571,1,N,True
1.0714285714285714,0.0016250000000000001,0.00283849918433932,1,C,True
1.0714285714285714,0.0016250000000000001,,2,H,False
1.0714285714285714,0.0016250000000000001,,2,S,False
1.0714285714285714,0.0016250000000000001,,2,N,False
1.0714285714285714,0.0016250000000000001,,2,C,False
1.0714285714285714,0.0016250000000000001,,3,H,False
1.0714285714285714,0.0016250000000000001,,3,S,False
1.0714285714285714,0.0016250000000000001,,3,N,False
1.0714285714285714,0.0016250000000000001,,3,C,False
1.0714285714285714,0.00175,13.4693877551021,0,H,False
1.0714285714285714,0.00175,0.0,0,S,False
1.0714285714285714,0.00175,0.0203928571428571,0,N,False
1.0714285714285714,0.00175,0.152142857142857,0,C,False
1.0714285714285714,0.00175,13.4693877551021,1,H,True
1.0714285714285714,0.00175,32.3615357151468,1,S,True
1.0714285714285714,0.00175,0.0203928571428571,1,N,True
1.0714285714285714,0.00175,0.00283849918433932,1,C,True
1.0714285714285714,0.00175,,2,H,False
1.0714285714285714,0.00175,,2,S,False
1.0714285714285714,0.00175,,2,N,False
1.0714285714285714,0.00175,,2,C,False
1.0714285714285714,0.00175,,3,H,False
1.0714285714285714,0.00175,,3,S,False
1.0714285714285714,0.00175,,3,N,False
1.0714285714285714,0.00175,,3,C,False
1.1071428571428572,0.0,11.6326530612245,0,H,False
1.1071428571428572,0.0,0.0,0,S,False
1.1071428571428572,0.0,0.0189642857142857,0,N,False
1.1071428571428572,0.0,0.153214285714286,0,C,False
1.1071428571428572,0.0,11.6326530612245,1,H,True
1.1071428571428572,0.0,27.6617483474952,1,S,True
1.1071428571428572,0.0,0.0189642857142857,1,N,True
1.1071428571428572,0.0,0.00289452166802944,1,C,True
1.1071428571428572,0.0,104.415584415584,2,H,False
1.1071428571428572,0.0,58.8341918532522,2,S,False
1.1071428571428572,0.0,0.00272727272727273,2,N,False
1.1071428571428572,0.0,0.00934869803398700,2,C,False
1.1071428571428572,0.0,104.415584415584,3,H,True
1.1071428571428572,0.0,23.5992635045461,3,S,True
1.1071428571428572,0.0,0.00272727272727273,3,N,True
1.1071428571428572,0.0,0.0306802917824108,3,C,True
1.1071428571428572,0.000125,11.6326530612245,0,H,False
1.1071428571428572,0.000125,0.0,0,S,False
1.1071428571428572,0.000125,0.0190892857142857,0,N,False
1.1071428571428572,0.000125,0.153214285714286,0,C,False
1.1071428571428572,0.000125,11.6326530612245,1,H,True
1.1071428571428572,0.000125,27.6617483474952,1,S,True
1.1071428571428572,0.000125,0.0190892857142857,1,N,True
1.1071428571428572,0.000125,0.00289452166802944,1,C,True
1.1071428571428572,0.000125,105.129870129870,2,H,False
1.1071428571428572,0.000125,57.2587938417264,2,S,False
1.1071428571428572,0.000125,0.00272727272727273,2,N,False
1.1071428571428572,0.000125,0.00970465262096829,2,C,False
1.1071428571428572,0.000125,105.129870129870,3,H,True
1.1071428571428572,0.000125,24.4529665632212,3,S,True
1.1071428571428572,0.000125,0.00272727272727273,3,N,True
1.1071428571428572,0.000125,0.0294307013273455,3,C,True
1.1071428571428572,0.00025,11.6326530612245,0,H,False
1.1071428571428572,0.00025,0.0,0,S,False
1.1071428571428572,0.00025,0.0192142857142857,0,N,False
1.1071428571428572,0.00025,0.153214285714286,0,C,False
1.1071428571428572,0.00025,11.6326530612245,1,H,True
1.1071428571428572,0.00025,27.6617483474952,1,S,True
1.1071428571428572,0.00025,0.0192142857142857,1,N,True
1.1071428571428572,0.00025,0.00289452166802944,1,C,True
1.1071428571428572,0.00025,105.844155844156,2,H,False
1.1071428571428572,0.00025,55.5740949983252,2,S,False
1.1071428571428572,0.00025,0.00272727272727273,2,N,False
1.1071428571428572,0.00025,0.0101098342175102,2,C,False
1.1071428571428572,0.00025,105.844155844156,3,H,True
1.1071428571428572,0.00025,25.3985008312050,3,S,True
1.1071428571428572,0.00025,0.00272727272727273,3,N,True
1.1071428571428572,0.00025,0.0281318838627197,3,C,True
1.1071428571428572,0.000375,11.6326530612245,0,H,False
1.1071428571428572,0.000375,0.0,0,S,False
1.1071428571428572,0.000375,0.0193392857142857,0,N,False
1.1071428571428572,0.000375,0.153214285714286,0,C,False
1.1071428571428572,0.000375,11.6326530612245,1,H,True
1.1071428571428572,0.000375,27.6617483474952,1,S,True
1.1071428571428572,0.000375,0.0193392857142857,1,N,True
1.1071428571428572,0.000375,0.00289452166802944,1,C,True
1.1071428571428572,0.000375,106.558441558442,2,H,False
1.1071428571428572,0.000375,53.7522482370273,2,S,False
1.1071428571428572,0.000375,0.00272727272727273,2,N,False
1.1071428571428572,0.000375,0.0105797727729888,2,C,False
1.1071428571428572,0.000375,106.558441558442,3,H,True
1.1071428571428572,0.000375,26.4637133945186,3,S,True
1.1071428571428572,0.000375,0.00272727272727273,3,N,True
1.1071428571428572,0.000375,0.0267683094391571,3,C,True
1.1071428571428572,0.0005,11.6326530612245,0,H,False
1.1071428571428572,0.0005,0.0,0,S,False
1.1071428571428572,0.0005,0.0194642857142857,0,N,False
1.1071428571428572,0.0005,0.153214285714286,0,C,False
1.1071428571428572,0.0005,11.6326530612245,1,H,True
1.1071428571428572,0.0005,27.6617483474952,1,S,True
1.1071428571428572,0.0005,0.0194642857142857,1,N,True
1.1071428571428572,0.0005,0.00289452166802944,1,C,True
1.1071428571428572,0.0005,107.272727272727,2,H,False
1.1071428571428572,0.0005,51.7484922539893,2,S,False
1.1071428571428572,0.0005,0.00272727272727273,2,N,False
1.1071428571428572,0.0005,0.0111395519130982,2,C,False
1.1071428571428572,0.0005,107.272727272727,3,H,True
1.1071428571428572,0.0005,27.6933655570054,3,S,True
1.1071428571428572,0.0005,0.00272727272727273,3,N,True
1.1071428571428572,0.0005,0.0253148944309638,3,C,True
1.1071428571428572,0.000625,11.6326530612245,0,H,False
1.1071428571428572,0.000625,0.0,0,S,False
1.1071428571428572,0.000625,0.0195892857142857,0,N,False
1.1071428571428572,0.000625,0.153214285714286,0,C,False
1.1071428571428572,0.000625,11.6326530612245,1,H,True
1.1071428571428572,0.000625,27.6617483474952,1,S,True
1.1071428571428572,0.000625,0.0195892857142857,1,N,True
1.1071428571428572,0.000625,0.00289452166802944,1,C,True
1.1071428571428572,0.000625,107.987012987013,2,H,False
1.1071428571428572,0.000625,49.4821318403513,2,S,False
1.1071428571428572,0.000625,0.00272727272727273,2,N,False
1.1071428571428572,0.000625,0.0118346268672626,2,C,False
1.1071428571428572,0.000625,107.987012987013,3,H,True
1.1071428571428572,0.000625,29.1681525275255,3,S,True
1.1071428571428572,0.000625,0.00272727272727273,3,N,True
1.1071428571428572,0.000625,0.0237261836087154,3,C,True
1.1071428571428572,0.00075,11.6326530612245,0,H,False
1.1071428571428572,0.00075,0.0,0,S,False
1.1071428571428572,0.00075,0.0197142857142857,0,N,False
1.1071428571428572,0.00075,0.153214285714286,0,C,False
1.1071428571428572,0.00075,11.6326530612245,1,H,True
1.1071428571428572,0.00075,27.6617483474952,1,S,True
1.1071428571428572,0.00075,0.0197142857142857,1,N,True
1.1071428571428572,0.00075,0.00289452166802944,1,C,True
1.1071428571428572,0.00075,108.701298701299,2,H,False
1.1071428571428572,0.00075,46.7760136834590,2,S,False
1.1071428571428572,0.00075,0.00272727272727273,2,N,False
1.1071428571428572,0.00075,0.0127653524670262,2,C,False
1.1071428571428572,0.00075,108.701298701299,3,H,True
1.1071428571428572,0.00075,31.0652276187329,3,S,True
1.1071428571428572,0.00075,0.00272727272727273,3,N,True
1.1071428571428572,0.00075,0.0219018221408678,3,C,True
1.1071428571428572,0.000875,11.6326530612245,0,H,False
1.1071428571428572,0.000875,0.0,0,S,False
1.1071428571428572,0.000875,0.0198392857142857,0,N,False
1.1071428571428572,0.000875,0.153214285714286,0,C,False
1.1071428571428572,0.000875,11.6326530612245,1,H,True
1.1071428571428572,0.000875,27.6617483474952,1,S,True
1.1071428571428572,0.000875,0.0198392857142857,1,N,True
1.1071428571428572,0.000875,0.00289452166802944,1,C,True
1.1071428571428572,0.000875,109.415584415584,2,H,False
1.1071428571428572,0.000875,43.0157857824700,2,S,False
1.1071428571428572,0.000875,0.00272727272727273,2,N,False
1.1071428571428572,0.000875,0.0142820522741192,2,C,False
1.1071428571428572,0.000875,109.415584415584,3,H,True
1.1071428571428572,0.000875,33.9989428314702,3,S,True
1.1071428571428572,0.000875,0.00272727272727273,3,N,True
1.1071428571428572,0.000875,0.0194914864656909,3,C,True
1.1071428571428572,0.001,11.6326530612245,0,H,False
1.1071428571428572,0.001,0.0,0,S,False
1.1071428571428572,0.001,0.0199642857142857,0,N,False
1.1071428571428572,0.001,0.153214285714286,0,C,False
1.1071428571428572,0.001,11.6326530612245,1,H,True
1.1071428571428572,0.001,27.6617483474952,1,S,True
1.1071428571428572,0.001,0.0199642857142857,1,N,True
1.1071428571428572,0.001,0.00289452166802944,1,C,True
1.1071428571428572,0.001,,2,H,False
1.1071428571428572,0.001,,2,S,False
1.1071428571428572,0.001,,2,N,False
1.1071428571428572,0.001,,2,C,False
1.1071428571428572,0.001,,3,H,False
1.1071428571428572,0.001,,3,S,False
1.1071428571428572,0.001,,3,N,False
1.1071428571428572,0.001,,3,C,False
1.1071428571428572,0.0011250000000000001,11.6326530612245,0,H,False
1.1071428571428572,0.0011250000000000001,0.0,0,S,False
1.1071428571428572,0.0011250000000000001,0.0200892857142857,0,N,False
1.1071428571428572,0.0011250000000000001,0.153214285714286,0,C,False
1.1071428571428572,0.0011250000000000001,11.6326530612245,1,H,True
1.1071428571428572,0.0011250000000000001,27.6617483474952,1,S,True
1.1071428571428572,0.0011250000000000001,0.0200892857142857,1,N,True
1.1071428571428572,0.0011250000000000001,0.00289452166802944,1,C,True
1.1071428571428572,0.0011250000000000001,,2,H,False
1.1071428571428572,0.0011250000000000001,,2,S,False
1.1071428571428572,0.0011250000000000001,,2,N,False
1.1071428571428572,0.0011250000000000001,,2,C,False
1.1071428571428572,0.0011250000000000001,,3,H,False
1.1071428571428572,0.0011250000000000001,,3,S,False
1.1071428571428572,0.0011250000000000001,,3,N,False
1.1071428571428572,0.0011250000000000001,,3,C,False
1.1071428571428572,0.00125,11.6326530612245,0,H,False
1.1071428571428572,0.00125,0.0,0,S,False
1.1071428571428572,0.00125,0.0202142857142857,0,N,False
1.1071428571428572,0.00125,0.153214285714286,0,C,False
1.1071428571428572,0.00125,11.6326530612245,1,H,True
1.1071428571428572,0.00125,27.6617483474952,1,S,True
1.1071428571428572,0.00125,0.0202142857142857,1,N,True
1.1071428571428572,0.00125,0.00289452166802944,1,C,True
1.1071428571428572,0.00125,,2,H,False
1.1071428571428572,0.00125,,2,S,False
1.1071428571428572,0.00125,,2,N,False
1.1071428571428572,0.00125,,2,C,False
1.1071428571428572,0.00125,,3,H,False
1.1071428571428572,0.00125,,3,S,False
1.1071428571428572,0.00125,,3,N,False
1.1071428571428572,0.00125,,3,C,False
1.1071428571428572,0.001375,11.6326530612245,0,H,False
1.1071428571428572,0.001375,0.0,0,S,False
1.1071428571428572,0.001375,0.0203392857142857,0,N,False
1.1071428571428572,0.001375,0.153214285714286,0,C,False
1.1071428571428572,0.001375,11.6326530612245,1,H,True
1.1071428571428572,0.001375,27.6617483474952,1,S,True
1.1071428571428572,0.001375,0.0203392857142857,1,N,True
1.1071428571428572,0.001375,0.00289452166802944,1,C,True
1.1071428571428572,0.001375,,2,H,False
1.1071428571428572,0.001375,,2,S,False
1.1071428571428572,0.001375,,2,N,False
1.1071428571428572,0.001375,,2,C,False
1.1071428571428572,0.001375,,3,H,False
1.1071428571428572,0.001375,,3,S,False
1.1071428571428572,0.001375,,3,N,False
1.1071428571428572,0.001375,,3,C,False
1.1071428571428572,0.0015,11.6326530612245,0,H,False
1.1071428571428572,0.0015,0.0,0,S,False
1.1071428571428572,0.0015,0.0204642857142857,0,N,False
1.1071428571428572,0.0015,0.153214285714286,0,C,False
1.1071428571428572,0.0015,11.6326530612245,1,H,True
1.1071428571428572,0.0015,27.6617483474952,1,S,True
1.1071428571428572,0.0015,0.0204642857142857,1,N,True
1.1071428571428572,0.0015,0.00289452166802944,1,C,True
1.1071428571428572,0.0015,,2,H,False
1.1071428571428572,0.0015,,2,S,False
1.1071428571428572,0.0015,,2,N,False
1.1071428571428572,0.0015,,2,C,False
1.1071428571428572,0.0015,,3,H,False
1.1071428571428572,0.0015,,3,S,False
1.1071428571428572,0.0015,,3,N,False
1.1071428571428572,0.0015,,3,C,False
1.1071428571428572,0.0016250000000000001,11.6326530612245,0,H,False
1.1071428571428572,0.0016250000000000001,0.0,0,S,False
1.1071428571428572,0.0016250000000000001,0.0205892857142857,0,N,False
1.1071428571428572,0.0016250000000000001,0.153214285714286,0,C,False
1.1071428571428572,0.0016250000000000001,11.6326530612245,1,H,True
1.1071428571428572,0.0016250000000000001,27.6617483474952,1,S,True
1.1071428571428572,0.0016250000000000001,0.0205892857142857,1,N,True
1.1071428571428572,0.0016250000000000001,0.00289452166802944,1,C,True
1.1071428571428572,0.0016250000000000001,,2,H,False
1.1071428571428572,0.0016250000000000001,,2,S,False
1.1071428571428572,0.0016250000000000001,,2,N,False
1.1071428571428572,0.0016250000000000001,,2,C,False
1.1071428571428572,0.0016250000000000001,,3,H,False
1.1071428571428572,0.0016250000000000001,,3,S,False
1.1071428571428572,0.0016250000000000001,,3,N,False
1.1071428571428572,0.0016250000000000001,,3,C,False
1.1071428571428572,0.00175,11.6326530612245,0,H,False
1.1071428571428572,0.00175,0.0,0,S,False
1.1071428571428572,0.00175,0.0207142857142857,0,N,False
1.1071428571428572,0.00175,0.153214285714286,0,C,False
1.1071428571428572,0.00175,11.6326530612245,1,H,True
1.1071428571428572,0.00175,27.6617483474952,1,S,True
1.1071428571428572,0.00175,0.0207142857142857,1,N,True
1.1071428571428572,0.00175,0.00289452166802944,1,C,True
1.1071428571428572,0.00175,,2,H,False
1.1071428571428572,0.00175,,2,S,False
1.1071428571428572,0.00175,,2,N,False
1.1071428571428572,0.00175,,2,C,False
1.1071428571428572,0.00175,,3,H,False
1.1071428571428572,0.00175,,3,S,False
1.1071428571428572,0.00175,,3,N,False
1.1071428571428572,0.00175,,3,C,False
1.1428571428571428,0.0,9.79591836734694,0,H,False
1.1428571428571428,0.0,0.0,0,S,False
1.1428571428571428,0.0,0.0192857142857143,0,N,False
1.1428571428571428,0.0,0.154285714285714,0,C,False
1.1428571428571428,0.0,9.79591836734694,1,H,True
1.1428571428571428,0.0,23.0605553696889,1,S,True
1.1428571428571428,0.0,0.0192857142857143,1,N,True
1.1428571428571428,0.0,0.00295081967213115,1,C,True
1.1428571428571428,0.0,104.415584415584,2,H,False
1.1428571428571428,0.0,54.5821981097936,2,S,False
1.1428571428571428,0.0,0.00272727272727273,2,N,False
1.1428571428571428,0.0,0.0102913923732832,2,C,False
1.1428571428571428,0.0,104.415584415584,3,H,True
1.1428571428571428,0.0,25.1498810380829,3,S,True
1.1428571428571428,0.0,0.00272727272727273,3,N,True
1.1428571428571428,0.0,0.0284120353465379,3,C,True
1.1428571428571428,0.000125,9.79591836734694,0,H,False
1.1428571428571428,0.000125,0.0,0,S,False
1.1428571428571428,0.000125,0.0194107142857143,0,N,False
1.1428571428571428,0.000125,0.154285714285714,0,C,False
1.1428571428571428,0.000125,9.79591836734694,1,H,True
1.1428571428571428,0.000125,23.0605553696889,1,S,True
1.1428571428571428,0.000125,0.0194107142857143,1,N,True
1.1428571428571428,0.000125,0.00295081967213115,1,C,True
1.1428571428571428,0.000125,105.129870129870,2,H,False
1.1428571428571428,0.000125,52.8137178900383,2,S,False
1.1428571428571428,0.000125,0.00272727272727273,2,N,False
1.1428571428571428,0.000125,0.0107677855651560,2,C,False
1.1428571428571428,0.000125,105.129870129870,3,H,True
1.1428571428571428,0.000125,26.2015315635494,3,S,True
1.1428571428571428,0.000125,0.00272727272727273,3,N,True
1.1428571428571428,0.000125,0.0270408334114957,3,C,True
1.1428571428571428,0.00025,9.79591836734694,0,H,False
1.1428571428571428,0.00025,0.0,0,S,False
1.1428571428571428,0.00025,0.0195357142857143,0,N,False
1.1428571428571428,0.00025,0.154285714285714,0,C,False
1.1428571428571428,0.00025,9.79591836734694,1,H,True
1.1428571428571428,0.00025,23.0605553696889,1,S,True
1.1428571428571428,0.00025,0.0195357142857143,1,N,True
1.1428571428571428,0.00025,0.00295081967213115,1,C,True
1.1428571428571428,0.00025,105.844155844156,2,H,False
1.1428571428571428,0.00025,50.8660700023949,2,S,False
1.1428571428571428,0.00025,0.00272727272727273,2,N,False
1.1428571428571428,0.00025,0.0113353210930133,2,C,False
1.1428571428571428,0.00025,105.844155844156,3,H,True
1.1428571428571428,0.00025,27.4151973586042,3,S,True
1.1428571428571428,0.00025,0.00272727272727273,3,N,True
1.1428571428571428,0.00025,0.0255784891404690,3,C,True
1.1428571428571428,0.000375,9.79591836734694,0,H,False
1.1428571428571428,0.000375,0.0,0,S,False
1.1428571428571428,0.000375,0.0196607142857143,0,N,False
1.1428571428571428,0.000375,0.154285714285714,0,C,False
1.1428571428571428,0.000375,9.79591836734694,1,H,True
1.1428571428571428,0.000375,23.0605553696889,1,S,True
1.1428571428571428,0.000375,0.0196607142857143,1,N,True
1.1428571428571428,0.000375,0.00295081967213115,1,C,True
1.1428571428571428,0.000375,106.558441558442,2,H,False
1.1428571428571428,0.000375,48.6594522584044,2,S,False
1.1428571428571428,0.000375,0.00272727272727273,2,N,False
1.1428571428571428,0.000375,0.0120403100290592,2,C,False
1.1428571428571428,0.000375,106.558441558442,3,H,True
1.1428571428571428,0.000375,28.8706806117061,3,S,True
1.1428571428571428,0.000375,0.00272727272727273,3,N,True
1.1428571428571428,0.000375,0.0239786914612538,3,C,True
1.1428571428571428,0.0005,9.79591836734694,0,H,False
1.1428571428571428,0.0005,0.0,0,S,False
1.1428571428571428,0.0005,0.0197857142857143,0,N,False
1.1428571428571428,0.0005,0.154285714285714,0,C,False
1.1428571428571428,0.0005,9.79591836734694,1,H,True
1.1428571428571428,0.0005,23.0605553696889,1,S,True
1.1428571428571428,0.0005,0.0197857142857143,1,N,True
1.1428571428571428,0.0005,0.00295081967213115,1,C,True
1.1428571428571428,0.0005,107.272727272727,2,H,False
1.1428571428571428,0.0005,46.0179429442032,2,S,False
1.1428571428571428,0.0005,0.00272727272727273,2,N,False
1.1428571428571428,0.0005,0.0129854318734478,2,C,False
1.1428571428571428,0.0005,107.272727272727,3,H,True
1.1428571428571428,0.0005,30.7439030367188,3,S,True
1.1428571428571428,0.0005,0.00272727272727273,3,N,True
1.1428571428571428,0.0005,0.0221387608736957,3,C,True
1.1428571428571428,0.000625,9.79591836734694,0,H,False
1.1428571428571428,0.000625,0.0,0,S,False
1.1428571428571428,0.000625,0.0199107142857143,0,N,False
1.1428571428571428,0.000625,0.154285714285714,0,C,False
1.1428571428571428,0.000625,9.79591836734694,1,H,True
1.1428571428571428,0.000625,23.0605553696889,1,S,True
1.1428571428571428,0.000625,0.0199107142857143,1,N,True
1.1428571428571428,0.000625,0.00295081967213115,1,C,True
1.1428571428571428,0.000625,107.987012987013,2,H,False
1.1428571428571428,0.000625,42.3235206075761,2,S,False
1.1428571428571428,0.000625,0.00272727272727273,2,N,False
1.1428571428571428,0.000625,0.0145338356650955,2,C,False
1.1428571428571428,0.000625,107.987012987013,3,H,True
1.1428571428571428,0.000625,33.6528860858574,3,S,True
1.1428571428571428,0.000625,0.00272727272727273,3,N,True
1.1428571428571428,0.000625,0.0196955483388787,3,C,True
1.1428571428571428,0.00075,9.79591836734694,0,H,False
1.1428571428571428,0.00075,0.0,0,S,False
1.1428571428571428,0.00075,0.0200357142857143,0,N,False
1.1428571428571428,0.00075,0.154285714285714,0,C,False
1.1428571428571428,0.00075,9.79591836734694,1,H,True
1.1428571428571428,0.00075,23.0605553696889,1,S,True
1.1428571428571428,0.00075,0.0200357142857143,1,N,True
1.1428571428571428,0.00075,0.00295081967213115,1,C,True
1.1428571428571428,0.00075,,2,H,False
1.1428571428571428,0.00075,,2,S,False
1.1428571428571428,0.00075,,2,N,False
1.1428571428571428,0.00075,,2,C,False
1.1428571428571428,0.00075,,3,H,False
1.1428571428571428,0.00075,,3,S,False
1.1428571428571428,0.00075,,3,N,False
1.1428571428571428,0.00075,,3,C,False
1.1428571428571428,0.000875,9.79591836734694,0,H,False
1.1428571428571428,0.000875,0.0,0,S,False
1.1428571428571428,0.000875,0.0201607142857143,0,N,False
1.1428571428571428,0.000875,0.154285714285714,0,C,False
1.1428571428571428,0.000875,9.79591836734694,1,H,True
1.1428571428571428,0.000875,23.0605553696889,1,S,True
1.1428571428571428,0.000875,0.0201607142857143,1,N,True
1.1428571428571428,0.000875,0.00295081967213115,1,C,True
1.1428571428571428,0.000875,,2,H,False
1.1428571428571428,0.000875,,2,S,False
1.1428571428571428,0.000875,,2,N,False
1.1428571428571428,0.000875,,2,C,False
1.1428571428571428,0.000875,,3,H,False
1.1428571428571428,0.000875,,3,S,False
1.1428571428571428,0.000875,,3,N,False
1.1428571428571428,0.000875,,3,C,False
1.1428571428571428,0.001,9.79591836734694,0,H,False
1.1428571428571428,0.001,0.0,0,S,False
1.1428571428571428,0.001,0.0202857142857143,0,N,False
1.1428571428571428,0.001,0.154285714285714,0,C,False
1.1428571428571428,0.001,9.79591836734694,1,H,True
1.1428571428571428,0.001,23.0605553696889,1,S,True
1.1428571428571428,0.001,0.0202857142857143,1,N,True
1.1428571428571428,0.001,0.00295081967213115,1,C,True
1.1428571428571428,0.001,,2,H,False
1.1428571428571428,0.001,,2,S,False
1.1428571428571428,0.001,,2,N,False
1.1428571428571428,0.001,,2,C,False
1.1428571428571428,0.001,,3,H,False
1.1428571428571428,0.001,,3,S,False
1.1428571428571428,0.001,,3,N,False
1.1428571428571428,0.001,,3,C,False
1.1428571428571428,0.0011250000000000001,9.79591836734694,0,H,False
1.1428571428571428,0.0011250000000000001,0.0,0,S,False
1.1428571428571428,0.0011250000000000001,0.0204107142857143,0,N,False
1.1428571428571428,0.0011250000000000001,0.154285714285714,0,C,False
1.1428571428571428,0.0011250000000000001,9.79591836734694,1,H,True
1.1428571428571428,0.0011250000000000001,23.0605553696889,1,S,True
1.1428571428571428,0.0011250000000000001,0.0204107142857143,1,N,True
1.1428571428571428,0.0011250000000000001,0.00295081967213115,1,C,True
1.1428571428571428,0.0011250000000000001,,2,H,False
1.1428571428571428,0.0011250000000000001,,2,S,False
1.1428571428571428,0.0011250000000000001,,2,N,False
1.1428571428571428,0.0011250000000000001,,2,C,False
1.1428571428571428,0.0011250000000000001,,3,H,False
1.1428571428571428,0.0011250000000000001,,3,S,False
1.1428571428571428,0.0011250000000000001,,3,N,False
1.1428571428571428,0.0011250000000000001,,3,C,False
1.1428571428571428,0.00125,9.79591836734694,0,H,False
1.1428571428571428,0.00125,0.0,0,S,False
1.1428571428571428,0.00125,0.0205357142857143,0,N,False
1.1428571428571428,0.00125,0.154285714285714,0,C,False
1.1428571428571428,0.00125,9.79591836734694,1,H,True
1.1428571428571428,0.00125,23.0605553696889,1,S,True
1.1428571428571428,0.00125,0.0205357142857143,1,N,True
1.1428571428571428,0.00125,0.00295081967213115,1,C,True
1.1428571428571428,0.00125,,2,H,False
1.1428571428571428,0.00125,,2,S,False
1.1428571428571428,0.00125,,2,N,False
1.1428571428571428,0.00125,,2,C,False
1.1428571428571428,0.00125,,3,H,False
1.1428571428571428,0.00125,,3,S,False
1.1428571428571428,0.00125,,3,N,False
1.1428571428571428,0.00125,,3,C,False
1.1428571428571428,0.001375,9.79591836734694,0,H,False
1.1428571428571428,0.001375,0.0,0,S,False
1.1428571428571428,0.001375,0.0206607142857143,0,N,False
1.1428571428571428,0.001375,0.154285714285714,0,C,False
1.1428571428571428,0.001375,9.79591836734694,1,H,True
1.1428571428571428,0.001375,23.0605553696889,1,S,True
1.1428571428571428,0.001375,0.0206607142857143,1,N,True
1.1428571428571428,0.001375,0.00295081967213115,1,C,True
1.1428571428571428,0.001375,,2,H,False
1.1428571428571428,0.001375,,2,S,False
1.1428571428571428,0.001375,,2,N,False
1.1428571428571428,0.001375,,2,C,False
1.1428571428571428,0.001375,,3,H,False
1.1428571428571428,0.001375,,3,S,False
1.1428571428571428,0.001375,,3,N,False
1.1428571428571428,0.001375,,3,C,False
1.1428571428571428,0.0015,9.79591836734694,0,H,False
1.1428571428571428,0.0015,0.0,0,S,False
1.1428571428571428,0.0015,0.0207857142857143,0,N,False
1.1428571428571428,0.0015,0.154285714285714,0,C,False
1.1428571428571428,0.0015,9.79591836734694,1,H,True
1.1428571428571428,0.0015,23.0605553696889,1,S,True
1.1428571428571428,0.0015,0.0207857142857143,1,N,True
1.1428571428571428,0.0015,0.00295081967213115,1,C,True
1.1428571428571428,0.0015,,2,H,False
1.1428571428571428,0.0015,,2,S,False
1.1428571428571428,0.0015,,2,N,False
1.1428571428571428,0.0015,,2,C,False
1.1428571428571428,0.0015,,3,H,False
1.1428571428571428,0.0015,,3,S,False
1.1428571428571428,0.0015,,3,N,False
1.1428571428571428,0.0015,,3,C,False
1.1428571428571428,0.0016250000000000001,9.79591836734694,0,H,False
1.1428571428571428,0.0016250000000000001,0.0,0,S,False
1.1428571428571428,0.0016250000000000001,0.0209107142857143,0,N,False
1.1428571428571428,0.0016250000000000001,0.154285714285714,0,C,False
1.1428571428571428,0.0016250000000000001,9.79591836734694,1,H,True
1.1428571428571428,0.0016250000000000001,23.0605553696889,1,S,True
1.1428571428571428,0.0016250000000000001,0.0209107142857143,1,N,True
1.1428571428571428,0.0016250000000000001,0.00295081967213115,1,C,True
1.1428571428571428,0.0016250000000000001,,2,H,False
1.1428571428571428,0.0016250000000000001,,2,S,False
1.1428571428571428,0.0016250000000000001,,2,N,False
1.1428571428571428,0.0016250000000000001,,2,C,False
1.1428571428571428,0.0016250000000000001,,3,H,False
1.1428571428571428,0.0016250000000000001,,3,S,False
1.1428571428571428,0.0016250000000000001,,3,N,False
1.1428571428571428,0.0016250000000000001,,3,C,False
1.1428571428571428,0.00175,9.79591836734694,0,H,False
1.1428571428571428,0.00175,0.0,0,S,False
1.1428571428571428,0.00175,0.0210357142857143,0,N,False
1.1428571428571428,0.00175,0.154285714285714,0,C,False
1.1428571428571428,0.00175,9.79591836734694,1,H,True
1.1428571428571428,0.00175,23.0605553696889,1,S,True
1.1428571428571428,0.00175,0.0210357142857143,1,N,True
1.1428571428571428,0.00175,0.00295081967213115,1,C,True
1.1428571428571428,0.00175,,2,H,False
1.1428571428571428,0.00175,,2,S,False
1.1428571428571428,0.00175,,2,N,False
1.1428571428571428,0.00175,,2,C,False
1.1428571428571428,0.00175,,3,H,False
1.1428571428571428,0.00175,,3,S,False
1.1428571428571428,0.00175,,3,N,False
1.1428571428571428,0.00175,,3,C,False
1.1785714285714286,0.0,7.95918367346940,0,H,False
1.1785714285714286,0.0,0.0,0,S,False
1.1785714285714286,0.0,0.0196071428571429,0,N,False
1.1785714285714286,0.0,0.155357142857143,0,C,False
1.1785714285714286,0.0,7.95918367346940,1,H,True
1.1785714285714286,0.0,18.5531308580655,1,S,True
1.1785714285714286,0.0,0.0196071428571429,1,N,True
1.1785714285714286,0.0,0.00300739523418242,1,C,True
1.1785714285714286,0.0,104.415584415584,2,H,False
1.1785714285714286,0.0,49.9907181904025,2,S,False
1.1785714285714286,0.0,0.00272727272727273,2,N,False
1.1785714285714286,0.0,0.0115338433230334,2,C,False
1.1785714285714286,0.0,104.415584415584,3,H,True
1.1785714285714286,0.0,27.1389952410325,3,S,True
1.1785714285714286,0.0,0.00272727272727273,3,N,True
1.1785714285714286,0.0,0.0258374870721260,3,C,True
1.1785714285714286,0.000125,7.95918367346940,0,H,False
1.1785714285714286,0.000125,0.0,0,S,False
1.1785714285714286,0.000125,0.0197321428571429,0,N,False
1.1785714285714286,0.000125,0.155357142857143,0,C,False
1.1785714285714286,0.000125,7.95918367346940,1,H,True
1.1785714285714286,0.000125,18.5531308580655,1,S,True
1.1785714285714286,0.000125,0.0197321428571429,1,N,True
1.1785714285714286,0.000125,0.00300739523418242,1,C,True
1.1785714285714286,0.000125,105.129870129870,2,H,False
1.1785714285714286,0.000125,47.8413461429647,2,S,False
1.1785714285714286,0.000125,0.00272727272727273,2,N,False
1.1785714285714286,0.000125,0.0122493315571888,2,C,False
1.1785714285714286,0.000125,105.129870129870,3,H,True
1.1785714285714286,0.000125,28.5763240606667,3,S,True
1.1785714285714286,0.000125,0.00272727272727273,3,N,True
1.1785714285714286,0.000125,0.0242260114372585,3,C,True
1.1785714285714286,0.00025,7.95918367346940,0,H,False
1.1785714285714286,0.00025,0.0,0,S,False
1.1785714285714286,0.00025,0.0198571428571429,0,N,False
1.1785714285714286,0.00025,0.155357142857143,0,C,False
1.1785714285714286,0.00025,7.95918367346940,1,H,True
1.1785714285714286,0.00025,18.5531308580655,1,S,True
1.1785714285714286,0.00025,0.0198571428571429,1,N,True
1.1785714285714286,0.00025,0.00300739523418242,1,C,True
1.1785714285714286,0.00025,105.844155844156,2,H,False
1.1785714285714286,0.00025,45.2610258277832,2,S,False
1.1785714285714286,0.00025,0.00272727272727273,2,N,False
1.1785714285714286,0.00025,0.0132100193968652,2,C,False
1.1785714285714286,0.00025,105.844155844156,3,H,True
1.1785714285714286,0.00025,30.4277556996085,3,S,True
1.1785714285714286,0.00025,0.00272727272727273,3,N,True
1.1785714285714286,0.00025,0.0223693361968700,3,C,True
1.1785714285714286,0.000375,7.95918367346940,0,H,False
1.1785714285714286,0.000375,0.0,0,S,False
1.1785714285714286,0.000375,0.0199821428571429,0,N,False
1.1785714285714286,0.000375,0.155357142857143,0,C,False
1.1785714285714286,0.000375,7.95918367346940,1,H,True
1.1785714285714286,0.000375,18.5531308580655,1,S,True
1.1785714285714286,0.000375,0.0199821428571429,1,N,True
1.1785714285714286,0.000375,0.00300739523418242,1,C,True
1.1785714285714286,0.000375,106.558441558442,2,H,False
1.1785714285714286,0.000375,41.6243232744226,2,S,False
1.1785714285714286,0.000375,0.00272727272727273,2,N,False
1.1785714285714286,0.000375,0.0147945830786629,2,C,False
1.1785714285714286,0.000375,106.558441558442,3,H,True
1.1785714285714286,0.000375,33.3187241282932,3,S,True
1.1785714285714286,0.000375,0.00272727272727273,3,N,True
1.1785714285714286,0.000375,0.0198887851143601,3,C,True
1.1785714285714286,0.0005,7.95918367346940,0,H,False
1.1785714285714286,0.0005,0.0,0,S,False
1.1785714285714286,0.0005,0.0201071428571429,0,N,False
1.1785714285714286,0.0005,0.155357142857143,0,C,False
1.1785714285714286,0.0005,7.95918367346940,1,H,True
1.1785714285714286,0.0005,18.5531308580655,1,S,True
1.1785714285714286,0.0005,0.0201071428571429,1,N,True
1.1785714285714286,0.0005,0.00300739523418242,1,C,True
1.1785714285714286,0.0005,,2,H,False
1.1785714285714286,0.0005,,2,S,False
1.1785714285714286,0.0005,,2,N,False
1.1785714285714286,0.0005,,2,C,False
1.1785714285714286,0.0005,,3,H,False
1.1785714285714286,0.0005,,3,S,False
1.1785714285714286,0.0005,,3,N,False
1.1785714285714286,0.0005,,3,C,False
1.1785714285714286,0.000625,7.95918367346940,0,H,False
1.1785714285714286,0.000625,0.0,0,S,False
1.1785714285714286,0.000625,0.0202321428571429,0,N,False
1.1785714285714286,0.000625,0.155357142857143,0,C,False
1.1785714285714286,0.000625,7.95918367346940,1,H,True
1.1785714285714286,0.000625,18.5531308580655,1,S,True
1.1785714285714286,0.000625,0.0202321428571429,1,N,True
1.1785714285714286,0.000625,0.00300739523418242,1,C,True
1.1785714285714286,0.000625,,2,H,False
1.1785714285714286,0.000625,,2,S,False
1.1785714285714286,0.000625,,2,N,False
1.1785714285714286,0.000625,,2,C,False
1.1785714285714286,0.000625,,3,H,False
1.1785714285714286,0.000625,,3,S,False
1.1785714285714286,0.000625,,3,N,False
1.1785714285714286,0.000625,,3,C,False
1.1785714285714286,0.00075,7.95918367346940,0,H,False
1.1785714285714286,0.00075,0.0,0,S,False
1.1785714285714286,0.00075,0.0203571428571429,0,N,False
1.1785714285714286,0.00075,0.155357142857143,0,C,False
1.1785714285714286,0.00075,7.95918367346940,1,H,True
1.1785714285714286,0.00075,18.5531308580655,1,S,True
1.1785714285714286,0.00075,0.0203571428571429,1,N,True
1.1785714285714286,0.00075,0.00300739523418242,1,C,True
1.1785714285714286,0.00075,,2,H,False
1.1785714285714286,0.00075,,2,S,False
1.1785714285714286,0.00075,,2,N,False
1.1785714285714286,0.00075,,2,C,False
1.1785714285714286,0.00075,,3,H,False
1.1785714285714286,0.00075,,3,S,False
1.1785714285714286,0.00075,,3,N,False
1.1785714285714286,0.00075,,3,C,False
1.1785714285714286,0.000875,7.95918367346940,0,H,False
1.1785714285714286,0.000875,0.0,0,S,False
1.1785714285714286,0.000875,0.0204821428571429,0,N,False
1.1785714285714286,0.000875,0.155357142857143,0,C,False
1.1785714285714286,0.000875,7.95918367346940,1,H,True
1.1785714285714286,0.000875,18.5531308580655,1,S,True
1.1785714285714286,0.000875,0.0204821428571429,1,N,True
1.1785714285714286,0.000875,0.00300739523418242,1,C,True
1.1785714285714286,0.000875,,2,H,False
1.1785714285714286,0.000875,,2,S,False
1.1785714285714286,0.000875,,2,N,False
1.1785714285714286,0.000875,,2,C,False
1.1785714285714286,0.000875,,3,H,False
1.1785714285714286,0.000875,,3,S,False
1.1785714285714286,0.000875,,3,N,False
1.1785714285714286,0.000875,,3,C,False
1.1785714285714286,0.001,7.95918367346940,0,H,False
1.1785714285714286,0.001,0.0,0,S,False
1.1785714285714286,0.001,0.0206071428571429,0,N,False
1.1785714285714286,0.001,0.155357142857143,0,C,False
1.1785714285714286,0.001,7.95918367346940,1,H,True
1.1785714285714286,0.001,18.5531308580655,1,S,True
1.1785714285714286,0.001,0.0206071428571429,1,N,True
1.1785714285714286,0.001,0.00300739523418242,1,C,True
1.1785714285714286,0.001,,2,H,False
1.1785714285714286,0.001,,2,S,False
1.1785714285714286,0.001,,2,N,False
1.1785714285714286,0.001,,2,C,False
1.1785714285714286,0.001,,3,H,False
1.1785714285714286,0.001,,3,S,False
1.1785714285714286,0.001,,3,N,False
1.1785714285714286,0.001,,3,C,False
1.1785714285714286,0.0011250000000000001,7.95918367346940,0,H,False
1.1785714285714286,0.0011250000000000001,0.0,0,S,False
1.1785714285714286,0.0011250000000000001,0.0207321428571429,0,N,False
1.1785714285714286,0.0011250000000000001,0.155357142857143,0,C,False
1.1785714285714286,0.0011250000000000001,7.95918367346940,1,H,True
1.1785714285714286,0.0011250000000000001,18.5531308580655,1,S,True
1.1785714285714286,0.0011250000000000001,0.0207321428571429,1,N,True
1.1785714285714286,0.0011250000000000001,0.00300739523418242,1,C,True
1.1785714285714286,0.0011250000000000001,,2,H,False
1.1785714285714286,0.0011250000000000001,,2,S,False
1.1785714285714286,0.0011250000000000001,,2,N,False
1.1785714285714286,0.0011250000000000001,,2,C,False
1.1785714285714286,0.0011250000000000001,,3,H,False
1.1785714285714286,0.0011250000000000001,,3,S,False
1.1785714285714286,0.0011250000000000001,,3,N,False
1.1785714285714286,0.0011250000000000001,,3,C,False
1.1785714285714286,0.00125,7.95918367346940,0,H,False
1.1785714285714286,0.00125,0.0,0,S,False
1.1785714285714286,0.00125,0.0208571428571429,0,N,False
1.1785714285714286,0.00125,0.155357142857143,0,C,False
1.1785714285714286,0.00125,7.95918367346940,1,H,True
1.1785714285714286,0.00125,18.5531308580655,1,S,True
1.1785714285714286,0.00125,0.0208571428571429,1,N,True
1.1785714285714286,0.00125,0.00300739523418242,1,C,True
1.1785714285714286,0.00125,,2,H,False
1.1785714285714286,0.00125,,2,S,False
1.1785714285714286,0.00125,,2,N,False
1.1785714285714286,0.00125,,2,C,False
1.1785714285714286,0.00125,,3,H,False
1.1785714285714286,0.00125,,3,S,False
1.1785714285714286,0.00125,,3,N,False
1.1785714285714286,0.00125,,3,C,False
1.1785714285714286,0.001375,7.95918367346940,0,H,False
1.1785714285714286,0.001375,0.0,0,S,False
1.1785714285714286,0.001375,0.0209821428571429,0,N,False
1.1785714285714286,0.001375,0.155357142857143,0,C,False
1.1785714285714286,0.001375,7.95918367346940,1,H,True
1.1785714285714286,0.001375,18.5531308580655,1,S,True
1.1785714285714286,0.001375,0.0209821428571429,1,N,True
1.1785714285714286,0.001375,0.00300739523418242,1,C,True
1.1785714285714286,0.001375,,2,H,False
1.1785714285714286,0.001375,,2,S,False
1.1785714285714286,0.001375,,2,N,False
1.1785714285714286,0.001375,,2,C,False
1.1785714285714286,0.001375,,3,H,False
1.1785714285714286,0.001375,,3,S,False
1.1785714285714286,0.001375,,3,N,False
1.1785714285714286,0.001375,,3,C,False
1.1785714285714286,0.0015,7.95918367346940,0,H,False
1.1785714285714286,0.0015,0.0,0,S,False
1.1785714285714286,0.0015,0.0211071428571429,0,N,False
1.1785714285714286,0.0015,0.155357142857143,0,C,False
1.1785714285714286,0.0015,7.95918367346940,1,H,True
1.1785714285714286,0.0015,18.5531308580655,1,S,True
1.1785714285714286,0.0015,0.0211071428571429,1,N,True
1.1785714285714286,0.0015,0.00300739523418242,1,C,True
1.1785714285714286,0.0015,,2,H,False
1.1785714285714286,0.0015,,2,S,False
1.1785714285714286,0.0015,,2,N,False
1.1785714285714286,0.0015,,2,C,False
1.1785714285714286,0.0015,,3,H,False
1.1785714285714286,0.0015,,3,S,False
1.1785714285714286,0.0015,,3,N,False
1.1785714285714286,0.0015,,3,C,False
1.1785714285714286,0.0016250000000000001,7.95918367346940,0,H,False
1.1785714285714286,0.0016250000000000001,0.0,0,S,False
1.1785714285714286,0.0016250000000000001,0.0212321428571429,0,N,False
1.1785714285714286,0.0016250000000000001,0.155357142857143,0,C,False
1.1785714285714286,0.0016250000000000001,7.95918367346940,1,H,True
1.1785714285714286,0.0016250000000000001,18.5531308580655,1,S,True
1.1785714285714286,0.0016250000000000001,0.0212321428571429,1,N,True
1.1785714285714286,0.0016250000000000001,0.00300739523418242,1,C,True
1.1785714285714286,0.0016250000000000001,,2,H,False
1.1785714285714286,0.0016250000000000001,,2,S,False
1.1785714285714286,0.0016250000000000001,,2,N,False
1.1785714285714286,0.0016250000000000001,,2,C,False
1.1785714285714286,0.0016250000000000001,,3,H,False
1.1785714285714286,0.0016250000000000001,,3,S,False
1.1785714285714286,0.0016250000000000001,,3,N,False
1.1785714285714286,0.0016250000000000001,,3,C,False
1.1785714285714286,0.00175,7.95918367346940,0,H,False
1.1785714285714286,0.00175,0.0,0,S,False
1.1785714285714286,0.00175,0.0213571428571429,0,N,False
1.1785714285714286,0.00175,0.155357142857143,0,C,False
1.1785714285714286,0.00175,7.95918367346940,1,H,True
1.1785714285714286,0.00175,18.5531308580655,1,S,True
1.1785714285714286,0.00175,0.0213571428571429,1,N,True
1.1785714285714286,0.00175,0.00300739523418242,1,C,True
1.1785714285714286,0.00175,,2,H,False
1.1785714285714286,0.00175,,2,S,False
1.1785714285714286,0.00175,,2,N,False
1.1785714285714286,0.00175,,2,C,False
1.1785714285714286,0.00175,,3,H,False
1.1785714285714286,0.00175,,3,S,False
1.1785714285714286,0.00175,,3,N,False
1.1785714285714286,0.00175,,3,C,False
1.2142857142857142,0.0,6.12244897959183,0,H,False
1.2142857142857142,0.0,0.0,0,S,False
1.2142857142857142,0.0,0.0199285714285714,0,N,False
1.2142857142857142,0.0,0.156428571428571,0,C,False
1.2142857142857142,0.0,6.12244897959183,1,H,True
1.2142857142857142,0.0,14.1349604623696,1,S,True
1.2142857142857142,0.0,0.0199285714285714,1,N,True
1.2142857142857142,0.0,0.00306425041186161,1,C,True
1.2142857142857142,0.0,104.415584415584,2,H,False
1.2142857142857142,0.0,44.5051107274488,2,S,False
1.2142857142857142,0.0,0.00272727272727273,2,N,False
1.2142857142857142,0.0,0.0134393610105974,2,C,False
1.2142857142857142,0.0,104.415584415584,3,H,True
1.2142857142857142,0.0,30.1165328050925,3,S,True
1.2142857142857142,0.0,0.00272727272727273,3,N,True
1.2142857142857142,0.0,0.0225932883828427,3,C,True
1.2142857142857142,0.000125,6.12244897959183,0,H,False
1.2142857142857142,0.000125,0.0,0,S,False
1.2142857142857142,0.000125,0.0200535714285714,0,N,False
1.2142857142857142,0.000125,0.156428571428571,0,C,False
1.2142857142857142,0.000125,6.12244897959183,1,H,True
1.2142857142857142,0.000125,14.1349604623696,1,S,True
1.2142857142857142,0.000125,0.0200535714285714,1,N,True
1.2142857142857142,0.000125,0.00306425041186161,1,C,True
1.2142857142857142,0.000125,105.129870129870,2,H,False
1.2142857142857142,0.000125,40.9177240778368,2,S,False
1.2142857142857142,0.000125,0.00272727272727273,2,N,False
1.2142857142857142,0.000125,0.0150651686814161,2,C,False
1.2142857142857142,0.000125,105.129870129870,3,H,True
1.2142857142857142,0.000125,32.9965883026292,3,S,True
1.2142857142857142,0.000125,0.00272727272727273,3,N,True
1.2142857142857142,0.000125,0.0200703088284435,3,C,True
1.2142857142857142,0.00025,6.12244897959183,0,H,False
1.2142857142857142,0.00025,0.0,0,S,False
1.2142857142857142,0.00025,0.0201785714285714,0,N,False
1.2142857142857142,0.00025,0.156428571428571,0,C,False
1.2142857142857142,0.00025,6.12244897959183,1,H,True
1.2142857142857142,0.00025,14.1349604623696,1,S,True
1.2142857142857142,0.00025,0.0201785714285714,1,N,True
1.2142857142857142,0.00025,0.00306425041186161,1,C,True
1.2142857142857142,0.00025,,2,H,False
1.2142857142857142,0.00025,,2,S,False
1.2142857142857142,0.00025,,2,N,False
1.2142857142857142,0.00025,,2,C,False
1.2142857142857142,0.00025,,3,H,False
1.2142857142857142,0.00025,,3,S,False
1.2142857142857142,0.00025,,3,N,False
1.2142857142857142,0.00025,,3,C,False
1.2142857142857142,0.000375,6.12244897959183,0,H,False
1.2142857142857142,0.000375,0.0,0,S,False
1.2142857142857142,0.000375,0.0203035714285714,0,N,False
1.2142857142857142,0.000375,0.156428571428571,0,C,False
1.2142857142857142,0.000375,6.12244897959183,1,H,True
1.2142857142857142,0.000375,14.1349604623696,1,S,True
1.2142857142857142,0.000375,0.0203035714285714,1,N,True
1.2142857142857142,0.000375,0.00306425041186161,1,C,True
1.2142857142857142,0.000375,,2,H,False
1.2142857142857142,0.000375,,2,S,False
1.2142857142857142,0.000375,,2,N,False
1.2142857142857142,0.000375,,2,C,False
1.2142857142857142,0.000375,,3,H,False
1.2142857142857142,0.000375,,3,S,False
1.2142857142857142,0.000375,,3,N,False
1.2142857142857142,0.000375,,3,C,False
1.2142857142857142,0.0005,6.12244897959183,0,H,False
1.2142857142857142,0.0005,0.0,0,S,False
1.2142857142857142,0.0005,0.0204285714285714,0,N,False
1.2142857142857142,0.0005,0.156428571428571,0,C,False
1.2142857142857142,0.0005,6.12244897959183,1,H,True
1.2142857142857142,0.0005,14.1349604623696,1,S,True
1.2142857142857142,0.0005,0.0204285714285714,1,N,True
1.2142857142857142,0.0005,0.00306425041186161,1,C,True
1.2142857142857142,0.0005,,2,H,False
1.2142857142857142,0.0005,,2,S,False
1.2142857142857142,0.0005,,2,N,False
1.2142857142857142,0.0005,,2,C,False
1.2142857142857142,0.0005,,3,H,False
1.2142857142857142,0.0005,,3,S,False
1.2142857142857142,0.0005,,3,N,False
1.2142857142857142,0.0005,,3,C,False
1.2142857142857142,0.000625,6.12244897959183,0,H,False
1.2142857142857142,0.000625,0.0,0,S,False
1.2142857142857142,0.000625,0.0205535714285714,0,N,False
1.2142857142857142,0.000625,0.156428571428571,0,C,False
1.2142857142857142,0.000625,6.12244897959183,1,H,True
1.2142857142857142,0.000625,14.1349604623696,1,S,True
1.2142857142857142,0.000625,0.0205535714285714,1,N,True
1.2142857142857142,0.000625,0.00306425041186161,1,C,True
1.2142857142857142,0.000625,,2,H,False
1.2142857142857142,0.000625,,2,S,False
1.2142857142857142,0.000625,,2,N,False
1.2142857142857142,0.000625,,2,C,False
1.2142857142857142,0.000625,,3,H,False
1.2142857142857142,0.000625,,3,S,False
1.2142857142857142,0.000625,,3,N,False
1.2142857142857142,0.000625,,3,C,False
1.2142857142857142,0.00075,6.12244897959183,0,H,False
1.2142857142857142,0.00075,0.0,0,S,False
1.2142857142857142,0.00075,0.0206785714285714,0,N,False
1.2142857142857142,0.00075,0.156428571428571,0,C,False
1.2142857142857142,0.00075,6.12244897959183,1,H,True
1.2142857142857142,0.00075,14.1349604623696,1,S,True
1.2142857142857142,0.00075,0.0206785714285714,1,N,True
1.2142857142857142,0.00075,0.00306425041186161,1,C,True
1.2142857142857142,0.00075,,2,H,False
1.2142857142857142,0.00075,,2,S,False
1.2142857142857142,0.00075,,2,N,False
1.2142857142857142,0.00075,,2,C,False
1.2142857142857142,0.00075,,3,H,False
1.2142857142857142,0.00075,,3,S,False
1.2142857142857142,0.00075,,3,N,False
1.2142857142857142,0.00075,,3,C,False
1.2142857142857142,0.000875,6.12244897959183,0,H,False
1.2142857142857142,0.000875,0.0,0,S,False
1.2142857142857142,0.000875,0.0208035714285714,0,N,False
1.2142857142857142,0.000875,0.156428571428571,0,C,False
1.2142857142857142,0.000875,6.12244897959183,1,H,True
1.2142857142857142,0.000875,14.1349604623696,1,S,True
1.2142857142857142,0.000875,0.0208035714285714,1,N,True
1.2142857142857142,0.000875,0.00306425041186161,1,C,True
1.2142857142857142,0.000875,,2,H,False
1.2142857142857142,0.000875,,2,S,False
1.2142857142857142,0.000875,,2,N,False
1.2142857142857142,0.000875,,2,C,False
1.2142857142857142,0.000875,,3,H,False
1.2142857142857142,0.000875,,3,S,False
1.2142857142857142,0.000875,,3,N,False
1.2142857142857142,0.000875,,3,C,False
1.2142857142857142,0.001,6.12244897959183,0,H,False
1.2142857142857142,0.001,0.0,0,S,False
1.2142857142857142,0.001,0.0209285714285714,0,N,False
1.2142857142857142,0.001,0.156428571428571,0,C,False
1.2142857142857142,0.001,6.12244897959183,1,H,True
1.2142857142857142,0.001,14.1349604623696,1,S,True
1.2142857142857142,0.001,0.0209285714285714,1,N,True
1.2142857142857142,0.001,0.00306425041186161,1,C,True
1.2142857142857142,0.001,,2,H,False
1.2142857142857142,0.001,,2,S,False
1.2142857142857142,0.001,,2,N,False
1.2142857142857142,0.001,,2,C,False
1.2142857142857142,0.001,,3,H,False
1.2142857142857142,0.001,,3,S,False
1.2142857142857142,0.001,,3,N,False
1.2142857142857142,0.001,,3,C,False
1.2142857142857142,0.0011250000000000001,6.12244897959183,0,H,False
1.2142857142857142,0.0011250000000000001,0.0,0,S,False
1.2142857142857142,0.0011250000000000001,0.0210535714285714,0,N,False
1.2142857142857142,0.0011250000000000001,0.156428571428571,0,C,False
1.2142857142857142,0.0011250000000000001,6.12244897959183,1,H,True
1.2142857142857142,0.0011250000000000001,14.1349604623696,1,S,True
1.2142857142857142,0.0011250000000000001,0.0210535714285714,1,N,True
1.2142857142857142,0.0011250000000000001,0.00306425041186161,1,C,True
1.2142857142857142,0.0011250000000000001,,2,H,False
1.2142857142857142,0.0011250000000000001,,2,S,False
1.2142857142857142,0.0011250000000000001,,2,N,False
1.2142857142857142,0.0011250000000000001,,2,C,False
1.2142857142857142,0.0011250000000000001,,3,H,False
1.2142857142857142,0.0011250000000000001,,3,S,False
1.2142857142857142,0.0011250000000000001,,3,N,False
1.2142857142857142,0.0011250000000000001,,3,C,False
1.2142857142857142,0.00125,6.12244897959183,0,H,False
1.2142857142857142,0.00125,0.0,0,S,False
1.2142857142857142,0.00125,0.0211785714285714,0,N,False
1.2142857142857142,0.00125,0.156428571428571,0,C,False
1.2142857142857142,0.00125,6.12244897959183,1,H,True
1.2142857142857142,0.00125,14.1349604623696,1,S,True
1.2142857142857142,0.00125,0.0211785714285714,1,N,True
1.2142857142857142,0.00125,0.00306425041186161,1,C,True
1.2142857142857142,0.00125,,2,H,False
1.2142857142857142,0.00125,,2,S,False
1.2142857142857142,0.00125,,2,N,False
1.2142857142857142,0.00125,,2,C,False
1.2142857142857142,0.00125,,3,H,False
1.2142857142857142,0.00125,,3,S,False
1.2142857142857142,0.00125,,3,N,False
1.2142857142857142,0.00125,,3,C,False
1.2142857142857142,0.001375,6.12244897959183,0,H,False
1.2142857142857142,0.001375,0.0,0,S,False
1.2142857142857142,0.001375,0.0213035714285714,0,N,False
1.2142857142857142,0.001375,0.156428571428571,0,C,False
1.2142857142857142,0.001375,6.12244897959183,1,H,True
1.2142857142857142,0.001375,14.1349604623696,1,S,True
1.2142857142857142,0.001375,0.0213035714285714,1,N,True
1.2142857142857142,0.001375,0.00306425041186161,1,C,True
1.2142857142857142,0.001375,,2,H,False
1.2142857142857142,0.001375,,2,S,False
1.2142857142857142,0.001375,,2,N,False
1.2142857142857142,0.001375,,2,C,False
1.2142857142857142,0.001375,,3,H,False
1.2142857142857142,0.001375,,3,S,False
1.2142857142857142,0.001375,,3,N,False
1.2142857142857142,0.001375,,3,C,False
1.2142857142857142,0.0015,6.12244897959183,0,H,False
1.2142857142857142,0.0015,0.0,0,S,False
1.2142857142857142,0.0015,0.0214285714285714,0,N,False
1.2142857142857142,0.0015,0.156428571428571,0,C,False
1.2142857142857142,0.0015,6.12244897959183,1,H,True
1.2142857142857142,0.0015,14.1349604623696,1,S,True
1.2142857142857142,0.0015,0.0214285714285714,1,N,True
1.2142857142857142,0.0015,0.00306425041186161,1,C,True
1.2142857142857142,0.0015,,2,H,False
1.2142857142857142,0.0015,,2,S,False
1.2142857142857142,0.0015,,2,N,False
1.2142857142857142,0.0015,,2,C,False
1.2142857142857142,0.0015,,3,H,False
1.2142857142857142,0.0015,,3,S,False
1.2142857142857142,0.0015,,3,N,False
1.2142857142857142,0.0015,,3,C,False
1.2142857142857142,0.0016250000000000001,6.12244897959183,0,H,False
1.2142857142857142,0.0016250000000000001,0.0,0,S,False
1.2142857142857142,0.0016250000000000001,0.0215535714285714,0,N,False
1.2142857142857142,0.0016250000000000001,0.156428571428571,0,C,False
1.2142857142857142,0.0016250000000000001,6.12244897959183,1,H,True
1.2142857142857142,0.0016250000000000001,14.1349604623696,1,S,True
1.2142857142857142,0.0016250000000000001,0.0215535714285714,1,N,True
1.2142857142857142,0.0016250000000000001,0.00306425041186161,1,C,True
1.2142857142857142,0.0016250000000000001,,2,H,False
1.2142857142857142,0.0016250000000000001,,2,S,False
1.2142857142857142,0.0016250000000000001,,2,N,False
1.2142857142857142,0.0016250000000000001,,2,C,False
1.2142857142857142,0.0016250000000000001,,3,H,False
1.2142857142857142,0.0016250000000000001,,3,S,False
1.2142857142857142,0.0016250000000000001,,3,N,False
1.2142857142857142,0.0016250000000000001,,3,C,False
1.2142857142857142,0.00175,6.12244897959183,0,H,False
1.2142857142857142,0.00175,0.0,0,S,False
1.2142857142857142,0.00175,0.0216785714285714,0,N,False
1.2142857142857142,0.00175,0.156428571428571,0,C,False
1.2142857142857142,0.00175,6.12244897959183,1,H,True
1.2142857142857142,0.00175,14.1349604623696,1,S,True
1.2142857142857142,0.00175,0.0216785714285714,1,N,True
1.2142857142857142,0.00175,0.00306425041186161,1,C,True
1.2142857142857142,0.00175,,2,H,False
1.2142857142857142,0.00175,,2,S,False
1.2142857142857142,0.00175,,2,N,False
1.2142857142857142,0.00175,,2,C,False
1.2142857142857142,0.00175,,3,H,False
1.2142857142857142,0.00175,,3,S,False
1.2142857142857142,0.00175,,3,N,False
1.2142857142857142,0.00175,,3,C,False
1.25,0.0,4.28571428571429,0,H,False
1.25,0.0,0.0,0,S,False
1.25,0.0,0.0202500000000000,0,N,False
1.25,0.0,0.157500000000000,0,C,False
1.25,0.0,4.28571428571429,1,H,True
1.25,0.0,9.80181668042939,1,S,True
1.25,0.0,0.0202500000000000,1,N,True
1.25,0.0,0.00312138728323699,1,C,True
1.25,0.0,,2,H,False
1.25,0.0,,2,S,False
1.25,0.0,,2,N,False
1.25,0.0,,2,C,False
1.25,0.0,,3,H,False
1.25,0.0,,3,S,False
1.25,0.0,,3,N,False
1.25,0.0,,3,C,False
1.25,0.000125,4.28571428571429,0,H,False
1.25,0.000125,0.0,0,S,False
1.25,0.000125,0.0203750000000000,0,N,False
1.25,0.000125,0.157500000000000,0,C,False
1.25,0.000125,4.28571428571429,1,H,True
1.25,0.000125,9.80181668042939,1,S,True
1.25,0.000125,0.0203750000000000,1,N,True
1.25,0.000125,0.00312138728323699,1,C,True
1.25,0.000125,,2,H,False
1.25,0.000125,,2,S,False
1.25,0.000125,,2,N,False
1.25,0.000125,,2,C,False
1.25,0.000125,,3,H,False
1.25,0.000125,,3,S,False
1.25,0.000125,,3,N,False
1.25,0.000125,,3,C,False
1.25,0.00025,4.28571428571429,0,H,False
1.25,0.00025,0.0,0,S,False
1.25,0.00025,0.0205000000000000,0,N,False
1.25,0.00025,0.157500000000000,0,C,False
1.25,0.00025,4.28571428571429,1,H,True
1.25,0.00025,9.80181668042939,1,S,True
1.25,0.00025,0.0205000000000000,1,N,True
1.25,0.00025,0.00312138728323699,1,C,True
1.25,0.00025,,2,H,False
1.25,0.00025,,2,S,False
1.25,0.00025,,2,N,False
1.25,0.00025,,2,C,False
1.25,0.00025,,3,H,False
1.25,0.00025,,3,S,False
1.25,0.00025,,3,N,False
1.25,0.00025,,3,C,False
1.25,0.000375,4.28571428571429,0,H,False
1.25,0.000375,0.0,0,S,False
1.25,0.000375,0.0206250000000000,0,N,False
1.25,0.000375,0.157500000000000,0,C,False
1.25,0.000375,4.28571428571429,1,H,True
1.25,0.000375,9.80181668042939,1,S,True
1.25,0.000375,0.0206250000000000,1,N,True
1.25,0.000375,0.00312138728323699,1,C,True
1.25,0.000375,,2,H,False
1.25,0.000375,,2,S,False
1.25,0.000375,,2,N,False
1.25,0.000375,,2,C,False
1.25,0.000375,,3,H,False
1.25,0.000375,,3,S,False
1.25,0.000375,,3,N,False
1.25,0.000375,,3,C,False
1.25,0.0005,4.28571428571429,0,H,False
1.25,0.0005,0.0,0,S,False
1.25,0.0005,0.0207500000000000,0,N,False
1.25,0.0005,0.157500000000000,0,C,False
1.25,0.0005,4.28571428571429,1,H,True
1.25,0.0005,9.80181668042939,1,S,True
1.25,0.0005,0.0207500000000000,1,N,True
1.25,0.0005,0.00312138728323699,1,C,True
1.25,0.0005,,2,H,False
1.25,0.0005,,2,S,False
1.25,0.0005,,2,N,False
1.25,0.0005,,2,C,False
1.25,0.0005,,3,H,False
1.25,0.0005,,3,S,False
1.25,0.0005,,3,N,False
1.25,0.0005,,3,C,False
1.25,0.000625,4.28571428571429,0,H,False
1.25,0.000625,0.0,0,S,False
1.25,0.000625,0.0208750000000000,0,N,False
1.25,0.000625,0.157500000000000,0,C,False
1.25,0.000625,4.28571428571429,1,H,True
1.25,0.000625,9.80181668042939,1,S,True
1.25,0.000625,0.0208750000000000,1,N,True
1.25,0.000625,0.00312138728323699,1,C,True
1.25,0.000625,,2,H,False
1.25,0.000625,,2,S,False
1.25,0.000625,,2,N,False
1.25,0.000625,,2,C,False
1.25,0.000625,,3,H,False
1.25,0.000625,,3,S,False
1.25,0.000625,,3,N,False
1.25,0.000625,,3,C,False
1.25,0.00075,4.28571428571429,0,H,False
1.25,0.00075,0.0,0,S,False
1.25,0.00075,0.0210000000000000,0,N,False
1.25,0.00075,0.157500000000000,0,C,False
1.25,0.00075,4.28571428571429,1,H,True
1.25,0.00075,9.80181668042939,1,S,True
1.25,0.00075,0.0210000000000000,1,N,True
1.25,0.00075,0.00312138728323699,1,C,True
1.25,0.00075,,2,H,False
1.25,0.00075,,2,S,False
1.25,0.00075,,2,N,False
1.25,0.00075,,2,C,False
1.25,0.00075,,3,H,False
1.25,0.00075,,3,S,False
1.25,0.00075,,3,N,False
1.25,0.00075,,3,C,False
1.25,0.000875,4.28571428571429,0,H,False
1.25,0.000875,0.0,0,S,False
1.25,0.000875,0.0211250000000000,0,N,False
1.25,0.000875,0.157500000000000,0,C,False
1.25,0.000875,4.28571428571429,1,H,True
1.25,0.000875,9.80181668042939,1,S,True
1.25,0.000875,0.0211250000000000,1,N,True
1.25,0.000875,0.00312138728323699,1,C,True
1.25,0.000875,,2,H,False
1.25,0.000875,,2,S,False
1.25,0.000875,,2,N,False
1.25,0.000875,,2,C,False
1.25,0.000875,,3,H,False
1.25,0.000875,,3,S,False
1.25,0.000875,,3,N,False
1.25,0.000875,,3,C,False
1.25,0.001,4.28571428571429,0,H,False
1.25,0.001,0.0,0,S,False
1.25,0.001,0.0212500000000000,0,N,False
1.25,0.001,0.157500000000000,0,C,False
1.25,0.001,4.28571428571429,1,H,True
1.25,0.001,9.80181668042939,1,S,True
1.25,0.001,0.0212500000000000,1,N,True
1.25,0.001,0.00312138728323699,1,C,True
1.25,0.001,,2,H,False
1.25,0.001,,2,S,False
1.25,0.001,,2,N,False
1.25,0.001,,2,C,False
1.25,0.001,,3,H,False
1.25,0.001,,3,S,False
1.25,0.001,,3,N,False
1.25,0.001,,3,C,False
1.25,0.0011250000000000001,4.28571428571429,0,H,False
1.25,0.0011250000000000001,0.0,0,S,False
1.25,0.0011250000000000001,0.0213750000000000,0,N,False
1.25,0.0011250000000000001,0.157500000000000,0,C,False
1.25,0.0011250000000000001,4.28571428571429,1,H,True
1.25,0.0011250000000000001,9.80181668042939,1,S,True
1.25,0.0011250000000000001,0.0213750000000000,1,N,True
1.25,0.0011250000000000001,0.00312138728323699,1,C,True
1.25,0.0011250000000000001,,2,H,False
1.25,0.0011250000000000001,,2,S,False
1.25,0.0011250000000000001,,2,N,False
1.25,0.0011250000000000001,,2,C,False
1.25,0.0011250000000000001,,3,H,False
1.25,0.0011250000000000001,,3,S,False
1.25,0.0011250000000000001,,3,N,False
1.25,0.0011250000000000001,,3,C,False
1.25,0.00125,4.28571428571429,0,H,False
1.25,0.00125,0.0,0,S,False
1.25,0.00125,0.0215000000000000,0,N,False
1.25,0.00125,0.157500000000000,0,C,False
1.25,0.00125,4.28571428571429,1,H,True
1.25,0.00125,9.80181668042939,1,S,True
1.25,0.00125,0.0215000000000000,1,N,True
1.25,0.00125,0.00312138728323699,1,C,True
1.25,0.00125,,2,H,False
1.25,0.00125,,2,S,False
1.25,0.00125,,2,N,False
1.25,0.00125,,2,C,False
1.25,0.00125,,3,H,False
1.25,0.00125,,3,S,False
1.25,0.00125,,3,N,False
1.25,0.00125,,3,C,False
1.25,0.001375,4.28571428571429,0,H,False
1.25,0.001375,0.0,0,S,False
1.25,0.001375,0.0216250000000000,0,N,False
1.25,0.001375,0.157500000000000,0,C,False
1.25,0.001375,4.28571428571429,1,H,True
1.25,0.001375,9.80181668042939,1,S,True
1.25,0.001375,0.0216250000000000,1,N,True
1.25,0.001375,0.00312138728323699,1,C,True
1.25,0.001375,,2,H,False
1.25,0.001375,,2,S,False
1.25,0.001375,,2,N,False
1.25,0.001375,,2,C,False
1.25,0.001375,,3,H,False
1.25,0.001375,,3,S,False
1.25,0.001375,,3,N,False
1.25,0.001375,,3,C,False
1.25,0.0015,4.28571428571429,0,H,False
1.25,0.0015,0.0,0,S,False
1.25,0.0015,0.0217500000000000,0,N,False
1.25,0.0015,0.157500000000000,0,C,False
1.25,0.0015,4.28571428571429,1,H,True
1.25,0.0015,9.80181668042939,1,S,True
1.25,0.0015,0.0217500000000000,1,N,True
1.25,0.0015,0.00312138728323699,1,C,True
1.25,0.0015,,2,H,False
1.25,0.0015,,2,S,False
1.25,0.0015,,2,N,False
1.25,0.0015,,2,C,False
1.25,0.0015,,3,H,False
1.25,0.0015,,3,S,False
1.25,0.0015,,3,N,False
1.25,0.0015,,3,C,False
1.25,0.0016250000000000001,4.28571428571429,0,H,False
1.25,0.0016250000000000001,0.0,0,S,False
1.25,0.0016250000000000001,0.0218750000000000,0,N,False
1.25,0.0016250000000000001,0.157500000000000,0,C,False
1.25,0.0016250000000000001,4.28571428571429,1,H,True
1.25,0.0016250000000000001,9.80181668042939,1,S,True
1.25,0.0016250000000000001,0.0218750000000000,1,N,True
1.25,0.0016250000000000001,0.00312138728323699,1,C,True
1.25,0.0016250000000000001,,2,H,False
1.25,0.0016250000000000001,,2,S,False
1.25,0.0016250000000000001,,2,N,False
1.25,0.0016250000000000001,,2,C,False
1.25,0.0016250000000000001,,3,H,False
1.25,0.0016250000000000001,,3,S,False
1.25,0.0016250000000000001,,3,N,False
1.25,0.0016250000000000001,,3,C,False
1.25,0.00175,4.28571428571429,0,H,False
1.25,0.00175,0.0,0,S,False
1.25,0.00175,0.0220000000000000,0,N,False
1.25,0.00175,0.157500000000000,0,C,False
1.25,0.00175,4.28571428571429,1,H,True
1.25,0.00175,9.80181668042939,1,S,True
1.25,0.00175,0.0220000000000000,1,N,True
1.25,0.00175,0.00312138728323699,1,C,True
1.25,0.00175,,2,H,False
1.25,0.00175,,2,S,False
1.25,0.00175,,2,N,False
1.25,0.00175,,2,C,False
1.25,0.00175,,3,H,False
1.25,0.00175,,3,S,False
1.25,0.00175,,3,N,False
1.25,0.00175,,3,C,False
1.2857142857142856,0.0,2.44897959183673,0,H,False
1.2857142857142856,0.0,0.0,0,S,False
1.2857142857142856,0.0,0.0205714285714286,0,N,False
1.2857142857142856,0.0,0.158571428571429,0,C,False
1.2857142857142856,0.0,2.44897959183673,1,H,True
1.2857142857142856,0.0,5.54973645087174,1,S,True
1.2857142857142856,0.0,0.0205714285714286,1,N,True
1.2857142857142856,0.0,0.00317880794701987,1,C,True
1.2857142857142856,0.0,,2,H,False
1.2857142857142856,0.0,,2,S,False
1.2857142857142856,0.0,,2,N,False
1.2857142857142856,0.0,,2,C,False
1.2857142857142856,0.0,,3,H,False
1.2857142857142856,0.0,,3,S,False
1.2857142857142856,0.0,,3,N,False
1.2857142857142856,0.0,,3,C,False
1.2857142857142856,0.000125,2.44897959183673,0,H,False
1.2857142857142856,0.000125,0.0,0,S,False
1.2857142857142856,0.000125,0.0206964285714286,0,N,False
1.2857142857142856,0.000125,0.158571428571429,0,C,False
1.2857142857142856,0.000125,2.44897959183673,1,H,True
1.2857142857142856,0.000125,5.54973645087174,1,S,True
1.2857142857142856,0.000125,0.0206964285714286,1,N,True
1.2857142857142856,0.000125,0.00317880794701987,1,C,True
1.2857142857142856,0.000125,,2,H,False
1.2857142857142856,0.000125,,2,S,False
1.2857142857142856,0.000125,,2,N,False
1.2857142857142856,0.000125,,2,C,False
1.2857142857142856,0.000125,,3,H,False
1.2857142857142856,0.000125,,3,S,False
1.2857142857142856,0.000125,,3,N,False
1.2857142857142856,0.000125,,3,C,False
1.2857142857142856,0.00025,2.44897959183673,0,H,False
1.2857142857142856,0.00025,0.0,0,S,False
1.2857142857142856,0.00025,0.0208214285714286,0,N,False
1.2857142857142856,0.00025,0.158571428571429,0,C,False
1.2857142857142856,0.00025,2.44897959183673,1,H,True
1.2857142857142856,0.00025,5.54973645087174,1,S,True
1.2857142857142856,0.00025,0.0208214285714286,1,N,True
1.2857142857142856,0.00025,0.00317880794701987,1,C,True
1.2857142857142856,0.00025,,2,H,False
1.2857142857142856,0.00025,,2,S,False
1.2857142857142856,0.00025,,2,N,False
1.2857142857142856,0.00025,,2,C,False
1.2857142857142856,0.00025,,3,H,False
1.2857142857142856,0.00025,,3,S,False
1.2857142857142856,0.00025,,3,N,False
1.2857142857142856,0.00025,,3,C,False
1.2857142857142856,0.000375,2.44897959183673,0,H,False
1.2857142857142856,0.000375,0.0,0,S,False
1.2857142857142856,0.000375,0.0209464285714286,0,N,False
1.2857142857142856,0.000375,0.158571428571429,0,C,False
1.2857142857142856,0.000375,2.44897959183673,1,H,True
1.2857142857142856,0.000375,5.54973645087174,1,S,True
1.2857142857142856,0.000375,0.0209464285714286,1,N,True
1.2857142857142856,0.000375,0.00317880794701987,1,C,True
1.2857142857142856,0.000375,,2,H,False
1.2857142857142856,0.000375,,2,S,False
1.2857142857142856,0.000375,,2,N,False
1.2857142857142856,0.000375,,2,C,False
1.2857142857142856,0.000375,,3,H,False
1.2857142857142856,0.000375,,3,S,False
1.2857142857142856,0.000375,,3,N,False
1.2857142857142856,0.000375,,3,C,False
1.2857142857142856,0.0005,2.44897959183673,0,H,False
1.2857142857142856,0.0005,0.0,0,S,False
1.2857142857142856,0.0005,0.0210714285714286,0,N,False
1.2857142857142856,0.0005,0.158571428571429,0,C,False
1.2857142857142856,0.0005,2.44897959183673,1,H,True
1.2857142857142856,0.0005,5.54973645087174,1,S,True
1.2857142857142856,0.0005,0.0210714285714286,1,N,True
1.2857142857142856,0.0005,0.00317880794701987,1,C,True
1.2857142857142856,0.0005,,2,H,False
1.2857142857142856,0.0005,,2,S,False
1.2857142857142856,0.0005,,2,N,False
1.2857142857142856,0.0005,,2,C,False
1.2857142857142856,0.0005,,3,H,False
1.2857142857142856,0.0005,,3,S,False
1.2857142857142856,0.0005,,3,N,False
1.2857142857142856,0.0005,,3,C,False
1.2857142857142856,0.000625,2.44897959183673,0,H,False
1.2857142857142856,0.000625,0.0,0,S,False
1.2857142857142856,0.000625,0.0211964285714286,0,N,False
1.2857142857142856,0.000625,0.158571428571429,0,C,False
1.2857142857142856,0.000625,2.44897959183673,1,H,True
1.2857142857142856,0.000625,5.54973645087174,1,S,True
1.2857142857142856,0.000625,0.0211964285714286,1,N,True
1.2857142857142856,0.000625,0.00317880794701987,1,C,True
1.2857142857142856,0.000625,,2,H,False
1.2857142857142856,0.000625,,2,S,False
1.2857142857142856,0.000625,,2,N,False
1.2857142857142856,0.000625,,2,C,False
1.2857142857142856,0.000625,,3,H,False
1.2857142857142856,0.000625,,3,S,False
1.2857142857142856,0.000625,,3,N,False
1.2857142857142856,0.000625,,3,C,False
1.2857142857142856,0.00075,2.44897959183673,0,H,False
1.2857142857142856,0.00075,0.0,0,S,False
1.2857142857142856,0.00075,0.0213214285714286,0,N,False
1.2857142857142856,0.00075,0.158571428571429,0,C,False
1.2857142857142856,0.00075,2.44897959183673,1,H,True
1.2857142857142856,0.00075,5.54973645087174,1,S,True
1.2857142857142856,0.00075,0.0213214285714286,1,N,True
1.2857142857142856,0.00075,0.00317880794701987,1,C,True
1.2857142857142856,0.00075,,2,H,False
1.2857142857142856,0.00075,,2,S,False
1.2857142857142856,0.00075,,2,N,False
1.2857142857142856,0.00075,,2,C,False
1.2857142857142856,0.00075,,3,H,False
1.2857142857142856,0.00075,,3,S,False
1.2857142857142856,0.00075,,3,N,False
1.2857142857142856,0.00075,,3,C,False
1.2857142857142856,0.000875,2.44897959183673,0,H,False
1.2857142857142856,0.000875,0.0,0,S,False
1.2857142857142856,0.000875,0.0214464285714286,0,N,False
1.2857142857142856,0.000875,0.158571428571429,0,C,False
1.2857142857142856,0.000875,2.44897959183673,1,H,True
1.2857142857142856,0.000875,5.54973645087174,1,S,True
1.2857142857142856,0.000875,0.0214464285714286,1,N,True
1.2857142857142856,0.000875,0.00317880794701987,1,C,True
1.2857142857142856,0.000875,,2,H,False
1.2857142857142856,0.000875,,2,S,False
1.2857142857142856,0.000875,,2,N,False
1.2857142857142856,0.000875,,2,C,False
1.2857142857142856,0.000875,,3,H,False
1.2857142857142856,0.000875,,3,S,False
1.2857142857142856,0.000875,,3,N,False
1.2857142857142856,0.000875,,3,C,False
1.2857142857142856,0.001,2.44897959183673,0,H,False
1.2857142857142856,0.001,0.0,0,S,False
1.2857142857142856,0.001,0.0215714285714286,0,N,False
1.2857142857142856,0.001,0.158571428571429,0,C,False
1.2857142857142856,0.001,2.44897959183673,1,H,True
1.2857142857142856,0.001,5.54973645087174,1,S,True
1.2857142857142856,0.001,0.0215714285714286,1,N,True
1.2857142857142856,0.001,0.00317880794701987,1,C,True
1.2857142857142856,0.001,,2,H,False
1.2857142857142856,0.001,,2,S,False
1.2857142857142856,0.001,,2,N,False
1.2857142857142856,0.001,,2,C,False
1.2857142857142856,0.001,,3,H,False
1.2857142857142856,0.001,,3,S,False
1.2857142857142856,0.001,,3,N,False
1.2857142857142856,0.001,,3,C,False
1.2857142857142856,0.0011250000000000001,2.44897959183673,0,H,False
1.2857142857142856,0.0011250000000000001,0.0,0,S,False
1.2857142857142856,0.0011250000000000001,0.0216964285714286,0,N,False
1.2857142857142856,0.0011250000000000001,0.158571428571429,0,C,False
1.2857142857142856,0.0011250000000000001,2.44897959183673,1,H,True
1.2857142857142856,0.0011250000000000001,5.54973645087174,1,S,True
1.2857142857142856,0.0011250000000000001,0.0216964285714286,1,N,True
1.2857142857142856,0.0011250000000000001,0.00317880794701987,1,C,True
1.2857142857142856,0.0011250000000000001,,2,H,False
1.2857142857142856,0.0011250000000000001,,2,S,False
1.2857142857142856,0.0011250000000000001,,2,N,False
1.2857142857142856,0.0011250000000000001,,2,C,False
1.2857142857142856,0.0011250000000000001,,3,H,False
1.2857142857142856,0.0011250000000000001,,3,S,False
1.2857142857142856,0.0011250000000000001,,3,N,False
1.2857142857142856,0.0011250000000000001,,3,C,False
1.2857142857142856,0.00125,2.44897959183673,0,H,False
1.2857142857142856,0.00125,0.0,0,S,False
1.2857142857142856,0.00125,0.0218214285714286,0,N,False
1.2857142857142856,0.00125,0.158571428571429,0,C,False
1.2857142857142856,0.00125,2.44897959183673,1,H,True
1.2857142857142856,0.00125,5.54973645087174,1,S,True
1.2857142857142856,0.00125,0.0218214285714286,1,N,True
1.2857142857142856,0.00125,0.00317880794701987,1,C,True
1.2857142857142856,0.00125,,2,H,False
1.2857142857142856,0.00125,,2,S,False
1.2857142857142856,0.00125,,2,N,False
1.2857142857142856,0.00125,,2,C,False
1.2857142857142856,0.00125,,3,H,False
1.2857142857142856,0.00125,,3,S,False
1.2857142857142856,0.00125,,3,N,False
1.2857142857142856,0.00125,,3,C,False
1.2857142857142856,0.001375,2.44897959183673,0,H,False
1.2857142857142856,0.001375,0.0,0,S,False
1.2857142857142856,0.001375,0.0219464285714286,0,N,False
1.2857142857142856,0.001375,0.158571428571429,0,C,False
1.2857142857142856,0.001375,2.44897959183673,1,H,True
1.2857142857142856,0.001375,5.54973645087174,1,S,True
1.2857142857142856,0.001375,0.0219464285714286,1,N,True
1.2857142857142856,0.001375,0.00317880794701987,1,C,True
1.2857142857142856,0.001375,,2,H,False
1.2857142857142856,0.001375,,2,S,False
1.2857142857142856,0.001375,,2,N,False
1.2857142857142856,0.001375,,2,C,False
1.2857142857142856,0.001375,,3,H,False
1.2857142857142856,0.001375,,3,S,False
1.2857142857142856,0.001375,,3,N,False
1.2857142857142856,0.001375,,3,C,False
1.2857142857142856,0.0015,2.44897959183673,0,H,False
1.2857142857142856,0.0015,0.0,0,S,False
1.2857142857142856,0.0015,0.0220714285714286,0,N,False
1.2857142857142856,0.0015,0.158571428571429,0,C,False
1.2857142857142856,0.0015,2.44897959183673,1,H,True
1.2857142857142856,0.0015,5.54973645087174,1,S,True
1.2857142857142856,0.0015,0.0220714285714286,1,N,True
1.2857142857142856,0.0015,0.00317880794701987,1,C,True
1.2857142857142856,0.0015,,2,H,False
1.2857142857142856,0.0015,,2,S,False
1.2857142857142856,0.0015,,2,N,False
1.2857142857142856,0.0015,,2,C,False
1.2857142857142856,0.0015,,3,H,False
1.2857142857142856,0.0015,,3,S,False
1.2857142857142856,0.0015,,3,N,False
1.2857142857142856,0.0015,,3,C,False
1.2857142857142856,0.0016250000000000001,2.44897959183673,0,H,False
1.2857142857142856,0.0016250000000000001,0.0,0,S,False
1.2857142857142856,0.0016250000000000001,0.0221964285714286,0,N,False
1.2857142857142856,0.0016250000000000001,0.158571428571429,0,C,False
1.2857142857142856,0.0016250000000000001,2.44897959183673,1,H,True
1.2857142857142856,0.0016250000000000001,5.54973645087174,1,S,True
1.2857142857142856,0.0016250000000000001,0.0221964285714286,1,N,True
1.2857142857142856,0.0016250000000000001,0.00317880794701987,1,C,True
1.2857142857142856,0.0016250000000000001,,2,H,False
1.2857142857142856,0.0016250000000000001,,2,S,False
1.2857142857142856,0.0016250000000000001,,2,N,False
1.2857142857142856,0.0016250000000000001,,2,C,False
1.2857142857142856,0.0016250000000000001,,3,H,False
1.2857142857142856,0.0016250000000000001,,3,S,False
1.2857142857142856,0.0016250000000000001,,3,N,False
1.2857142857142856,0.0016250000000000001,,3,C,False
1.2857142857142856,0.00175,2.44897959183673,0,H,False
1.2857142857142856,0.00175,0.0,0,S,False
1.2857142857142856,0.00175,0.0223214285714286,0,N,False
1.2857142857142856,0.00175,0.158571428571429,0,C,False
1.2857142857142856,0.00175,2.44897959183673,1,H,True
1.2857142857142856,0.00175,5.54973645087174,1,S,True
1.2857142857142856,0.00175,0.0223214285714286,1,N,True
1.2857142857142856,0.00175,0.00317880794701987,1,C,True
1.2857142857142856,0.00175,,2,H,False
1.2857142857142856,0.00175,,2,S,False
1.2857142857142856,0.00175,,2,N,False
1.2857142857142856,0.00175,,2,C,False
1.2857142857142856,0.00175,,3,H,False
1.2857142857142856,0.00175,,3,S,False
1.2857142857142856,0.00175,,3,N,False
1.2857142857142856,0.00175,,3,C,False
1.3214285714285714,0.0,0.612244897959213,0,H,False
1.3214285714285714,0.0,0.0,0,S,False
1.3214285714285714,0.0,0.0208928571428571,0,N,False
1.3214285714285714,0.0,0.159642857142857,0,C,False
1.3214285714285714,0.0,0.612244897959213,1,H,True
1.3214285714285714,0.0,1.37500081424214,1,S,True
1.3214285714285714,0.0,0.0208928571428571,1,N,True
1.3214285714285714,0.0,0.00323651452282158,1,C,True
1.3214285714285714,0.0,,2,H,False
1.3214285714285714,0.0,,2,S,False
1.3214285714285714,0.0,,2,N,False
1.3214285714285714,0.0,,2,C,False
1.3214285714285714,0.0,,3,H,False
1.3214285714285714,0.0,,3,S,False
1.3214285714285714,0.0,,3,N,False
1.3214285714285714,0.0,,3,C,False
1.3214285714285714,0.000125,0.612244897959213,0,H,False
1.3214285714285714,0.000125,0.0,0,S,False
1.3214285714285714,0.000125,0.0210178571428571,0,N,False
1.3214285714285714,0.000125,0.159642857142857,0,C,False
1.3214285714285714,0.000125,0.612244897959213,1,H,True
1.3214285714285714,0.000125,1.37500081424214,1,S,True
1.3214285714285714,0.000125,0.0210178571428571,1,N,True
1.3214285714285714,0.000125,0.00323651452282158,1,C,True
1.3214285714285714,0.000125,,2,H,False
1.3214285714285714,0.000125,,2,S,False
1.3214285714285714,0.000125,,2,N,False
1.3214285714285714,0.000125,,2,C,False
1.3214285714285714,0.000125,,3,H,False
1.3214285714285714,0.000125,,3,S,False
1.3214285714285714,0.000125,,3,N,False
1.3214285714285714,0.000125,,3,C,False
1.3214285714285714,0.00025,0.612244897959213,0,H,False
1.3214285714285714,0.00025,0.0,0,S,False
1.3214285714285714,0.00025,0.0211428571428571,0,N,False
1.3214285714285714,0.00025,0.159642857142857,0,C,False
1.3214285714285714,0.00025,0.612244897959213,1,H,True
1.3214285714285714,0.00025,1.37500081424214,1,S,True
1.3214285714285714,0.00025,0.0211428571428571,1,N,True
1.3214285714285714,0.00025,0.00323651452282158,1,C,True
1.3214285714285714,0.00025,,2,H,False
1.3214285714285714,0.00025,,2,S,False
1.3214285714285714,0.00025,,2,N,False
1.3214285714285714,0.00025,,2,C,False
1.3214285714285714,0.00025,,3,H,False
1.3214285714285714,0.00025,,3,S,False
1.3214285714285714,0.00025,,3,N,False
1.3214285714285714,0.00025,,3,C,False
1.3214285714285714,0.000375,0.612244897959213,0,H,False
1.3214285714285714,0.000375,0.0,0,S,False
1.3214285714285714,0.000375,0.0212678571428571,0,N,False
1.3214285714285714,0.000375,0.159642857142857,0,C,False
1.3214285714285714,0.000375,0.612244897959213,1,H,True
1.3214285714285714,0.000375,1.37500081424214,1,S,True
1.3214285714285714,0.000375,0.0212678571428571,1,N,True
1.3214285714285714,0.000375,0.00323651452282158,1,C,True
1.3214285714285714,0.000375,,2,H,False
1.3214285714285714,0.000375,,2,S,False
1.3214285714285714,0.000375,,2,N,False
1.3214285714285714,0.000375,,2,C,False
1.3214285714285714,0.000375,,3,H,False
1.3214285714285714,0.000375,,3,S,False
1.3214285714285714,0.000375,,3,N,False
1.3214285714285714,0.000375,,3,C,False
1.3214285714285714,0.0005,0.612244897959213,0,H,False
1.3214285714285714,0.0005,0.0,0,S,False
1.3214285714285714,0.0005,0.0213928571428571,0,N,False
1.3214285714285714,0.0005,0.159642857142857,0,C,False
1.3214285714285714,0.0005,0.612244897959213,1,H,True
1.3214285714285714,0.0005,1.37500081424214,1,S,True
1.3214285714285714,0.0005,0.0213928571428571,1,N,True
1.3214285714285714,0.0005,0.00323651452282158,1,C,True
1.3214285714285714,0.0005,,2,H,False
1.3214285714285714,0.0005,,2,S,False
1.3214285714285714,0.0005,,2,N,False
1.3214285714285714,0.0005,,2,C,False
1.3214285714285714,0.0005,,3,H,False
1.3214285714285714,0.0005,,3,S,False
1.3214285714285714,0.0005,,3,N,False
1.3214285714285714,0.0005,,3,C,False
1.3214285714285714,0.000625,0.612244897959213,0,H,False
1.3214285714285714,0.000625,0.0,0,S,False
1.3214285714285714,0.000625,0.0215178571428571,0,N,False
1.3214285714285714,0.000625,0.159642857142857,0,C,False
1.3214285714285714,0.000625,0.612244897959213,1,H,True
1.3214285714285714,0.000625,1.37500081424214,1,S,True
1.3214285714285714,0.000625,0.0215178571428571,1,N,True
1.3214285714285714,0.000625,0.00323651452282158,1,C,True
1.3214285714285714,0.000625,,2,H,False
1.3214285714285714,0.000625,,2,S,False
1.3214285714285714,0.000625,,2,N,False
1.3214285714285714,0.000625,,2,C,False
1.3214285714285714,0.000625,,3,H,False
1.3214285714285714,0.000625,,3,S,False
1.3214285714285714,0.000625,,3,N,False
1.3214285714285714,0.000625,,3,C,False
1.3214285714285714,0.00075,0.612244897959213,0,H,False
1.3214285714285714,0.00075,0.0,0,S,False
1.3214285714285714,0.00075,0.0216428571428571,0,N,False
1.3214285714285714,0.00075,0.159642857142857,0,C,False
1.3214285714285714,0.00075,0.612244897959213,1,H,True
1.3214285714285714,0.00075,1.37500081424214,1,S,True
1.3214285714285714,0.00075,0.0216428571428571,1,N,True
1.3214285714285714,0.00075,0.00323651452282158,1,C,True
1.3214285714285714,0.00075,,2,H,False
1.3214285714285714,0.00075,,2,S,False
1.3214285714285714,0.00075,,2,N,False
1.3214285714285714,0.00075,,2,C,False
1.3214285714285714,0.00075,,3,H,False
1.3214285714285714,0.00075,,3,S,False
1.3214285714285714,0.00075,,3,N,False
1.3214285714285714,0.00075,,3,C,False
1.3214285714285714,0.000875,0.612244897959213,0,H,False
1.3214285714285714,0.000875,0.0,0,S,False
1.3214285714285714,0.000875,0.0217678571428571,0,N,False
1.3214285714285714,0.000875,0.159642857142857,0,C,False
1.3214285714285714,0.000875,0.612244897959213,1,H,True
1.3214285714285714,0.000875,1.37500081424214,1,S,True
1.3214285714285714,0.000875,0.0217678571428571,1,N,True
1.3214285714285714,0.000875,0.00323651452282158,1,C,True
1.3214285714285714,0.000875,,2,H,False
1.3214285714285714,0.000875,,2,S,False
1.3214285714285714,0.000875,,2,N,False
1.3214285714285714,0.000875,,2,C,False
1.3214285714285714,0.000875,,3,H,False
1.3214285714285714,0.000875,,3,S,False
1.3214285714285714,0.000875,,3,N,False
1.3214285714285714,0.000875,,3,C,False
1.3214285714285714,0.001,0.612244897959213,0,H,False
1.3214285714285714,0.001,0.0,0,S,False
1.3214285714285714,0.001,0.0218928571428571,0,N,False
1.3214285714285714,0.001,0.159642857142857,0,C,False
1.3214285714285714,0.001,0.612244897959213,1,H,True
1.3214285714285714,0.001,1.37500081424214,1,S,True
1.3214285714285714,0.001,0.0218928571428571,1,N,True
1.3214285714285714,0.001,0.00323651452282158,1,C,True
1.3214285714285714,0.001,,2,H,False
1.3214285714285714,0.001,,2,S,False
1.3214285714285714,0.001,,2,N,False
1.3214285714285714,0.001,,2,C,False
1.3214285714285714,0.001,,3,H,False
1.3214285714285714,0.001,,3,S,False
1.3214285714285714,0.001,,3,N,False
1.3214285714285714,0.001,,3,C,False
1.3214285714285714,0.0011250000000000001,0.612244897959213,0,H,False
1.3214285714285714,0.0011250000000000001,0.0,0,S,False
1.3214285714285714,0.0011250000000000001,0.0220178571428571,0,N,False
1.3214285714285714,0.0011250000000000001,0.159642857142857,0,C,False
1.3214285714285714,0.0011250000000000001,0.612244897959213,1,H,True
1.3214285714285714,0.0011250000000000001,1.37500081424214,1,S,True
1.3214285714285714,0.0011250000000000001,0.0220178571428571,1,N,True
1.3214285714285714,0.0011250000000000001,0.00323651452282158,1,C,True
1.3214285714285714,0.0011250000000000001,,2,H,False
1.3214285714285714,0.0011250000000000001,,2,S,False
1.3214285714285714,0.0011250000000000001,,2,N,False
1.3214285714285714,0.0011250000000000001,,2,C,False
1.3214285714285714,0.0011250000000000001,,3,H,False
1.3214285714285714,0.0011250000000000001,,3,S,False
1.3214285714285714,0.0011250000000000001,,3,N,False
1.3214285714285714,0.0011250000000000001,,3,C,False
1.3214285714285714,0.00125,0.612244897959213,0,H,False
1.3214285714285714,0.00125,0.0,0,S,False
1.3214285714285714,0.00125,0.0221428571428571,0,N,False
1.3214285714285714,0.00125,0.159642857142857,0,C,False
1.3214285714285714,0.00125,0.612244897959213,1,H,True
1.3214285714285714,0.00125,1.37500081424214,1,S,True
1.3214285714285714,0.00125,0.0221428571428571,1,N,True
1.3214285714285714,0.00125,0.00323651452282158,1,C,True
1.3214285714285714,0.00125,,2,H,False
1.3214285714285714,0.00125,,2,S,False
1.3214285714285714,0.00125,,2,N,False
1.3214285714285714,0.00125,,2,C,False
1.3214285714285714,0.00125,,3,H,False
1.3214285714285714,0.00125,,3,S,False
1.3214285714285714,0.00125,,3,N,False
1.3214285714285714,0.00125,,3,C,False
1.3214285714285714,0.001375,0.612244897959213,0,H,False
1.3214285714285714,0.001375,0.0,0,S,False
1.3214285714285714,0.001375,0.0222678571428571,0,N,False
1.3214285714285714,0.001375,0.159642857142857,0,C,False
1.3214285714285714,0.001375,0.612244897959213,1,H,True
1.3214285714285714,0.001375,1.37500081424214,1,S,True
1.3214285714285714,0.001375,0.0222678571428571,1,N,True
1.3214285714285714,0.001375,0.00323651452282158,1,C,True
1.3214285714285714,0.001375,,2,H,False
1.3214285714285714,0.001375,,2,S,False
1.3214285714285714,0.001375,,2,N,False
1.3214285714285714,0.001375,,2,C,False
1.3214285714285714,0.001375,,3,H,False
1.3214285714285714,0.001375,,3,S,False
1.3214285714285714,0.001375,,3,N,False
1.3214285714285714,0.001375,,3,C,False
1.3214285714285714,0.0015,0.612244897959213,0,H,False
1.3214285714285714,0.0015,0.0,0,S,False
1.3214285714285714,0.0015,0.0223928571428571,0,N,False
1.3214285714285714,0.0015,0.159642857142857,0,C,False
1.3214285714285714,0.0015,0.612244897959213,1,H,True
1.3214285714285714,0.0015,1.37500081424214,1,S,True
1.3214285714285714,0.0015,0.0223928571428571,1,N,True
1.3214285714285714,0.0015,0.00323651452282158,1,C,True
1.3214285714285714,0.0015,,2,H,False
1.3214285714285714,0.0015,,2,S,False
1.3214285714285714,0.0015,,2,N,False
1.3214285714285714,0.0015,,2,C,False
1.3214285714285714,0.0015,,3,H,False
1.3214285714285714,0.0015,,3,S,False
1.3214285714285714,0.0015,,3,N,False
1.3214285714285714,0.0015,,3,C,False
1.3214285714285714,0.0016250000000000001,0.612244897959213,0,H,False
1.3214285714285714,0.0016250000000000001,0.0,0,S,False
1.3214285714285714,0.0016250000000000001,0.0225178571428571,0,N,False
1.3214285714285714,0.0016250000000000001,0.159642857142857,0,C,False
1.3214285714285714,0.0016250000000000001,0.612244897959213,1,H,True
1.3214285714285714,0.0016250000000000001,1.37500081424214,1,S,True
1.3214285714285714,0.0016250000000000001,0.0225178571428571,1,N,True
1.3214285714285714,0.0016250000000000001,0.00323651452282158,1,C,True
1.3214285714285714,0.0016250000000000001,,2,H,False
1.3214285714285714,0.0016250000000000001,,2,S,False
1.3214285714285714,0.0016250000000000001,,2,N,False
1.3214285714285714,0.0016250000000000001,,2,C,False
1.3214285714285714,0.0016250000000000001,,3,H,False
1.3214285714285714,0.0016250000000000001,,3,S,False
1.3214285714285714,0.0016250000000000001,,3,N,False
1.3214285714285714,0.0016250000000000001,,3,C,False
1.3214285714285714,0.00175,0.612244897959213,0,H,False
1.3214285714285714,0.00175,0.0,0,S,False
1.3214285714285714,0.00175,0.0226428571428571,0,N,False
1.3214285714285714,0.00175,0.159642857142857,0,C,False
1.3214285714285714,0.00175,0.612244897959213,1,H,True
1.3214285714285714,0.00175,1.37500081424214,1,S,True
1.3214285714285714,0.00175,0.0226428571428571,1,N,True
1.3214285714285714,0.00175,0.00323651452282158,1,C,True
1.3214285714285714,0.00175,,2,H,False
1.3214285714285714,0.00175,,2,S,False
1.3214285714285714,0.00175,,2,N,False
1.3214285714285714,0.00175,,2,C,False
1.3214285714285714,0.00175,,3,H,False
1.3214285714285714,0.00175,,3,S,False
1.3214285714285714,0.00175,,3,N,False
1.3214285714285714,0.00175,,3,C,False
1.3571428571428572,0.0,,0,H,False
1.3571428571428572,0.0,,0,S,False
1.3571428571428572,0.0,,0,N,False
1.3571428571428572,0.0,,0,C,False
1.3571428571428572,0.0,,1,H,False
1.3571428571428572,0.0,,1,S,False
1.3571428571428572,0.0,,1,N,False
1.3571428571428572,0.0,,1,C,False
1.3571428571428572,0.0,,2,H,False
1.3571428571428572,0.0,,2,S,False
1.3571428571428572,0.0,,2,N,False
1.3571428571428572,0.0,,2,C,False
1.3571428571428572,0.0,,3,H,False
1.3571428571428572,0.0,,3,S,False
1.3571428571428572,0.0,,3,N,False
1.3571428571428572,0.0,,3,C,False
1.3571428571428572,0.000125,,0,H,False
1.3571428571428572,0.000125,,0,S,False
1.3571428571428572,0.000125,,0,N,False
1.3571428571428572,0.000125,,0,C,False
1.3571428571428572,0.000125,,1,H,False
1.3571428571428572,0.000125,,1,S,False
1.3571428571428572,0.000125,,1,N,False
1.3571428571428572,0.000125,,1,C,False
1.3571428571428572,0.000125,,2,H,False
1.3571428571428572,0.000125,,2,S,False
1.3571428571428572,0.000125,,2,N,False
1.3571428571428572,0.000125,,2,C,False
1.3571428571428572,0.000125,,3,H,False
1.3571428571428572,0.000125,,3,S,False
1.3571428571428572,0.000125,,3,N,False
1.3571428571428572,0.000125,,3,C,False
1.3571428571428572,0.00025,,0,H,False
1.3571428571428572,0.00025,,0,S,False
1.3571428571428572,0.00025,,0,N,False
1.3571428571428572,0.00025,,0,C,False
1.3571428571428572,0.00025,,1,H,False
1.3571428571428572,0.00025,,1,S,False
1.3571428571428572,0.00025,,1,N,False
1.3571428571428572,0.00025,,1,C,False
1.3571428571428572,0.00025,,2,H,False
1.3571428571428572,0.00025,,2,S,False
1.3571428571428572,0.00025,,2,N,False
1.3571428571428572,0.00025,,2,C,False
1.3571428571428572,0.00025,,3,H,False
1.3571428571428572,0.00025,,3,S,False
1.3571428571428572,0.00025,,3,N,False
1.3571428571428572,0.00025,,3,C,False
1.3571428571428572,0.000375,,0,H,False
1.3571428571428572,0.000375,,0,S,False
1.3571428571428572,0.000375,,0,N,False
1.3571428571428572,0.000375,,0,C,False
1.3571428571428572,0.000375,,1,H,False
1.3571428571428572,0.000375,,1,S,False
1.3571428571428572,0.000375,,1,N,False
1.3571428571428572,0.000375,,1,C,False
1.3571428571428572,0.000375,,2,H,False
1.3571428571428572,0.000375,,2,S,False
1.3571428571428572,0.000375,,2,N,False
1.3571428571428572,0.000375,,2,C,False
1.3571428571428572,0.000375,,3,H,False
1.3571428571428572,0.000375,,3,S,False
1.3571428571428572,0.000375,,3,N,False
1.3571428571428572,0.000375,,3,C,False
1.3571428571428572,0.0005,,0,H,False
1.3571428571428572,0.0005,,0,S,False
1.3571428571428572,0.0005,,0,N,False
1.3571428571428572,0.0005,,0,C,False
1.3571428571428572,0.0005,,1,H,False
1.3571428571428572,0.0005,,1,S,False
1.3571428571428572,0.0005,,1,N,False
1.3571428571428572,0.0005,,1,C,False
1.3571428571428572,0.0005,,2,H,False
1.3571428571428572,0.0005,,2,S,False
1.3571428571428572,0.0005,,2,N,False
1.3571428571428572,0.0005,,2,C,False
1.3571428571428572,0.0005,,3,H,False
1.3571428571428572,0.0005,,3,S,False
1.3571428571428572,0.0005,,3,N,False
1.3571428571428572,0.0005,,3,C,False
1.3571428571428572,0.000625,,0,H,False
1.3571428571428572,0.000625,,0,S,False
1.3571428571428572,0.000625,,0,N,False
1.3571428571428572,0.000625,,0,C,False
1.3571428571428572,0.000625,,1,H,False
1.3571428571428572,0.000625,,1,S,False
1.3571428571428572,0.000625,,1,N,False
1.3571428571428572,0.000625,,1,C,False
1.3571428571428572,0.000625,,2,H,False
1.3571428571428572,0.000625,,2,S,False
1.3571428571428572,0.000625,,2,N,False
1.3571428571428572,0.000625,,2,C,False
1.3571428571428572,0.000625,,3,H,False
1.3571428571428572,0.000625,,3,S,False
1.3571428571428572,0.000625,,3,N,False
1.3571428571428572,0.000625,,3,C,False
1.3571428571428572,0.00075,,0,H,False
1.3571428571428572,0.00075,,0,S,False
1.3571428571428572,0.00075,,0,N,False
1.3571428571428572,0.00075,,0,C,False
1.3571428571428572,0.00075,,1,H,False
1.3571428571428572,0.00075,,1,S,False
1.3571428571428572,0.00075,,1,N,False
1.3571428571428572,0.00075,,1,C,False
1.3571428571428572,0.00075,,2,H,False
1.3571428571428572,0.00075,,2,S,False
1.3571428571428572,0.00075,,2,N,False
1.3571428571428572,0.00075,,2,C,False
1.3571428571428572,0.00075,,3,H,False
1.3571428571428572,0.00075,,3,S,False
1.3571428571428572,0.00075,,3,N,False
1.3571428571428572,0.00075,,3,C,False
1.3571428571428572,0.000875,,0,H,False
1.3571428571428572,0.000875,,0,S,False
1.3571428571428572,0.000875,,0,N,False
1.3571428571428572,0.000875,,0,C,False
1.3571428571428572,0.000875,,1,H,False
1.3571428571428572,0.000875,,1,S,False
1.3571428571428572,0.000875,,1,N,False
1.3571428571428572,0.000875,,1,C,False
1.3571428571428572,0.000875,,2,H,False
1.3571428571428572,0.000875,,2,S,False
1.3571428571428572,0.000875,,2,N,False
1.3571428571428572,0.000875,,2,C,False
1.3571428571428572,0.000875,,3,H,False
1.3571428571428572,0.000875,,3,S,False
1.3571428571428572,0.000875,,3,N,False
1.3571428571428572,0.000875,,3,C,False
1.3571428571428572,0.001,,0,H,False
1.3571428571428572,0.001,,0,S,False
1.3571428571428572,0.001,,0,N,False
1.3571428571428572,0.001,,0,C,False
1.3571428571428572,0.001,,1,H,False
1.3571428571428572,0.001,,1,S,False
1.3571428571428572,0.001,,1,N,False
1.3571428571428572,0.001,,1,C,False
1.3571428571428572,0.001,,2,H,False
1.3571428571428572,0.001,,2,S,False
1.3571428571428572,0.001,,2,N,False
1.3571428571428572,0.001,,2,C,False
1.3571428571428572,0.001,,3,H,False
1.3571428571428572,0.001,,3,S,False
1.3571428571428572,0.001,,3,N,False
1.3571428571428572,0.001,,3,C,False
1.3571428571428572,0.0011250000000000001,,0,H,False
1.3571428571428572,0.0011250000000000001,,0,S,False
1.3571428571428572,0.0011250000000000001,,0,N,False
1.3571428571428572,0.0011250000000000001,,0,C,False
1.3571428571428572,0.0011250000000000001,,1,H,False
1.3571428571428572,0.0011250000000000001,,1,S,False
1.3571428571428572,0.0011250000000000001,,1,N,False
1.3571428571428572,0.0011250000000000001,,1,C,False
1.3571428571428572,0.0011250000000000001,,2,H,False
1.3571428571428572,0.0011250000000000001,,2,S,False
1.3571428571428572,0.0011250000000000001,,2,N,False
1.3571428571428572,0.0011250000000000001,,2,C,False
1.3571428571428572,0.0011250000000000001,,3,H,False
1.3571428571428572,0.0011250000000000001,,3,S,False
1.3571428571428572,0.0011250000000000001,,3,N,False
1.3571428571428572,0.0011250000000000001,,3,C,False
1.3571428571428572,0.00125,,0,H,False
1.3571428571428572,0.00125,,0,S,False
1.3571428571428572,0.00125,,0,N,False
1.3571428571428572,0.00125,,0,C,False
1.3571428571428572,0.00125,,1,H,False
1.3571428571428572,0.00125,,1,S,False
1.3571428571428572,0.00125,,1,N,False
1.3571428571428572,0.00125,,1,C,False
1.3571428571428572,0.00125,,2,H,False
1.3571428571428572,0.00125,,2,S,False
1.3571428571428572,0.00125,,2,N,False
1.3571428571428572,0.00125,,2,C,False
1.3571428571428572,0.00125,,3,H,False
1.3571428571428572,0.00125,,3,S,False
1.3571428571428572,0.00125,,3,N,False
1.3571428571428572,0.00125,,3,C,False
1.3571428571428572,0.001375,,0,H,False
1.3571428571428572,0.001375,,0,S,False
1.3571428571428572,0.001375,,0,N,False
1.3571428571428572,0.001375,,0,C,False
1.3571428571428572,0.001375,,1,H,False
1.3571428571428572,0.001375,,1,S,False
1.3571428571428572,0.001375,,1,N,False
1.3571428571428572,0.001375,,1,C,False
1.3571428571428572,0.001375,,2,H,False
1.3571428571428572,0.001375,,2,S,False
1.3571428571428572,0.001375,,2,N,False
1.3571428571428572,0.001375,,2,C,False
1.3571428571428572,0.001375,,3,H,False
1.3571428571428572,0.001375,,3,S,False
1.3571428571428572,0.001375,,3,N,False
1.3571428571428572,0.001375,,3,C,False
1.3571428571428572,0.0015,,0,H,False
1.3571428571428572,0.0015,,0,S,False
1.3571428571428572,0.0015,,0,N,False
1.3571428571428572,0.0015,,0,C,False
1.3571428571428572,0.0015,,1,H,False
1.3571428571428572,0.0015,,1,S,False
1.3571428571428572,0.0015,,1,N,False
1.3571428571428572,0.0015,,1,C,False
1.3571428571428572,0.0015,,2,H,False
1.3571428571428572,0.0015,,2,S,False
1.3571428571428572,0.0015,,2,N,False
1.3571428571428572,0.0015,,2,C,False
1.3571428571428572,0.0015,,3,H,False
1.3571428571428572,0.0015,,3,S,False
1.3571428571428572,0.0015,,3,N,False
1.3571428571428572,0.0015,,3,C,False
1.3571428571428572,0.0016250000000000001,,0,H,False
1.3571428571428572,0.0016250000000000001,,0,S,False
1.3571428571428572,0.0016250000000000001,,0,N,False
1.3571428571428572,0.0016250000000000001,,0,C,False
1.3571428571428572,0.0016250000000000001,,1,H,False
1.3571428571428572,0.0016250000000000001,,1,S,False
1.3571428571428572,0.0016250000000000001,,1,N,False
1.3571428571428572,0.0016250000000000001,,1,C,False
1.3571428571428572,0.0016250000000000001,,2,H,False
1.3571428571428572,0.0016250000000000001,,2,S,False
1.3571428571428572,0.0016250000000000001,,2,N,False
1.3571428571428572,0.0016250000000000001,,2,C,False
1.3571428571428572,0.0016250000000000001,,3,H,False
1.3571428571428572,0.0016250000000000001,,3,S,False
1.3571428571428572,0.0016250000000000001,,3,N,False
1.3571428571428572,0.0016250000000000001,,3,C,False
1.3571428571428572,0.00175,,0,H,False
1.3571428571428572,0.00175,,0,S,False
1.3571428571428572,0.00175,,0,N,False
1.3571428571428572,0.00175,,0,C,False
1.3571428571428572,0.00175,,1,H,False
1.3571428571428572,0.00175,,1,S,False
1.3571428571428572,0.00175,,1,N,False
1.3571428571428572,0.00175,,1,C,False
1.3571428571428572,0.00175,,2,H,False
1.3571428571428572,0.00175,,2,S,False
1.3571428571428572,0.00175,,2,N,False
1.3571428571428572,0.00175,,2,C,False
1.3571428571428572,0.00175,,3,H,False
1.3571428571428572,0.00175,,3,S,False
1.3571428571428572,0.00175,,3,N,False
1.3571428571428572,0.00175,,3,C,False
1.3928571428571428,0.0,,0,H,False
1.3928571428571428,0.0,,0,S,False
1.3928571428571428,0.0,,0,N,False
1.3928571428571428,0.0,,0,C,False
1.3928571428571428,0.0,,1,H,False
1.3928571428571428,0.0,,1,S,False
1.3928571428571428,0.0,,1,N,False
1.3928571428571428,0.0,,1,C,False
1.3928571428571428,0.0,,2,H,False
1.3928571428571428,0.0,,2,S,False
1.3928571428571428,0.0,,2,N,False
1.3928571428571428,0.0,,2,C,False
1.3928571428571428,0.0,,3,H,False
1.3928571428571428,0.0,,3,S,False
1.3928571428571428,0.0,,3,N,False
1.3928571428571428,0.0,,3,C,False
1.3928571428571428,0.000125,,0,H,False
1.3928571428571428,0.000125,,0,S,False
1.3928571428571428,0.000125,,0,N,False
1.3928571428571428,0.000125,,0,C,False
1.3928571428571428,0.000125,,1,H,False
1.3928571428571428,0.000125,,1,S,False
1.3928571428571428,0.000125,,1,N,False
1.3928571428571428,0.000125,,1,C,False
1.3928571428571428,0.000125,,2,H,False
1.3928571428571428,0.000125,,2,S,False
1.3928571428571428,0.000125,,2,N,False
1.3928571428571428,0.000125,,2,C,False
1.3928571428571428,0.000125,,3,H,False
1.3928571428571428,0.000125,,3,S,False
1.3928571428571428,0.000125,,3,N,False
1.3928571428571428,0.000125,,3,C,False
1.3928571428571428,0.00025,,0,H,False
1.3928571428571428,0.00025,,0,S,False
1.3928571428571428,0.00025,,0,N,False
1.3928571428571428,0.00025,,0,C,False
1.3928571428571428,0.00025,,1,H,False
1.3928571428571428,0.00025,,1,S,False
1.3928571428571428,0.00025,,1,N,False
1.3928571428571428,0.00025,,1,C,False
1.3928571428571428,0.00025,,2,H,False
1.3928571428571428,0.00025,,2,S,False
1.3928571428571428,0.00025,,2,N,False
1.3928571428571428,0.00025,,2,C,False
1.3928571428571428,0.00025,,3,H,False
1.3928571428571428,0.00025,,3,S,False
1.3928571428571428,0.00025,,3,N,False
1.3928571428571428,0.00025,,3,C,False
1.3928571428571428,0.000375,,0,H,False
1.3928571428571428,0.000375,,0,S,False
1.3928571428571428,0.000375,,0,N,False
1.3928571428571428,0.000375,,0,C,False
1.3928571428571428,0.000375,,1,H,False
1.3928571428571428,0.000375,,1,S,False
1.3928571428571428,0.000375,,1,N,False
1.3928571428571428,0.000375,,1,C,False
1.3928571428571428,0.000375,,2,H,False
1.3928571428571428,0.000375,,2,S,False
1.3928571428571428,0.000375,,2,N,False
1.3928571428571428,0.000375,,2,C,False
1.3928571428571428,0.000375,,3,H,False
1.3928571428571428,0.000375,,3,S,False
1.3928571428571428,0.000375,,3,N,False
1.3928571428571428,0.000375,,3,C,False
1.3928571428571428,0.0005,,0,H,False
1.3928571428571428,0.0005,,0,S,False
1.3928571428571428,0.0005,,0,N,False
1.3928571428571428,0.0005,,0,C,False
1.3928571428571428,0.0005,,1,H,False
1.3928571428571428,0.0005,,1,S,False
1.3928571428571428,0.0005,,1,N,False
1.3928571428571428,0.0005,,1,C,False
1.3928571428571428,0.0005,,2,H,False
1.3928571428571428,0.0005,,2,S,False
1.3928571428571428,0.0005,,2,N,False
1.3928571428571428,0.0005,,2,C,False
1.3928571428571428,0.0005,,3,H,False
1.3928571428571428,0.0005,,3,S,False
1.3928571428571428,0.0005,,3,N,False
1.3928571428571428,0.0005,,3,C,False
1.3928571428571428,0.000625,,0,H,False
1.3928571428571428,0.000625,,0,S,False
1.3928571428571428,0.000625,,0,N,False
1.3928571428571428,0.000625,,0,C,False
1.3928571428571428,0.000625,,1,H,False
1.3928571428571428,0.000625,,1,S,False
1.3928571428571428,0.000625,,1,N,False
1.3928571428571428,0.000625,,1,C,False
1.3928571428571428,0.000625,,2,H,False
1.3928571428571428,0.000625,,2,S,False
1.3928571428571428,0.000625,,2,N,False
1.3928571428571428,0.000625,,2,C,False
1.3928571428571428,0.000625,,3,H,False
1.3928571428571428,0.000625,,3,S,False
1.3928571428571428,0.000625,,3,N,False
1.3928571428571428,0.000625,,3,C,False
1.3928571428571428,0.00075,,0,H,False
1.3928571428571428,0.00075,,0,S,False
1.3928571428571428,0.00075,,0,N,False
1.3928571428571428,0.00075,,0,C,False
1.3928571428571428,0.00075,,1,H,False
1.3928571428571428,0.00075,,1,S,False
1.3928571428571428,0.00075,,1,N,False
1.3928571428571428,0.00075,,1,C,False
1.3928571428571428,0.00075,,2,H,False
1.3928571428571428,0.00075,,2,S,False
1.3928571428571428,0.00075,,2,N,False
1.3928571428571428,0.00075,,2,C,False
1.3928571428571428,0.00075,,3,H,False
1.3928571428571428,0.00075,,3,S,False
1.3928571428571428,0.00075,,3,N,False
1.3928571428571428,0.00075,,3,C,False
1.3928571428571428,0.000875,,0,H,False
1.3928571428571428,0.000875,,0,S,False
1.3928571428571428,0.000875,,0,N,False
1.3928571428571428,0.000875,,0,C,False
1.3928571428571428,0.000875,,1,H,False
1.3928571428571428,0.000875,,1,S,False
1.3928571428571428,0.000875,,1,N,False
1.3928571428571428,0.000875,,1,C,False
1.3928571428571428,0.000875,,2,H,False
1.3928571428571428,0.000875,,2,S,False
1.3928571428571428,0.000875,,2,N,False
1.3928571428571428,0.000875,,2,C,False
1.3928571428571428,0.000875,,3,H,False
1.3928571428571428,0.000875,,3,S,False
1.3928571428571428,0.000875,,3,N,False
1.3928571428571428,0.000875,,3,C,False
1.3928571428571428,0.001,,0,H,False
1.3928571428571428,0.001,,0,S,False
1.3928571428571428,0.001,,0,N,False
1.3928571428571428,0.001,,0,C,False
1.3928571428571428,0.001,,1,H,False
1.3928571428571428,0.001,,1,S,False
1.3928571428571428,0.001,,1,N,False
1.3928571428571428,0.001,,1,C,False
1.3928571428571428,0.001,,2,H,False
1.3928571428571428,0.001,,2,S,False
1.3928571428571428,0.001,,2,N,False
1.3928571428571428,0.001,,2,C,False
1.3928571428571428,0.001,,3,H,False
1.3928571428571428,0.001,,3,S,False
1.3928571428571428,0.001,,3,N,False
1.3928571428571428,0.001,,3,C,False
1.3928571428571428,0.0011250000000000001,,0,H,False
1.3928571428571428,0.0011250000000000001,,0,S,False
1.3928571428571428,0.0011250000000000001,,0,N,False
1.3928571428571428,0.0011250000000000001,,0,C,False
1.3928571428571428,0.0011250000000000001,,1,H,False
1.3928571428571428,0.0011250000000000001,,1,S,False
1.3928571428571428,0.0011250000000000001,,1,N,False
1.3928571428571428,0.0011250000000000001,,1,C,False
1.3928571428571428,0.0011250000000000001,,2,H,False
1.3928571428571428,0.0011250000000000001,,2,S,False
1.3928571428571428,0.0011250000000000001,,2,N,False
1.3928571428571428,0.0011250000000000001,,2,C,False
1.3928571428571428,0.0011250000000000001,,3,H,False
1.3928571428571428,0.0011250000000000001,,3,S,False
1.3928571428571428,0.0011250000000000001,,3,N,False
1.3928571428571428,0.0011250000000000001,,3,C,False
1.3928571428571428,0.00125,,0,H,False
1.3928571428571428,0.00125,,0,S,False
1.3928571428571428,0.00125,,0,N,False
1.3928571428571428,0.00125,,0,C,False
1.3928571428571428,0.00125,,1,H,False
1.3928571428571428,0.00125,,1,S,False
1.3928571428571428,0.00125,,1,N,False
1.3928571428571428,0.00125,,1,C,False
1.3928571428571428,0.00125,,2,H,False
1.3928571428571428,0.00125,,2,S,False
1.3928571428571428,0.00125,,2,N,False
1.3928571428571428,0.00125,,2,C,False
1.3928571428571428,0.00125,,3,H,False
1.3928571428571428,0.00125,,3,S,False
1.3928571428571428,0.00125,,3,N,False
1.3928571428571428,0.00125,,3,C,False
1.3928571428571428,0.001375,,0,H,False
1.3928571428571428,0.001375,,0,S,False
1.3928571428571428,0.001375,,0,N,False
1.3928571428571428,0.001375,,0,C,False
1.3928571428571428,0.001375,,1,H,False
1.3928571428571428,0.001375,,1,S,False
1.3928571428571428,0.001375,,1,N,False
1.3928571428571428,0.001375,,1,C,False
1.3928571428571428,0.001375,,2,H,False
1.3928571428571428,0.001375,,2,S,False
1.3928571428571428,0.001375,,2,N,False
1.3928571428571428,0.001375,,2,C,False
1.3928571428571428,0.001375,,3,H,False
1.3928571428571428,0.001375,,3,S,False
1.3928571428571428,0.001375,,3,N,False
1.3928571428571428,0.001375,,3,C,False
1.3928571428571428,0.0015,,0,H,False
1.3928571428571428,0.0015,,0,S,False
1.3928571428571428,0.0015,,0,N,False
1.3928571428571428,0.0015,,0,C,False
1.3928571428571428,0.0015,,1,H,False
1.3928571428571428,0.0015,,1,S,False
1.3928571428571428,0.0015,,1,N,False
1.3928571428571428,0.0015,,1,C,False
1.3928571428571428,0.0015,,2,H,False
1.3928571428571428,0.0015,,2,S,False
1.3928571428571428,0.0015,,2,N,False
1.3928571428571428,0.0015,,2,C,False
1.3928571428571428,0.0015,,3,H,False
1.3928571428571428,0.0015,,3,S,False
1.3928571428571428,0.0015,,3,N,False
1.3928571428571428,0.0015,,3,C,False
1.3928571428571428,0.0016250000000000001,,0,H,False
1.3928571428571428,0.0016250000000000001,,0,S,False
1.3928571428571428,0.0016250000000000001,,0,N,False
1.3928571428571428,0.0016250000000000001,,0,C,False
1.3928571428571428,0.0016250000000000001,,1,H,False
1.3928571428571428,0.0016250000000000001,,1,S,False
1.3928571428571428,0.0016250000000000001,,1,N,False
1.3928571428571428,0.0016250000000000001,,1,C,False
1.3928571428571428,0.0016250000000000001,,2,H,False
1.3928571428571428,0.0016250000000000001,,2,S,False
1.3928571428571428,0.0016250000000000001,,2,N,False
1.3928571428571428,0.0016250000000000001,,2,C,False
1.3928571428571428,0.0016250000000000001,,3,H,False
1.3928571428571428,0.0016250000000000001,,3,S,False
1.3928571428571428,0.0016250000000000001,,3,N,False
1.3928571428571428,0.0016250000000000001,,3,C,False
1.3928571428571428,0.00175,,0,H,False
1.3928571428571428,0.00175,,0,S,False
1.3928571428571428,0.00175,,0,N,False
1.3928571428571428,0.00175,,0,C,False
1.3928571428571428,0.00175,,1,H,False
1.3928571428571428,0.00175,,1,S,False
1.3928571428571428,0.00175,,1,N,False
1.3928571428571428,0.00175,,1,C,False
1.3928571428571428,0.00175,,2,H,False
1.3928571428571428,0.00175,,2,S,False
1.3928571428571428,0.00175,,2,N,False
1.3928571428571428,0.00175,,2,C,False
1.3928571428571428,0.00175,,3,H,False
1.3928571428571428,0.00175,,3,S,False
1.3928571428571428,0.00175,,3,N,False
1.3928571428571428,0.00175,,3,C,False
1.4285714285714286,0.0,,0,H,False
1.4285714285714286,0.0,,0,S,False
1.4285714285714286,0.0,,0,N,False
1.4285714285714286,0.0,,0,C,False
1.4285714285714286,0.0,,1,H,False
1.4285714285714286,0.0,,1,S,False
1.4285714285714286,0.0,,1,N,False
1.4285714285714286,0.0,,1,C,False
1.4285714285714286,0.0,,2,H,False
1.4285714285714286,0.0,,2,S,False
1.4285714285714286,0.0,,2,N,False
1.4285714285714286,0.0,,2,C,False
1.4285714285714286,0.0,,3,H,False
1.4285714285714286,0.0,,3,S,False
1.4285714285714286,0.0,,3,N,False
1.4285714285714286,0.0,,3,C,False
1.4285714285714286,0.000125,,0,H,False
1.4285714285714286,0.000125,,0,S,False
1.4285714285714286,0.000125,,0,N,False
1.4285714285714286,0.000125,,0,C,False
1.4285714285714286,0.000125,,1,H,False
1.4285714285714286,0.000125,,1,S,False
1.4285714285714286,0.000125,,1,N,False
1.4285714285714286,0.000125,,1,C,False
1.4285714285714286,0.000125,,2,H,False
1.4285714285714286,0.000125,,2,S,False
1.4285714285714286,0.000125,,2,N,False
1.4285714285714286,0.000125,,2,C,False
1.4285714285714286,0.000125,,3,H,False
1.4285714285714286,0.000125,,3,S,False
1.4285714285714286,0.000125,,3,N,False
1.4285714285714286,0.000125,,3,C,False
1.4285714285714286,0.00025,,0,H,False
1.4285714285714286,0.00025,,0,S,False
1.4285714285714286,0.00025,,0,N,False
1.4285714285714286,0.00025,,0,C,False
1.4285714285714286,0.00025,,1,H,False
1.4285714285714286,0.00025,,1,S,False
1.4285714285714286,0.00025,,1,N,False
1.4285714285714286,0.00025,,1,C,False
1.4285714285714286,0.00025,,2,H,False
1.4285714285714286,0.00025,,2,S,False
1.4285714285714286,0.00025,,2,N,False
1.4285714285714286,0.00025,,2,C,False
1.4285714285714286,0.00025,,3,H,False
1.4285714285714286,0.00025,,3,S,False
1.4285714285714286,0.00025,,3,N,False
1.4285714285714286,0.00025,,3,C,False
1.4285714285714286,0.000375,,0,H,False
1.4285714285714286,0.000375,,0,S,False
1.4285714285714286,0.000375,,0,N,False
1.4285714285714286,0.000375,,0,C,False
1.4285714285714286,0.000375,,1,H,False
1.4285714285714286,0.000375,,1,S,False
1.4285714285714286,0.000375,,1,N,False
1.4285714285714286,0.000375,,1,C,False
1.4285714285714286,0.000375,,2,H,False
1.4285714285714286,0.000375,,2,S,False
1.4285714285714286,0.000375,,2,N,False
1.4285714285714286,0.000375,,2,C,False
1.4285714285714286,0.000375,,3,H,False
1.4285714285714286,0.000375,,3,S,False
1.4285714285714286,0.000375,,3,N,False
1.4285714285714286,0.000375,,3,C,False
1.4285714285714286,0.0005,,0,H,False
1.4285714285714286,0.0005,,0,S,False
1.4285714285714286,0.0005,,0,N,False
1.4285714285714286,0.0005,,0,C,False
1.4285714285714286,0.0005,,1,H,False
1.4285714285714286,0.0005,,1,S,False
1.4285714285714286,0.0005,,1,N,False
1.4285714285714286,0.0005,,1,C,False
1.4285714285714286,0.0005,,2,H,False
1.4285714285714286,0.0005,,2,S,False
1.4285714285714286,0.0005,,2,N,False
1.4285714285714286,0.0005,,2,C,False
1.4285714285714286,0.0005,,3,H,False
1.4285714285714286,0.0005,,3,S,False
1.4285714285714286,0.0005,,3,N,False
1.4285714285714286,0.0005,,3,C,False
1.4285714285714286,0.000625,,0,H,False
1.4285714285714286,0.000625,,0,S,False
1.4285714285714286,0.000625,,0,N,False
1.4285714285714286,0.000625,,0,C,False
1.4285714285714286,0.000625,,1,H,False
1.4285714285714286,0.000625,,1,S,False
1.4285714285714286,0.000625,,1,N,False
1.4285714285714286,0.000625,,1,C,False
1.4285714285714286,0.000625,,2,H,False
1.4285714285714286,0.000625,,2,S,False
1.4285714285714286,0.000625,,2,N,False
1.4285714285714286,0.000625,,2,C,False
1.4285714285714286,0.000625,,3,H,False
1.4285714285714286,0.000625,,3,S,False
1.4285714285714286,0.000625,,3,N,False
1.4285714285714286,0.000625,,3,C,False
1.4285714285714286,0.00075,,0,H,False
1.4285714285714286,0.00075,,0,S,False
1.4285714285714286,0.00075,,0,N,False
1.4285714285714286,0.00075,,0,C,False
1.4285714285714286,0.00075,,1,H,False
1.4285714285714286,0.00075,,1,S,False
1.4285714285714286,0.00075,,1,N,False
1.4285714285714286,0.00075,,1,C,False
1.4285714285714286,0.00075,,2,H,False
1.4285714285714286,0.00075,,2,S,False
1.4285714285714286,0.00075,,2,N,False
1.4285714285714286,0.00075,,2,C,False
1.4285714285714286,0.00075,,3,H,False
1.4285714285714286,0.00075,,3,S,False
1.4285714285714286,0.00075,,3,N,False
1.4285714285714286,0.00075,,3,C,False
1.4285714285714286,0.000875,,0,H,False
1.4285714285714286,0.000875,,0,S,False
1.4285714285714286,0.000875,,0,N,False
1.4285714285714286,0.000875,,0,C,False
1.4285714285714286,0.000875,,1,H,False
1.4285714285714286,0.000875,,1,S,False
1.4285714285714286,0.000875,,1,N,False
1.4285714285714286,0.000875,,1,C,False
1.4285714285714286,0.000875,,2,H,False
1.4285714285714286,0.000875,,2,S,False
1.4285714285714286,0.000875,,2,N,False
1.4285714285714286,0.000875,,2,C,False
1.4285714285714286,0.000875,,3,H,False
1.4285714285714286,0.000875,,3,S,False
1.4285714285714286,0.000875,,3,N,False
1.4285714285714286,0.000875,,3,C,False
1.4285714285714286,0.001,,0,H,False
1.4285714285714286,0.001,,0,S,False
1.4285714285714286,0.001,,0,N,False
1.4285714285714286,0.001,,0,C,False
1.4285714285714286,0.001,,1,H,False
1.4285714285714286,0.001,,1,S,False
1.4285714285714286,0.001,,1,N,False
1.4285714285714286,0.001,,1,C,False
1.4285714285714286,0.001,,2,H,False
1.4285714285714286,0.001,,2,S,False
1.4285714285714286,0.001,,2,N,False
1.4285714285714286,0.001,,2,C,False
1.4285714285714286,0.001,,3,H,False
1.4285714285714286,0.001,,3,S,False
1.4285714285714286,0.001,,3,N,False
1.4285714285714286,0.001,,3,C,False
1.4285714285714286,0.0011250000000000001,,0,H,False
1.4285714285714286,0.0011250000000000001,,0,S,False
1.4285714285714286,0.0011250000000000001,,0,N,False
1.4285714285714286,0.0011250000000000001,,0,C,False
1.4285714285714286,0.0011250000000000001,,1,H,False
1.4285714285714286,0.0011250000000000001,,1,S,False
1.4285714285714286,0.0011250000000000001,,1,N,False
1.4285714285714286,0.0011250000000000001,,1,C,False
1.4285714285714286,0.0011250000000000001,,2,H,False
1.4285714285714286,0.0011250000000000001,,2,S,False
1.4285714285714286,0.0011250000000000001,,2,N,False
1.4285714285714286,0.0011250000000000001,,2,C,False
1.4285714285714286,0.0011250000000000001,,3,H,False
1.4285714285714286,0.0011250000000000001,,3,S,False
1.4285714285714286,0.0011250000000000001,,3,N,False
1.4285714285714286,0.0011250000000000001,,3,C,False
1.4285714285714286,0.00125,,0,H,False
1.4285714285714286,0.00125,,0,S,False
1.4285714285714286,0.00125,,0,N,False
1.4285714285714286,0.00125,,0,C,False
1.4285714285714286,0.00125,,1,H,False
1.4285714285714286,0.00125,,1,S,False
1.4285714285714286,0.00125,,1,N,False
1.4285714285714286,0.00125,,1,C,False
1.4285714285714286,0.00125,,2,H,False
1.4285714285714286,0.00125,,2,S,False
1.4285714285714286,0.00125,,2,N,False
1.4285714285714286,0.00125,,2,C,False
1.4285714285714286,0.00125,,3,H,False
1.4285714285714286,0.00125,,3,S,False
1.4285714285714286,0.00125,,3,N,False
1.4285714285714286,0.00125,,3,C,False
1.4285714285714286,0.001375,,0,H,False
1.4285714285714286,0.001375,,0,S,False
1.4285714285714286,0.001375,,0,N,False
1.4285714285714286,0.001375,,0,C,False
1.4285714285714286,0.001375,,1,H,False
1.4285714285714286,0.001375,,1,S,False
1.4285714285714286,0.001375,,1,N,False
1.4285714285714286,0.001375,,1,C,False
1.4285714285714286,0.001375,,2,H,False
1.4285714285714286,0.001375,,2,S,False
1.4285714285714286,0.001375,,2,N,False
1.4285714285714286,0.001375,,2,C,False
1.4285714285714286,0.001375,,3,H,False
1.4285714285714286,0.001375,,3,S,False
1.4285714285714286,0.001375,,3,N,False
1.4285714285714286,0.001375,,3,C,False
1.4285714285714286,0.0015,,0,H,False
1.4285714285714286,0.0015,,0,S,False
1.4285714285714286,0.0015,,0,N,False
1.4285714285714286,0.0015,,0,C,False
1.4285714285714286,0.0015,,1,H,False
1.4285714285714286,0.0015,,1,S,False
1.4285714285714286,0.0015,,1,N,False
1.4285714285714286,0.0015,,1,C,False
1.4285714285714286,0.0015,,2,H,False
1.4285714285714286,0.0015,,2,S,False
1.4285714285714286,0.0015,,2,N,False
1.4285714285714286,0.0015,,2,C,False
1.4285714285714286,0.0015,,3,H,False
1.4285714285714286,0.0015,,3,S,False
1.4285714285714286,0.0015,,3,N,False
1.4285714285714286,0.0015,,3,C,False
1.4285714285714286,0.0016250000000000001,,0,H,False
1.4285714285714286,0.0016250000000000001,,0,S,False
1.4285714285714286,0.0016250000000000001,,0,N,False
1.4285714285714286,0.0016250000000000001,,0,C,False
1.4285714285714286,0.0016250000000000001,,1,H,False
1.4285714285714286,0.0016250000000000001,,1,S,False
1.4285714285714286,0.0016250000000000001,,1,N,False
1.4285714285714286,0.0016250000000000001,,1,C,False
1.4285714285714286,0.0016250000000000001,,2,H,False
1.4285714285714286,0.0016250000000000001,,2,S,False
1.4285714285714286,0.0016250000000000001,,2,N,False
1.4285714285714286,0.0016250000000000001,,2,C,False
1.4285714285714286,0.0016250000000000001,,3,H,False
1.4285714285714286,0.0016250000000000001,,3,S,False
1.4285714285714286,0.0016250000000000001,,3,N,False
1.4285714285714286,0.0016250000000000001,,3,C,False
1.4285714285714286,0.00175,,0,H,False
1.4285714285714286,0.00175,,0,S,False
1.4285714285714286,0.00175,,0,N,False
1.4285714285714286,0.00175,,0,C,False
1.4285714285714286,0.00175,,1,H,False
1.4285714285714286,0.00175,,1,S,False
1.4285714285714286,0.00175,,1,N,False
1.4285714285714286,0.00175,,1,C,False
1.4285714285714286,0.00175,,2,H,False
1.4285714285714286,0.00175,,2,S,False
1.4285714285714286,0.00175,,2,N,False
1.4285714285714286,0.00175,,2,C,False
1.4285714285714286,0.00175,,3,H,False
1.4285714285714286,0.00175,,3,S,False
1.4285714285714286,0.00175,,3,N,False
1.4285714285714286,0.00175,,3,C,False
1.4642857142857142,0.0,,0,H,False
1.4642857142857142,0.0,,0,S,False
1.4642857142857142,0.0,,0,N,False
1.4642857142857142,0.0,,0,C,False
1.4642857142857142,0.0,,1,H,False
1.4642857142857142,0.0,,1,S,False
1.4642857142857142,0.0,,1,N,False
1.4642857142857142,0.0,,1,C,False
1.4642857142857142,0.0,,2,H,False
1.4642857142857142,0.0,,2,S,False
1.4642857142857142,0.0,,2,N,False
1.4642857142857142,0.0,,2,C,False
1.4642857142857142,0.0,,3,H,False
1.4642857142857142,0.0,,3,S,False
1.4642857142857142,0.0,,3,N,False
1.4642857142857142,0.0,,3,C,False
1.4642857142857142,0.000125,,0,H,False
1.4642857142857142,0.000125,,0,S,False
1.4642857142857142,0.000125,,0,N,False
1.4642857142857142,0.000125,,0,C,False
1.4642857142857142,0.000125,,1,H,False
1.4642857142857142,0.000125,,1,S,False
1.4642857142857142,0.000125,,1,N,False
1.4642857142857142,0.000125,,1,C,False
1.4642857142857142,0.000125,,2,H,False
1.4642857142857142,0.000125,,2,S,False
1.4642857142857142,0.000125,,2,N,False
1.4642857142857142,0.000125,,2,C,False
1.4642857142857142,0.000125,,3,H,False
1.4642857142857142,0.000125,,3,S,False
1.4642857142857142,0.000125,,3,N,False
1.4642857142857142,0.000125,,3,C,False
1.4642857142857142,0.00025,,0,H,False
1.4642857142857142,0.00025,,0,S,False
1.4642857142857142,0.00025,,0,N,False
1.4642857142857142,0.00025,,0,C,False
1.4642857142857142,0.00025,,1,H,False
1.4642857142857142,0.00025,,1,S,False
1.4642857142857142,0.00025,,1,N,False
1.4642857142857142,0.00025,,1,C,False
1.4642857142857142,0.00025,,2,H,False
1.4642857142857142,0.00025,,2,S,False
1.4642857142857142,0.00025,,2,N,False
1.4642857142857142,0.00025,,2,C,False
1.4642857142857142,0.00025,,3,H,False
1.4642857142857142,0.00025,,3,S,False
1.4642857142857142,0.00025,,3,N,False
1.4642857142857142,0.00025,,3,C,False
1.4642857142857142,0.000375,,0,H,False
1.4642857142857142,0.000375,,0,S,False
1.4642857142857142,0.000375,,0,N,False
1.4642857142857142,0.000375,,0,C,False
1.4642857142857142,0.000375,,1,H,False
1.4642857142857142,0.000375,,1,S,False
1.4642857142857142,0.000375,,1,N,False
1.4642857142857142,0.000375,,1,C,False
1.4642857142857142,0.000375,,2,H,False
1.4642857142857142,0.000375,,2,S,False
1.4642857142857142,0.000375,,2,N,False
1.4642857142857142,0.000375,,2,C,False
1.4642857142857142,0.000375,,3,H,False
1.4642857142857142,0.000375,,3,S,False
1.4642857142857142,0.000375,,3,N,False
1.4642857142857142,0.000375,,3,C,False
1.4642857142857142,0.0005,,0,H,False
1.4642857142857142,0.0005,,0,S,False
1.4642857142857142,0.0005,,0,N,False
1.4642857142857142,0.0005,,0,C,False
1.4642857142857142,0.0005,,1,H,False
1.4642857142857142,0.0005,,1,S,False
1.4642857142857142,0.0005,,1,N,False
1.4642857142857142,0.0005,,1,C,False
1.4642857142857142,0.0005,,2,H,False
1.4642857142857142,0.0005,,2,S,False
1.4642857142857142,0.0005,,2,N,False
1.4642857142857142,0.0005,,2,C,False
1.4642857142857142,0.0005,,3,H,False
1.4642857142857142,0.0005,,3,S,False
1.4642857142857142,0.0005,,3,N,False
1.4642857142857142,0.0005,,3,C,False
1.4642857142857142,0.000625,,0,H,False
1.4642857142857142,0.000625,,0,S,False
1.4642857142857142,0.000625,,0,N,False
1.4642857142857142,0.000625,,0,C,False
1.4642857142857142,0.000625,,1,H,False
1.4642857142857142,0.000625,,1,S,False
1.4642857142857142,0.000625,,1,N,False
1.4642857142857142,0.000625,,1,C,False
1.4642857142857142,0.000625,,2,H,False
1.4642857142857142,0.000625,,2,S,False
1.4642857142857142,0.000625,,2,N,False
1.4642857142857142,0.000625,,2,C,False
1.4642857142857142,0.000625,,3,H,False
1.4642857142857142,0.000625,,3,S,False
1.4642857142857142,0.000625,,3,N,False
1.4642857142857142,0.000625,,3,C,False
1.4642857142857142,0.00075,,0,H,False
1.4642857142857142,0.00075,,0,S,False
1.4642857142857142,0.00075,,0,N,False
1.4642857142857142,0.00075,,0,C,False
1.4642857142857142,0.00075,,1,H,False
1.4642857142857142,0.00075,,1,S,False
1.4642857142857142,0.00075,,1,N,False
1.4642857142857142,0.00075,,1,C,False
1.4642857142857142,0.00075,,2,H,False
1.4642857142857142,0.00075,,2,S,False
1.4642857142857142,0.00075,,2,N,False
1.4642857142857142,0.00075,,2,C,False
1.4642857142857142,0.00075,,3,H,False
1.4642857142857142,0.00075,,3,S,False
1.4642857142857142,0.00075,,3,N,False
1.4642857142857142,0.00075,,3,C,False
1.4642857142857142,0.000875,,0,H,False
1.4642857142857142,0.000875,,0,S,False
1.4642857142857142,0.000875,,0,N,False
1.4642857142857142,0.000875,,0,C,False
1.4642857142857142,0.000875,,1,H,False
1.4642857142857142,0.000875,,1,S,False
1.4642857142857142,0.000875,,1,N,False
1.4642857142857142,0.000875,,1,C,False
1.4642857142857142,0.000875,,2,H,False
1.4642857142857142,0.000875,,2,S,False
1.4642857142857142,0.000875,,2,N,False
1.4642857142857142,0.000875,,2,C,False
1.4642857142857142,0.000875,,3,H,False
1.4642857142857142,0.000875,,3,S,False
1.4642857142857142,0.000875,,3,N,False
1.4642857142857142,0.000875,,3,C,False
1.4642857142857142,0.001,,0,H,False
1.4642857142857142,0.001,,0,S,False
1.4642857142857142,0.001,,0,N,False
1.4642857142857142,0.001,,0,C,False
1.4642857142857142,0.001,,1,H,False
1.4642857142857142,0.001,,1,S,False
1.4642857142857142,0.001,,1,N,False
1.4642857142857142,0.001,,1,C,False
1.4642857142857142,0.001,,2,H,False
1.4642857142857142,0.001,,2,S,False
1.4642857142857142,0.001,,2,N,False
1.4642857142857142,0.001,,2,C,False
1.4642857142857142,0.001,,3,H,False
1.4642857142857142,0.001,,3,S,False
1.4642857142857142,0.001,,3,N,False
1.4642857142857142,0.001,,3,C,False
1.4642857142857142,0.0011250000000000001,,0,H,False
1.4642857142857142,0.0011250000000000001,,0,S,False
1.4642857142857142,0.0011250000000000001,,0,N,False
1.4642857142857142,0.0011250000000000001,,0,C,False
1.4642857142857142,0.0011250000000000001,,1,H,False
1.4642857142857142,0.0011250000000000001,,1,S,False
1.4642857142857142,0.0011250000000000001,,1,N,False
1.4642857142857142,0.0011250000000000001,,1,C,False
1.4642857142857142,0.0011250000000000001,,2,H,False
1.4642857142857142,0.0011250000000000001,,2,S,False
1.4642857142857142,0.0011250000000000001,,2,N,False
1.4642857142857142,0.0011250000000000001,,2,C,False
1.4642857142857142,0.0011250000000000001,,3,H,False
1.4642857142857142,0.0011250000000000001,,3,S,False
1.4642857142857142,0.0011250000000000001,,3,N,False
1.4642857142857142,0.0011250000000000001,,3,C,False
1.4642857142857142,0.00125,,0,H,False
1.4642857142857142,0.00125,,0,S,False
1.4642857142857142,0.00125,,0,N,False
1.4642857142857142,0.00125,,0,C,False
1.4642857142857142,0.00125,,1,H,False
1.4642857142857142,0.00125,,1,S,False
1.4642857142857142,0.00125,,1,N,False
1.4642857142857142,0.00125,,1,C,False
1.4642857142857142,0.00125,,2,H,False
1.4642857142857142,0.00125,,2,S,False
1.4642857142857142,0.00125,,2,N,False
1.4642857142857142,0.00125,,2,C,False
1.4642857142857142,0.00125,,3,H,False
1.4642857142857142,0.00125,,3,S,False
1.4642857142857142,0.00125,,3,N,False
1.4642857142857142,0.00125,,3,C,False
1.4642857142857142,0.001375,,0,H,False
1.4642857142857142,0.001375,,0,S,False
1.4642857142857142,0.001375,,0,N,False
1.4642857142857142,0.001375,,0,C,False
1.4642857142857142,0.001375,,1,H,False
1.4642857142857142,0.001375,,1,S,False
1.4642857142857142,0.001375,,1,N,False
1.4642857142857142,0.001375,,1,C,False
1.4642857142857142,0.001375,,2,H,False
1.4642857142857142,0.001375,,2,S,False
1.4642857142857142,0.001375,,2,N,False
1.4642857142857142,0.001375,,2,C,False
1.4642857142857142,0.001375,,3,H,False
1.4642857142857142,0.001375,,3,S,False
1.4642857142857142,0.001375,,3,N,False
1.4642857142857142,0.001375,,3,C,False
1.4642857142857142,0.0015,,0,H,False
1.4642857142857142,0.0015,,0,S,False
1.4642857142857142,0.0015,,0,N,False
1.4642857142857142,0.0015,,0,C,False
1.4642857142857142,0.0015,,1,H,False
1.4642857142857142,0.0015,,1,S,False
1.4642857142857142,0.0015,,1,N,False
1.4642857142857142,0.0015,,1,C,False
1.4642857142857142,0.0015,,2,H,False
1.4642857142857142,0.0015,,2,S,False
1.4642857142857142,0.0015,,2,N,False
1.4642857142857142,0.0015,,2,C,False
1.4642857142857142,0.0015,,3,H,False
1.4642857142857142,0.0015,,3,S,False
1.4642857142857142,0.0015,,3,N,False
1.4642857142857142,0.0015,,3,C,False
1.4642857142857142,0.0016250000000000001,,0,H,False
1.4642857142857142,0.0016250000000000001,,0,S,False
1.4642857142857142,0.0016250000000000001,,0,N,False
1.4642857142857142,0.0016250000000000001,,0,C,False
1.4642857142857142,0.0016250000000000001,,1,H,False
1.4642857142857142,0.0016250000000000001,,1,S,False
1.4642857142857142,0.0016250000000000001,,1,N,False
1.4642857142857142,0.0016250000000000001,,1,C,False
1.4642857142857142,0.0016250000000000001,,2,H,False
1.4642857142857142,0.0016250000000000001,,2,S,False
1.4642857142857142,0.0016250000000000001,,2,N,False
1.4642857142857142,0.0016250000000000001,,2,C,False
1.4642857142857142,0.0016250000000000001,,3,H,False
1.4642857142857142,0.0016250000000000001,,3,S,False
1.4642857142857142,0.0016250000000000001,,3,N,False
1.4642857142857142,0.0016250000000000001,,3,C,False
1.4642857142857142,0.00175,,0,H,False
1.4642857142857142,0.00175,,0,S,False
1.4642857142857142,0.00175,,0,N,False
1.4642857142857142,0.00175,,0,C,False
1.4642857142857142,0.00175,,1,H,False
1.4642857142857142,0.00175,,1,S,False
1.4642857142857142,0.00175,,1,N,False
1.4642857142857142,0.00175,,1,C,False
1.4642857142857142,0.00175,,2,H,False
1.4642857142857142,0.00175,,2,S,False
1.4642857142857142,0.00175,,2,N,False
1.4642857142857142,0.00175,,2,C,False
1.4642857142857142,0.00175,,3,H,False
1.4642857142857142,0.00175,,3,S,False
1.4642857142857142,0.00175,,3,N,False
1.4642857142857142,0.00175,,3,C,False
1.5,0.0,,0,H,False
1.5,0.0,,0,S,False
1.5,0.0,,0,N,False
1.5,0.0,,0,C,False
1.5,0.0,,1,H,False
1.5,0.0,,1,S,False
1.5,0.0,,1,N,False
1.5,0.0,,1,C,False
1.5,0.0,,2,H,False
1.5,0.0,,2,S,False
1.5,0.0,,2,N,False
1.5,0.0,,2,C,False
1.5,0.0,,3,H,False
1.5,0.0,,3,S,False
1.5,0.0,,3,N,False
1.5,0.0,,3,C,False
1.5,0.000125,,0,H,False
1.5,0.000125,,0,S,False
1.5,0.000125,,0,N,False
1.5,0.000125,,0,C,False
1.5,0.000125,,1,H,False
1.5,0.000125,,1,S,False
1.5,0.000125,,1,N,False
1.5,0.000125,,1,C,False
1.5,0.000125,,2,H,False
1.5,0.000125,,2,S,False
1.5,0.000125,,2,N,False
1.5,0.000125,,2,C,False
1.5,0.000125,,3,H,False
1.5,0.000125,,3,S,False
1.5,0.000125,,3,N,False
1.5,0.000125,,3,C,False
1.5,0.00025,,0,H,False
1.5,0.00025,,0,S,False
1.5,0.00025,,0,N,False
1.5,0.00025,,0,C,False
1.5,0.00025,,1,H,False
1.5,0.00025,,1,S,False
1.5,0.00025,,1,N,False
1.5,0.00025,,1,C,False
1.5,0.00025,,2,H,False
1.5,0.00025,,2,S,False
1.5,0.00025,,2,N,False
1.5,0.00025,,2,C,False
1.5,0.00025,,3,H,False
1.5,0.00025,,3,S,False
1.5,0.00025,,3,N,False
1.5,0.00025,,3,C,False
1.5,0.000375,,0,H,False
1.5,0.000375,,0,S,False
1.5,0.000375,,0,N,False
1.5,0.000375,,0,C,False
1.5,0.000375,,1,H,False
1.5,0.000375,,1,S,False
1.5,0.000375,,1,N,False
1.5,0.000375,,1,C,False
1.5,0.000375,,2,H,False
1.5,0.000375,,2,S,False
1.5,0.000375,,2,N,False
1.5,0.000375,,2,C,False
1.5,0.000375,,3,H,False
1.5,0.000375,,3,S,False
1.5,0.000375,,3,N,False
1.5,0.000375,,3,C,False
1.5,0.0005,,0,H,False
1.5,0.0005,,0,S,False
1.5,0.0005,,0,N,False
1.5,0.0005,,0,C,False
1.5,0.0005,,1,H,False
1.5,0.0005,,1,S,False
1.5,0.0005,,1,N,False
1.5,0.0005,,1,C,False
1.5,0.0005,,2,H,False
1.5,0.0005,,2,S,False
1.5,0.0005,,2,N,False
1.5,0.0005,,2,C,False
1.5,0.0005,,3,H,False
1.5,0.0005,,3,S,False
1.5,0.0005,,3,N,False
1.5,0.0005,,3,C,False
1.5,0.000625,,0,H,False
1.5,0.000625,,0,S,False
1.5,0.000625,,0,N,False
1.5,0.000625,,0,C,False
1.5,0.000625,,1,H,False
1.5,0.000625,,1,S,False
1.5,0.000625,,1,N,False
1.5,0.000625,,1,C,False
1.5,0.000625,,2,H,False
1.5,0.000625,,2,S,False
1.5,0.000625,,2,N,False
1.5,0.000625,,2,C,False
1.5,0.000625,,3,H,False
1.5,0.000625,,3,S,False
1.5,0.000625,,3,N,False
1.5,0.000625,,3,C,False
1.5,0.00075,,0,H,False
1.5,0.00075,,0,S,False
1.5,0.00075,,0,N,False
1.5,0.00075,,0,C,False
1.5,0.00075,,1,H,False
1.5,0.00075,,1,S,False
1.5,0.00075,,1,N,False
1.5,0.00075,,1,C,False
1.5,0.00075,,2,H,False
1.5,0.00075,,2,S,False
1.5,0.00075,,2,N,False
1.5,0.00075,,2,C,False
1.5,0.00075,,3,H,False
1.5,0.00075,,3,S,False
1.5,0.00075,,3,N,False
1.5,0.00075,,3,C,False
1.5,0.000875,,0,H,False
1.5,0.000875,,0,S,False
1.5,0.000875,,0,N,False
1.5,0.000875,,0,C,False
1.5,0.000875,,1,H,False
1.5,0.000875,,1,S,False
1.5,0.000875,,1,N,False
1.5,0.000875,,1,C,False
1.5,0.000875,,2,H,False
1.5,0.000875,,2,S,False
1.5,0.000875,,2,N,False
1.5,0.000875,,2,C,False
1.5,0.000875,,3,H,False
1.5,0.000875,,3,S,False
1.5,0.000875,,3,N,False
1.5,0.000875,,3,C,False
1.5,0.001,,0,H,False
1.5,0.001,,0,S,False
1.5,0.001,,0,N,False
1.5,0.001,,0,C,False
1.5,0.001,,1,H,False
1.5,0.001,,1,S,False
1.5,0.001,,1,N,False
1.5,0.001,,1,C,False
1.5,0.001,,2,H,False
1.5,0.001,,2,S,False
1.5,0.001,,2,N,False
1.5,0.001,,2,C,False
1.5,0.001,,3,H,False
1.5,0.001,,3,S,False
1.5,0.001,,3,N,False
1.5,0.001,,3,C,False
1.5,0.0011250000000000001,,0,H,False
1.5,0.0011250000000000001,,0,S,False
1.5,0.0011250000000000001,,0,N,False
1.5,0.0011250000000000001,,0,C,False
1.5,0.0011250000000000001,,1,H,False
1.5,0.0011250000000000001,,1,S,False
1.5,0.0011250000000000001,,1,N,False
1.5,0.0011250000000000001,,1,C,False
1.5,0.0011250000000000001,,2,H,False
1.5,0.0011250000000000001,,2,S,False
1.5,0.0011250000000000001,,2,N,False
1.5,0.0011250000000000001,,2,C,False
1.5,0.0011250000000000001,,3,H,False
1.5,0.0011250000000000001,,3,S,False
1.5,0.0011250000000000001,,3,N,False
1.5,0.0011250000000000001,,3,C,False
1.5,0.00125,,0,H,False
1.5,0.00125,,0,S,False
1.5,0.00125,,0,N,False
1.5,0.00125,,0,C,False
1.5,0.00125,,1,H,False
1.5,0.00125,,1,S,False
1.5,0.00125,,1,N,False
1.5,0.00125,,1,C,False
1.5,0.00125,,2,H,False
1.5,0.00125,,2,S,False
1.5,0.00125,,2,N,False
1.5,0.00125,,2,C,False
1.5,0.00125,,3,H,False
1.5,0.00125,,3,S,False
1.5,0.00125,,3,N,False
1.5,0.00125,,3,C,False
1.5,0.001375,,0,H,False
1.5,0.001375,,0,S,False
1.5,0.001375,,0,N,False
1.5,0.001375,,0,C,False
1.5,0.001375,,1,H,False
1.5,0.001375,,1,S,False
1.5,0.001375,,1,N,False
1.5,0.001375,,1,C,False
1.5,0.001375,,2,H,False
1.5,0.001375,,2,S,False
1.5,0.001375,,2,N,False
1.5,0.001375,,2,C,False
1.5,0.001375,,3,H,False
1.5,0.001375,,3,S,False
1.5,0.001375,,3,N,False
1.5,0.001375,,3,C,False
1.5,0.0015,,0,H,False
1.5,0.0015,,0,S,False
1.5,0.0015,,0,N,False
1.5,0.0015,,0,C,False
1.5,0.0015,,1,H,False
1.5,0.0015,,1,S,False
1.5,0.0015,,1,N,False
1.5,0.0015,,1,C,False
1.5,0.0015,,2,H,False
1.5,0.0015,,2,S,False
1.5,0.0015,,2,N,False
1.5,0.0015,,2,C,False
1.5,0.0015,,3,H,False
1.5,0.0015,,3,S,False
1.5,0.0015,,3,N,False
1.5,0.0015,,3,C,False
1.5,0.0016250000000000001,,0,H,False
1.5,0.0016250000000000001,,0,S,False
1.5,0.0016250000000000001,,0,N,False
1.5,0.0016250000000000001,,0,C,False
1.5,0.0016250000000000001,,1,H,False
1.5,0.0016250000000000001,,1,S,False
1.5,0.0016250000000000001,,1,N,False
1.5,0.0016250000000000001,,1,C,False
1.5,0.0016250000000000001,,2,H,False
1.5,0.0016250000000000001,,2,S,False
1.5,0.0016250000000000001,,2,N,False
1.5,0.0016250000000000001,,2,C,False
1.5,0.0016250000000000001,,3,H,False
1.5,0.0016250000000000001,,3,S,False
1.5,0.0016250000000000001,,3,N,False
1.5,0.0016250000000000001,,3,C,False
1.5,0.00175,,0,H,False
1.5,0.00175,,0,S,False
1.5,0.00175,,0,N,False
1.5,0.00175,,0,C,False
1.5,0.00175,,1,H,False
1.5,0.00175,,1,S,False
1.5,0.00175,,1,N,False
1.5,0.00175,,1,C,False
1.5,0.00175,,2,H,False
1.5,0.00175,,2,S,False
1.5,0.00175,,2,N,False
1.5,0.00175,,2,C,False
1.5,0.00175,,3,H,False
1.5,0.00175,,3,S,False
1.5,0.00175,,3,N,False
1.5,0.00175,,3,C,False
