$\epsilon$,$f_{\max}$,value,fp_num,name,stability
1.0,0.001,,0,H,False
1.0,0.001,,0,S,False
1.0,0.001,,0,N,False
1.0,0.001,,0,C,False
1.0,0.001,,1,H,False
1.0,0.001,,1,S,False
1.0,0.001,,1,N,False
1.0,0.001,,1,C,False
1.0,0.001,,2,H,False
1.0,0.001,,2,S,False
1.0,0.001,,2,N,False
1.0,0.001,,2,C,False
1.0,0.001,,3,H,False
1.0,0.001,,3,S,False
1.0,0.001,,3,N,False
1.0,0.001,,3,C,False
1.0,0.008071428571428571,,0,H,False
1.0,0.008071428571428571,,0,S,False
1.0,0.008071428571428571,,0,N,False
1.0,0.008071428571428571,,0,C,False
1.0,0.008071428571428571,,1,H,False
1.0,0.008071428571428571,,1,S,False
1.0,0.008071428571428571,,1,N,False
1.0,0.008071428571428571,,1,C,False
1.0,0.008071428571428571,,2,H,False
1.0,0.008071428571428571,,2,S,False
1.0,0.008071428571428571,,2,N,False
1.0,0.008071428571428571,,2,C,False
1.0,0.008071428571428571,,3,H,False
1.0,0.008071428571428571,,3,S,False
1.0,0.008071428571428571,,3,N,False
1.0,0.008071428571428571,,3,C,False
1.0,0.015142857142857142,,0,H,False
1.0,0.015142857142857142,,0,S,False
1.0,0.015142857142857142,,0,N,False
1.0,0.015142857142857142,,0,C,False
1.0,0.015142857142857142,,1,H,False
1.0,0.015142857142857142,,1,S,False
1.0,0.015142857142857142,,1,N,False
1.0,0.015142857142857142,,1,C,False
1.0,0.015142857142857142,50.3361921097774,2,H,False
1.0,0.015142857142857142,33.6043277945162,2,S,False
1.0,0.015142857142857142,0.00272727272727273,2,N,False
1.0,0.015142857142857142,0.00752595413724081,2,C,False
1.0,0.015142857142857142,50.3361921097774,3,H,True
1.0,0.015142857142857142,9.88413151399100,3,S,True
1.0,0.015142857142857142,0.00272727272727273,3,N,True
1.0,0.015142857142857142,0.0358000789206105,3,C,True
1.0,0.022214285714285714,,0,H,False
1.0,0.022214285714285714,,0,S,False
1.0,0.022214285714285714,,0,N,False
1.0,0.022214285714285714,,0,C,False
1.0,0.022214285714285714,,1,H,False
1.0,0.022214285714285714,,1,S,False
1.0,0.022214285714285714,,1,N,False
1.0,0.022214285714285714,,1,C,False
1.0,0.022214285714285714,72.5121309558614,2,H,False
1.0,0.022214285714285714,48.4089343191761,2,S,False
1.0,0.022214285714285714,0.00272727272727273,2,N,False
1.0,0.022214285714285714,0.00752595413724084,2,C,False
1.0,0.022214285714285714,72.5121309558614,3,H,True
1.0,0.022214285714285714,14.2386503366085,3,S,True
1.0,0.022214285714285714,0.00272727272727273,3,N,True
1.0,0.022214285714285714,0.0358000789206103,3,C,True
1.0,0.029285714285714286,,0,H,False
1.0,0.029285714285714286,,0,S,False
1.0,0.029285714285714286,,0,N,False
1.0,0.029285714285714286,,0,C,False
1.0,0.029285714285714286,,1,H,False
1.0,0.029285714285714286,,1,S,False
1.0,0.029285714285714286,,1,N,False
1.0,0.029285714285714286,,1,C,False
1.0,0.029285714285714286,83.9787139689575,2,H,False
1.0,0.029285714285714286,56.0639991563168,2,S,False
1.0,0.029285714285714286,0.00272727272727273,2,N,False
1.0,0.029285714285714286,0.00752595413724083,2,C,False
1.0,0.029285714285714286,83.9787139689575,3,H,True
1.0,0.029285714285714286,16.4902551912301,3,S,True
1.0,0.029285714285714286,0.00272727272727273,3,N,True
1.0,0.029285714285714286,0.0358000789206104,3,C,True
1.0,0.03635714285714286,,0,H,False
1.0,0.03635714285714286,,0,S,False
1.0,0.03635714285714286,,0,N,False
1.0,0.03635714285714286,,0,C,False
1.0,0.03635714285714286,,1,H,False
1.0,0.03635714285714286,,1,S,False
1.0,0.03635714285714286,,1,N,False
1.0,0.03635714285714286,,1,C,False
1.0,0.03635714285714286,90.9848187176280,2,H,False
1.0,0.03635714285714286,60.7412588112305,2,S,False
1.0,0.03635714285714286,0.00272727272727273,2,N,False
1.0,0.03635714285714286,0.00752595413724080,2,C,False
1.0,0.03635714285714286,90.9848187176280,3,H,True
1.0,0.03635714285714286,17.8659901809891,3,S,True
1.0,0.03635714285714286,0.00272727272727273,3,N,True
1.0,0.03635714285714286,0.0358000789206105,3,C,True
1.0,0.04342857142857143,,0,H,False
1.0,0.04342857142857143,,0,S,False
1.0,0.04342857142857143,,0,N,False
1.0,0.04342857142857143,,0,C,False
1.0,0.04342857142857143,,1,H,False
1.0,0.04342857142857143,,1,S,False
1.0,0.04342857142857143,,1,N,False
1.0,0.04342857142857143,,1,C,False
1.0,0.04342857142857143,95.7093301435406,2,H,False
1.0,0.04342857142857143,63.8953319337873,2,S,False
1.0,0.04342857142857143,0.00272727272727273,2,N,False
1.0,0.04342857142857143,0.00752595413724080,2,C,False
1.0,0.04342857142857143,95.7093301435406,3,H,True
1.0,0.04342857142857143,18.7937062102674,3,S,True
1.0,0.04342857142857143,0.00272727272727273,3,N,True
1.0,0.04342857142857143,0.0358000789206105,3,C,True
1.0,0.0505,,0,H,False
1.0,0.0505,,0,S,False
1.0,0.0505,,0,N,False
1.0,0.0505,,0,C,False
1.0,0.0505,,1,H,False
1.0,0.0505,,1,S,False
1.0,0.0505,,1,N,False
1.0,0.0505,,1,C,False
1.0,0.0505,99.1107110711070,2,H,False
1.0,0.0505,66.1660861337610,2,S,False
1.0,0.0505,0.00272727272727273,2,N,False
1.0,0.0505,0.00752595413724081,2,C,False
1.0,0.0505,99.1107110711070,3,H,True
1.0,0.0505,19.4616092638780,3,S,True
1.0,0.0505,0.00272727272727273,3,N,True
1.0,0.0505,0.0358000789206105,3,C,True
1.0,0.05757142857142857,,0,H,False
1.0,0.05757142857142857,,0,S,False
1.0,0.05757142857142857,,0,N,False
1.0,0.05757142857142857,,0,C,False
1.0,0.05757142857142857,,1,H,False
1.0,0.05757142857142857,,1,S,False
1.0,0.05757142857142857,,1,N,False
1.0,0.05757142857142857,,1,C,False
1.0,0.05757142857142857,101.676517031356,2,H,False
1.0,0.05757142857142857,67.8790123789025,2,S,False
1.0,0.05757142857142857,0.00272727272727273,2,N,False
1.0,0.05757142857142857,0.00752595413724079,2,C,False
1.0,0.05757142857142857,101.676517031356,3,H,True
1.0,0.05757142857142857,19.9654368775197,3,S,True
1.0,0.05757142857142857,0.00272727272727273,3,N,True
1.0,0.05757142857142857,0.0358000789206105,3,C,True
1.0,0.06464285714285714,8.61878453038674,0,H,False
1.0,0.06464285714285714,0.0,0,S,False
1.0,0.06464285714285714,0.0180900000000000,0,N,False
1.0,0.06464285714285714,0.150000000000000,0,C,False
1.0,0.06464285714285714,8.61878453038674,1,H,True
1.0,0.06464285714285714,21.1551983927675,1,S,True
1.0,0.06464285714285714,0.0180900000000000,1,N,True
1.0,0.06464285714285714,0.00272727272727273,1,C,True
1.0,0.06464285714285714,103.680964339528,2,H,False
1.0,0.06464285714285714,69.2171768599134,2,S,False
1.0,0.06464285714285714,0.00272727272727273,2,N,False
1.0,0.06464285714285714,0.00752595413724082,2,C,False
1.0,0.06464285714285714,103.680964339528,3,H,True
1.0,0.06464285714285714,20.3590348033150,3,S,True
1.0,0.06464285714285714,0.00272727272727273,3,N,True
1.0,0.06464285714285714,0.0358000789206104,3,C,True
1.0,0.07171428571428572,19.6015936254980,0,H,False
1.0,0.07171428571428572,0.0,0,S,False
1.0,0.07171428571428572,0.0180900000000001,0,N,False
1.0,0.07171428571428572,0.150000000000000,0,C,False
1.0,0.07171428571428572,19.6015936254980,1,H,True
1.0,0.07171428571428572,48.1130025353133,1,S,True
1.0,0.07171428571428572,0.0180900000000001,1,N,True
1.0,0.07171428571428572,0.00272727272727273,1,C,True
1.0,0.07171428571428572,105.290112278161,2,H,False
1.0,0.07171428571428572,70.2914403775365,2,S,False
1.0,0.07171428571428572,0.00272727272727273,2,N,False
1.0,0.07171428571428572,0.00752595413724100,2,C,False
1.0,0.07171428571428572,105.290112278161,3,H,True
1.0,0.07171428571428572,20.6750108274100,3,S,True
1.0,0.07171428571428572,0.00272727272727273,3,N,True
1.0,0.07171428571428572,0.0358000789206094,3,C,True
1.0,0.07878571428571429,28.6128739800544,0,H,False
1.0,0.07878571428571429,0.0,0,S,False
1.0,0.07878571428571429,0.0180899999999999,0,N,False
1.0,0.07878571428571429,0.150000000000000,0,C,False
1.0,0.07878571428571429,28.6128739800544,1,H,True
1.0,0.07878571428571429,70.2315997692244,1,S,True
1.0,0.07878571428571429,0.0180899999999999,1,N,True
1.0,0.07878571428571429,0.00272727272727273,1,C,True
1.0,0.07878571428571429,106.610401384653,2,H,False
1.0,0.07878571428571429,71.1728623933593,2,S,False
1.0,0.07878571428571429,0.00272727272727273,2,N,False
1.0,0.07878571428571429,0.00752595413724067,2,C,False
1.0,0.07878571428571429,106.610401384653,3,H,True
1.0,0.07878571428571429,20.9342658607777,3,S,True
1.0,0.07878571428571429,0.00272727272727273,3,N,True
1.0,0.07878571428571429,0.0358000789206112,3,C,True
1.0,0.08585714285714285,36.1397670549084,0,H,False
1.0,0.08585714285714285,0.0,0,S,False
1.0,0.08585714285714285,0.0180899999999999,0,N,False
1.0,0.08585714285714285,0.150000000000000,0,C,False
1.0,0.08585714285714285,36.1397670549084,1,H,True
1.0,0.08585714285714285,88.7067009529570,1,S,True
1.0,0.08585714285714285,0.0180899999999999,1,N,True
1.0,0.08585714285714285,0.00272727272727273,1,C,True
1.0,0.08585714285714285,107.713205263953,2,H,False
1.0,0.08585714285714285,71.9090917643116,2,S,False
1.0,0.08585714285714285,0.00272727272727273,2,N,False
1.0,0.08585714285714285,0.00752595413724058,2,C,False
1.0,0.08585714285714285,107.713205263953,3,H,True
1.0,0.08585714285714285,21.1508149901469,3,S,True
1.0,0.08585714285714285,0.00272727272727273,3,N,True
1.0,0.08585714285714285,0.0358000789206117,3,C,True
1.0,0.09292857142857143,42.5211375864719,0,H,False
1.0,0.09292857142857143,0.0,0,S,False
1.0,0.09292857142857143,0.0180900000000000,0,N,False
1.0,0.09292857142857143,0.150000000000000,0,C,False
1.0,0.09292857142857143,42.5211375864719,1,H,True
1.0,0.09292857142857143,104.370064984976,1,S,True
1.0,0.09292857142857143,0.0180900000000000,1,N,True
1.0,0.09292857142857143,0.00272727272727273,1,C,True
1.0,0.09292857142857143,108.648172734260,2,H,False
1.0,0.09292857142857143,72.5332739289209,2,S,False
1.0,0.09292857142857143,0.00272727272727273,2,N,False
1.0,0.09292857142857143,0.00752595413724088,2,C,False
1.0,0.09292857142857143,108.648172734260,3,H,True
1.0,0.09292857142857143,21.3344073726955,3,S,True
1.0,0.09292857142857143,0.00272727272727273,3,N,True
1.0,0.09292857142857143,0.0358000789206100,3,C,True
1.0,0.1,48.0000000000000,0,H,False
1.0,0.1,0.0,0,S,False
1.0,0.1,0.0180900000000000,0,N,False
1.0,0.1,0.150000000000000,0,C,False
1.0,0.1,48.0000000000000,1,H,True
1.0,0.1,117.818181818182,1,S,True
1.0,0.1,0.0180900000000000,1,N,True
1.0,0.1,0.00272727272727273,1,C,True
1.0,0.1,109.450909090909,2,H,False
1.0,0.1,73.0691789016809,2,S,False
1.0,0.1,0.00272727272727273,2,N,False
1.0,0.1,0.00752595413724081,2,C,False
1.0,0.1,109.450909090909,3,H,True
1.0,0.1,21.4920345468541,3,S,True
1.0,0.1,0.00272727272727273,3,N,True
1.0,0.1,0.0358000789206104,3,C,True
1.0357142857142858,0.001,,0,H,False
1.0357142857142858,0.001,,0,S,False
1.0357142857142858,0.001,,0,N,False
1.0357142857142858,0.001,,0,C,False
1.0357142857142858,0.001,,1,H,False
1.0357142857142858,0.001,,1,S,False
1.0357142857142858,0.001,,1,N,False
1.0357142857142858,0.001,,1,C,False
1.0357142857142858,0.001,,2,H,False
1.0357142857142858,0.001,,2,S,False
1.0357142857142858,0.001,,2,N,False
1.0357142857142858,0.001,,2,C,False
1.0357142857142858,0.001,,3,H,False
1.0357142857142858,0.001,,3,S,False
1.0357142857142858,0.001,,3,N,False
1.0357142857142858,0.001,,3,C,False
1.0357142857142858,0.008071428571428571,,0,H,False
1.0357142857142858,0.008071428571428571,,0,S,False
1.0357142857142858,0.008071428571428571,,0,N,False
1.0357142857142858,0.008071428571428571,,0,C,False
1.0357142857142858,0.008071428571428571,,1,H,False
1.0357142857142858,0.008071428571428571,,1,S,False
1.0357142857142858,0.008071428571428571,,1,N,False
1.0357142857142858,0.008071428571428571,,1,C,False
1.0357142857142858,0.008071428571428571,,2,H,False
1.0357142857142858,0.008071428571428571,,2,S,False
1.0357142857142858,0.008071428571428571,,2,N,False
1.0357142857142858,0.008071428571428571,,2,C,False
1.0357142857142858,0.008071428571428571,,3,H,False
1.0357142857142858,0.008071428571428571,,3,S,False
1.0357142857142858,0.008071428571428571,,3,N,False
1.0357142857142858,0.008071428571428571,,3,C,False
1.0357142857142858,0.015142857142857142,,0,H,False
1.0357142857142858,0.015142857142857142,,0,S,False
1.0357142857142858,0.015142857142857142,,0,N,False
1.0357142857142858,0.015142857142857142,,0,C,False
1.0357142857142858,0.015142857142857142,,1,H,False
1.0357142857142858,0.015142857142857142,,1,S,False
1.0357142857142858,0.015142857142857142,,1,N,False
1.0357142857142858,0.015142857142857142,,1,C,False
1.0357142857142858,0.015142857142857142,50.3361921097774,2,H,False
1.0357142857142858,0.015142857142857142,31.6532200044109,2,S,False
1.0357142857142858,0.015142857142857142,0.00272727272727273,2,N,False
1.0357142857142858,0.015142857142857142,0.00810646425307979,2,C,False
1.0357142857142858,0.015142857142857142,50.3361921097774,3,H,True
1.0357142857142858,0.015142857142857142,10.3834165318312,3,S,True
1.0357142857142858,0.015142857142857142,0.00272727272727273,3,N,True
1.0357142857142858,0.015142857142857142,0.0339124942497680,3,C,True
1.0357142857142858,0.022214285714285714,,0,H,False
1.0357142857142858,0.022214285714285714,,0,S,False
1.0357142857142858,0.022214285714285714,,0,N,False
1.0357142857142858,0.022214285714285714,,0,C,False
1.0357142857142858,0.022214285714285714,,1,H,False
1.0357142857142858,0.022214285714285714,,1,S,False
1.0357142857142858,0.022214285714285714,,1,N,False
1.0357142857142858,0.022214285714285714,,1,C,False
1.0357142857142858,0.022214285714285714,72.5121309558613,2,H,False
1.0357142857142858,0.022214285714285714,45.5982532236224,2,S,False
1.0357142857142858,0.022214285714285714,0.00272727272727273,2,N,False
1.0357142857142858,0.022214285714285714,0.00810646425307979,2,C,False
1.0357142857142858,0.022214285714285714,72.5121309558613,3,H,True
1.0357142857142858,0.022214285714285714,14.9578986364992,3,S,True
1.0357142857142858,0.022214285714285714,0.00272727272727273,3,N,True
1.0357142857142858,0.022214285714285714,0.0339124942497680,3,C,True
1.0357142857142858,0.029285714285714286,,0,H,False
1.0357142857142858,0.029285714285714286,,0,S,False
1.0357142857142858,0.029285714285714286,,0,N,False
1.0357142857142858,0.029285714285714286,,0,C,False
1.0357142857142858,0.029285714285714286,,1,H,False
1.0357142857142858,0.029285714285714286,,1,S,False
1.0357142857142858,0.029285714285714286,,1,N,False
1.0357142857142858,0.029285714285714286,,1,C,False
1.0357142857142858,0.029285714285714286,83.9787139689577,2,H,False
1.0357142857142858,0.029285714285714286,52.8088557662387,2,S,False
1.0357142857142858,0.029285714285714286,0.00272727272727273,2,N,False
1.0357142857142858,0.029285714285714286,0.00810646425307980,2,C,False
1.0357142857142858,0.029285714285714286,83.9787139689577,3,H,True
1.0357142857142858,0.029285714285714286,17.3232406028152,3,S,True
1.0357142857142858,0.029285714285714286,0.00272727272727273,3,N,True
1.0357142857142858,0.029285714285714286,0.0339124942497680,3,C,True
1.0357142857142858,0.03635714285714286,,0,H,False
1.0357142857142858,0.03635714285714286,,0,S,False
1.0357142857142858,0.03635714285714286,,0,N,False
1.0357142857142858,0.03635714285714286,,0,C,False
1.0357142857142858,0.03635714285714286,,1,H,False
1.0357142857142858,0.03635714285714286,,1,S,False
1.0357142857142858,0.03635714285714286,,1,N,False
1.0357142857142858,0.03635714285714286,,1,C,False
1.0357142857142858,0.03635714285714286,90.9848187176280,2,H,False
1.0357142857142858,0.03635714285714286,57.2145480859909,2,S,False
1.0357142857142858,0.03635714285714286,0.00272727272727273,2,N,False
1.0357142857142858,0.03635714285714286,0.00810646425307976,2,C,False
1.0357142857142858,0.03635714285714286,90.9848187176280,3,H,True
1.0357142857142858,0.03635714285714286,18.7684691912715,3,S,True
1.0357142857142858,0.03635714285714286,0.00272727272727273,3,N,True
1.0357142857142858,0.03635714285714286,0.0339124942497681,3,C,True
1.0357142857142858,0.04342857142857143,,0,H,False
1.0357142857142858,0.04342857142857143,,0,S,False
1.0357142857142858,0.04342857142857143,,0,N,False
1.0357142857142858,0.04342857142857143,,0,C,False
1.0357142857142858,0.04342857142857143,,1,H,False
1.0357142857142858,0.04342857142857143,,1,S,False
1.0357142857142858,0.04342857142857143,,1,N,False
1.0357142857142858,0.04342857142857143,,1,C,False
1.0357142857142858,0.04342857142857143,95.7093301435406,2,H,False
1.0357142857142858,0.04342857142857143,60.1854919200341,2,S,False
1.0357142857142858,0.04342857142857143,0.00272727272727273,2,N,False
1.0357142857142858,0.04342857142857143,0.00810646425307978,2,C,False
1.0357142857142858,0.04342857142857143,95.7093301435406,3,H,True
1.0357142857142858,0.04342857142857143,19.7430476801978,3,S,True
1.0357142857142858,0.04342857142857143,0.00272727272727273,3,N,True
1.0357142857142858,0.04342857142857143,0.0339124942497680,3,C,True
1.0357142857142858,0.0505,,0,H,False
1.0357142857142858,0.0505,,0,S,False
1.0357142857142858,0.0505,,0,N,False
1.0357142857142858,0.0505,,0,C,False
1.0357142857142858,0.0505,,1,H,False
1.0357142857142858,0.0505,,1,S,False
1.0357142857142858,0.0505,,1,N,False
1.0357142857142858,0.0505,,1,C,False
1.0357142857142858,0.0505,99.1107110711072,2,H,False
1.0357142857142858,0.0505,62.3244033932002,2,S,False
1.0357142857142858,0.0505,0.00272727272727273,2,N,False
1.0357142857142858,0.0505,0.00810646425307973,2,C,False
1.0357142857142858,0.0505,99.1107110711072,3,H,True
1.0357142857142858,0.0505,20.4446890534133,3,S,True
1.0357142857142858,0.0505,0.00272727272727273,3,N,True
1.0357142857142858,0.0505,0.0339124942497683,3,C,True
1.0357142857142858,0.05757142857142857,,0,H,False
1.0357142857142858,0.05757142857142857,,0,S,False
1.0357142857142858,0.05757142857142857,,0,N,False
1.0357142857142858,0.05757142857142857,,0,C,False
1.0357142857142858,0.05757142857142857,,1,H,False
1.0357142857142858,0.05757142857142857,,1,S,False
1.0357142857142858,0.05757142857142857,,1,N,False
1.0357142857142858,0.05757142857142857,,1,C,False
1.0357142857142858,0.05757142857142857,101.676517031356,2,H,False
1.0357142857142858,0.05757142857142857,63.9378750751907,2,S,False
1.0357142857142858,0.05757142857142857,0.00272727272727273,2,N,False
1.0357142857142858,0.05757142857142857,0.00810646425307977,2,C,False
1.0357142857142858,0.05757142857142857,101.676517031356,3,H,True
1.0357142857142858,0.05757142857142857,20.9739669131095,3,S,True
1.0357142857142858,0.05757142857142857,0.00272727272727273,3,N,True
1.0357142857142858,0.05757142857142857,0.0339124942497681,3,C,True
1.0357142857142858,0.06464285714285714,6.62983425414364,0,H,False
1.0357142857142858,0.06464285714285714,0.0,0,S,False
1.0357142857142858,0.06464285714285714,0.0184114285714286,0,N,False
1.0357142857142858,0.06464285714285714,0.151071428571429,0,C,False
1.0357142857142858,0.06464285714285714,6.62983425414364,1,H,True
1.0357142857142858,0.06464285714285714,16.0980245974772,1,S,True
1.0357142857142858,0.06464285714285714,0.0184114285714286,1,N,True
1.0357142857142858,0.06464285714285714,0.00278275020341741,1,C,True
1.0357142857142858,0.06464285714285714,103.680964339528,2,H,False
1.0357142857142858,0.06464285714285714,65.1983441129446,2,S,False
1.0357142857142858,0.06464285714285714,0.00272727272727273,2,N,False
1.0357142857142858,0.06464285714285714,0.00810646425307981,2,C,False
1.0357142857142858,0.06464285714285714,103.680964339528,3,H,True
1.0357142857142858,0.06464285714285714,21.3874469648280,3,S,True
1.0357142857142858,0.06464285714285714,0.00272727272727273,3,N,True
1.0357142857142858,0.06464285714285714,0.0339124942497679,3,C,True
1.0357142857142858,0.07171428571428572,17.8087649402391,0,H,False
1.0357142857142858,0.07171428571428572,0.0,0,S,False
1.0357142857142858,0.07171428571428572,0.0184114285714287,0,N,False
1.0357142857142858,0.07171428571428572,0.151071428571429,0,C,False
1.0357142857142858,0.07171428571428572,17.8087649402391,1,H,True
1.0357142857142858,0.07171428571428572,43.2417953555144,1,S,True
1.0357142857142858,0.07171428571428572,0.0184114285714287,1,N,True
1.0357142857142858,0.07171428571428572,0.00278275020341741,1,C,True
1.0357142857142858,0.07171428571428572,105.290112278161,2,H,False
1.0357142857142858,0.07171428571428572,66.2102345954437,2,S,False
1.0357142857142858,0.07171428571428572,0.00272727272727273,2,N,False
1.0357142857142858,0.07171428571428572,0.00810646425307996,2,C,False
1.0357142857142858,0.07171428571428572,105.290112278161,3,H,True
1.0357142857142858,0.07171428571428572,21.7193841378215,3,S,True
1.0357142857142858,0.07171428571428572,0.00272727272727273,3,N,True
1.0357142857142858,0.07171428571428572,0.0339124942497672,3,C,True
1.0357142857142858,0.07878571428571429,26.9809610154125,0,H,False
1.0357142857142858,0.07878571428571429,0.0,0,S,False
1.0357142857142858,0.07878571428571429,0.0184114285714285,0,N,False
1.0357142857142858,0.07878571428571429,0.151071428571429,0,C,False
1.0357142857142858,0.07878571428571429,26.9809610154125,1,H,True
1.0357142857142858,0.07878571428571429,65.5129762585275,1,S,True
1.0357142857142858,0.07878571428571429,0.0184114285714285,1,N,True
1.0357142857142858,0.07878571428571429,0.00278275020341741,1,C,True
1.0357142857142858,0.07878571428571429,106.610401384653,2,H,False
1.0357142857142858,0.07878571428571429,67.0404801862550,2,S,False
1.0357142857142858,0.07878571428571429,0.00272727272727273,2,N,False
1.0357142857142858,0.07878571428571429,0.00810646425307959,2,C,False
1.0357142857142858,0.07878571428571429,106.610401384653,3,H,True
1.0357142857142858,0.07878571428571429,21.9917351274476,3,S,True
1.0357142857142858,0.07878571428571429,0.00272727272727273,3,N,True
1.0357142857142858,0.07878571428571429,0.0339124942497690,3,C,True
1.0357142857142858,0.08585714285714285,34.6422628951746,0,H,False
1.0357142857142858,0.08585714285714285,0.0,0,S,False
1.0357142857142858,0.08585714285714285,0.0184114285714285,0,N,False
1.0357142857142858,0.08585714285714285,0.151071428571429,0,C,False
1.0357142857142858,0.08585714285714285,34.6422628951746,1,H,True
1.0357142857142858,0.08585714285714285,84.1155266966513,1,S,True
1.0357142857142858,0.08585714285714285,0.0184114285714285,1,N,True
1.0357142857142858,0.08585714285714285,0.00278275020341741,1,C,True
1.0357142857142858,0.08585714285714285,107.713205263953,2,H,False
1.0357142857142858,0.08585714285714285,67.7339631922226,2,S,False
1.0357142857142858,0.08585714285714285,0.00272727272727273,2,N,False
1.0357142857142858,0.08585714285714285,0.00810646425307949,2,C,False
1.0357142857142858,0.08585714285714285,107.713205263953,3,H,True
1.0357142857142858,0.08585714285714285,22.2192229756883,3,S,True
1.0357142857142858,0.08585714285714285,0.00272727272727273,3,N,True
1.0357142857142858,0.08585714285714285,0.0339124942497695,3,C,True
1.0357142857142858,0.09292857142857143,41.1375864719448,0,H,False
1.0357142857142858,0.09292857142857143,0.0,0,S,False
1.0357142857142858,0.09292857142857143,0.0184114285714286,0,N,False
1.0357142857142858,0.09292857142857143,0.151071428571428,0,C,False
1.0357142857142858,0.09292857142857143,41.1375864719448,1,H,True
1.0357142857142858,0.09292857142857143,99.8869434016872,1,S,True
1.0357142857142858,0.09292857142857143,0.0184114285714285,1,N,True
1.0357142857142858,0.09292857142857143,0.00278275020341741,1,C,True
1.0357142857142858,0.09292857142857143,108.648172734261,2,H,False
1.0357142857142858,0.09292857142857143,68.3219045877480,2,S,False
1.0357142857142858,0.09292857142857143,0.00272727272727273,2,N,False
1.0357142857142858,0.09292857142857143,0.00810646425307985,2,C,False
1.0357142857142858,0.09292857142857143,108.648172734261,3,H,True
1.0357142857142858,0.09292857142857143,22.4120893066730,3,S,True
1.0357142857142858,0.09292857142857143,0.00272727272727273,3,N,True
1.0357142857142858,0.09292857142857143,0.0339124942497677,3,C,True
1.0357142857142858,0.1,46.7142857142858,0,H,False
1.0357142857142858,0.1,0.0,0,S,False
1.0357142857142858,0.1,0.0184114285714286,0,N,False
1.0357142857142858,0.1,0.151071428571429,0,C,False
1.0357142857142858,0.1,46.7142857142858,1,H,True
1.0357142857142858,0.1,113.427831172725,1,S,True
1.0357142857142858,0.1,0.0184114285714286,1,N,True
1.0357142857142858,0.1,0.00278275020341741,1,C,True
1.0357142857142858,0.1,109.450909090909,2,H,False
1.0357142857142858,0.1,68.8266942716233,2,S,False
1.0357142857142858,0.1,0.00272727272727273,2,N,False
1.0357142857142858,0.1,0.00810646425307975,2,C,False
1.0357142857142858,0.1,109.450909090909,3,H,True
1.0357142857142858,0.1,22.5776788279888,3,S,True
1.0357142857142858,0.1,0.00272727272727273,3,N,True
1.0357142857142858,0.1,0.0339124942497682,3,C,True
1.0714285714285714,0.001,,0,H,False
1.0714285714285714,0.001,,0,S,False
1.0714285714285714,0.001,,0,N,False
1.0714285714285714,0.001,,0,C,False
1.0714285714285714,0.001,,1,H,False
1.0714285714285714,0.001,,1,S,False
1.0714285714285714,0.001,,1,N,False
1.0714285714285714,0.001,,1,C,False
1.0714285714285714,0.001,,2,H,False
1.0714285714285714,0.001,,2,S,False
1.0714285714285714,0.001,,2,N,False
1.0714285714285714,0.001,,2,C,False
1.0714285714285714,0.001,,3,H,False
1.0714285714285714,0.001,,3,S,False
1.0714285714285714,0.001,,3,N,False
1.0714285714285714,0.001,,3,C,False
1.0714285714285714,0.008071428571428571,,0,H,False
1.0714285714285714,0.008071428571428571,,0,S,False
1.0714285714285714,0.008071428571428571,,0,N,False
1.0714285714285714,0.008071428571428571,,0,C,False
1.0714285714285714,0.008071428571428571,,1,H,False
1.0714285714285714,0.008071428571428571,,1,S,False
1.0714285714285714,0.008071428571428571,,1,N,False
1.0714285714285714,0.008071428571428571,,1,C,False
1.0714285714285714,0.008071428571428571,,2,H,False
1.0714285714285714,0.008071428571428571,,2,S,False
1.0714285714285714,0.008071428571428571,,2,N,False
1.0714285714285714,0.008071428571428571,,2,C,False
1.0714285714285714,0.008071428571428571,,3,H,False
1.0714285714285714,0.008071428571428571,,3,S,False
1.0714285714285714,0.008071428571428571,,3,N,False
1.0714285714285714,0.008071428571428571,,3,C,False
1.0714285714285714,0.015142857142857142,,0,H,False
1.0714285714285714,0.015142857142857142,,0,S,False
1.0714285714285714,0.015142857142857142,,0,N,False
1.0714285714285714,0.015142857142857142,,0,C,False
1.0714285714285714,0.015142857142857142,,1,H,False
1.0714285714285714,0.015142857142857142,,1,S,False
1.0714285714285714,0.015142857142857142,,1,N,False
1.0714285714285714,0.015142857142857142,,1,C,False
1.0714285714285714,0.015142857142857142,50.3361921097771,2,H,False
1.0714285714285714,0.015142857142857142,29.6901150910289,2,S,False
1.0714285714285714,0.015142857142857142,0.00272727272727273,2,N,False
1.0714285714285714,0.015142857142857142,0.00878484591175762,2,C,False
1.0714285714285714,0.015142857142857142,50.3361921097771,3,H,True
1.0714285714285714,0.015142857142857142,10.9499429648792,3,S,True
1.0714285714285714,0.015142857142857142,0.00272727272727273,3,N,True
1.0714285714285714,0.015142857142857142,0.0319206412601243,3,C,True
1.0714285714285714,0.022214285714285714,,0,H,False
1.0714285714285714,0.022214285714285714,,0,S,False
1.0714285714285714,0.022214285714285714,,0,N,False
1.0714285714285714,0.022214285714285714,,0,C,False
1.0714285714285714,0.022214285714285714,,1,H,False
1.0714285714285714,0.022214285714285714,,1,S,False
1.0714285714285714,0.022214285714285714,,1,N,False
1.0714285714285714,0.022214285714285714,,1,C,False
1.0714285714285714,0.022214285714285714,72.5121309558613,2,H,False
1.0714285714285714,0.022214285714285714,42.7702895936203,2,S,False
1.0714285714285714,0.022214285714285714,0.00272727272727273,2,N,False
1.0714285714285714,0.022214285714285714,0.00878484591175766,2,C,False
1.0714285714285714,0.022214285714285714,72.5121309558613,3,H,True
1.0714285714285714,0.022214285714285714,15.7740119971116,3,S,True
1.0714285714285714,0.022214285714285714,0.00272727272727273,3,N,True
1.0714285714285714,0.022214285714285714,0.0319206412601242,3,C,True
1.0714285714285714,0.029285714285714286,,0,H,False
1.0714285714285714,0.029285714285714286,,0,S,False
1.0714285714285714,0.029285714285714286,,0,N,False
1.0714285714285714,0.029285714285714286,,0,C,False
1.0714285714285714,0.029285714285714286,,1,H,False
1.0714285714285714,0.029285714285714286,,1,S,False
1.0714285714285714,0.029285714285714286,,1,N,False
1.0714285714285714,0.029285714285714286,,1,C,False
1.0714285714285714,0.029285714285714286,83.9787139689580,2,H,False
1.0714285714285714,0.029285714285714286,49.5336968973996,2,S,False
1.0714285714285714,0.029285714285714286,0.00272727272727273,2,N,False
1.0714285714285714,0.029285714285714286,0.00878484591175759,2,C,False
1.0714285714285714,0.029285714285714286,83.9787139689580,3,H,True
1.0714285714285714,0.029285714285714286,18.2684086674364,3,S,True
1.0714285714285714,0.029285714285714286,0.00272727272727273,3,N,True
1.0714285714285714,0.029285714285714286,0.0319206412601245,3,C,True
1.0714285714285714,0.03635714285714286,,0,H,False
1.0714285714285714,0.03635714285714286,,0,S,False
1.0714285714285714,0.03635714285714286,,0,N,False
1.0714285714285714,0.03635714285714286,,0,C,False
1.0714285714285714,0.03635714285714286,,1,H,False
1.0714285714285714,0.03635714285714286,,1,S,False
1.0714285714285714,0.03635714285714286,,1,N,False
1.0714285714285714,0.03635714285714286,,1,C,False
1.0714285714285714,0.03635714285714286,90.9848187176279,2,H,False
1.0714285714285714,0.03635714285714286,53.6661520476452,2,S,False
1.0714285714285714,0.03635714285714286,0.00272727272727273,2,N,False
1.0714285714285714,0.03635714285714286,0.00878484591175761,2,C,False
1.0714285714285714,0.03635714285714286,90.9848187176279,3,H,True
1.0714285714285714,0.03635714285714286,19.7924899335877,3,S,True
1.0714285714285714,0.03635714285714286,0.00272727272727273,3,N,True
1.0714285714285714,0.03635714285714286,0.0319206412601244,3,C,True
1.0714285714285714,0.04342857142857143,,0,H,False
1.0714285714285714,0.04342857142857143,,0,S,False
1.0714285714285714,0.04342857142857143,,0,N,False
1.0714285714285714,0.04342857142857143,,0,C,False
1.0714285714285714,0.04342857142857143,,1,H,False
1.0714285714285714,0.04342857142857143,,1,S,False
1.0714285714285714,0.04342857142857143,,1,N,False
1.0714285714285714,0.04342857142857143,,1,C,False
1.0714285714285714,0.04342857142857143,95.7093301435406,2,H,False
1.0714285714285714,0.04342857142857143,56.4528405535681,2,S,False
1.0714285714285714,0.04342857142857143,0.00272727272727273,2,N,False
1.0714285714285714,0.04342857142857143,0.00878484591175758,2,C,False
1.0714285714285714,0.04342857142857143,95.7093301435406,3,H,True
1.0714285714285714,0.04342857142857143,20.8202421031964,3,S,True
1.0714285714285714,0.04342857142857143,0.00272727272727273,3,N,True
1.0714285714285714,0.04342857142857143,0.0319206412601245,3,C,True
1.0714285714285714,0.0505,,0,H,False
1.0714285714285714,0.0505,,0,S,False
1.0714285714285714,0.0505,,0,N,False
1.0714285714285714,0.0505,,0,C,False
1.0714285714285714,0.0505,,1,H,False
1.0714285714285714,0.0505,,1,S,False
1.0714285714285714,0.0505,,1,N,False
1.0714285714285714,0.0505,,1,C,False
1.0714285714285714,0.0505,99.1107110711071,2,H,False
1.0714285714285714,0.0505,58.4590986151159,2,S,False
1.0714285714285714,0.0505,0.00272727272727273,2,N,False
1.0714285714285714,0.0505,0.00878484591175763,2,C,False
1.0714285714285714,0.0505,99.1107110711071,3,H,True
1.0714285714285714,0.0505,21.5601655180915,3,S,True
1.0714285714285714,0.0505,0.00272727272727273,3,N,True
1.0714285714285714,0.0505,0.0319206412601243,3,C,True
1.0714285714285714,0.05757142857142857,,0,H,False
1.0714285714285714,0.05757142857142857,,0,S,False
1.0714285714285714,0.05757142857142857,,0,N,False
1.0714285714285714,0.05757142857142857,,0,C,False
1.0714285714285714,0.05757142857142857,,1,H,False
1.0714285714285714,0.05757142857142857,,1,S,False
1.0714285714285714,0.05757142857142857,,1,N,False
1.0714285714285714,0.05757142857142857,,1,C,False
1.0714285714285714,0.05757142857142857,101.676517031356,2,H,False
1.0714285714285714,0.05757142857142857,59.9725042000062,2,S,False
1.0714285714285714,0.05757142857142857,0.00272727272727273,2,N,False
1.0714285714285714,0.05757142857142857,0.00878484591175758,2,C,False
1.0714285714285714,0.05757142857142857,101.676517031356,3,H,True
1.0714285714285714,0.05757142857142857,22.1183211462009,3,S,True
1.0714285714285714,0.05757142857142857,0.00272727272727273,3,N,True
1.0714285714285714,0.05757142857142857,0.0319206412601245,3,C,True
1.0714285714285714,0.06464285714285714,4.64088397790056,0,H,False
1.0714285714285714,0.06464285714285714,0.0,0,S,False
1.0714285714285714,0.06464285714285714,0.0187328571428571,0,N,False
1.0714285714285714,0.06464285714285714,0.152142857142857,0,C,False
1.0714285714285714,0.06464285714285714,4.64088397790056,1,H,True
1.0714285714285714,0.06464285714285714,11.1501825718687,1,S,True
1.0714285714285714,0.06464285714285714,0.0187328571428571,1,N,True
1.0714285714285714,0.06464285714285714,0.00283849918433932,1,C,True
1.0714285714285714,0.06464285714285714,103.680964339528,2,H,False
1.0714285714285714,0.06464285714285714,61.1548000547211,2,S,False
1.0714285714285714,0.06464285714285714,0.00272727272727273,2,N,False
1.0714285714285714,0.06464285714285714,0.00878484591175763,2,C,False
1.0714285714285714,0.06464285714285714,103.680964339528,3,H,True
1.0714285714285714,0.06464285714285714,22.5543609573318,3,S,True
1.0714285714285714,0.06464285714285714,0.00272727272727273,3,N,True
1.0714285714285714,0.06464285714285714,0.0319206412601243,3,C,True
1.0714285714285714,0.07171428571428572,16.0159362549801,0,H,False
1.0714285714285714,0.07171428571428572,0.0,0,S,False
1.0714285714285714,0.07171428571428572,0.0187328571428572,0,N,False
1.0714285714285714,0.07171428571428572,0.152142857142857,0,C,False
1.0714285714285714,0.07171428571428572,16.0159362549801,1,H,True
1.0714285714285714,0.07171428571428572,38.4798702473114,1,S,True
1.0714285714285714,0.07171428571428572,0.0187328571428572,1,N,True
1.0714285714285714,0.07171428571428572,0.00283849918433932,1,C,True
1.0714285714285714,0.07171428571428572,105.290112278161,2,H,False
1.0714285714285714,0.07171428571428572,62.1039339779274,2,S,False
1.0714285714285714,0.07171428571428572,0.00272727272727273,2,N,False
1.0714285714285714,0.07171428571428572,0.00878484591175787,2,C,False
1.0714285714285714,0.07171428571428572,105.290112278161,3,H,True
1.0714285714285714,0.07171428571428572,22.9044088535191,3,S,True
1.0714285714285714,0.07171428571428572,0.00272727272727273,3,N,True
1.0714285714285714,0.07171428571428572,0.0319206412601233,3,C,True
1.0714285714285714,0.07878571428571429,25.3490480507706,0,H,False
1.0714285714285714,0.07878571428571429,0.0,0,S,False
1.0714285714285714,0.07878571428571429,0.0187328571428571,0,N,False
1.0714285714285714,0.07878571428571429,0.152142857142857,0,C,False
1.0714285714285714,0.07878571428571429,25.3490480507706,1,H,True
1.0714285714285714,0.07878571428571429,60.9035940426655,1,S,True
1.0714285714285714,0.07878571428571429,0.0187328571428571,1,N,True
1.0714285714285714,0.07878571428571429,0.00283849918433932,1,C,True
1.0714285714285714,0.07878571428571429,106.610401384653,2,H,False
1.0714285714285714,0.07878571428571429,62.8826884661462,2,S,False
1.0714285714285714,0.07878571428571429,0.00272727272727273,2,N,False
1.0714285714285714,0.07878571428571429,0.00878484591175742,2,C,False
1.0714285714285714,0.07878571428571429,106.610401384653,3,H,True
1.0714285714285714,0.07878571428571429,23.1916195027010,3,S,True
1.0714285714285714,0.07878571428571429,0.00272727272727273,3,N,True
1.0714285714285714,0.07878571428571429,0.0319206412601251,3,C,True
1.0714285714285714,0.08585714285714285,33.1447587354410,0,H,False
1.0714285714285714,0.08585714285714285,0.0,0,S,False
1.0714285714285714,0.08585714285714285,0.0187328571428570,0,N,False
1.0714285714285714,0.08585714285714285,0.152142857142857,0,C,False
1.0714285714285714,0.08585714285714285,33.1447587354410,1,H,True
1.0714285714285714,0.08585714285714285,79.6335596753906,1,S,True
1.0714285714285714,0.08585714285714285,0.0187328571428570,1,N,True
1.0714285714285714,0.08585714285714285,0.00283849918433932,1,C,True
1.0714285714285714,0.08585714285714285,107.713205263953,2,H,False
1.0714285714285714,0.08585714285714285,63.5331622649569,2,S,False
1.0714285714285714,0.08585714285714285,0.00272727272727273,2,N,False
1.0714285714285714,0.08585714285714285,0.00878484591175727,2,C,False
1.0714285714285714,0.08585714285714285,107.713205263953,3,H,True
1.0714285714285714,0.08585714285714285,23.4315192462778,3,S,True
1.0714285714285714,0.08585714285714285,0.00272727272727273,3,N,True
1.0714285714285714,0.08585714285714285,0.0319206412601257,3,C,True
1.0714285714285714,0.09292857142857143,39.7540353574172,0,H,False
1.0714285714285714,0.09292857142857143,0.0,0,S,False
1.0714285714285714,0.09292857142857143,0.0187328571428572,0,N,False
1.0714285714285714,0.09292857142857143,0.152142857142857,0,C,False
1.0714285714285714,0.09292857142857143,39.7540353574172,1,H,True
1.0714285714285714,0.09292857142857143,95.5130001772317,1,S,True
1.0714285714285714,0.09292857142857143,0.0187328571428571,1,N,True
1.0714285714285714,0.09292857142857143,0.00283849918433932,1,C,True
1.0714285714285714,0.09292857142857143,108.648172734260,2,H,False
1.0714285714285714,0.09292857142857143,64.0846400513396,2,S,False
1.0714285714285714,0.09292857142857143,0.00272727272727273,2,N,False
1.0714285714285714,0.09292857142857143,0.00878484591175774,2,C,False
1.0714285714285714,0.09292857142857143,108.648172734260,3,H,True
1.0714285714285714,0.09292857142857143,23.6349084985201,3,S,True
1.0714285714285714,0.09292857142857143,0.00272727272727273,3,N,True
1.0714285714285714,0.09292857142857143,0.0319206412601239,3,C,True
1.0714285714285714,0.1,45.4285714285713,0,H,False
1.0714285714285714,0.1,0.0,0,S,False
1.0714285714285714,0.1,0.0187328571428572,0,N,False
1.0714285714285714,0.1,0.152142857142857,0,C,False
1.0714285714285714,0.1,45.4285714285713,1,H,True
1.0714285714285714,0.1,109.146634093813,1,S,True
1.0714285714285714,0.1,0.0187328571428572,1,N,True
1.0714285714285714,0.1,0.00283849918433932,1,C,True
1.0714285714285714,0.1,109.450909090909,2,H,False
1.0714285714285714,0.1,64.5581231222223,2,S,False
1.0714285714285714,0.1,0.00272727272727273,2,N,False
1.0714285714285714,0.1,0.00878484591175765,2,C,False
1.0714285714285714,0.1,109.450909090909,3,H,True
1.0714285714285714,0.1,23.8095326993726,3,S,True
1.0714285714285714,0.1,0.00272727272727273,3,N,True
1.0714285714285714,0.1,0.0319206412601242,3,C,True
1.1071428571428572,0.001,,0,H,False
1.1071428571428572,0.001,,0,S,False
1.1071428571428572,0.001,,0,N,False
1.1071428571428572,0.001,,0,C,False
1.1071428571428572,0.001,,1,H,False
1.1071428571428572,0.001,,1,S,False
1.1071428571428572,0.001,,1,N,False
1.1071428571428572,0.001,,1,C,False
1.1071428571428572,0.001,,2,H,False
1.1071428571428572,0.001,,2,S,False
1.1071428571428572,0.001,,2,N,False
1.1071428571428572,0.001,,2,C,False
1.1071428571428572,0.001,,3,H,False
1.1071428571428572,0.001,,3,S,False
1.1071428571428572,0.001,,3,N,False
1.1071428571428572,0.001,,3,C,False
1.1071428571428572,0.008071428571428571,,0,H,False
1.1071428571428572,0.008071428571428571,,0,S,False
1.1071428571428572,0.008071428571428571,,0,N,False
1.1071428571428572,0.008071428571428571,,0,C,False
1.1071428571428572,0.008071428571428571,,1,H,False
1.1071428571428572,0.008071428571428571,,1,S,False
1.1071428571428572,0.008071428571428571,,1,N,False
1.1071428571428572,0.008071428571428571,,1,C,False
1.1071428571428572,0.008071428571428571,,2,H,False
1.1071428571428572,0.008071428571428571,,2,S,False
1.1071428571428572,0.008071428571428571,,2,N,False
1.1071428571428572,0.008071428571428571,,2,C,False
1.1071428571428572,0.008071428571428571,,3,H,False
1.1071428571428572,0.008071428571428571,,3,S,False
1.1071428571428572,0.008071428571428571,,3,N,False
1.1071428571428572,0.008071428571428571,,3,C,False
1.1071428571428572,0.015142857142857142,,0,H,False
1.1071428571428572,0.015142857142857142,,0,S,False
1.1071428571428572,0.015142857142857142,,0,N,False
1.1071428571428572,0.015142857142857142,,0,C,False
1.1071428571428572,0.015142857142857142,,1,H,False
1.1071428571428572,0.015142857142857142,,1,S,False
1.1071428571428572,0.015142857142857142,,1,N,False
1.1071428571428572,0.015142857142857142,,1,C,False
1.1071428571428572,0.015142857142857142,50.3361921097771,2,H,False
1.1071428571428572,0.015142857142857142,27.6842157202185,2,S,False
1.1071428571428572,0.015142857142857142,0.00272727272727273,2,N,False
1.1071428571428572,0.015142857142857142,0.00960054178025129,2,C,False
1.1071428571428572,0.015142857142857142,50.3361921097771,3,H,True
1.1071428571428572,0.015142857142857142,11.6117365991822,3,S,True
1.1071428571428572,0.015142857142857142,0.00272727272727273,3,N,True
1.1071428571428572,0.015142857142857142,0.0297850302111260,3,C,True
1.1071428571428572,0.022214285714285714,,0,H,False
1.1071428571428572,0.022214285714285714,,0,S,False
1.1071428571428572,0.022214285714285714,,0,N,False
1.1071428571428572,0.022214285714285714,,0,C,False
1.1071428571428572,0.022214285714285714,,1,H,False
1.1071428571428572,0.022214285714285714,,1,S,False
1.1071428571428572,0.022214285714285714,,1,N,False
1.1071428571428572,0.022214285714285714,,1,C,False
1.1071428571428572,0.022214285714285714,72.5121309558610,2,H,False
1.1071428571428572,0.022214285714285714,39.8806781279124,2,S,False
1.1071428571428572,0.022214285714285714,0.00272727272727273,2,N,False
1.1071428571428572,0.022214285714285714,0.00960054178025133,2,C,False
1.1071428571428572,0.022214285714285714,72.5121309558610,3,H,True
1.1071428571428572,0.022214285714285714,16.7273631479430,3,S,True
1.1071428571428572,0.022214285714285714,0.00272727272727273,3,N,True
1.1071428571428572,0.022214285714285714,0.0297850302111259,3,C,True
1.1071428571428572,0.029285714285714286,,0,H,False
1.1071428571428572,0.029285714285714286,,0,S,False
1.1071428571428572,0.029285714285714286,,0,N,False
1.1071428571428572,0.029285714285714286,,0,C,False
1.1071428571428572,0.029285714285714286,,1,H,False
1.1071428571428572,0.029285714285714286,,1,S,False
1.1071428571428572,0.029285714285714286,,1,N,False
1.1071428571428572,0.029285714285714286,,1,C,False
1.1071428571428572,0.029285714285714286,83.9787139689580,2,H,False
1.1071428571428572,0.029285714285714286,46.1871416167693,2,S,False
1.1071428571428572,0.029285714285714286,0.00272727272727273,2,N,False
1.1071428571428572,0.029285714285714286,0.00960054178025122,2,C,False
1.1071428571428572,0.029285714285714286,83.9787139689580,3,H,True
1.1071428571428572,0.029285714285714286,19.3725163877898,3,S,True
1.1071428571428572,0.029285714285714286,0.00272727272727273,3,N,True
1.1071428571428572,0.029285714285714286,0.0297850302111263,3,C,True
1.1071428571428572,0.03635714285714286,,0,H,False
1.1071428571428572,0.03635714285714286,,0,S,False
1.1071428571428572,0.03635714285714286,,0,N,False
1.1071428571428572,0.03635714285714286,,0,C,False
1.1071428571428572,0.03635714285714286,,1,H,False
1.1071428571428572,0.03635714285714286,,1,S,False
1.1071428571428572,0.03635714285714286,,1,N,False
1.1071428571428572,0.03635714285714286,,1,C,False
1.1071428571428572,0.03635714285714286,90.9848187176281,2,H,False
1.1071428571428572,0.03635714285714286,50.0404031983690,2,S,False
1.1071428571428572,0.03635714285714286,0.00272727272727273,2,N,False
1.1071428571428572,0.03635714285714286,0.00960054178025123,2,C,False
1.1071428571428572,0.03635714285714286,90.9848187176281,3,H,True
1.1071428571428572,0.03635714285714286,20.9887102141010,3,S,True
1.1071428571428572,0.03635714285714286,0.00272727272727273,3,N,True
1.1071428571428572,0.03635714285714286,0.0297850302111262,3,C,True
1.1071428571428572,0.04342857142857143,,0,H,False
1.1071428571428572,0.04342857142857143,,0,S,False
1.1071428571428572,0.04342857142857143,,0,N,False
1.1071428571428572,0.04342857142857143,,0,C,False
1.1071428571428572,0.04342857142857143,,1,H,False
1.1071428571428572,0.04342857142857143,,1,S,False
1.1071428571428572,0.04342857142857143,,1,N,False
1.1071428571428572,0.04342857142857143,,1,C,False
1.1071428571428572,0.04342857142857143,95.7093301435407,2,H,False
1.1071428571428572,0.04342857142857143,52.6388197254349,2,S,False
1.1071428571428572,0.04342857142857143,0.00272727272727273,2,N,False
1.1071428571428572,0.04342857142857143,0.00960054178025121,2,C,False
1.1071428571428572,0.04342857142857143,95.7093301435407,3,H,True
1.1071428571428572,0.04342857142857143,22.0785777614491,3,S,True
1.1071428571428572,0.04342857142857143,0.00272727272727273,3,N,True
1.1071428571428572,0.04342857142857143,0.0297850302111263,3,C,True
1.1071428571428572,0.0505,,0,H,False
1.1071428571428572,0.0505,,0,S,False
1.1071428571428572,0.0505,,0,N,False
1.1071428571428572,0.0505,,0,C,False
1.1071428571428572,0.0505,,1,H,False
1.1071428571428572,0.0505,,1,S,False
1.1071428571428572,0.0505,,1,N,False
1.1071428571428572,0.0505,,1,C,False
1.1071428571428572,0.0505,99.1107110711070,2,H,False
1.1071428571428572,0.0505,54.5095326140859,2,S,False
1.1071428571428572,0.0505,0.00272727272727273,2,N,False
1.1071428571428572,0.0505,0.00960054178025126,2,C,False
1.1071428571428572,0.0505,99.1107110711070,3,H,True
1.1071428571428572,0.0505,22.8632207340095,3,S,True
1.1071428571428572,0.0505,0.00272727272727273,3,N,True
1.1071428571428572,0.0505,0.0297850302111262,3,C,True
1.1071428571428572,0.05757142857142857,,0,H,False
1.1071428571428572,0.05757142857142857,,0,S,False
1.1071428571428572,0.05757142857142857,,0,N,False
1.1071428571428572,0.05757142857142857,,0,C,False
1.1071428571428572,0.05757142857142857,,1,H,False
1.1071428571428572,0.05757142857142857,,1,S,False
1.1071428571428572,0.05757142857142857,,1,N,False
1.1071428571428572,0.05757142857142857,,1,C,False
1.1071428571428572,0.05757142857142857,101.676517031356,2,H,False
1.1071428571428572,0.05757142857142857,55.9206907236391,2,S,False
1.1071428571428572,0.05757142857142857,0.00272727272727273,2,N,False
1.1071428571428572,0.05757142857142857,0.00960054178025127,2,C,False
1.1071428571428572,0.05757142857142857,101.676517031356,3,H,True
1.1071428571428572,0.05757142857142857,23.4551102219954,3,S,True
1.1071428571428572,0.05757142857142857,0.00272727272727273,3,N,True
1.1071428571428572,0.05757142857142857,0.0297850302111261,3,C,True
1.1071428571428572,0.06464285714285714,2.65193370165746,0,H,False
1.1071428571428572,0.06464285714285714,0.0,0,S,False
1.1071428571428572,0.06464285714285714,0.0190542857142857,0,N,False
1.1071428571428572,0.06464285714285714,0.153214285714286,0,C,False
1.1071428571428572,0.06464285714285714,2.65193370165746,1,H,True
1.1071428571428572,0.06464285714285714,6.30613861716667,1,S,True
1.1071428571428572,0.06464285714285714,0.0190542857142857,1,N,True
1.1071428571428572,0.06464285714285714,0.00289452166802944,1,C,True
1.1071428571428572,0.06464285714285714,103.680964339528,2,H,False
1.1071428571428572,0.06464285714285714,57.0231092688924,2,S,False
1.1071428571428572,0.06464285714285714,0.00272727272727273,2,N,False
1.1071428571428572,0.06464285714285714,0.00960054178025128,2,C,False
1.1071428571428572,0.06464285714285714,103.680964339528,3,H,True
1.1071428571428572,0.06464285714285714,23.9175034463116,3,S,True
1.1071428571428572,0.06464285714285714,0.00272727272727273,3,N,True
1.1071428571428572,0.06464285714285714,0.0297850302111261,3,C,True
1.1071428571428572,0.07171428571428572,14.2231075697211,0,H,False
1.1071428571428572,0.07171428571428572,0.0,0,S,False
1.1071428571428572,0.07171428571428572,0.0190542857142858,0,N,False
1.1071428571428572,0.07171428571428572,0.153214285714286,0,C,False
1.1071428571428572,0.07171428571428572,14.2231075697211,1,H,True
1.1071428571428572,0.07171428571428572,33.8216931462034,1,S,True
1.1071428571428572,0.07171428571428572,0.0190542857142858,1,N,True
1.1071428571428572,0.07171428571428572,0.00289452166802944,1,C,True
1.1071428571428572,0.07171428571428572,105.290112278161,2,H,False
1.1071428571428572,0.07171428571428572,57.9081185791242,2,S,False
1.1071428571428572,0.07171428571428572,0.00272727272727273,2,N,False
1.1071428571428572,0.07171428571428572,0.00960054178025158,2,C,False
1.1071428571428572,0.07171428571428572,105.290112278161,3,H,True
1.1071428571428572,0.07171428571428572,24.2887075686218,3,S,True
1.1071428571428572,0.07171428571428572,0.00272727272727273,3,N,True
1.1071428571428572,0.07171428571428572,0.0297850302111251,3,C,True
1.1071428571428572,0.07878571428571429,23.7171350861287,0,H,False
1.1071428571428572,0.07878571428571429,0.0,0,S,False
1.1071428571428572,0.07878571428571429,0.0190542857142856,0,N,False
1.1071428571428572,0.07878571428571429,0.153214285714286,0,C,False
1.1071428571428572,0.07878571428571429,23.7171350861287,1,H,True
1.1071428571428572,0.07878571428571429,56.3979187570631,1,S,True
1.1071428571428572,0.07878571428571429,0.0190542857142856,1,N,True
1.1071428571428572,0.07878571428571429,0.00289452166802944,1,C,True
1.1071428571428572,0.07878571428571429,106.610401384653,2,H,False
1.1071428571428572,0.07878571428571429,58.6342594909685,2,S,False
1.1071428571428572,0.07878571428571429,0.00272727272727273,2,N,False
1.1071428571428572,0.07878571428571429,0.00960054178025095,2,C,False
1.1071428571428572,0.07878571428571429,106.610401384653,3,H,True
1.1071428571428572,0.07878571428571429,24.5932766807601,3,S,True
1.1071428571428572,0.07878571428571429,0.00272727272727273,3,N,True
1.1071428571428572,0.07878571428571429,0.0297850302111272,3,C,True
1.1071428571428572,0.08585714285714285,31.6472545757071,0,H,False
1.1071428571428572,0.08585714285714285,0.0,0,S,False
1.1071428571428572,0.08585714285714285,0.0190542857142856,0,N,False
1.1071428571428572,0.08585714285714285,0.153214285714286,0,C,False
1.1071428571428572,0.08585714285714285,31.6472545757071,1,H,True
1.1071428571428572,0.08585714285714285,75.2552652739541,1,S,True
1.1071428571428572,0.08585714285714285,0.0190542857142856,1,N,True
1.1071428571428572,0.08585714285714285,0.00289452166802944,1,C,True
1.1071428571428572,0.08585714285714285,107.713205263953,2,H,False
1.1071428571428572,0.08585714285714285,59.2407865088467,2,S,False
1.1071428571428572,0.08585714285714285,0.00272727272727273,2,N,False
1.1071428571428572,0.08585714285714285,0.00960054178025079,2,C,False
1.1071428571428572,0.08585714285714285,107.713205263953,3,H,True
1.1071428571428572,0.08585714285714285,24.8476755065403,3,S,True
1.1071428571428572,0.08585714285714285,0.00272727272727273,3,N,True
1.1071428571428572,0.08585714285714285,0.0297850302111278,3,C,True
1.1071428571428572,0.09292857142857143,38.3704842428900,0,H,False
1.1071428571428572,0.09292857142857143,0.0,0,S,False
1.1071428571428572,0.09292857142857143,0.0190542857142857,0,N,False
1.1071428571428572,0.09292857142857143,0.153214285714286,0,C,False
1.1071428571428572,0.09292857142857143,38.3704842428900,1,H,True
1.1071428571428572,0.09292857142857143,91.2427004838933,1,S,True
1.1071428571428572,0.09292857142857143,0.0190542857142857,1,N,True
1.1071428571428572,0.09292857142857143,0.00289452166802944,1,C,True
1.1071428571428572,0.09292857142857143,108.648172734261,2,H,False
1.1071428571428572,0.09292857142857143,59.7550058022483,2,S,False
1.1071428571428572,0.09292857142857143,0.00272727272727273,2,N,False
1.1071428571428572,0.09292857142857143,0.00960054178025136,2,C,False
1.1071428571428572,0.09292857142857143,108.648172734261,3,H,True
1.1071428571428572,0.09292857142857143,25.0633572166385,3,S,True
1.1071428571428572,0.09292857142857143,0.00272727272727273,3,N,True
1.1071428571428572,0.09292857142857143,0.0297850302111258,3,C,True
1.1071428571428572,0.1,44.1428571428572,0,H,False
1.1071428571428572,0.1,0.0,0,S,False
1.1071428571428572,0.1,0.0190542857142857,0,N,False
1.1071428571428572,0.1,0.153214285714286,0,C,False
1.1071428571428572,0.1,44.1428571428572,1,H,True
1.1071428571428572,0.1,104.969055571284,1,S,True
1.1071428571428572,0.1,0.0190542857142857,1,N,True
1.1071428571428572,0.1,0.00289452166802944,1,C,True
1.1071428571428572,0.1,109.450909090909,2,H,False
1.1071428571428572,0.1,60.1964997955860,2,S,False
1.1071428571428572,0.1,0.00272727272727273,2,N,False
1.1071428571428572,0.1,0.00960054178025123,2,C,False
1.1071428571428572,0.1,109.450909090909,3,H,True
1.1071428571428572,0.1,25.2485353705928,3,S,True
1.1071428571428572,0.1,0.00272727272727273,3,N,True
1.1071428571428572,0.1,0.0297850302111263,3,C,True
1.1428571428571428,0.001,,0,H,False
1.1428571428571428,0.001,,0,S,False
1.1428571428571428,0.001,,0,N,False
1.1428571428571428,0.001,,0,C,False
1.1428571428571428,0.001,,1,H,False
1.1428571428571428,0.001,,1,S,False
1.1428571428571428,0.001,,1,N,False
1.1428571428571428,0.001,,1,C,False
1.1428571428571428,0.001,,2,H,False
1.1428571428571428,0.001,,2,S,False
1.1428571428571428,0.001,,2,N,False
1.1428571428571428,0.001,,2,C,False
1.1428571428571428,0.001,,3,H,False
1.1428571428571428,0.001,,3,S,False
1.1428571428571428,0.001,,3,N,False
1.1428571428571428,0.001,,3,C,False
1.1428571428571428,0.008071428571428571,,0,H,False
1.1428571428571428,0.008071428571428571,,0,S,False
1.1428571428571428,0.008071428571428571,,0,N,False
1.1428571428571428,0.008071428571428571,,0,C,False
1.1428571428571428,0.008071428571428571,,1,H,False
1.1428571428571428,0.008071428571428571,,1,S,False
1.1428571428571428,0.008071428571428571,,1,N,False
1.1428571428571428,0.008071428571428571,,1,C,False
1.1428571428571428,0.008071428571428571,,2,H,False
1.1428571428571428,0.008071428571428571,,2,S,False
1.1428571428571428,0.008071428571428571,,2,N,False
1.1428571428571428,0.008071428571428571,,2,C,False
1.1428571428571428,0.008071428571428571,,3,H,False
1.1428571428571428,0.008071428571428571,,3,S,False
1.1428571428571428,0.008071428571428571,,3,N,False
1.1428571428571428,0.008071428571428571,,3,C,False
1.1428571428571428,0.015142857142857142,,0,H,False
1.1428571428571428,0.015142857142857142,,0,S,False
1.1428571428571428,0.015142857142857142,,0,N,False
1.1428571428571428,0.015142857142857142,,0,C,False
1.1428571428571428,0.015142857142857142,,1,H,False
1.1428571428571428,0.015142857142857142,,1,S,False
1.1428571428571428,0.015142857142857142,,1,N,False
1.1428571428571428,0.015142857142857142,,1,C,False
1.1428571428571428,0.015142857142857142,50.3361921097774,2,H,False
1.1428571428571428,0.015142857142857142,25.5804989368669,2,S,False
1.1428571428571428,0.015142857142857142,0.00272727272727273,2,N,False
1.1428571428571428,0.015142857142857142,0.0106265558628504,2,C,False
1.1428571428571428,0.015142857142857142,50.3361921097774,3,H,True
1.1428571428571428,0.015142857142857142,12.4212339741687,3,S,True
1.1428571428571428,0.015142857142857142,0.00272727272727273,3,N,True
1.1428571428571428,0.015142857142857142,0.0274326095618888,3,C,True
1.1428571428571428,0.022214285714285714,,0,H,False
1.1428571428571428,0.022214285714285714,,0,S,False
1.1428571428571428,0.022214285714285714,,0,N,False
1.1428571428571428,0.022214285714285714,,0,C,False
1.1428571428571428,0.022214285714285714,,1,H,False
1.1428571428571428,0.022214285714285714,,1,S,False
1.1428571428571428,0.022214285714285714,,1,N,False
1.1428571428571428,0.022214285714285714,,1,C,False
1.1428571428571428,0.022214285714285714,72.5121309558614,2,H,False
1.1428571428571428,0.022214285714285714,36.8501551484278,2,S,False
1.1428571428571428,0.022214285714285714,0.00272727272727273,2,N,False
1.1428571428571428,0.022214285714285714,0.0106265558628504,2,C,False
1.1428571428571428,0.022214285714285714,72.5121309558614,3,H,True
1.1428571428571428,0.022214285714285714,17.8934898890249,3,S,True
1.1428571428571428,0.022214285714285714,0.00272727272727273,3,N,True
1.1428571428571428,0.022214285714285714,0.0274326095618886,3,C,True
1.1428571428571428,0.029285714285714286,,0,H,False
1.1428571428571428,0.029285714285714286,,0,S,False
1.1428571428571428,0.029285714285714286,,0,N,False
1.1428571428571428,0.029285714285714286,,0,C,False
1.1428571428571428,0.029285714285714286,,1,H,False
1.1428571428571428,0.029285714285714286,,1,S,False
1.1428571428571428,0.029285714285714286,,1,N,False
1.1428571428571428,0.029285714285714286,,1,C,False
1.1428571428571428,0.029285714285714286,83.9787139689578,2,H,False
1.1428571428571428,0.029285714285714286,42.6773920187957,2,S,False
1.1428571428571428,0.029285714285714286,0.00272727272727273,2,N,False
1.1428571428571428,0.029285714285714286,0.0106265558628504,2,C,False
1.1428571428571428,0.029285714285714286,83.9787139689578,3,H,True
1.1428571428571428,0.029285714285714286,20.7230466059747,3,S,True
1.1428571428571428,0.029285714285714286,0.00272727272727273,3,N,True
1.1428571428571428,0.029285714285714286,0.0274326095618888,3,C,True
1.1428571428571428,0.03635714285714286,,0,H,False
1.1428571428571428,0.03635714285714286,,0,S,False
1.1428571428571428,0.03635714285714286,,0,N,False
1.1428571428571428,0.03635714285714286,,0,C,False
1.1428571428571428,0.03635714285714286,,1,H,False
1.1428571428571428,0.03635714285714286,,1,S,False
1.1428571428571428,0.03635714285714286,,1,N,False
1.1428571428571428,0.03635714285714286,,1,C,False
1.1428571428571428,0.03635714285714286,90.9848187176281,2,H,False
1.1428571428571428,0.03635714285714286,46.2378451949935,2,S,False
1.1428571428571428,0.03635714285714286,0.00272727272727273,2,N,False
1.1428571428571428,0.03635714285714286,0.0106265558628503,2,C,False
1.1428571428571428,0.03635714285714286,90.9848187176281,3,H,True
1.1428571428571428,0.03635714285714286,22.4519113190815,3,S,True
1.1428571428571428,0.03635714285714286,0.00272727272727273,3,N,True
1.1428571428571428,0.03635714285714286,0.0274326095618891,3,C,True
1.1428571428571428,0.04342857142857143,,0,H,False
1.1428571428571428,0.04342857142857143,,0,S,False
1.1428571428571428,0.04342857142857143,,0,N,False
1.1428571428571428,0.04342857142857143,,0,C,False
1.1428571428571428,0.04342857142857143,,1,H,False
1.1428571428571428,0.04342857142857143,,1,S,False
1.1428571428571428,0.04342857142857143,,1,N,False
1.1428571428571428,0.04342857142857143,,1,C,False
1.1428571428571428,0.04342857142857143,95.7093301435406,2,H,False
1.1428571428571428,0.04342857142857143,48.6388086855212,2,S,False
1.1428571428571428,0.04342857142857143,0.00272727272727273,2,N,False
1.1428571428571428,0.04342857142857143,0.0106265558628503,2,C,False
1.1428571428571428,0.04342857142857143,95.7093301435406,3,H,True
1.1428571428571428,0.04342857142857143,23.6177575894333,3,S,True
1.1428571428571428,0.04342857142857143,0.00272727272727273,3,N,True
1.1428571428571428,0.04342857142857143,0.0274326095618890,3,C,True
1.1428571428571428,0.0505,,0,H,False
1.1428571428571428,0.0505,,0,S,False
1.1428571428571428,0.0505,,0,N,False
1.1428571428571428,0.0505,,0,C,False
1.1428571428571428,0.0505,,1,H,False
1.1428571428571428,0.0505,,1,S,False
1.1428571428571428,0.0505,,1,N,False
1.1428571428571428,0.0505,,1,C,False
1.1428571428571428,0.0505,99.1107110711071,2,H,False
1.1428571428571428,0.0505,50.3673665591828,2,S,False
1.1428571428571428,0.0505,0.00272727272727273,2,N,False
1.1428571428571428,0.0505,0.0106265558628503,2,C,False
1.1428571428571428,0.0505,99.1107110711071,3,H,True
1.1428571428571428,0.0505,24.4571009439015,3,S,True
1.1428571428571428,0.0505,0.00272727272727273,3,N,True
1.1428571428571428,0.0505,0.0274326095618890,3,C,True
1.1428571428571428,0.05757142857142857,,0,H,False
1.1428571428571428,0.05757142857142857,,0,S,False
1.1428571428571428,0.05757142857142857,,0,N,False
1.1428571428571428,0.05757142857142857,,0,C,False
1.1428571428571428,0.05757142857142857,,1,H,False
1.1428571428571428,0.05757142857142857,,1,S,False
1.1428571428571428,0.05757142857142857,,1,N,False
1.1428571428571428,0.05757142857142857,,1,C,False
1.1428571428571428,0.05757142857142857,101.676517031356,2,H,False
1.1428571428571428,0.05757142857142857,51.6712911090411,2,S,False
1.1428571428571428,0.05757142857142857,0.00272727272727273,2,N,False
1.1428571428571428,0.05757142857142857,0.0106265558628504,2,C,False
1.1428571428571428,0.05757142857142857,101.676517031356,3,H,True
1.1428571428571428,0.05757142857142857,25.0902532509943,3,S,True
1.1428571428571428,0.05757142857142857,0.00272727272727273,3,N,True
1.1428571428571428,0.05757142857142857,0.0274326095618888,3,C,True
1.1428571428571428,0.06464285714285714,0.662983425414364,0,H,False
1.1428571428571428,0.06464285714285714,0.0,0,S,False
1.1428571428571428,0.06464285714285714,0.0193757142857143,0,N,False
1.1428571428571428,0.06464285714285714,0.154285714285714,0,C,False
1.1428571428571428,0.06464285714285714,0.662983425414364,1,H,True
1.1428571428571428,0.06464285714285714,1.56072819490988,1,S,True
1.1428571428571428,0.06464285714285714,0.0193757142857143,1,N,True
1.1428571428571428,0.06464285714285714,0.00295081967213115,1,C,True
1.1428571428571428,0.06464285714285714,103.680964339528,2,H,False
1.1428571428571428,0.06464285714285714,52.6899371385990,2,S,False
1.1428571428571428,0.06464285714285714,0.00272727272727273,2,N,False
1.1428571428571428,0.06464285714285714,0.0106265558628504,2,C,False
1.1428571428571428,0.06464285714285714,103.680964339528,3,H,True
1.1428571428571428,0.06464285714285714,25.5848816279165,3,S,True
1.1428571428571428,0.06464285714285714,0.00272727272727273,3,N,True
1.1428571428571428,0.06464285714285714,0.0274326095618885,3,C,True
1.1428571428571428,0.07171428571428572,12.4302788844622,0,H,False
1.1428571428571428,0.07171428571428572,0.0,0,S,False
1.1428571428571428,0.07171428571428572,0.0193757142857144,0,N,False
1.1428571428571428,0.07171428571428572,0.154285714285714,0,C,False
1.1428571428571428,0.07171428571428572,12.4302788844622,1,H,True
1.1428571428571428,0.07171428571428572,29.2620991444060,1,S,True
1.1428571428571428,0.07171428571428572,0.0193757142857144,1,N,True
1.1428571428571428,0.07171428571428572,0.00295081967213115,1,C,True
1.1428571428571428,0.07171428571428572,105.290112278161,2,H,False
1.1428571428571428,0.07171428571428572,53.5076948077454,2,S,False
1.1428571428571428,0.07171428571428572,0.00272727272727273,2,N,False
1.1428571428571428,0.07171428571428572,0.0106265558628507,2,C,False
1.1428571428571428,0.07171428571428572,105.290112278161,3,H,True
1.1428571428571428,0.07171428571428572,25.9819637711436,3,S,True
1.1428571428571428,0.07171428571428572,0.00272727272727273,3,N,True
1.1428571428571428,0.07171428571428572,0.0274326095618877,3,C,True
1.1428571428571428,0.07878571428571429,22.0852221214869,0,H,False
1.1428571428571428,0.07878571428571429,0.0,0,S,False
1.1428571428571428,0.07878571428571429,0.0193757142857142,0,N,False
1.1428571428571428,0.07878571428571429,0.154285714285714,0,C,False
1.1428571428571428,0.07878571428571429,22.0852221214869,1,H,True
1.1428571428571428,0.07878571428571429,51.9907851909100,1,S,True
1.1428571428571428,0.07878571428571429,0.0193757142857142,1,N,True
1.1428571428571428,0.07878571428571429,0.00295081967213115,1,C,True
1.1428571428571428,0.07878571428571429,106.610401384653,2,H,False
1.1428571428571428,0.07878571428571429,54.1786564492517,2,S,False
1.1428571428571428,0.07878571428571429,0.00272727272727273,2,N,False
1.1428571428571428,0.07878571428571429,0.0106265558628500,2,C,False
1.1428571428571428,0.07878571428571429,106.610401384653,3,H,True
1.1428571428571428,0.07878571428571429,26.3077655296367,3,S,True
1.1428571428571428,0.07878571428571429,0.00272727272727273,3,N,True
1.1428571428571428,0.07878571428571429,0.0274326095618899,3,C,True
1.1428571428571428,0.08585714285714285,30.1497504159735,0,H,False
1.1428571428571428,0.08585714285714285,0.0,0,S,False
1.1428571428571428,0.08585714285714285,0.0193757142857142,0,N,False
1.1428571428571428,0.08585714285714285,0.154285714285714,0,C,False
1.1428571428571428,0.08585714285714285,30.1497504159735,1,H,True
1.1428571428571428,0.08585714285714285,70.9754780284228,1,S,True
1.1428571428571428,0.08585714285714285,0.0193757142857142,1,N,True
1.1428571428571428,0.08585714285714285,0.00295081967213115,1,C,True
1.1428571428571428,0.08585714285714285,107.713205263953,2,H,False
1.1428571428571428,0.08585714285714285,54.7390936273472,2,S,False
1.1428571428571428,0.08585714285714285,0.00272727272727273,2,N,False
1.1428571428571428,0.08585714285714285,0.0106265558628497,2,C,False
1.1428571428571428,0.08585714285714285,107.713205263953,3,H,True
1.1428571428571428,0.08585714285714285,26.5798994443856,3,S,True
1.1428571428571428,0.08585714285714285,0.00272727272727273,3,N,True
1.1428571428571428,0.08585714285714285,0.0274326095618907,3,C,True
1.1428571428571428,0.09292857142857143,36.9869331283629,0,H,False
1.1428571428571428,0.09292857142857143,0.0,0,S,False
1.1428571428571428,0.09292857142857143,0.0193757142857143,0,N,False
1.1428571428571428,0.09292857142857143,0.154285714285714,0,C,False
1.1428571428571428,0.09292857142857143,36.9869331283629,1,H,True
1.1428571428571428,0.09292857142857143,87.0708786431624,1,S,True
1.1428571428571428,0.09292857142857143,0.0193757142857143,1,N,True
1.1428571428571428,0.09292857142857143,0.00295081967213115,1,C,True
1.1428571428571428,0.09292857142857143,108.648172734261,2,H,False
1.1428571428571428,0.09292857142857143,55.2142375223772,2,S,False
1.1428571428571428,0.09292857142857143,0.00272727272727273,2,N,False
1.1428571428571428,0.09292857142857143,0.0106265558628505,2,C,False
1.1428571428571428,0.09292857142857143,108.648172734261,3,H,True
1.1428571428571428,0.09292857142857143,26.8106171292210,3,S,True
1.1428571428571428,0.09292857142857143,0.00272727272727273,3,N,True
1.1428571428571428,0.09292857142857143,0.0274326095618884,3,C,True
1.1428571428571428,0.1,42.8571428571429,0,H,False
1.1428571428571428,0.1,0.0,0,S,False
1.1428571428571428,0.1,0.0193757142857143,0,N,False
1.1428571428571428,0.1,0.154285714285714,0,C,False
1.1428571428571428,0.1,42.8571428571429,1,H,True
1.1428571428571428,0.1,100.889929742389,1,S,True
1.1428571428571428,0.1,0.0193757142857143,1,N,True
1.1428571428571428,0.1,0.00295081967213115,1,C,True
1.1428571428571428,0.1,109.450909090909,2,H,False
1.1428571428571428,0.1,55.6221824951135,2,S,False
1.1428571428571428,0.1,0.00272727272727273,2,N,False
1.1428571428571428,0.1,0.0106265558628503,2,C,False
1.1428571428571428,0.1,109.450909090909,3,H,True
1.1428571428571428,0.1,27.0087047414850,3,S,True
1.1428571428571428,0.1,0.00272727272727273,3,N,True
1.1428571428571428,0.1,0.0274326095618889,3,C,True
1.1785714285714286,0.001,,0,H,False
1.1785714285714286,0.001,,0,S,False
1.1785714285714286,0.001,,0,N,False
1.1785714285714286,0.001,,0,C,False
1.1785714285714286,0.001,,1,H,False
1.1785714285714286,0.001,,1,S,False
1.1785714285714286,0.001,,1,N,False
1.1785714285714286,0.001,,1,C,False
1.1785714285714286,0.001,,2,H,False
1.1785714285714286,0.001,,2,S,False
1.1785714285714286,0.001,,2,N,False
1.1785714285714286,0.001,,2,C,False
1.1785714285714286,0.001,,3,H,False
1.1785714285714286,0.001,,3,S,False
1.1785714285714286,0.001,,3,N,False
1.1785714285714286,0.001,,3,C,False
1.1785714285714286,0.008071428571428571,,0,H,False
1.1785714285714286,0.008071428571428571,,0,S,False
1.1785714285714286,0.008071428571428571,,0,N,False
1.1785714285714286,0.008071428571428571,,0,C,False
1.1785714285714286,0.008071428571428571,,1,H,False
1.1785714285714286,0.008071428571428571,,1,S,False
1.1785714285714286,0.008071428571428571,,1,N,False
1.1785714285714286,0.008071428571428571,,1,C,False
1.1785714285714286,0.008071428571428571,,2,H,False
1.1785714285714286,0.008071428571428571,,2,S,False
1.1785714285714286,0.008071428571428571,,2,N,False
1.1785714285714286,0.008071428571428571,,2,C,False
1.1785714285714286,0.008071428571428571,,3,H,False
1.1785714285714286,0.008071428571428571,,3,S,False
1.1785714285714286,0.008071428571428571,,3,N,False
1.1785714285714286,0.008071428571428571,,3,C,False
1.1785714285714286,0.015142857142857142,,0,H,False
1.1785714285714286,0.015142857142857142,,0,S,False
1.1785714285714286,0.015142857142857142,,0,N,False
1.1785714285714286,0.015142857142857142,,0,C,False
1.1785714285714286,0.015142857142857142,,1,H,False
1.1785714285714286,0.015142857142857142,,1,S,False
1.1785714285714286,0.015142857142857142,,1,N,False
1.1785714285714286,0.015142857142857142,,1,C,False
1.1785714285714286,0.015142857142857142,50.3361921097768,2,H,False
1.1785714285714286,0.015142857142857142,23.2545970650831,2,S,False
1.1785714285714286,0.015142857142857142,0.00272727272727273,2,N,False
1.1785714285714286,0.015142857142857142,0.0120306149723681,2,C,False
1.1785714285714286,0.015142857142857142,50.3361921097768,3,H,True
1.1785714285714286,0.015142857142857142,13.5003863120724,3,S,True
1.1785714285714286,0.015142857142857142,0.00272727272727273,3,N,True
1.1785714285714286,0.015142857142857142,0.0246956044942786,3,C,True
1.1785714285714286,0.022214285714285714,,0,H,False
1.1785714285714286,0.022214285714285714,,0,S,False
1.1785714285714286,0.022214285714285714,,0,N,False
1.1785714285714286,0.022214285714285714,,0,C,False
1.1785714285714286,0.022214285714285714,,1,H,False
1.1785714285714286,0.022214285714285714,,1,S,False
1.1785714285714286,0.022214285714285714,,1,N,False
1.1785714285714286,0.022214285714285714,,1,C,False
1.1785714285714286,0.022214285714285714,72.5121309558611,2,H,False
1.1785714285714286,0.022214285714285714,33.4995619857699,2,S,False
1.1785714285714286,0.022214285714285714,0.00272727272727273,2,N,False
1.1785714285714286,0.022214285714285714,0.0120306149723680,2,C,False
1.1785714285714286,0.022214285714285714,72.5121309558611,3,H,True
1.1785714285714286,0.022214285714285714,19.4480698516240,3,S,True
1.1785714285714286,0.022214285714285714,0.00272727272727273,3,N,True
1.1785714285714286,0.022214285714285714,0.0246956044942787,3,C,True
1.1785714285714286,0.029285714285714286,,0,H,False
1.1785714285714286,0.029285714285714286,,0,S,False
1.1785714285714286,0.029285714285714286,,0,N,False
1.1785714285714286,0.029285714285714286,,0,C,False
1.1785714285714286,0.029285714285714286,,1,H,False
1.1785714285714286,0.029285714285714286,,1,S,False
1.1785714285714286,0.029285714285714286,,1,N,False
1.1785714285714286,0.029285714285714286,,1,C,False
1.1785714285714286,0.029285714285714286,83.9787139689581,2,H,False
1.1785714285714286,0.029285714285714286,38.7969584813446,2,S,False
1.1785714285714286,0.029285714285714286,0.00272727272727273,2,N,False
1.1785714285714286,0.029285714285714286,0.0120306149723679,2,C,False
1.1785714285714286,0.029285714285714286,83.9787139689581,3,H,True
1.1785714285714286,0.029285714285714286,22.5234574379286,3,S,True
1.1785714285714286,0.029285714285714286,0.00272727272727273,3,N,True
1.1785714285714286,0.029285714285714286,0.0246956044942788,3,C,True
1.1785714285714286,0.03635714285714286,,0,H,False
1.1785714285714286,0.03635714285714286,,0,S,False
1.1785714285714286,0.03635714285714286,,0,N,False
1.1785714285714286,0.03635714285714286,,0,C,False
1.1785714285714286,0.03635714285714286,,1,H,False
1.1785714285714286,0.03635714285714286,,1,S,False
1.1785714285714286,0.03635714285714286,,1,N,False
1.1785714285714286,0.03635714285714286,,1,C,False
1.1785714285714286,0.03635714285714286,90.9848187176279,2,H,False
1.1785714285714286,0.03635714285714286,42.0336781475990,2,S,False
1.1785714285714286,0.03635714285714286,0.00272727272727273,2,N,False
1.1785714285714286,0.03635714285714286,0.0120306149723680,2,C,False
1.1785714285714286,0.03635714285714286,90.9848187176279,3,H,True
1.1785714285714286,0.03635714285714286,24.4025252951796,3,S,True
1.1785714285714286,0.03635714285714286,0.00272727272727273,3,N,True
1.1785714285714286,0.03635714285714286,0.0246956044942787,3,C,True
1.1785714285714286,0.04342857142857143,,0,H,False
1.1785714285714286,0.04342857142857143,,0,S,False
1.1785714285714286,0.04342857142857143,,0,N,False
1.1785714285714286,0.04342857142857143,,0,C,False
1.1785714285714286,0.04342857142857143,,1,H,False
1.1785714285714286,0.04342857142857143,,1,S,False
1.1785714285714286,0.04342857142857143,,1,N,False
1.1785714285714286,0.04342857142857143,,1,C,False
1.1785714285714286,0.04342857142857143,95.7093301435406,2,H,False
1.1785714285714286,0.04342857142857143,44.2163345014882,2,S,False
1.1785714285714286,0.04342857142857143,0.00272727272727273,2,N,False
1.1785714285714286,0.04342857142857143,0.0120306149723680,2,C,False
1.1785714285714286,0.04342857142857143,95.7093301435406,3,H,True
1.1785714285714286,0.04342857142857143,25.6696598699705,3,S,True
1.1785714285714286,0.04342857142857143,0.00272727272727273,3,N,True
1.1785714285714286,0.04342857142857143,0.0246956044942788,3,C,True
1.1785714285714286,0.0505,,0,H,False
1.1785714285714286,0.0505,,0,S,False
1.1785714285714286,0.0505,,0,N,False
1.1785714285714286,0.0505,,0,C,False
1.1785714285714286,0.0505,,1,H,False
1.1785714285714286,0.0505,,1,S,False
1.1785714285714286,0.0505,,1,N,False
1.1785714285714286,0.0505,,1,C,False
1.1785714285714286,0.0505,99.1107110711070,2,H,False
1.1785714285714286,0.0505,45.7877235879513,2,S,False
1.1785714285714286,0.0505,0.00272727272727273,2,N,False
1.1785714285714286,0.0505,0.0120306149723680,2,C,False
1.1785714285714286,0.0505,99.1107110711070,3,H,True
1.1785714285714286,0.0505,26.5819250730379,3,S,True
1.1785714285714286,0.0505,0.00272727272727273,3,N,True
1.1785714285714286,0.0505,0.0246956044942788,3,C,True
1.1785714285714286,0.05757142857142857,,0,H,False
1.1785714285714286,0.05757142857142857,,0,S,False
1.1785714285714286,0.05757142857142857,,0,N,False
1.1785714285714286,0.05757142857142857,,0,C,False
1.1785714285714286,0.05757142857142857,,1,H,False
1.1785714285714286,0.05757142857142857,,1,S,False
1.1785714285714286,0.05757142857142857,,1,N,False
1.1785714285714286,0.05757142857142857,,1,C,False
1.1785714285714286,0.05757142857142857,101.676517031356,2,H,False
1.1785714285714286,0.05757142857142857,46.9730890526777,2,S,False
1.1785714285714286,0.05757142857142857,0.00272727272727273,2,N,False
1.1785714285714286,0.05757142857142857,0.0120306149723680,2,C,False
1.1785714285714286,0.05757142857142857,101.676517031356,3,H,True
1.1785714285714286,0.05757142857142857,27.2700854247314,3,S,True
1.1785714285714286,0.05757142857142857,0.00272727272727273,3,N,True
1.1785714285714286,0.05757142857142857,0.0246956044942787,3,C,True
1.1785714285714286,0.06464285714285714,,0,H,False
1.1785714285714286,0.06464285714285714,,0,S,False
1.1785714285714286,0.06464285714285714,,0,N,False
1.1785714285714286,0.06464285714285714,,0,C,False
1.1785714285714286,0.06464285714285714,,1,H,False
1.1785714285714286,0.06464285714285714,,1,S,False
1.1785714285714286,0.06464285714285714,,1,N,False
1.1785714285714286,0.06464285714285714,,1,C,False
1.1785714285714286,0.06464285714285714,103.680964339528,2,H,False
1.1785714285714286,0.06464285714285714,47.8991148908680,2,S,False
1.1785714285714286,0.06464285714285714,0.00272727272727273,2,N,False
1.1785714285714286,0.06464285714285714,0.0120306149723679,2,C,False
1.1785714285714286,0.06464285714285714,103.680964339528,3,H,True
1.1785714285714286,0.06464285714285714,27.8076869370487,3,S,True
1.1785714285714286,0.06464285714285714,0.00272727272727273,3,N,True
1.1785714285714286,0.06464285714285714,0.0246956044942790,3,C,True
1.1785714285714286,0.07171428571428572,10.6374501992032,0,H,False
1.1785714285714286,0.07171428571428572,0.0,0,S,False
1.1785714285714286,0.07171428571428572,0.0196971428571429,0,N,False
1.1785714285714286,0.07171428571428572,0.155357142857143,0,C,False
1.1785714285714286,0.07171428571428572,10.6374501992032,1,H,True
1.1785714285714286,0.07171428571428572,24.7962622347605,1,S,True
1.1785714285714286,0.07171428571428572,0.0196971428571429,1,N,True
1.1785714285714286,0.07171428571428572,0.00300739523418242,1,C,True
1.1785714285714286,0.07171428571428572,105.290112278161,2,H,False
1.1785714285714286,0.07171428571428572,48.6425181035955,2,S,False
1.1785714285714286,0.07171428571428572,0.00272727272727273,2,N,False
1.1785714285714286,0.07171428571428572,0.0120306149723687,2,C,False
1.1785714285714286,0.07171428571428572,105.290112278161,3,H,True
1.1785714285714286,0.07171428571428572,28.2392674339902,3,S,True
1.1785714285714286,0.07171428571428572,0.00272727272727273,3,N,True
1.1785714285714286,0.07171428571428572,0.0246956044942773,3,C,True
1.1785714285714286,0.07878571428571429,20.4533091568450,0,H,False
1.1785714285714286,0.07878571428571429,0.0,0,S,False
1.1785714285714286,0.07878571428571429,0.0196971428571428,0,N,False
1.1785714285714286,0.07878571428571429,0.155357142857143,0,C,False
1.1785714285714286,0.07878571428571429,20.4533091568450,1,H,True
1.1785714285714286,0.07878571428571429,47.6773670310340,1,S,True
1.1785714285714286,0.07878571428571429,0.0196971428571428,1,N,True
1.1785714285714286,0.07878571428571429,0.00300739523418242,1,C,True
1.1785714285714286,0.07878571428571429,106.610401384653,2,H,False
1.1785714285714286,0.07878571428571429,49.2524726888403,2,S,False
1.1785714285714286,0.07878571428571429,0.00272727272727273,2,N,False
1.1785714285714286,0.07878571428571429,0.0120306149723674,2,C,False
1.1785714285714286,0.07878571428571429,106.610401384653,3,H,True
1.1785714285714286,0.07878571428571429,28.5933747320211,3,S,True
1.1785714285714286,0.07878571428571429,0.00272727272727273,3,N,True
1.1785714285714286,0.07878571428571429,0.0246956044942801,3,C,True
1.1785714285714286,0.08585714285714285,28.6522462562396,0,H,False
1.1785714285714286,0.08585714285714285,0.0,0,S,False
1.1785714285714286,0.08585714285714285,0.0196971428571428,0,N,False
1.1785714285714286,0.08585714285714285,0.155357142857143,0,C,False
1.1785714285714286,0.08585714285714285,28.6522462562396,1,H,True
1.1785714285714286,0.08585714285714285,66.7893713700177,1,S,True
1.1785714285714286,0.08585714285714285,0.0196971428571428,1,N,True
1.1785714285714286,0.08585714285714285,0.00300739523418242,1,C,True
1.1785714285714286,0.08585714285714285,107.713205263953,2,H,False
1.1785714285714286,0.08585714285714285,49.7619522259310,2,S,False
1.1785714285714286,0.08585714285714285,0.00272727272727273,2,N,False
1.1785714285714286,0.08585714285714285,0.0120306149723670,2,C,False
1.1785714285714286,0.08585714285714285,107.713205263953,3,H,True
1.1785714285714286,0.08585714285714285,28.8891515433560,3,S,True
1.1785714285714286,0.08585714285714285,0.00272727272727273,3,N,True
1.1785714285714286,0.08585714285714285,0.0246956044942808,3,C,True
1.1785714285714286,0.09292857142857143,35.6033820138354,0,H,False
1.1785714285714286,0.09292857142857143,0.0,0,S,False
1.1785714285714286,0.09292857142857143,0.0196971428571429,0,N,False
1.1785714285714286,0.09292857142857143,0.155357142857143,0,C,False
1.1785714285714286,0.09292857142857143,35.6033820138354,1,H,True
1.1785714285714286,0.09292857142857143,82.9927078695557,1,S,True
1.1785714285714286,0.09292857142857143,0.0196971428571429,1,N,True
1.1785714285714286,0.09292857142857143,0.00300739523418242,1,C,True
1.1785714285714286,0.09292857142857143,108.648172734260,2,H,False
1.1785714285714286,0.09292857142857143,50.1938937550664,2,S,False
1.1785714285714286,0.09292857142857143,0.00272727272727273,2,N,False
1.1785714285714286,0.09292857142857143,0.0120306149723682,2,C,False
1.1785714285714286,0.09292857142857143,108.648172734260,3,H,True
1.1785714285714286,0.09292857142857143,29.1399138976268,3,S,True
1.1785714285714286,0.09292857142857143,0.00272727272727273,3,N,True
1.1785714285714286,0.09292857142857143,0.0246956044942783,3,C,True
1.1785714285714286,0.1,41.5714285714286,0,H,False
1.1785714285714286,0.1,0.0,0,S,False
1.1785714285714286,0.1,0.0196971428571429,0,N,False
1.1785714285714286,0.1,0.155357142857143,0,C,False
1.1785714285714286,0.1,41.5714285714286,1,H,True
1.1785714285714286,0.1,96.9044296355879,1,S,True
1.1785714285714286,0.1,0.0196971428571429,1,N,True
1.1785714285714286,0.1,0.00300739523418242,1,C,True
1.1785714285714286,0.1,109.450909090909,2,H,False
1.1785714285714286,0.1,50.5647464107988,2,S,False
1.1785714285714286,0.1,0.00272727272727273,2,N,False
1.1785714285714286,0.1,0.0120306149723681,2,C,False
1.1785714285714286,0.1,109.450909090909,3,H,True
1.1785714285714286,0.1,29.3552112903628,3,S,True
1.1785714285714286,0.1,0.00272727272727273,3,N,True
1.1785714285714286,0.1,0.0246956044942784,3,C,True
1.2142857142857142,0.001,,0,H,False
1.2142857142857142,0.001,,0,S,False
1.2142857142857142,0.001,,0,N,False
1.2142857142857142,0.001,,0,C,False
1.2142857142857142,0.001,,1,H,False
1.2142857142857142,0.001,,1,S,False
1.2142857142857142,0.001,,1,N,False
1.2142857142857142,0.001,,1,C,False
1.2142857142857142,0.001,,2,H,False
1.2142857142857142,0.001,,2,S,False
1.2142857142857142,0.001,,2,N,False
1.2142857142857142,0.001,,2,C,False
1.2142857142857142,0.001,,3,H,False
1.2142857142857142,0.001,,3,S,False
1.2142857142857142,0.001,,3,N,False
1.2142857142857142,0.001,,3,C,False
1.2142857142857142,0.008071428571428571,,0,H,False
1.2142857142857142,0.008071428571428571,,0,S,False
1.2142857142857142,0.008071428571428571,,0,N,False
1.2142857142857142,0.008071428571428571,,0,C,False
1.2142857142857142,0.008071428571428571,,1,H,False
1.2142857142857142,0.008071428571428571,,1,S,False
1.2142857142857142,0.008071428571428571,,1,N,False
1.2142857142857142,0.008071428571428571,,1,C,False
1.2142857142857142,0.008071428571428571,,2,H,False
1.2142857142857142,0.008071428571428571,,2,S,False
1.2142857142857142,0.008071428571428571,,2,N,False
1.2142857142857142,0.008071428571428571,,2,C,False
1.2142857142857142,0.008071428571428571,,3,H,False
1.2142857142857142,0.008071428571428571,,3,S,False
1.2142857142857142,0.008071428571428571,,3,N,False
1.2142857142857142,0.008071428571428571,,3,C,False
1.2142857142857142,0.015142857142857142,,0,H,False
1.2142857142857142,0.015142857142857142,,0,S,False
1.2142857142857142,0.015142857142857142,,0,N,False
1.2142857142857142,0.015142857142857142,,0,C,False
1.2142857142857142,0.015142857142857142,,1,H,False
1.2142857142857142,0.015142857142857142,,1,S,False
1.2142857142857142,0.015142857142857142,,1,N,False
1.2142857142857142,0.015142857142857142,,1,C,False
1.2142857142857142,0.015142857142857142,50.3361921097775,2,H,False
1.2142857142857142,0.015142857142857142,20.2126579016699,2,S,False
1.2142857142857142,0.015142857142857142,0.00272727272727273,2,N,False
1.2142857142857142,0.015142857142857142,0.0144786427972287,2,C,False
1.2142857142857142,0.015142857142857142,50.3361921097775,3,H,True
1.2142857142857142,0.015142857142857142,15.3407856222362,3,S,True
1.2142857142857142,0.015142857142857142,0.00272727272727273,3,N,True
1.2142857142857142,0.015142857142857142,0.0209080428400336,3,C,True
1.2142857142857142,0.022214285714285714,,0,H,False
1.2142857142857142,0.022214285714285714,,0,S,False
1.2142857142857142,0.022214285714285714,,0,N,False
1.2142857142857142,0.022214285714285714,,0,C,False
1.2142857142857142,0.022214285714285714,,1,H,False
1.2142857142857142,0.022214285714285714,,1,S,False
1.2142857142857142,0.022214285714285714,,1,N,False
1.2142857142857142,0.022214285714285714,,1,C,False
1.2142857142857142,0.022214285714285714,72.5121309558610,2,H,False
1.2142857142857142,0.022214285714285714,29.1174766167339,2,S,False
1.2142857142857142,0.022214285714285714,0.00272727272727273,2,N,False
1.2142857142857142,0.022214285714285714,0.0144786427972291,2,C,False
1.2142857142857142,0.022214285714285714,72.5121309558610,3,H,True
1.2142857142857142,0.022214285714285714,22.0992691218955,3,S,True
1.2142857142857142,0.022214285714285714,0.00272727272727273,3,N,True
1.2142857142857142,0.022214285714285714,0.0209080428400330,3,C,True
1.2142857142857142,0.029285714285714286,,0,H,False
1.2142857142857142,0.029285714285714286,,0,S,False
1.2142857142857142,0.029285714285714286,,0,N,False
1.2142857142857142,0.029285714285714286,,0,C,False
1.2142857142857142,0.029285714285714286,,1,H,False
1.2142857142857142,0.029285714285714286,,1,S,False
1.2142857142857142,0.029285714285714286,,1,N,False
1.2142857142857142,0.029285714285714286,,1,C,False
1.2142857142857142,0.029285714285714286,83.9787139689578,2,H,False
1.2142857142857142,0.029285714285714286,33.7219194645239,2,S,False
1.2142857142857142,0.029285714285714286,0.00272727272727273,2,N,False
1.2142857142857142,0.029285714285714286,0.0144786427972288,2,C,False
1.2142857142857142,0.029285714285714286,83.9787139689578,3,H,True
1.2142857142857142,0.029285714285714286,25.5938996144017,3,S,True
1.2142857142857142,0.029285714285714286,0.00272727272727273,3,N,True
1.2142857142857142,0.029285714285714286,0.0209080428400334,3,C,True
1.2142857142857142,0.03635714285714286,,0,H,False
1.2142857142857142,0.03635714285714286,,0,S,False
1.2142857142857142,0.03635714285714286,,0,N,False
1.2142857142857142,0.03635714285714286,,0,C,False
1.2142857142857142,0.03635714285714286,,1,H,False
1.2142857142857142,0.03635714285714286,,1,S,False
1.2142857142857142,0.03635714285714286,,1,N,False
1.2142857142857142,0.03635714285714286,,1,C,False
1.2142857142857142,0.03635714285714286,90.9848187176282,2,H,False
1.2142857142857142,0.03635714285714286,36.5352430905808,2,S,False
1.2142857142857142,0.03635714285714286,0.00272727272727273,2,N,False
1.2142857142857142,0.03635714285714286,0.0144786427972284,2,C,False
1.2142857142857142,0.03635714285714286,90.9848187176282,3,H,True
1.2142857142857142,0.03635714285714286,27.7291257110014,3,S,True
1.2142857142857142,0.03635714285714286,0.00272727272727273,3,N,True
1.2142857142857142,0.03635714285714286,0.0209080428400340,3,C,True
1.2142857142857142,0.04342857142857143,,0,H,False
1.2142857142857142,0.04342857142857143,,0,S,False
1.2142857142857142,0.04342857142857143,,0,N,False
1.2142857142857142,0.04342857142857143,,0,C,False
1.2142857142857142,0.04342857142857143,,1,H,False
1.2142857142857142,0.04342857142857143,,1,S,False
1.2142857142857142,0.04342857142857143,,1,N,False
1.2142857142857142,0.04342857142857143,,1,C,False
1.2142857142857142,0.04342857142857143,95.7093301435407,2,H,False
1.2142857142857142,0.04342857142857143,38.4323856673619,2,S,False
1.2142857142857142,0.04342857142857143,0.00272727272727273,2,N,False
1.2142857142857142,0.04342857142857143,0.0144786427972285,2,C,False
1.2142857142857142,0.04342857142857143,95.7093301435407,3,H,True
1.2142857142857142,0.04342857142857143,29.1689985721958,3,S,True
1.2142857142857142,0.04342857142857143,0.00272727272727273,3,N,True
1.2142857142857142,0.04342857142857143,0.0209080428400339,3,C,True
1.2142857142857142,0.0505,,0,H,False
1.2142857142857142,0.0505,,0,S,False
1.2142857142857142,0.0505,,0,N,False
1.2142857142857142,0.0505,,0,C,False
1.2142857142857142,0.0505,,1,H,False
1.2142857142857142,0.0505,,1,S,False
1.2142857142857142,0.0505,,1,N,False
1.2142857142857142,0.0505,,1,C,False
1.2142857142857142,0.0505,99.1107110711071,2,H,False
1.2142857142857142,0.0505,39.7982209878447,2,S,False
1.2142857142857142,0.0505,0.00272727272727273,2,N,False
1.2142857142857142,0.0505,0.0144786427972288,2,C,False
1.2142857142857142,0.0505,99.1107110711071,3,H,True
1.2142857142857142,0.0505,30.2056255684450,3,S,True
1.2142857142857142,0.0505,0.00272727272727273,3,N,True
1.2142857142857142,0.0505,0.0209080428400335,3,C,True
1.2142857142857142,0.05757142857142857,,0,H,False
1.2142857142857142,0.05757142857142857,,0,S,False
1.2142857142857142,0.05757142857142857,,0,N,False
1.2142857142857142,0.05757142857142857,,0,C,False
1.2142857142857142,0.05757142857142857,,1,H,False
1.2142857142857142,0.05757142857142857,,1,S,False
1.2142857142857142,0.05757142857142857,,1,N,False
1.2142857142857142,0.05757142857142857,,1,C,False
1.2142857142857142,0.05757142857142857,101.676517031356,2,H,False
1.2142857142857142,0.05757142857142857,40.8285285248842,2,S,False
1.2142857142857142,0.05757142857142857,0.00272727272727273,2,N,False
1.2142857142857142,0.05757142857142857,0.0144786427972287,2,C,False
1.2142857142857142,0.05757142857142857,101.676517031356,3,H,True
1.2142857142857142,0.05757142857142857,30.9875972976250,3,S,True
1.2142857142857142,0.05757142857142857,0.00272727272727273,3,N,True
1.2142857142857142,0.05757142857142857,0.0209080428400336,3,C,True
1.2142857142857142,0.06464285714285714,,0,H,False
1.2142857142857142,0.06464285714285714,,0,S,False
1.2142857142857142,0.06464285714285714,,0,N,False
1.2142857142857142,0.06464285714285714,,0,C,False
1.2142857142857142,0.06464285714285714,,1,H,False
1.2142857142857142,0.06464285714285714,,1,S,False
1.2142857142857142,0.06464285714285714,,1,N,False
1.2142857142857142,0.06464285714285714,,1,C,False
1.2142857142857142,0.06464285714285714,103.680964339528,2,H,False
1.2142857142857142,0.06464285714285714,41.6334207112780,2,S,False
1.2142857142857142,0.06464285714285714,0.00272727272727273,2,N,False
1.2142857142857142,0.06464285714285714,0.0144786427972290,2,C,False
1.2142857142857142,0.06464285714285714,103.680964339528,3,H,True
1.2142857142857142,0.06464285714285714,31.5984857092613,3,S,True
1.2142857142857142,0.06464285714285714,0.00272727272727273,3,N,True
1.2142857142857142,0.06464285714285714,0.0209080428400332,3,C,True
1.2142857142857142,0.07171428571428572,8.84462151394422,0,H,False
1.2142857142857142,0.07171428571428572,0.0,0,S,False
1.2142857142857142,0.07171428571428572,0.0200185714285715,0,N,False
1.2142857142857142,0.07171428571428572,0.156428571428571,0,C,False
1.2142857142857142,0.07171428571428572,8.84462151394422,1,H,True
1.2142857142857142,0.07171428571428572,20.4196679826900,1,S,True
1.2142857142857142,0.07171428571428572,0.0200185714285715,1,N,True
1.2142857142857142,0.07171428571428572,0.00306425041186161,1,C,True
1.2142857142857142,0.07171428571428572,105.290112278161,2,H,False
1.2142857142857142,0.07171428571428572,42.2795791796355,2,S,False
1.2142857142857142,0.07171428571428572,0.00272727272727273,2,N,False
1.2142857142857142,0.07171428571428572,0.0144786427972304,2,C,False
1.2142857142857142,0.07171428571428572,105.290112278161,3,H,True
1.2142857142857142,0.07171428571428572,32.0889001114335,3,S,True
1.2142857142857142,0.07171428571428572,0.00272727272727273,3,N,True
1.2142857142857142,0.07171428571428572,0.0209080428400311,3,C,True
1.2142857142857142,0.07878571428571429,18.8213961922031,0,H,False
1.2142857142857142,0.07878571428571429,0.0,0,S,False
1.2142857142857142,0.07878571428571429,0.0200185714285713,0,N,False
1.2142857142857142,0.07878571428571429,0.156428571428571,0,C,False
1.2142857142857142,0.07878571428571429,18.8213961922031,1,H,True
1.2142857142857142,0.07878571428571429,43.4531495338193,1,S,True
1.2142857142857142,0.07878571428571429,0.0200185714285713,1,N,True
1.2142857142857142,0.07878571428571429,0.00306425041186161,1,C,True
1.2142857142857142,0.07878571428571429,106.610401384653,2,H,False
1.2142857142857142,0.07878571428571429,42.8097454660118,2,S,False
1.2142857142857142,0.07878571428571429,0.00272727272727273,2,N,False
1.2142857142857142,0.07878571428571429,0.0144786427972275,2,C,False
1.2142857142857142,0.07878571428571429,106.610401384653,3,H,True
1.2142857142857142,0.07878571428571429,32.4912800152940,3,S,True
1.2142857142857142,0.07878571428571429,0.00272727272727273,3,N,True
1.2142857142857142,0.07878571428571429,0.0209080428400354,3,C,True
1.2142857142857142,0.08585714285714285,27.1547420965058,0,H,False
1.2142857142857142,0.08585714285714285,0.0,0,S,False
1.2142857142857142,0.08585714285714285,0.0200185714285713,0,N,False
1.2142857142857142,0.08585714285714285,0.156428571428571,0,C,False
1.2142857142857142,0.08585714285714285,27.1547420965058,1,H,True
1.2142857142857142,0.08585714285714285,62.6924302969923,1,S,True
1.2142857142857142,0.08585714285714285,0.0200185714285714,1,N,True
1.2142857142857142,0.08585714285714285,0.00306425041186161,1,C,True
1.2142857142857142,0.08585714285714285,107.713205263953,2,H,False
1.2142857142857142,0.08585714285714285,43.2525798682739,2,S,False
1.2142857142857142,0.08585714285714285,0.00272727272727273,2,N,False
1.2142857142857142,0.08585714285714285,0.0144786427972262,2,C,False
1.2142857142857142,0.08585714285714285,107.713205263953,3,H,True
1.2142857142857142,0.08585714285714285,32.8273777053758,3,S,True
1.2142857142857142,0.08585714285714285,0.00272727272727273,3,N,True
1.2142857142857142,0.08585714285714285,0.0209080428400373,3,C,True
1.2142857142857142,0.09292857142857143,34.2198308993083,0,H,False
1.2142857142857142,0.09292857142857143,0.0,0,S,False
1.2142857142857142,0.09292857142857143,0.0200185714285714,0,N,False
1.2142857142857142,0.09292857142857143,0.156428571428571,0,C,False
1.2142857142857142,0.09292857142857143,34.2198308993083,1,H,True
1.2142857142857142,0.09292857142857143,79.0036729424803,1,S,True
1.2142857142857142,0.09292857142857143,0.0200185714285714,1,N,True
1.2142857142857142,0.09292857142857143,0.00306425041186161,1,C,True
1.2142857142857142,0.09292857142857143,108.648172734261,2,H,False
1.2142857142857142,0.09292857142857143,43.6280190271392,2,S,False
1.2142857142857142,0.09292857142857143,0.00272727272727273,2,N,False
1.2142857142857142,0.09292857142857143,0.0144786427972291,2,C,False
1.2142857142857142,0.09292857142857143,108.648172734261,3,H,True
1.2142857142857142,0.09292857142857143,33.1123244787572,3,S,True
1.2142857142857142,0.09292857142857143,0.00272727272727273,3,N,True
1.2142857142857142,0.09292857142857143,0.0209080428400331,3,C,True
1.2142857142857142,0.1,40.2857142857145,0,H,False
1.2142857142857142,0.1,0.0,0,S,False
1.2142857142857142,0.1,0.0200185714285714,0,N,False
1.2142857142857142,0.1,0.156428571428571,0,C,False
1.2142857142857142,0.1,40.2857142857145,1,H,True
1.2142857142857142,0.1,93.0080398423922,1,S,True
1.2142857142857142,0.1,0.0200185714285714,1,N,True
1.2142857142857142,0.1,0.00306425041186161,1,C,True
1.2142857142857142,0.1,109.450909090909,2,H,False
1.2142857142857142,0.1,43.9503603621146,2,S,False
1.2142857142857142,0.1,0.00272727272727273,2,N,False
1.2142857142857142,0.1,0.0144786427972284,2,C,False
1.2142857142857142,0.1,109.450909090909,3,H,True
1.2142857142857142,0.1,33.3569716370407,3,S,True
1.2142857142857142,0.1,0.00272727272727273,3,N,True
1.2142857142857142,0.1,0.0209080428400340,3,C,True
1.25,0.001,,0,H,False
1.25,0.001,,0,S,False
1.25,0.001,,0,N,False
1.25,0.001,,0,C,False
1.25,0.001,,1,H,False
1.25,0.001,,1,S,False
1.25,0.001,,1,N,False
1.25,0.001,,1,C,False
1.25,0.001,,2,H,False
1.25,0.001,,2,S,False
1.25,0.001,,2,N,False
1.25,0.001,,2,C,False
1.25,0.001,,3,H,False
1.25,0.001,,3,S,False
1.25,0.001,,3,N,False
1.25,0.001,,3,C,False
1.25,0.008071428571428571,,0,H,False
1.25,0.008071428571428571,,0,S,False
1.25,0.008071428571428571,,0,N,False
1.25,0.008071428571428571,,0,C,False
1.25,0.008071428571428571,,1,H,False
1.25,0.008071428571428571,,1,S,False
1.25,0.008071428571428571,,1,N,False
1.25,0.008071428571428571,,1,C,False
1.25,0.008071428571428571,,2,H,False
1.25,0.008071428571428571,,2,S,False
1.25,0.008071428571428571,,2,N,False
1.25,0.008071428571428571,,2,C,False
1.25,0.008071428571428571,,3,H,False
1.25,0.008071428571428571,,3,S,False
1.25,0.008071428571428571,,3,N,False
1.25,0.008071428571428571,,3,C,False
1.25,0.015142857142857142,,0,H,False
1.25,0.015142857142857142,,0,S,False
1.25,0.015142857142857142,,0,N,False
1.25,0.015142857142857142,,0,C,False
1.25,0.015142857142857142,,1,H,False
1.25,0.015142857142857142,,1,S,False
1.25,0.015142857142857142,,1,N,False
1.25,0.015142857142857142,,1,C,False
1.25,0.015142857142857142,,2,H,False
1.25,0.015142857142857142,,2,S,False
1.25,0.015142857142857142,,2,N,False
1.25,0.015142857142857142,,2,C,False
1.25,0.015142857142857142,,3,H,False
1.25,0.015142857142857142,,3,S,False
1.25,0.015142857142857142,,3,N,False
1.25,0.015142857142857142,,3,C,False
1.25,0.022214285714285714,,0,H,False
1.25,0.022214285714285714,,0,S,False
1.25,0.022214285714285714,,0,N,False
1.25,0.022214285714285714,,0,C,False
1.25,0.022214285714285714,,1,H,False
1.25,0.022214285714285714,,1,S,False
1.25,0.022214285714285714,,1,N,False
1.25,0.022214285714285714,,1,C,False
1.25,0.022214285714285714,,2,H,False
1.25,0.022214285714285714,,2,S,False
1.25,0.022214285714285714,,2,N,False
1.25,0.022214285714285714,,2,C,False
1.25,0.022214285714285714,,3,H,False
1.25,0.022214285714285714,,3,S,False
1.25,0.022214285714285714,,3,N,False
1.25,0.022214285714285714,,3,C,False
1.25,0.029285714285714286,,0,H,False
1.25,0.029285714285714286,,0,S,False
1.25,0.029285714285714286,,0,N,False
1.25,0.029285714285714286,,0,C,False
1.25,0.029285714285714286,,1,H,False
1.25,0.029285714285714286,,1,S,False
1.25,0.029285714285714286,,1,N,False
1.25,0.029285714285714286,,1,C,False
1.25,0.029285714285714286,,2,H,False
1.25,0.029285714285714286,,2,S,False
1.25,0.029285714285714286,,2,N,False
1.25,0.029285714285714286,,2,C,False
1.25,0.029285714285714286,,3,H,False
1.25,0.029285714285714286,,3,S,False
1.25,0.029285714285714286,,3,N,False
1.25,0.029285714285714286,,3,C,False
1.25,0.03635714285714286,,0,H,False
1.25,0.03635714285714286,,0,S,False
1.25,0.03635714285714286,,0,N,False
1.25,0.03635714285714286,,0,C,False
1.25,0.03635714285714286,,1,H,False
1.25,0.03635714285714286,,1,S,False
1.25,0.03635714285714286,,1,N,False
1.25,0.03635714285714286,,1,C,False
1.25,0.03635714285714286,,2,H,False
1.25,0.03635714285714286,,2,S,False
1.25,0.03635714285714286,,2,N,False
1.25,0.03635714285714286,,2,C,False
1.25,0.03635714285714286,,3,H,False
1.25,0.03635714285714286,,3,S,False
1.25,0.03635714285714286,,3,N,False
1.25,0.03635714285714286,,3,C,False
1.25,0.04342857142857143,,0,H,False
1.25,0.04342857142857143,,0,S,False
1.25,0.04342857142857143,,0,N,False
1.25,0.04342857142857143,,0,C,False
1.25,0.04342857142857143,,1,H,False
1.25,0.04342857142857143,,1,S,False
1.25,0.04342857142857143,,1,N,False
1.25,0.04342857142857143,,1,C,False
1.25,0.04342857142857143,,2,H,False
1.25,0.04342857142857143,,2,S,False
1.25,0.04342857142857143,,2,N,False
1.25,0.04342857142857143,,2,C,False
1.25,0.04342857142857143,,3,H,False
1.25,0.04342857142857143,,3,S,False
1.25,0.04342857142857143,,3,N,False
1.25,0.04342857142857143,,3,C,False
1.25,0.0505,,0,H,False
1.25,0.0505,,0,S,False
1.25,0.0505,,0,N,False
1.25,0.0505,,0,C,False
1.25,0.0505,,1,H,False
1.25,0.0505,,1,S,False
1.25,0.0505,,1,N,False
1.25,0.0505,,1,C,False
1.25,0.0505,,2,H,False
1.25,0.0505,,2,S,False
1.25,0.0505,,2,N,False
1.25,0.0505,,2,C,False
1.25,0.0505,,3,H,False
1.25,0.0505,,3,S,False
1.25,0.0505,,3,N,False
1.25,0.0505,,3,C,False
1.25,0.05757142857142857,,0,H,False
1.25,0.05757142857142857,,0,S,False
1.25,0.05757142857142857,,0,N,False
1.25,0.05757142857142857,,0,C,False
1.25,0.05757142857142857,,1,H,False
1.25,0.05757142857142857,,1,S,False
1.25,0.05757142857142857,,1,N,False
1.25,0.05757142857142857,,1,C,False
1.25,0.05757142857142857,,2,H,False
1.25,0.05757142857142857,,2,S,False
1.25,0.05757142857142857,,2,N,False
1.25,0.05757142857142857,,2,C,False
1.25,0.05757142857142857,,3,H,False
1.25,0.05757142857142857,,3,S,False
1.25,0.05757142857142857,,3,N,False
1.25,0.05757142857142857,,3,C,False
1.25,0.06464285714285714,,0,H,False
1.25,0.06464285714285714,,0,S,False
1.25,0.06464285714285714,,0,N,False
1.25,0.06464285714285714,,0,C,False
1.25,0.06464285714285714,,1,H,False
1.25,0.06464285714285714,,1,S,False
1.25,0.06464285714285714,,1,N,False
1.25,0.06464285714285714,,1,C,False
1.25,0.06464285714285714,,2,H,False
1.25,0.06464285714285714,,2,S,False
1.25,0.06464285714285714,,2,N,False
1.25,0.06464285714285714,,2,C,False
1.25,0.06464285714285714,,3,H,False
1.25,0.06464285714285714,,3,S,False
1.25,0.06464285714285714,,3,N,False
1.25,0.06464285714285714,,3,C,False
1.25,0.07171428571428572,7.05179282868524,0,H,False
1.25,0.07171428571428572,0.0,0,S,False
1.25,0.07171428571428572,0.0203400000000001,0,N,False
1.25,0.07171428571428572,0.157500000000000,0,C,False
1.25,0.07171428571428572,7.05179282868524,1,H,True
1.25,0.07171428571428572,16.1280888008658,1,S,True
1.25,0.07171428571428572,0.0203400000000001,1,N,True
1.25,0.07171428571428572,0.00312138728323699,1,C,True
1.25,0.07171428571428572,,2,H,False
1.25,0.07171428571428572,,2,S,False
1.25,0.07171428571428572,,2,N,False
1.25,0.07171428571428572,,2,C,False
1.25,0.07171428571428572,,3,H,False
1.25,0.07171428571428572,,3,S,False
1.25,0.07171428571428572,,3,N,False
1.25,0.07171428571428572,,3,C,False
1.25,0.07878571428571429,17.1894832275612,0,H,False
1.25,0.07878571428571429,0.0,0,S,False
1.25,0.07878571428571429,0.0203399999999999,0,N,False
1.25,0.07878571428571429,0.157500000000000,0,C,False
1.25,0.07878571428571429,17.1894832275612,1,H,True
1.25,0.07878571428571429,39.3139047998364,1,S,True
1.25,0.07878571428571429,0.0203399999999999,1,N,True
1.25,0.07878571428571429,0.00312138728323699,1,C,True
1.25,0.07878571428571429,,2,H,False
1.25,0.07878571428571429,,2,S,False
1.25,0.07878571428571429,,2,N,False
1.25,0.07878571428571429,,2,C,False
1.25,0.07878571428571429,,3,H,False
1.25,0.07878571428571429,,3,S,False
1.25,0.07878571428571429,,3,N,False
1.25,0.07878571428571429,,3,C,False
1.25,0.08585714285714285,25.6572379367720,0,H,False
1.25,0.08585714285714285,0.0,0,S,False
1.25,0.08585714285714285,0.0203399999999999,0,N,False
1.25,0.08585714285714285,0.157500000000000,0,C,False
1.25,0.08585714285714285,25.6572379367720,1,H,True
1.25,0.08585714285714285,58.6804266492263,1,S,True
1.25,0.08585714285714285,0.0203399999999999,1,N,True
1.25,0.08585714285714285,0.00312138728323699,1,C,True
1.25,0.08585714285714285,,2,H,False
1.25,0.08585714285714285,,2,S,False
1.25,0.08585714285714285,,2,N,False
1.25,0.08585714285714285,,2,C,False
1.25,0.08585714285714285,,3,H,False
1.25,0.08585714285714285,,3,S,False
1.25,0.08585714285714285,,3,N,False
1.25,0.08585714285714285,,3,C,False
1.25,0.09292857142857143,32.8362797847809,0,H,False
1.25,0.09292857142857143,0.0,0,S,False
1.25,0.09292857142857143,0.0203400000000000,0,N,False
1.25,0.09292857142857143,0.157500000000000,0,C,False
1.25,0.09292857142857143,32.8362797847809,1,H,True
1.25,0.09292857142857143,75.0995454807996,1,S,True
1.25,0.09292857142857143,0.0203400000000000,1,N,True
1.25,0.09292857142857143,0.00312138728323699,1,C,True
1.25,0.09292857142857143,,2,H,False
1.25,0.09292857142857143,,2,S,False
1.25,0.09292857142857143,,2,N,False
1.25,0.09292857142857143,,2,C,False
1.25,0.09292857142857143,,3,H,False
1.25,0.09292857142857143,,3,S,False
1.25,0.09292857142857143,,3,N,False
1.25,0.09292857142857143,,3,C,False
1.25,0.1,39.0000000000000,0,H,False
1.25,0.1,0.0,0,S,False
1.25,0.1,0.0203400000000000,0,N,False
1.25,0.1,0.157500000000000,0,C,False
1.25,0.1,39.0000000000000,1,H,True
1.25,0.1,89.1965317919075,1,S,True
1.25,0.1,0.0203400000000000,1,N,True
1.25,0.1,0.00312138728323699,1,C,True
1.25,0.1,,2,H,False
1.25,0.1,,2,S,False
1.25,0.1,,2,N,False
1.25,0.1,,2,C,False
1.25,0.1,,3,H,False
1.25,0.1,,3,S,False
1.25,0.1,,3,N,False
1.25,0.1,,3,C,False
1.2857142857142856,0.001,,0,H,False
1.2857142857142856,0.001,,0,S,False
1.2857142857142856,0.001,,0,N,False
1.2857142857142856,0.001,,0,C,False
1.2857142857142856,0.001,,1,H,False
1.2857142857142856,0.001,,1,S,False
1.2857142857142856,0.001,,1,N,False
1.2857142857142856,0.001,,1,C,False
1.2857142857142856,0.001,,2,H,False
1.2857142857142856,0.001,,2,S,False
1.2857142857142856,0.001,,2,N,False
1.2857142857142856,0.001,,2,C,False
1.2857142857142856,0.001,,3,H,False
1.2857142857142856,0.001,,3,S,False
1.2857142857142856,0.001,,3,N,False
1.2857142857142856,0.001,,3,C,False
1.2857142857142856,0.008071428571428571,,0,H,False
1.2857142857142856,0.008071428571428571,,0,S,False
1.2857142857142856,0.008071428571428571,,0,N,False
1.2857142857142856,0.008071428571428571,,0,C,False
1.2857142857142856,0.008071428571428571,,1,H,False
1.2857142857142856,0.008071428571428571,,1,S,False
1.2857142857142856,0.008071428571428571,,1,N,False
1.2857142857142856,0.008071428571428571,,1,C,False
1.2857142857142856,0.008071428571428571,,2,H,False
1.2857142857142856,0.008071428571428571,,2,S,False
1.2857142857142856,0.008071428571428571,,2,N,False
1.2857142857142856,0.008071428571428571,,2,C,False
1.2857142857142856,0.008071428571428571,,3,H,False
1.2857142857142856,0.008071428571428571,,3,S,False
1.2857142857142856,0.008071428571428571,,3,N,False
1.2857142857142856,0.008071428571428571,,3,C,False
1.2857142857142856,0.015142857142857142,,0,H,False
1.2857142857142856,0.015142857142857142,,0,S,False
1.2857142857142856,0.015142857142857142,,0,N,False
1.2857142857142856,0.015142857142857142,,0,C,False
1.2857142857142856,0.015142857142857142,,1,H,False
1.2857142857142856,0.015142857142857142,,1,S,False
1.2857142857142856,0.015142857142857142,,1,N,False
1.2857142857142856,0.015142857142857142,,1,C,False
1.2857142857142856,0.015142857142857142,,2,H,False
1.2857142857142856,0.015142857142857142,,2,S,False
1.2857142857142856,0.015142857142857142,,2,N,False
1.2857142857142856,0.015142857142857142,,2,C,False
1.2857142857142856,0.015142857142857142,,3,H,False
1.2857142857142856,0.015142857142857142,,3,S,False
1.2857142857142856,0.015142857142857142,,3,N,False
1.2857142857142856,0.015142857142857142,,3,C,False
1.2857142857142856,0.022214285714285714,,0,H,False
1.2857142857142856,0.022214285714285714,,0,S,False
1.2857142857142856,0.022214285714285714,,0,N,False
1.2857142857142856,0.022214285714285714,,0,C,False
1.2857142857142856,0.022214285714285714,,1,H,False
1.2857142857142856,0.022214285714285714,,1,S,False
1.2857142857142856,0.022214285714285714,,1,N,False
1.2857142857142856,0.022214285714285714,,1,C,False
1.2857142857142856,0.022214285714285714,,2,H,False
1.2857142857142856,0.022214285714285714,,2,S,False
1.2857142857142856,0.022214285714285714,,2,N,False
1.2857142857142856,0.022214285714285714,,2,C,False
1.2857142857142856,0.022214285714285714,,3,H,False
1.2857142857142856,0.022214285714285714,,3,S,False
1.2857142857142856,0.022214285714285714,,3,N,False
1.2857142857142856,0.022214285714285714,,3,C,False
1.2857142857142856,0.029285714285714286,,0,H,False
1.2857142857142856,0.029285714285714286,,0,S,False
1.2857142857142856,0.029285714285714286,,0,N,False
1.2857142857142856,0.029285714285714286,,0,C,False
1.2857142857142856,0.029285714285714286,,1,H,False
1.2857142857142856,0.029285714285714286,,1,S,False
1.2857142857142856,0.029285714285714286,,1,N,False
1.2857142857142856,0.029285714285714286,,1,C,False
1.2857142857142856,0.029285714285714286,,2,H,False
1.2857142857142856,0.029285714285714286,,2,S,False
1.2857142857142856,0.029285714285714286,,2,N,False
1.2857142857142856,0.029285714285714286,,2,C,False
1.2857142857142856,0.029285714285714286,,3,H,False
1.2857142857142856,0.029285714285714286,,3,S,False
1.2857142857142856,0.029285714285714286,,3,N,False
1.2857142857142856,0.029285714285714286,,3,C,False
1.2857142857142856,0.03635714285714286,,0,H,False
1.2857142857142856,0.03635714285714286,,0,S,False
1.2857142857142856,0.03635714285714286,,0,N,False
1.2857142857142856,0.03635714285714286,,0,C,False
1.2857142857142856,0.03635714285714286,,1,H,False
1.2857142857142856,0.03635714285714286,,1,S,False
1.2857142857142856,0.03635714285714286,,1,N,False
1.2857142857142856,0.03635714285714286,,1,C,False
1.2857142857142856,0.03635714285714286,,2,H,False
1.2857142857142856,0.03635714285714286,,2,S,False
1.2857142857142856,0.03635714285714286,,2,N,False
1.2857142857142856,0.03635714285714286,,2,C,False
1.2857142857142856,0.03635714285714286,,3,H,False
1.2857142857142856,0.03635714285714286,,3,S,False
1.2857142857142856,0.03635714285714286,,3,N,False
1.2857142857142856,0.03635714285714286,,3,C,False
1.2857142857142856,0.04342857142857143,,0,H,False
1.2857142857142856,0.04342857142857143,,0,S,False
1.2857142857142856,0.04342857142857143,,0,N,False
1.2857142857142856,0.04342857142857143,,0,C,False
1.2857142857142856,0.04342857142857143,,1,H,False
1.2857142857142856,0.04342857142857143,,1,S,False
1.2857142857142856,0.04342857142857143,,1,N,False
1.2857142857142856,0.04342857142857143,,1,C,False
1.2857142857142856,0.04342857142857143,,2,H,False
1.2857142857142856,0.04342857142857143,,2,S,False
1.2857142857142856,0.04342857142857143,,2,N,False
1.2857142857142856,0.04342857142857143,,2,C,False
1.2857142857142856,0.04342857142857143,,3,H,False
1.2857142857142856,0.04342857142857143,,3,S,False
1.2857142857142856,0.04342857142857143,,3,N,False
1.2857142857142856,0.04342857142857143,,3,C,False
1.2857142857142856,0.0505,,0,H,False
1.2857142857142856,0.0505,,0,S,False
1.2857142857142856,0.0505,,0,N,False
1.2857142857142856,0.0505,,0,C,False
1.2857142857142856,0.0505,,1,H,False
1.2857142857142856,0.0505,,1,S,False
1.2857142857142856,0.0505,,1,N,False
1.2857142857142856,0.0505,,1,C,False
1.2857142857142856,0.0505,,2,H,False
1.2857142857142856,0.0505,,2,S,False
1.2857142857142856,0.0505,,2,N,False
1.2857142857142856,0.0505,,2,C,False
1.2857142857142856,0.0505,,3,H,False
1.2857142857142856,0.0505,,3,S,False
1.2857142857142856,0.0505,,3,N,False
1.2857142857142856,0.0505,,3,C,False
1.2857142857142856,0.05757142857142857,,0,H,False
1.2857142857142856,0.05757142857142857,,0,S,False
1.2857142857142856,0.05757142857142857,,0,N,False
1.2857142857142856,0.05757142857142857,,0,C,False
1.2857142857142856,0.05757142857142857,,1,H,False
1.2857142857142856,0.05757142857142857,,1,S,False
1.2857142857142856,0.05757142857142857,,1,N,False
1.2857142857142856,0.05757142857142857,,1,C,False
1.2857142857142856,0.05757142857142857,,2,H,False
1.2857142857142856,0.05757142857142857,,2,S,False
1.2857142857142856,0.05757142857142857,,2,N,False
1.2857142857142856,0.05757142857142857,,2,C,False
1.2857142857142856,0.05757142857142857,,3,H,False
1.2857142857142856,0.05757142857142857,,3,S,False
1.2857142857142856,0.05757142857142857,,3,N,False
1.2857142857142856,0.05757142857142857,,3,C,False
1.2857142857142856,0.06464285714285714,,0,H,False
1.2857142857142856,0.06464285714285714,,0,S,False
1.2857142857142856,0.06464285714285714,,0,N,False
1.2857142857142856,0.06464285714285714,,0,C,False
1.2857142857142856,0.06464285714285714,,1,H,False
1.2857142857142856,0.06464285714285714,,1,S,False
1.2857142857142856,0.06464285714285714,,1,N,False
1.2857142857142856,0.06464285714285714,,1,C,False
1.2857142857142856,0.06464285714285714,,2,H,False
1.2857142857142856,0.06464285714285714,,2,S,False
1.2857142857142856,0.06464285714285714,,2,N,False
1.2857142857142856,0.06464285714285714,,2,C,False
1.2857142857142856,0.06464285714285714,,3,H,False
1.2857142857142856,0.06464285714285714,,3,S,False
1.2857142857142856,0.06464285714285714,,3,N,False
1.2857142857142856,0.06464285714285714,,3,C,False
1.2857142857142856,0.07171428571428572,5.25896414342630,0,H,False
1.2857142857142856,0.07171428571428572,0.0,0,S,False
1.2857142857142856,0.07171428571428572,0.0206614285714287,0,N,False
1.2857142857142856,0.07171428571428572,0.158571428571429,0,C,False
1.2857142857142856,0.07171428571428572,5.25896414342630,1,H,True
1.2857142857142856,0.07171428571428572,11.9175615419118,1,S,True
1.2857142857142856,0.07171428571428572,0.0206614285714287,1,N,True
1.2857142857142856,0.07171428571428572,0.00317880794701987,1,C,True
1.2857142857142856,0.07171428571428572,,2,H,False
1.2857142857142856,0.07171428571428572,,2,S,False
1.2857142857142856,0.07171428571428572,,2,N,False
1.2857142857142856,0.07171428571428572,,2,C,False
1.2857142857142856,0.07171428571428572,,3,H,False
1.2857142857142856,0.07171428571428572,,3,S,False
1.2857142857142856,0.07171428571428572,,3,N,False
1.2857142857142856,0.07171428571428572,,3,C,False
1.2857142857142856,0.07878571428571429,15.5575702629194,0,H,False
1.2857142857142856,0.07878571428571429,0.0,0,S,False
1.2857142857142856,0.07878571428571429,0.0206614285714285,0,N,False
1.2857142857142856,0.07878571428571429,0.158571428571428,0,C,False
1.2857142857142856,0.07878571428571429,15.5575702629194,1,H,True
1.2857142857142856,0.07878571428571429,35.2556693665081,1,S,True
1.2857142857142856,0.07878571428571429,0.0206614285714285,1,N,True
1.2857142857142856,0.07878571428571429,0.00317880794701987,1,C,True
1.2857142857142856,0.07878571428571429,,2,H,False
1.2857142857142856,0.07878571428571429,,2,S,False
1.2857142857142856,0.07878571428571429,,2,N,False
1.2857142857142856,0.07878571428571429,,2,C,False
1.2857142857142856,0.07878571428571429,,3,H,False
1.2857142857142856,0.07878571428571429,,3,S,False
1.2857142857142856,0.07878571428571429,,3,N,False
1.2857142857142856,0.07878571428571429,,3,C,False
1.2857142857142856,0.08585714285714285,24.1597337770383,0,H,False
1.2857142857142856,0.08585714285714285,0.0,0,S,False
1.2857142857142856,0.08585714285714285,0.0206614285714285,0,N,False
1.2857142857142856,0.08585714285714285,0.158571428571428,0,C,False
1.2857142857142856,0.08585714285714285,24.1597337770383,1,H,True
1.2857142857142856,0.08585714285714285,54.7493967008628,1,S,True
1.2857142857142856,0.08585714285714285,0.0206614285714285,1,N,True
1.2857142857142856,0.08585714285714285,0.00317880794701987,1,C,True
1.2857142857142856,0.08585714285714285,,2,H,False
1.2857142857142856,0.08585714285714285,,2,S,False
1.2857142857142856,0.08585714285714285,,2,N,False
1.2857142857142856,0.08585714285714285,,2,C,False
1.2857142857142856,0.08585714285714285,,3,H,False
1.2857142857142856,0.08585714285714285,,3,S,False
1.2857142857142856,0.08585714285714285,,3,N,False
1.2857142857142856,0.08585714285714285,,3,C,False
1.2857142857142856,0.09292857142857143,31.4527286702537,0,H,False
1.2857142857142856,0.09292857142857143,0.0,0,S,False
1.2857142857142856,0.09292857142857143,0.0206614285714286,0,N,False
1.2857142857142856,0.09292857142857143,0.158571428571429,0,C,False
1.2857142857142856,0.09292857142857143,31.4527286702537,1,H,True
1.2857142857142856,0.09292857142857143,71.2763615354466,1,S,True
1.2857142857142856,0.09292857142857143,0.0206614285714286,1,N,True
1.2857142857142856,0.09292857142857143,0.00317880794701987,1,C,True
1.2857142857142856,0.09292857142857143,,2,H,False
1.2857142857142856,0.09292857142857143,,2,S,False
1.2857142857142856,0.09292857142857143,,2,N,False
1.2857142857142856,0.09292857142857143,,2,C,False
1.2857142857142856,0.09292857142857143,,3,H,False
1.2857142857142856,0.09292857142857143,,3,S,False
1.2857142857142856,0.09292857142857143,,3,N,False
1.2857142857142856,0.09292857142857143,,3,C,False
1.2857142857142856,0.1,37.7142857142857,0,H,False
1.2857142857142856,0.1,0.0,0,S,False
1.2857142857142856,0.1,0.0206614285714286,0,N,False
1.2857142857142856,0.1,0.158571428571429,0,C,False
1.2857142857142856,0.1,37.7142857142857,1,H,True
1.2857142857142856,0.1,85.4659413434248,1,S,True
1.2857142857142856,0.1,0.0206614285714286,1,N,True
1.2857142857142856,0.1,0.00317880794701987,1,C,True
1.2857142857142856,0.1,,2,H,False
1.2857142857142856,0.1,,2,S,False
1.2857142857142856,0.1,,2,N,False
1.2857142857142856,0.1,,2,C,False
1.2857142857142856,0.1,,3,H,False
1.2857142857142856,0.1,,3,S,False
1.2857142857142856,0.1,,3,N,False
1.2857142857142856,0.1,,3,C,False
1.3214285714285714,0.001,,0,H,False
1.3214285714285714,0.001,,0,S,False
1.3214285714285714,0.001,,0,N,False
1.3214285714285714,0.001,,0,C,False
1.3214285714285714,0.001,,1,H,False
1.3214285714285714,0.001,,1,S,False
1.3214285714285714,0.001,,1,N,False
1.3214285714285714,0.001,,1,C,False
1.3214285714285714,0.001,,2,H,False
1.3214285714285714,0.001,,2,S,False
1.3214285714285714,0.001,,2,N,False
1.3214285714285714,0.001,,2,C,False
1.3214285714285714,0.001,,3,H,False
1.3214285714285714,0.001,,3,S,False
1.3214285714285714,0.001,,3,N,False
1.3214285714285714,0.001,,3,C,False
1.3214285714285714,0.008071428571428571,,0,H,False
1.3214285714285714,0.008071428571428571,,0,S,False
1.3214285714285714,0.008071428571428571,,0,N,False
1.3214285714285714,0.008071428571428571,,0,C,False
1.3214285714285714,0.008071428571428571,,1,H,False
1.3214285714285714,0.008071428571428571,,1,S,False
1.3214285714285714,0.008071428571428571,,1,N,False
1.3214285714285714,0.008071428571428571,,1,C,False
1.3214285714285714,0.008071428571428571,,2,H,False
1.3214285714285714,0.008071428571428571,,2,S,False
1.3214285714285714,0.008071428571428571,,2,N,False
1.3214285714285714,0.008071428571428571,,2,C,False
1.3214285714285714,0.008071428571428571,,3,H,False
1.3214285714285714,0.008071428571428571,,3,S,False
1.3214285714285714,0.008071428571428571,,3,N,False
1.3214285714285714,0.008071428571428571,,3,C,False
1.3214285714285714,0.015142857142857142,,0,H,False
1.3214285714285714,0.015142857142857142,,0,S,False
1.3214285714285714,0.015142857142857142,,0,N,False
1.3214285714285714,0.015142857142857142,,0,C,False
1.3214285714285714,0.015142857142857142,,1,H,False
1.3214285714285714,0.015142857142857142,,1,S,False
1.3214285714285714,0.015142857142857142,,1,N,False
1.3214285714285714,0.015142857142857142,,1,C,False
1.3214285714285714,0.015142857142857142,,2,H,False
1.3214285714285714,0.015142857142857142,,2,S,False
1.3214285714285714,0.015142857142857142,,2,N,False
1.3214285714285714,0.015142857142857142,,2,C,False
1.3214285714285714,0.015142857142857142,,3,H,False
1.3214285714285714,0.015142857142857142,,3,S,False
1.3214285714285714,0.015142857142857142,,3,N,False
1.3214285714285714,0.015142857142857142,,3,C,False
1.3214285714285714,0.022214285714285714,,0,H,False
1.3214285714285714,0.022214285714285714,,0,S,False
1.3214285714285714,0.022214285714285714,,0,N,False
1.3214285714285714,0.022214285714285714,,0,C,False
1.3214285714285714,0.022214285714285714,,1,H,False
1.3214285714285714,0.022214285714285714,,1,S,False
1.3214285714285714,0.022214285714285714,,1,N,False
1.3214285714285714,0.022214285714285714,,1,C,False
1.3214285714285714,0.022214285714285714,,2,H,False
1.3214285714285714,0.022214285714285714,,2,S,False
1.3214285714285714,0.022214285714285714,,2,N,False
1.3214285714285714,0.022214285714285714,,2,C,False
1.3214285714285714,0.022214285714285714,,3,H,False
1.3214285714285714,0.022214285714285714,,3,S,False
1.3214285714285714,0.022214285714285714,,3,N,False
1.3214285714285714,0.022214285714285714,,3,C,False
1.3214285714285714,0.029285714285714286,,0,H,False
1.3214285714285714,0.029285714285714286,,0,S,False
1.3214285714285714,0.029285714285714286,,0,N,False
1.3214285714285714,0.029285714285714286,,0,C,False
1.3214285714285714,0.029285714285714286,,1,H,False
1.3214285714285714,0.029285714285714286,,1,S,False
1.3214285714285714,0.029285714285714286,,1,N,False
1.3214285714285714,0.029285714285714286,,1,C,False
1.3214285714285714,0.029285714285714286,,2,H,False
1.3214285714285714,0.029285714285714286,,2,S,False
1.3214285714285714,0.029285714285714286,,2,N,False
1.3214285714285714,0.029285714285714286,,2,C,False
1.3214285714285714,0.029285714285714286,,3,H,False
1.3214285714285714,0.029285714285714286,,3,S,False
1.3214285714285714,0.029285714285714286,,3,N,False
1.3214285714285714,0.029285714285714286,,3,C,False
1.3214285714285714,0.03635714285714286,,0,H,False
1.3214285714285714,0.03635714285714286,,0,S,False
1.3214285714285714,0.03635714285714286,,0,N,False
1.3214285714285714,0.03635714285714286,,0,C,False
1.3214285714285714,0.03635714285714286,,1,H,False
1.3214285714285714,0.03635714285714286,,1,S,False
1.3214285714285714,0.03635714285714286,,1,N,False
1.3214285714285714,0.03635714285714286,,1,C,False
1.3214285714285714,0.03635714285714286,,2,H,False
1.3214285714285714,0.03635714285714286,,2,S,False
1.3214285714285714,0.03635714285714286,,2,N,False
1.3214285714285714,0.03635714285714286,,2,C,False
1.3214285714285714,0.03635714285714286,,3,H,False
1.3214285714285714,0.03635714285714286,,3,S,False
1.3214285714285714,0.03635714285714286,,3,N,False
1.3214285714285714,0.03635714285714286,,3,C,False
1.3214285714285714,0.04342857142857143,,0,H,False
1.3214285714285714,0.04342857142857143,,0,S,False
1.3214285714285714,0.04342857142857143,,0,N,False
1.3214285714285714,0.04342857142857143,,0,C,False
1.3214285714285714,0.04342857142857143,,1,H,False
1.3214285714285714,0.04342857142857143,,1,S,False
1.3214285714285714,0.04342857142857143,,1,N,False
1.3214285714285714,0.04342857142857143,,1,C,False
1.3214285714285714,0.04342857142857143,,2,H,False
1.3214285714285714,0.04342857142857143,,2,S,False
1.3214285714285714,0.04342857142857143,,2,N,False
1.3214285714285714,0.04342857142857143,,2,C,False
1.3214285714285714,0.04342857142857143,,3,H,False
1.3214285714285714,0.04342857142857143,,3,S,False
1.3214285714285714,0.04342857142857143,,3,N,False
1.3214285714285714,0.04342857142857143,,3,C,False
1.3214285714285714,0.0505,,0,H,False
1.3214285714285714,0.0505,,0,S,False
1.3214285714285714,0.0505,,0,N,False
1.3214285714285714,0.0505,,0,C,False
1.3214285714285714,0.0505,,1,H,False
1.3214285714285714,0.0505,,1,S,False
1.3214285714285714,0.0505,,1,N,False
1.3214285714285714,0.0505,,1,C,False
1.3214285714285714,0.0505,,2,H,False
1.3214285714285714,0.0505,,2,S,False
1.3214285714285714,0.0505,,2,N,False
1.3214285714285714,0.0505,,2,C,False
1.3214285714285714,0.0505,,3,H,False
1.3214285714285714,0.0505,,3,S,False
1.3214285714285714,0.0505,,3,N,False
1.3214285714285714,0.0505,,3,C,False
1.3214285714285714,0.05757142857142857,,0,H,False
1.3214285714285714,0.05757142857142857,,0,S,False
1.3214285714285714,0.05757142857142857,,0,N,False
1.3214285714285714,0.05757142857142857,,0,C,False
1.3214285714285714,0.05757142857142857,,1,H,False
1.3214285714285714,0.05757142857142857,,1,S,False
1.3214285714285714,0.05757142857142857,,1,N,False
1.3214285714285714,0.05757142857142857,,1,C,False
1.3214285714285714,0.05757142857142857,,2,H,False
1.3214285714285714,0.05757142857142857,,2,S,False
1.3214285714285714,0.05757142857142857,,2,N,False
1.3214285714285714,0.05757142857142857,,2,C,False
1.3214285714285714,0.05757142857142857,,3,H,False
1.3214285714285714,0.05757142857142857,,3,S,False
1.3214285714285714,0.05757142857142857,,3,N,False
1.3214285714285714,0.05757142857142857,,3,C,False
1.3214285714285714,0.06464285714285714,,0,H,False
1.3214285714285714,0.06464285714285714,,0,S,False
1.3214285714285714,0.06464285714285714,,0,N,False
1.3214285714285714,0.06464285714285714,,0,C,False
1.3214285714285714,0.06464285714285714,,1,H,False
1.3214285714285714,0.06464285714285714,,1,S,False
1.3214285714285714,0.06464285714285714,,1,N,False
1.3214285714285714,0.06464285714285714,,1,C,False
1.3214285714285714,0.06464285714285714,,2,H,False
1.3214285714285714,0.06464285714285714,,2,S,False
1.3214285714285714,0.06464285714285714,,2,N,False
1.3214285714285714,0.06464285714285714,,2,C,False
1.3214285714285714,0.06464285714285714,,3,H,False
1.3214285714285714,0.06464285714285714,,3,S,False
1.3214285714285714,0.06464285714285714,,3,N,False
1.3214285714285714,0.06464285714285714,,3,C,False
1.3214285714285714,0.07171428571428572,3.46613545816735,0,H,False
1.3214285714285714,0.07171428571428572,0.0,0,S,False
1.3214285714285714,0.07171428571428572,0.0209828571428572,0,N,False
1.3214285714285714,0.07171428571428572,0.159642857142857,0,C,False
1.3214285714285714,0.07171428571428572,3.46613545816735,1,H,True
1.3214285714285714,0.07171428571428572,7.78436715951392,1,S,True
1.3214285714285714,0.07171428571428572,0.0209828571428572,1,N,True
1.3214285714285714,0.07171428571428572,0.00323651452282158,1,C,True
1.3214285714285714,0.07171428571428572,,2,H,False
1.3214285714285714,0.07171428571428572,,2,S,False
1.3214285714285714,0.07171428571428572,,2,N,False
1.3214285714285714,0.07171428571428572,,2,C,False
1.3214285714285714,0.07171428571428572,,3,H,False
1.3214285714285714,0.07171428571428572,,3,S,False
1.3214285714285714,0.07171428571428572,,3,N,False
1.3214285714285714,0.07171428571428572,,3,C,False
1.3214285714285714,0.07878571428571429,13.9256572982774,0,H,False
1.3214285714285714,0.07878571428571429,0.0,0,S,False
1.3214285714285714,0.07878571428571429,0.0209828571428571,0,N,False
1.3214285714285714,0.07878571428571429,0.159642857142857,0,C,False
1.3214285714285714,0.07878571428571429,13.9256572982774,1,H,True
1.3214285714285714,0.07878571428571429,31.2747238691796,1,S,True
1.3214285714285714,0.07878571428571429,0.0209828571428571,1,N,True
1.3214285714285714,0.07878571428571429,0.00323651452282158,1,C,True
1.3214285714285714,0.07878571428571429,,2,H,False
1.3214285714285714,0.07878571428571429,,2,S,False
1.3214285714285714,0.07878571428571429,,2,N,False
1.3214285714285714,0.07878571428571429,,2,C,False
1.3214285714285714,0.07878571428571429,,3,H,False
1.3214285714285714,0.07878571428571429,,3,S,False
1.3214285714285714,0.07878571428571429,,3,N,False
1.3214285714285714,0.07878571428571429,,3,C,False
1.3214285714285714,0.08585714285714285,22.6622296173045,0,H,False
1.3214285714285714,0.08585714285714285,0.0,0,S,False
1.3214285714285714,0.08585714285714285,0.0209828571428571,0,N,False
1.3214285714285714,0.08585714285714285,0.159642857142857,0,C,False
1.3214285714285714,0.08585714285714285,22.6622296173045,1,H,True
1.3214285714285714,0.08585714285714285,50.8956208213463,1,S,True
1.3214285714285714,0.08585714285714285,0.0209828571428571,1,N,True
1.3214285714285714,0.08585714285714285,0.00323651452282158,1,C,True
1.3214285714285714,0.08585714285714285,,2,H,False
1.3214285714285714,0.08585714285714285,,2,S,False
1.3214285714285714,0.08585714285714285,,2,N,False
1.3214285714285714,0.08585714285714285,,2,C,False
1.3214285714285714,0.08585714285714285,,3,H,False
1.3214285714285714,0.08585714285714285,,3,S,False
1.3214285714285714,0.08585714285714285,,3,N,False
1.3214285714285714,0.08585714285714285,,3,C,False
1.3214285714285714,0.09292857142857143,30.0691775557262,0,H,False
1.3214285714285714,0.09292857142857143,0.0,0,S,False
1.3214285714285714,0.09292857142857143,0.0209828571428572,0,N,False
1.3214285714285714,0.09292857142857143,0.159642857142857,0,C,False
1.3214285714285714,0.09292857142857143,30.0691775557262,1,H,True
1.3214285714285714,0.09292857142857143,67.5304012504312,1,S,True
1.3214285714285714,0.09292857142857143,0.0209828571428572,1,N,True
1.3214285714285714,0.09292857142857143,0.00323651452282158,1,C,True
1.3214285714285714,0.09292857142857143,,2,H,False
1.3214285714285714,0.09292857142857143,,2,S,False
1.3214285714285714,0.09292857142857143,,2,N,False
1.3214285714285714,0.09292857142857143,,2,C,False
1.3214285714285714,0.09292857142857143,,3,H,False
1.3214285714285714,0.09292857142857143,,3,S,False
1.3214285714285714,0.09292857142857143,,3,N,False
1.3214285714285714,0.09292857142857143,,3,C,False
1.3214285714285714,0.1,36.4285714285715,0,H,False
1.3214285714285714,0.1,0.0,0,S,False
1.3214285714285714,0.1,0.0209828571428571,0,N,False
1.3214285714285714,0.1,0.159642857142857,0,C,False
1.3214285714285714,0.1,36.4285714285715,1,H,True
1.3214285714285714,0.1,81.8125484474033,1,S,True
1.3214285714285714,0.1,0.0209828571428571,1,N,True
1.3214285714285714,0.1,0.00323651452282158,1,C,True
1.3214285714285714,0.1,,2,H,False
1.3214285714285714,0.1,,2,S,False
1.3214285714285714,0.1,,2,N,False
1.3214285714285714,0.1,,2,C,False
1.3214285714285714,0.1,,3,H,False
1.3214285714285714,0.1,,3,S,False
1.3214285714285714,0.1,,3,N,False
1.3214285714285714,0.1,,3,C,False
1.3571428571428572,0.001,,0,H,False
1.3571428571428572,0.001,,0,S,False
1.3571428571428572,0.001,,0,N,False
1.3571428571428572,0.001,,0,C,False
1.3571428571428572,0.001,,1,H,False
1.3571428571428572,0.001,,1,S,False
1.3571428571428572,0.001,,1,N,False
1.3571428571428572,0.001,,1,C,False
1.3571428571428572,0.001,,2,H,False
1.3571428571428572,0.001,,2,S,False
1.3571428571428572,0.001,,2,N,False
1.3571428571428572,0.001,,2,C,False
1.3571428571428572,0.001,,3,H,False
1.3571428571428572,0.001,,3,S,False
1.3571428571428572,0.001,,3,N,False
1.3571428571428572,0.001,,3,C,False
1.3571428571428572,0.008071428571428571,,0,H,False
1.3571428571428572,0.008071428571428571,,0,S,False
1.3571428571428572,0.008071428571428571,,0,N,False
1.3571428571428572,0.008071428571428571,,0,C,False
1.3571428571428572,0.008071428571428571,,1,H,False
1.3571428571428572,0.008071428571428571,,1,S,False
1.3571428571428572,0.008071428571428571,,1,N,False
1.3571428571428572,0.008071428571428571,,1,C,False
1.3571428571428572,0.008071428571428571,,2,H,False
1.3571428571428572,0.008071428571428571,,2,S,False
1.3571428571428572,0.008071428571428571,,2,N,False
1.3571428571428572,0.008071428571428571,,2,C,False
1.3571428571428572,0.008071428571428571,,3,H,False
1.3571428571428572,0.008071428571428571,,3,S,False
1.3571428571428572,0.008071428571428571,,3,N,False
1.3571428571428572,0.008071428571428571,,3,C,False
1.3571428571428572,0.015142857142857142,,0,H,False
1.3571428571428572,0.015142857142857142,,0,S,False
1.3571428571428572,0.015142857142857142,,0,N,False
1.3571428571428572,0.015142857142857142,,0,C,False
1.3571428571428572,0.015142857142857142,,1,H,False
1.3571428571428572,0.015142857142857142,,1,S,False
1.3571428571428572,0.015142857142857142,,1,N,False
1.3571428571428572,0.015142857142857142,,1,C,False
1.3571428571428572,0.015142857142857142,,2,H,False
1.3571428571428572,0.015142857142857142,,2,S,False
1.3571428571428572,0.015142857142857142,,2,N,False
1.3571428571428572,0.015142857142857142,,2,C,False
1.3571428571428572,0.015142857142857142,,3,H,False
1.3571428571428572,0.015142857142857142,,3,S,False
1.3571428571428572,0.015142857142857142,,3,N,False
1.3571428571428572,0.015142857142857142,,3,C,False
1.3571428571428572,0.022214285714285714,,0,H,False
1.3571428571428572,0.022214285714285714,,0,S,False
1.3571428571428572,0.022214285714285714,,0,N,False
1.3571428571428572,0.022214285714285714,,0,C,False
1.3571428571428572,0.022214285714285714,,1,H,False
1.3571428571428572,0.022214285714285714,,1,S,False
1.3571428571428572,0.022214285714285714,,1,N,False
1.3571428571428572,0.022214285714285714,,1,C,False
1.3571428571428572,0.022214285714285714,,2,H,False
1.3571428571428572,0.022214285714285714,,2,S,False
1.3571428571428572,0.022214285714285714,,2,N,False
1.3571428571428572,0.022214285714285714,,2,C,False
1.3571428571428572,0.022214285714285714,,3,H,False
1.3571428571428572,0.022214285714285714,,3,S,False
1.3571428571428572,0.022214285714285714,,3,N,False
1.3571428571428572,0.022214285714285714,,3,C,False
1.3571428571428572,0.029285714285714286,,0,H,False
1.3571428571428572,0.029285714285714286,,0,S,False
1.3571428571428572,0.029285714285714286,,0,N,False
1.3571428571428572,0.029285714285714286,,0,C,False
1.3571428571428572,0.029285714285714286,,1,H,False
1.3571428571428572,0.029285714285714286,,1,S,False
1.3571428571428572,0.029285714285714286,,1,N,False
1.3571428571428572,0.029285714285714286,,1,C,False
1.3571428571428572,0.029285714285714286,,2,H,False
1.3571428571428572,0.029285714285714286,,2,S,False
1.3571428571428572,0.029285714285714286,,2,N,False
1.3571428571428572,0.029285714285714286,,2,C,False
1.3571428571428572,0.029285714285714286,,3,H,False
1.3571428571428572,0.029285714285714286,,3,S,False
1.3571428571428572,0.029285714285714286,,3,N,False
1.3571428571428572,0.029285714285714286,,3,C,False
1.3571428571428572,0.03635714285714286,,0,H,False
1.3571428571428572,0.03635714285714286,,0,S,False
1.3571428571428572,0.03635714285714286,,0,N,False
1.3571428571428572,0.03635714285714286,,0,C,False
1.3571428571428572,0.03635714285714286,,1,H,False
1.3571428571428572,0.03635714285714286,,1,S,False
1.3571428571428572,0.03635714285714286,,1,N,False
1.3571428571428572,0.03635714285714286,,1,C,False
1.3571428571428572,0.03635714285714286,,2,H,False
1.3571428571428572,0.03635714285714286,,2,S,False
1.3571428571428572,0.03635714285714286,,2,N,False
1.3571428571428572,0.03635714285714286,,2,C,False
1.3571428571428572,0.03635714285714286,,3,H,False
1.3571428571428572,0.03635714285714286,,3,S,False
1.3571428571428572,0.03635714285714286,,3,N,False
1.3571428571428572,0.03635714285714286,,3,C,False
1.3571428571428572,0.04342857142857143,,0,H,False
1.3571428571428572,0.04342857142857143,,0,S,False
1.3571428571428572,0.04342857142857143,,0,N,False
1.3571428571428572,0.04342857142857143,,0,C,False
1.3571428571428572,0.04342857142857143,,1,H,False
1.3571428571428572,0.04342857142857143,,1,S,False
1.3571428571428572,0.04342857142857143,,1,N,False
1.3571428571428572,0.04342857142857143,,1,C,False
1.3571428571428572,0.04342857142857143,,2,H,False
1.3571428571428572,0.04342857142857143,,2,S,False
1.3571428571428572,0.04342857142857143,,2,N,False
1.3571428571428572,0.04342857142857143,,2,C,False
1.3571428571428572,0.04342857142857143,,3,H,False
1.3571428571428572,0.04342857142857143,,3,S,False
1.3571428571428572,0.04342857142857143,,3,N,False
1.3571428571428572,0.04342857142857143,,3,C,False
1.3571428571428572,0.0505,,0,H,False
1.3571428571428572,0.0505,,0,S,False
1.3571428571428572,0.0505,,0,N,False
1.3571428571428572,0.0505,,0,C,False
1.3571428571428572,0.0505,,1,H,False
1.3571428571428572,0.0505,,1,S,False
1.3571428571428572,0.0505,,1,N,False
1.3571428571428572,0.0505,,1,C,False
1.3571428571428572,0.0505,,2,H,False
1.3571428571428572,0.0505,,2,S,False
1.3571428571428572,0.0505,,2,N,False
1.3571428571428572,0.0505,,2,C,False
1.3571428571428572,0.0505,,3,H,False
1.3571428571428572,0.0505,,3,S,False
1.3571428571428572,0.0505,,3,N,False
1.3571428571428572,0.0505,,3,C,False
1.3571428571428572,0.05757142857142857,,0,H,False
1.3571428571428572,0.05757142857142857,,0,S,False
1.3571428571428572,0.05757142857142857,,0,N,False
1.3571428571428572,0.05757142857142857,,0,C,False
1.3571428571428572,0.05757142857142857,,1,H,False
1.3571428571428572,0.05757142857142857,,1,S,False
1.3571428571428572,0.05757142857142857,,1,N,False
1.3571428571428572,0.05757142857142857,,1,C,False
1.3571428571428572,0.05757142857142857,,2,H,False
1.3571428571428572,0.05757142857142857,,2,S,False
1.3571428571428572,0.05757142857142857,,2,N,False
1.3571428571428572,0.05757142857142857,,2,C,False
1.3571428571428572,0.05757142857142857,,3,H,False
1.3571428571428572,0.05757142857142857,,3,S,False
1.3571428571428572,0.05757142857142857,,3,N,False
1.3571428571428572,0.05757142857142857,,3,C,False
1.3571428571428572,0.06464285714285714,,0,H,False
1.3571428571428572,0.06464285714285714,,0,S,False
1.3571428571428572,0.06464285714285714,,0,N,False
1.3571428571428572,0.06464285714285714,,0,C,False
1.3571428571428572,0.06464285714285714,,1,H,False
1.3571428571428572,0.06464285714285714,,1,S,False
1.3571428571428572,0.06464285714285714,,1,N,False
1.3571428571428572,0.06464285714285714,,1,C,False
1.3571428571428572,0.06464285714285714,,2,H,False
1.3571428571428572,0.06464285714285714,,2,S,False
1.3571428571428572,0.06464285714285714,,2,N,False
1.3571428571428572,0.06464285714285714,,2,C,False
1.3571428571428572,0.06464285714285714,,3,H,False
1.3571428571428572,0.06464285714285714,,3,S,False
1.3571428571428572,0.06464285714285714,,3,N,False
1.3571428571428572,0.06464285714285714,,3,C,False
1.3571428571428572,0.07171428571428572,1.67330677290838,0,H,False
1.3571428571428572,0.07171428571428572,0.0,0,S,False
1.3571428571428572,0.07171428571428572,0.0213042857142858,0,N,False
1.3571428571428572,0.07171428571428572,0.160714285714286,0,C,False
1.3571428571428572,0.07171428571428572,1.67330677290838,1,H,True
1.3571428571428572,0.07171428571428572,3.72501221855885,1,S,True
1.3571428571428572,0.07171428571428572,0.0213042857142858,1,N,True
1.3571428571428572,0.07171428571428572,0.00329450915141431,1,C,True
1.3571428571428572,0.07171428571428572,,2,H,False
1.3571428571428572,0.07171428571428572,,2,S,False
1.3571428571428572,0.07171428571428572,,2,N,False
1.3571428571428572,0.07171428571428572,,2,C,False
1.3571428571428572,0.07171428571428572,,3,H,False
1.3571428571428572,0.07171428571428572,,3,S,False
1.3571428571428572,0.07171428571428572,,3,N,False
1.3571428571428572,0.07171428571428572,,3,C,False
1.3571428571428572,0.07878571428571429,12.2937443336355,0,H,False
1.3571428571428572,0.07878571428571429,0.0,0,S,False
1.3571428571428572,0.07878571428571429,0.0213042857142856,0,N,False
1.3571428571428572,0.07878571428571429,0.160714285714286,0,C,False
1.3571428571428572,0.07878571428571429,12.2937443336355,1,H,True
1.3571428571428572,0.07878571428571429,27.3675745512198,1,S,True
1.3571428571428572,0.07878571428571429,0.0213042857142856,1,N,True
1.3571428571428572,0.07878571428571429,0.00329450915141431,1,C,True
1.3571428571428572,0.07878571428571429,,2,H,False
1.3571428571428572,0.07878571428571429,,2,S,False
1.3571428571428572,0.07878571428571429,,2,N,False
1.3571428571428572,0.07878571428571429,,2,C,False
1.3571428571428572,0.07878571428571429,,3,H,False
1.3571428571428572,0.07878571428571429,,3,S,False
1.3571428571428572,0.07878571428571429,,3,N,False
1.3571428571428572,0.07878571428571429,,3,C,False
1.3571428571428572,0.08585714285714285,21.1647254575707,0,H,False
1.3571428571428572,0.08585714285714285,0.0,0,S,False
1.3571428571428572,0.08585714285714285,0.0213042857142856,0,N,False
1.3571428571428572,0.08585714285714285,0.160714285714286,0,C,False
1.3571428571428572,0.08585714285714285,21.1647254575707,1,H,True
1.3571428571428572,0.08585714285714285,47.1156049854891,1,S,True
1.3571428571428572,0.08585714285714285,0.0213042857142856,1,N,True
1.3571428571428572,0.08585714285714285,0.00329450915141431,1,C,True
1.3571428571428572,0.08585714285714285,,2,H,False
1.3571428571428572,0.08585714285714285,,2,S,False
1.3571428571428572,0.08585714285714285,,2,N,False
1.3571428571428572,0.08585714285714285,,2,C,False
1.3571428571428572,0.08585714285714285,,3,H,False
1.3571428571428572,0.08585714285714285,,3,S,False
1.3571428571428572,0.08585714285714285,,3,N,False
1.3571428571428572,0.08585714285714285,,3,C,False
1.3571428571428572,0.09292857142857143,28.6856264411990,0,H,False
1.3571428571428572,0.09292857142857143,0.0,0,S,False
1.3571428571428572,0.09292857142857143,0.0213042857142857,0,N,False
1.3571428571428572,0.09292857142857143,0.160714285714286,0,C,False
1.3571428571428572,0.09292857142857143,28.6856264411990,1,H,True
1.3571428571428572,0.09292857142857143,63.8581703728825,1,S,True
1.3571428571428572,0.09292857142857143,0.0213042857142857,1,N,True
1.3571428571428572,0.09292857142857143,0.00329450915141431,1,C,True
1.3571428571428572,0.09292857142857143,,2,H,False
1.3571428571428572,0.09292857142857143,,2,S,False
1.3571428571428572,0.09292857142857143,,2,N,False
1.3571428571428572,0.09292857142857143,,2,C,False
1.3571428571428572,0.09292857142857143,,3,H,False
1.3571428571428572,0.09292857142857143,,3,S,False
1.3571428571428572,0.09292857142857143,,3,N,False
1.3571428571428572,0.09292857142857143,,3,C,False
1.3571428571428572,0.1,35.1428571428570,0,H,False
1.3571428571428572,0.1,0.0,0,S,False
1.3571428571428572,0.1,0.0213042857142857,0,N,False
1.3571428571428572,0.1,0.160714285714286,0,C,False
1.3571428571428572,0.1,35.1428571428570,1,H,True
1.3571428571428572,0.1,78.2328586554874,1,S,True
1.3571428571428572,0.1,0.0213042857142857,1,N,True
1.3571428571428572,0.1,0.00329450915141431,1,C,True
1.3571428571428572,0.1,,2,H,False
1.3571428571428572,0.1,,2,S,False
1.3571428571428572,0.1,,2,N,False
1.3571428571428572,0.1,,2,C,False
1.3571428571428572,0.1,,3,H,False
1.3571428571428572,0.1,,3,S,False
1.3571428571428572,0.1,,3,N,False
1.3571428571428572,0.1,,3,C,False
1.3928571428571428,0.001,,0,H,False
1.3928571428571428,0.001,,0,S,False
1.3928571428571428,0.001,,0,N,False
1.3928571428571428,0.001,,0,C,False
1.3928571428571428,0.001,,1,H,False
1.3928571428571428,0.001,,1,S,False
1.3928571428571428,0.001,,1,N,False
1.3928571428571428,0.001,,1,C,False
1.3928571428571428,0.001,,2,H,False
1.3928571428571428,0.001,,2,S,False
1.3928571428571428,0.001,,2,N,False
1.3928571428571428,0.001,,2,C,False
1.3928571428571428,0.001,,3,H,False
1.3928571428571428,0.001,,3,S,False
1.3928571428571428,0.001,,3,N,False
1.3928571428571428,0.001,,3,C,False
1.3928571428571428,0.008071428571428571,,0,H,False
1.3928571428571428,0.008071428571428571,,0,S,False
1.3928571428571428,0.008071428571428571,,0,N,False
1.3928571428571428,0.008071428571428571,,0,C,False
1.3928571428571428,0.008071428571428571,,1,H,False
1.3928571428571428,0.008071428571428571,,1,S,False
1.3928571428571428,0.008071428571428571,,1,N,False
1.3928571428571428,0.008071428571428571,,1,C,False
1.3928571428571428,0.008071428571428571,,2,H,False
1.3928571428571428,0.008071428571428571,,2,S,False
1.3928571428571428,0.008071428571428571,,2,N,False
1.3928571428571428,0.008071428571428571,,2,C,False
1.3928571428571428,0.008071428571428571,,3,H,False
1.3928571428571428,0.008071428571428571,,3,S,False
1.3928571428571428,0.008071428571428571,,3,N,False
1.3928571428571428,0.008071428571428571,,3,C,False
1.3928571428571428,0.015142857142857142,,0,H,False
1.3928571428571428,0.015142857142857142,,0,S,False
1.3928571428571428,0.015142857142857142,,0,N,False
1.3928571428571428,0.015142857142857142,,0,C,False
1.3928571428571428,0.015142857142857142,,1,H,False
1.3928571428571428,0.015142857142857142,,1,S,False
1.3928571428571428,0.015142857142857142,,1,N,False
1.3928571428571428,0.015142857142857142,,1,C,False
1.3928571428571428,0.015142857142857142,,2,H,False
1.3928571428571428,0.015142857142857142,,2,S,False
1.3928571428571428,0.015142857142857142,,2,N,False
1.3928571428571428,0.015142857142857142,,2,C,False
1.3928571428571428,0.015142857142857142,,3,H,False
1.3928571428571428,0.015142857142857142,,3,S,False
1.3928571428571428,0.015142857142857142,,3,N,False
1.3928571428571428,0.015142857142857142,,3,C,False
1.3928571428571428,0.022214285714285714,,0,H,False
1.3928571428571428,0.022214285714285714,,0,S,False
1.3928571428571428,0.022214285714285714,,0,N,False
1.3928571428571428,0.022214285714285714,,0,C,False
1.3928571428571428,0.022214285714285714,,1,H,False
1.3928571428571428,0.022214285714285714,,1,S,False
1.3928571428571428,0.022214285714285714,,1,N,False
1.3928571428571428,0.022214285714285714,,1,C,False
1.3928571428571428,0.022214285714285714,,2,H,False
1.3928571428571428,0.022214285714285714,,2,S,False
1.3928571428571428,0.022214285714285714,,2,N,False
1.3928571428571428,0.022214285714285714,,2,C,False
1.3928571428571428,0.022214285714285714,,3,H,False
1.3928571428571428,0.022214285714285714,,3,S,False
1.3928571428571428,0.022214285714285714,,3,N,False
1.3928571428571428,0.022214285714285714,,3,C,False
1.3928571428571428,0.029285714285714286,,0,H,False
1.3928571428571428,0.029285714285714286,,0,S,False
1.3928571428571428,0.029285714285714286,,0,N,False
1.3928571428571428,0.029285714285714286,,0,C,False
1.3928571428571428,0.029285714285714286,,1,H,False
1.3928571428571428,0.029285714285714286,,1,S,False
1.3928571428571428,0.029285714285714286,,1,N,False
1.3928571428571428,0.029285714285714286,,1,C,False
1.3928571428571428,0.029285714285714286,,2,H,False
1.3928571428571428,0.029285714285714286,,2,S,False
1.3928571428571428,0.029285714285714286,,2,N,False
1.3928571428571428,0.029285714285714286,,2,C,False
1.3928571428571428,0.029285714285714286,,3,H,False
1.3928571428571428,0.029285714285714286,,3,S,False
1.3928571428571428,0.029285714285714286,,3,N,False
1.3928571428571428,0.029285714285714286,,3,C,False
1.3928571428571428,0.03635714285714286,,0,H,False
1.3928571428571428,0.03635714285714286,,0,S,False
1.3928571428571428,0.03635714285714286,,0,N,False
1.3928571428571428,0.03635714285714286,,0,C,False
1.3928571428571428,0.03635714285714286,,1,H,False
1.3928571428571428,0.03635714285714286,,1,S,False
1.3928571428571428,0.03635714285714286,,1,N,False
1.3928571428571428,0.03635714285714286,,1,C,False
1.3928571428571428,0.03635714285714286,,2,H,False
1.3928571428571428,0.03635714285714286,,2,S,False
1.3928571428571428,0.03635714285714286,,2,N,False
1.3928571428571428,0.03635714285714286,,2,C,False
1.3928571428571428,0.03635714285714286,,3,H,False
1.3928571428571428,0.03635714285714286,,3,S,False
1.3928571428571428,0.03635714285714286,,3,N,False
1.3928571428571428,0.03635714285714286,,3,C,False
1.3928571428571428,0.04342857142857143,,0,H,False
1.3928571428571428,0.04342857142857143,,0,S,False
1.3928571428571428,0.04342857142857143,,0,N,False
1.3928571428571428,0.04342857142857143,,0,C,False
1.3928571428571428,0.04342857142857143,,1,H,False
1.3928571428571428,0.04342857142857143,,1,S,False
1.3928571428571428,0.04342857142857143,,1,N,False
1.3928571428571428,0.04342857142857143,,1,C,False
1.3928571428571428,0.04342857142857143,,2,H,False
1.3928571428571428,0.04342857142857143,,2,S,False
1.3928571428571428,0.04342857142857143,,2,N,False
1.3928571428571428,0.04342857142857143,,2,C,False
1.3928571428571428,0.04342857142857143,,3,H,False
1.3928571428571428,0.04342857142857143,,3,S,False
1.3928571428571428,0.04342857142857143,,3,N,False
1.3928571428571428,0.04342857142857143,,3,C,False
1.3928571428571428,0.0505,,0,H,False
1.3928571428571428,0.0505,,0,S,False
1.3928571428571428,0.0505,,0,N,False
1.3928571428571428,0.0505,,0,C,False
1.3928571428571428,0.0505,,1,H,False
1.3928571428571428,0.0505,,1,S,False
1.3928571428571428,0.0505,,1,N,False
1.3928571428571428,0.0505,,1,C,False
1.3928571428571428,0.0505,,2,H,False
1.3928571428571428,0.0505,,2,S,False
1.3928571428571428,0.0505,,2,N,False
1.3928571428571428,0.0505,,2,C,False
1.3928571428571428,0.0505,,3,H,False
1.3928571428571428,0.0505,,3,S,False
1.3928571428571428,0.0505,,3,N,False
1.3928571428571428,0.0505,,3,C,False
1.3928571428571428,0.05757142857142857,,0,H,False
1.3928571428571428,0.05757142857142857,,0,S,False
1.3928571428571428,0.05757142857142857,,0,N,False
1.3928571428571428,0.05757142857142857,,0,C,False
1.3928571428571428,0.05757142857142857,,1,H,False
1.3928571428571428,0.05757142857142857,,1,S,False
1.3928571428571428,0.05757142857142857,,1,N,False
1.3928571428571428,0.05757142857142857,,1,C,False
1.3928571428571428,0.05757142857142857,,2,H,False
1.3928571428571428,0.05757142857142857,,2,S,False
1.3928571428571428,0.05757142857142857,,2,N,False
1.3928571428571428,0.05757142857142857,,2,C,False
1.3928571428571428,0.05757142857142857,,3,H,False
1.3928571428571428,0.05757142857142857,,3,S,False
1.3928571428571428,0.05757142857142857,,3,N,False
1.3928571428571428,0.05757142857142857,,3,C,False
1.3928571428571428,0.06464285714285714,,0,H,False
1.3928571428571428,0.06464285714285714,,0,S,False
1.3928571428571428,0.06464285714285714,,0,N,False
1.3928571428571428,0.06464285714285714,,0,C,False
1.3928571428571428,0.06464285714285714,,1,H,False
1.3928571428571428,0.06464285714285714,,1,S,False
1.3928571428571428,0.06464285714285714,,1,N,False
1.3928571428571428,0.06464285714285714,,1,C,False
1.3928571428571428,0.06464285714285714,,2,H,False
1.3928571428571428,0.06464285714285714,,2,S,False
1.3928571428571428,0.06464285714285714,,2,N,False
1.3928571428571428,0.06464285714285714,,2,C,False
1.3928571428571428,0.06464285714285714,,3,H,False
1.3928571428571428,0.06464285714285714,,3,S,False
1.3928571428571428,0.06464285714285714,,3,N,False
1.3928571428571428,0.06464285714285714,,3,C,False
1.3928571428571428,0.07171428571428572,,0,H,False
1.3928571428571428,0.07171428571428572,,0,S,False
1.3928571428571428,0.07171428571428572,,0,N,False
1.3928571428571428,0.07171428571428572,,0,C,False
1.3928571428571428,0.07171428571428572,,1,H,False
1.3928571428571428,0.07171428571428572,,1,S,False
1.3928571428571428,0.07171428571428572,,1,N,False
1.3928571428571428,0.07171428571428572,,1,C,False
1.3928571428571428,0.07171428571428572,,2,H,False
1.3928571428571428,0.07171428571428572,,2,S,False
1.3928571428571428,0.07171428571428572,,2,N,False
1.3928571428571428,0.07171428571428572,,2,C,False
1.3928571428571428,0.07171428571428572,,3,H,False
1.3928571428571428,0.07171428571428572,,3,S,False
1.3928571428571428,0.07171428571428572,,3,N,False
1.3928571428571428,0.07171428571428572,,3,C,False
1.3928571428571428,0.07878571428571429,10.6618313689937,0,H,False
1.3928571428571428,0.07878571428571429,0.0,0,S,False
1.3928571428571428,0.07878571428571429,0.0216257142857142,0,N,False
1.3928571428571428,0.07878571428571429,0.161785714285714,0,C,False
1.3928571428571428,0.07878571428571429,10.6618313689937,1,H,True
1.3928571428571428,0.07878571428571429,23.5309364299662,1,S,True
1.3928571428571428,0.07878571428571429,0.0216257142857142,1,N,True
1.3928571428571428,0.07878571428571429,0.00335279399499583,1,C,True
1.3928571428571428,0.07878571428571429,,2,H,False
1.3928571428571428,0.07878571428571429,,2,S,False
1.3928571428571428,0.07878571428571429,,2,N,False
1.3928571428571428,0.07878571428571429,,2,C,False
1.3928571428571428,0.07878571428571429,,3,H,False
1.3928571428571428,0.07878571428571429,,3,S,False
1.3928571428571428,0.07878571428571429,,3,N,False
1.3928571428571428,0.07878571428571429,,3,C,False
1.3928571428571428,0.08585714285714285,19.6672212978370,0,H,False
1.3928571428571428,0.08585714285714285,0.0,0,S,False
1.3928571428571428,0.08585714285714285,0.0216257142857142,0,N,False
1.3928571428571428,0.08585714285714285,0.161785714285714,0,C,False
1.3928571428571428,0.08585714285714285,19.6672212978370,1,H,True
1.3928571428571428,0.08585714285714285,43.4060639393848,1,S,True
1.3928571428571428,0.08585714285714285,0.0216257142857142,1,N,True
1.3928571428571428,0.08585714285714285,0.00335279399499583,1,C,True
1.3928571428571428,0.08585714285714285,,2,H,False
1.3928571428571428,0.08585714285714285,,2,S,False
1.3928571428571428,0.08585714285714285,,2,N,False
1.3928571428571428,0.08585714285714285,,2,C,False
1.3928571428571428,0.08585714285714285,,3,H,False
1.3928571428571428,0.08585714285714285,,3,S,False
1.3928571428571428,0.08585714285714285,,3,N,False
1.3928571428571428,0.08585714285714285,,3,C,False
1.3928571428571428,0.09292857142857143,27.3020753266718,0,H,False
1.3928571428571428,0.09292857142857143,0.0,0,S,False
1.3928571428571428,0.09292857142857143,0.0216257142857143,0,N,False
1.3928571428571428,0.09292857142857143,0.161785714285714,0,C,False
1.3928571428571428,0.09292857142857143,27.3020753266718,1,H,True
1.3928571428571428,0.09292857142857143,60.2563834189303,1,S,True
1.3928571428571428,0.09292857142857143,0.0216257142857143,1,N,True
1.3928571428571428,0.09292857142857143,0.00335279399499583,1,C,True
1.3928571428571428,0.09292857142857143,,2,H,False
1.3928571428571428,0.09292857142857143,,2,S,False
1.3928571428571428,0.09292857142857143,,2,N,False
1.3928571428571428,0.09292857142857143,,2,C,False
1.3928571428571428,0.09292857142857143,,3,H,False
1.3928571428571428,0.09292857142857143,,3,S,False
1.3928571428571428,0.09292857142857143,,3,N,False
1.3928571428571428,0.09292857142857143,,3,C,False
1.3928571428571428,0.1,33.8571428571428,0,H,False
1.3928571428571428,0.1,0.0,0,S,False
1.3928571428571428,0.1,0.0216257142857143,0,N,False
1.3928571428571428,0.1,0.161785714285714,0,C,False
1.3928571428571428,0.1,33.8571428571428,1,H,True
1.3928571428571428,0.1,74.7235862863686,1,S,True
1.3928571428571428,0.1,0.0216257142857143,1,N,True
1.3928571428571428,0.1,0.00335279399499583,1,C,True
1.3928571428571428,0.1,,2,H,False
1.3928571428571428,0.1,,2,S,False
1.3928571428571428,0.1,,2,N,False
1.3928571428571428,0.1,,2,C,False
1.3928571428571428,0.1,,3,H,False
1.3928571428571428,0.1,,3,S,False
1.3928571428571428,0.1,,3,N,False
1.3928571428571428,0.1,,3,C,False
1.4285714285714286,0.001,,0,H,False
1.4285714285714286,0.001,,0,S,False
1.4285714285714286,0.001,,0,N,False
1.4285714285714286,0.001,,0,C,False
1.4285714285714286,0.001,,1,H,False
1.4285714285714286,0.001,,1,S,False
1.4285714285714286,0.001,,1,N,False
1.4285714285714286,0.001,,1,C,False
1.4285714285714286,0.001,,2,H,False
1.4285714285714286,0.001,,2,S,False
1.4285714285714286,0.001,,2,N,False
1.4285714285714286,0.001,,2,C,False
1.4285714285714286,0.001,,3,H,False
1.4285714285714286,0.001,,3,S,False
1.4285714285714286,0.001,,3,N,False
1.4285714285714286,0.001,,3,C,False
1.4285714285714286,0.008071428571428571,,0,H,False
1.4285714285714286,0.008071428571428571,,0,S,False
1.4285714285714286,0.008071428571428571,,0,N,False
1.4285714285714286,0.008071428571428571,,0,C,False
1.4285714285714286,0.008071428571428571,,1,H,False
1.4285714285714286,0.008071428571428571,,1,S,False
1.4285714285714286,0.008071428571428571,,1,N,False
1.4285714285714286,0.008071428571428571,,1,C,False
1.4285714285714286,0.008071428571428571,,2,H,False
1.4285714285714286,0.008071428571428571,,2,S,False
1.4285714285714286,0.008071428571428571,,2,N,False
1.4285714285714286,0.008071428571428571,,2,C,False
1.4285714285714286,0.008071428571428571,,3,H,False
1.4285714285714286,0.008071428571428571,,3,S,False
1.4285714285714286,0.008071428571428571,,3,N,False
1.4285714285714286,0.008071428571428571,,3,C,False
1.4285714285714286,0.015142857142857142,,0,H,False
1.4285714285714286,0.015142857142857142,,0,S,False
1.4285714285714286,0.015142857142857142,,0,N,False
1.4285714285714286,0.015142857142857142,,0,C,False
1.4285714285714286,0.015142857142857142,,1,H,False
1.4285714285714286,0.015142857142857142,,1,S,False
1.4285714285714286,0.015142857142857142,,1,N,False
1.4285714285714286,0.015142857142857142,,1,C,False
1.4285714285714286,0.015142857142857142,,2,H,False
1.4285714285714286,0.015142857142857142,,2,S,False
1.4285714285714286,0.015142857142857142,,2,N,False
1.4285714285714286,0.015142857142857142,,2,C,False
1.4285714285714286,0.015142857142857142,,3,H,False
1.4285714285714286,0.015142857142857142,,3,S,False
1.4285714285714286,0.015142857142857142,,3,N,False
1.4285714285714286,0.015142857142857142,,3,C,False
1.4285714285714286,0.022214285714285714,,0,H,False
1.4285714285714286,0.022214285714285714,,0,S,False
1.4285714285714286,0.022214285714285714,,0,N,False
1.4285714285714286,0.022214285714285714,,0,C,False
1.4285714285714286,0.022214285714285714,,1,H,False
1.4285714285714286,0.022214285714285714,,1,S,False
1.4285714285714286,0.022214285714285714,,1,N,False
1.4285714285714286,0.022214285714285714,,1,C,False
1.4285714285714286,0.022214285714285714,,2,H,False
1.4285714285714286,0.022214285714285714,,2,S,False
1.4285714285714286,0.022214285714285714,,2,N,False
1.4285714285714286,0.022214285714285714,,2,C,False
1.4285714285714286,0.022214285714285714,,3,H,False
1.4285714285714286,0.022214285714285714,,3,S,False
1.4285714285714286,0.022214285714285714,,3,N,False
1.4285714285714286,0.022214285714285714,,3,C,False
1.4285714285714286,0.029285714285714286,,0,H,False
1.4285714285714286,0.029285714285714286,,0,S,False
1.4285714285714286,0.029285714285714286,,0,N,False
1.4285714285714286,0.029285714285714286,,0,C,False
1.4285714285714286,0.029285714285714286,,1,H,False
1.4285714285714286,0.029285714285714286,,1,S,False
1.4285714285714286,0.029285714285714286,,1,N,False
1.4285714285714286,0.029285714285714286,,1,C,False
1.4285714285714286,0.029285714285714286,,2,H,False
1.4285714285714286,0.029285714285714286,,2,S,False
1.4285714285714286,0.029285714285714286,,2,N,False
1.4285714285714286,0.029285714285714286,,2,C,False
1.4285714285714286,0.029285714285714286,,3,H,False
1.4285714285714286,0.029285714285714286,,3,S,False
1.4285714285714286,0.029285714285714286,,3,N,False
1.4285714285714286,0.029285714285714286,,3,C,False
1.4285714285714286,0.03635714285714286,,0,H,False
1.4285714285714286,0.03635714285714286,,0,S,False
1.4285714285714286,0.03635714285714286,,0,N,False
1.4285714285714286,0.03635714285714286,,0,C,False
1.4285714285714286,0.03635714285714286,,1,H,False
1.4285714285714286,0.03635714285714286,,1,S,False
1.4285714285714286,0.03635714285714286,,1,N,False
1.4285714285714286,0.03635714285714286,,1,C,False
1.4285714285714286,0.03635714285714286,,2,H,False
1.4285714285714286,0.03635714285714286,,2,S,False
1.4285714285714286,0.03635714285714286,,2,N,False
1.4285714285714286,0.03635714285714286,,2,C,False
1.4285714285714286,0.03635714285714286,,3,H,False
1.4285714285714286,0.03635714285714286,,3,S,False
1.4285714285714286,0.03635714285714286,,3,N,False
1.4285714285714286,0.03635714285714286,,3,C,False
1.4285714285714286,0.04342857142857143,,0,H,False
1.4285714285714286,0.04342857142857143,,0,S,False
1.4285714285714286,0.04342857142857143,,0,N,False
1.4285714285714286,0.04342857142857143,,0,C,False
1.4285714285714286,0.04342857142857143,,1,H,False
1.4285714285714286,0.04342857142857143,,1,S,False
1.4285714285714286,0.04342857142857143,,1,N,False
1.4285714285714286,0.04342857142857143,,1,C,False
1.4285714285714286,0.04342857142857143,,2,H,False
1.4285714285714286,0.04342857142857143,,2,S,False
1.4285714285714286,0.04342857142857143,,2,N,False
1.4285714285714286,0.04342857142857143,,2,C,False
1.4285714285714286,0.04342857142857143,,3,H,False
1.4285714285714286,0.04342857142857143,,3,S,False
1.4285714285714286,0.04342857142857143,,3,N,False
1.4285714285714286,0.04342857142857143,,3,C,False
1.4285714285714286,0.0505,,0,H,False
1.4285714285714286,0.0505,,0,S,False
1.4285714285714286,0.0505,,0,N,False
1.4285714285714286,0.0505,,0,C,False
1.4285714285714286,0.0505,,1,H,False
1.4285714285714286,0.0505,,1,S,False
1.4285714285714286,0.0505,,1,N,False
1.4285714285714286,0.0505,,1,C,False
1.4285714285714286,0.0505,,2,H,False
1.4285714285714286,0.0505,,2,S,False
1.4285714285714286,0.0505,,2,N,False
1.4285714285714286,0.0505,,2,C,False
1.4285714285714286,0.0505,,3,H,False
1.4285714285714286,0.0505,,3,S,False
1.4285714285714286,0.0505,,3,N,False
1.4285714285714286,0.0505,,3,C,False
1.4285714285714286,0.05757142857142857,,0,H,False
1.4285714285714286,0.05757142857142857,,0,S,False
1.4285714285714286,0.05757142857142857,,0,N,False
1.4285714285714286,0.05757142857142857,,0,C,False
1.4285714285714286,0.05757142857142857,,1,H,False
1.4285714285714286,0.05757142857142857,,1,S,False
1.4285714285714286,0.05757142857142857,,1,N,False
1.4285714285714286,0.05757142857142857,,1,C,False
1.4285714285714286,0.05757142857142857,,2,H,False
1.4285714285714286,0.05757142857142857,,2,S,False
1.4285714285714286,0.05757142857142857,,2,N,False
1.4285714285714286,0.05757142857142857,,2,C,False
1.4285714285714286,0.05757142857142857,,3,H,False
1.4285714285714286,0.05757142857142857,,3,S,False
1.4285714285714286,0.05757142857142857,,3,N,False
1.4285714285714286,0.05757142857142857,,3,C,False
1.4285714285714286,0.06464285714285714,,0,H,False
1.4285714285714286,0.06464285714285714,,0,S,False
1.4285714285714286,0.06464285714285714,,0,N,False
1.4285714285714286,0.06464285714285714,,0,C,False
1.4285714285714286,0.06464285714285714,,1,H,False
1.4285714285714286,0.06464285714285714,,1,S,False
1.4285714285714286,0.06464285714285714,,1,N,False
1.4285714285714286,0.06464285714285714,,1,C,False
1.4285714285714286,0.06464285714285714,,2,H,False
1.4285714285714286,0.06464285714285714,,2,S,False
1.4285714285714286,0.06464285714285714,,2,N,False
1.4285714285714286,0.06464285714285714,,2,C,False
1.4285714285714286,0.06464285714285714,,3,H,False
1.4285714285714286,0.06464285714285714,,3,S,False
1.4285714285714286,0.06464285714285714,,3,N,False
1.4285714285714286,0.06464285714285714,,3,C,False
1.4285714285714286,0.07171428571428572,,0,H,False
1.4285714285714286,0.07171428571428572,,0,S,False
1.4285714285714286,0.07171428571428572,,0,N,False
1.4285714285714286,0.07171428571428572,,0,C,False
1.4285714285714286,0.07171428571428572,,1,H,False
1.4285714285714286,0.07171428571428572,,1,S,False
1.4285714285714286,0.07171428571428572,,1,N,False
1.4285714285714286,0.07171428571428572,,1,C,False
1.4285714285714286,0.07171428571428572,,2,H,False
1.4285714285714286,0.07171428571428572,,2,S,False
1.4285714285714286,0.07171428571428572,,2,N,False
1.4285714285714286,0.07171428571428572,,2,C,False
1.4285714285714286,0.07171428571428572,,3,H,False
1.4285714285714286,0.07171428571428572,,3,S,False
1.4285714285714286,0.07171428571428572,,3,N,False
1.4285714285714286,0.07171428571428572,,3,C,False
1.4285714285714286,0.07878571428571429,9.02991840435178,0,H,False
1.4285714285714286,0.07878571428571429,0.0,0,S,False
1.4285714285714286,0.07878571428571429,0.0219471428571428,0,N,False
1.4285714285714286,0.07878571428571429,0.162857142857143,0,C,False
1.4285714285714286,0.07878571428571429,9.02991840435178,1,H,True
1.4285714285714286,0.07878571428571429,19.7617179480640,1,S,True
1.4285714285714286,0.07878571428571429,0.0219471428571428,1,N,True
1.4285714285714286,0.07878571428571429,0.00341137123745819,1,C,True
1.4285714285714286,0.07878571428571429,,2,H,False
1.4285714285714286,0.07878571428571429,,2,S,False
1.4285714285714286,0.07878571428571429,,2,N,False
1.4285714285714286,0.07878571428571429,,2,C,False
1.4285714285714286,0.07878571428571429,,3,H,False
1.4285714285714286,0.07878571428571429,,3,S,False
1.4285714285714286,0.07878571428571429,,3,N,False
1.4285714285714286,0.07878571428571429,,3,C,False
1.4285714285714286,0.08585714285714285,18.1697171381032,0,H,False
1.4285714285714286,0.08585714285714285,0.0,0,S,False
1.4285714285714286,0.08585714285714285,0.0219471428571428,0,N,False
1.4285714285714286,0.08585714285714285,0.162857142857143,0,C,False
1.4285714285714286,0.08585714285714285,18.1697171381032,1,H,True
1.4285714285714286,0.08585714285714285,39.7639058517135,1,S,True
1.4285714285714286,0.08585714285714285,0.0219471428571428,1,N,True
1.4285714285714286,0.08585714285714285,0.00341137123745819,1,C,True
1.4285714285714286,0.08585714285714285,,2,H,False
1.4285714285714286,0.08585714285714285,,2,S,False
1.4285714285714286,0.08585714285714285,,2,N,False
1.4285714285714286,0.08585714285714285,,2,C,False
1.4285714285714286,0.08585714285714285,,3,H,False
1.4285714285714286,0.08585714285714285,,3,S,False
1.4285714285714286,0.08585714285714285,,3,N,False
1.4285714285714286,0.08585714285714285,,3,C,False
1.4285714285714286,0.09292857142857143,25.9185242121445,0,H,False
1.4285714285714286,0.09292857142857143,0.0,0,S,False
1.4285714285714286,0.09292857142857143,0.0219471428571428,0,N,False
1.4285714285714286,0.09292857142857143,0.162857142857143,0,C,False
1.4285714285714286,0.09292857142857143,25.9185242121445,1,H,True
1.4285714285714286,0.09292857142857143,56.7219483249843,1,S,True
1.4285714285714286,0.09292857142857143,0.0219471428571428,1,N,True
1.4285714285714286,0.09292857142857143,0.00341137123745819,1,C,True
1.4285714285714286,0.09292857142857143,,2,H,False
1.4285714285714286,0.09292857142857143,,2,S,False
1.4285714285714286,0.09292857142857143,,2,N,False
1.4285714285714286,0.09292857142857143,,2,C,False
1.4285714285714286,0.09292857142857143,,3,H,False
1.4285714285714286,0.09292857142857143,,3,S,False
1.4285714285714286,0.09292857142857143,,3,N,False
1.4285714285714286,0.09292857142857143,,3,C,False
1.4285714285714286,0.1,32.5714285714286,0,H,False
1.4285714285714286,0.1,0.0,0,S,False
1.4285714285714286,0.1,0.0219471428571429,0,N,False
1.4285714285714286,0.1,0.162857142857143,0,C,False
1.4285714285714286,0.1,32.5714285714286,1,H,True
1.4285714285714286,0.1,71.2816390770355,1,S,True
1.4285714285714286,0.1,0.0219471428571429,1,N,True
1.4285714285714286,0.1,0.00341137123745819,1,C,True
1.4285714285714286,0.1,,2,H,False
1.4285714285714286,0.1,,2,S,False
1.4285714285714286,0.1,,2,N,False
1.4285714285714286,0.1,,2,C,False
1.4285714285714286,0.1,,3,H,False
1.4285714285714286,0.1,,3,S,False
1.4285714285714286,0.1,,3,N,False
1.4285714285714286,0.1,,3,C,False
1.4642857142857142,0.001,,0,H,False
1.4642857142857142,0.001,,0,S,False
1.4642857142857142,0.001,,0,N,False
1.4642857142857142,0.001,,0,C,False
1.4642857142857142,0.001,,1,H,False
1.4642857142857142,0.001,,1,S,False
1.4642857142857142,0.001,,1,N,False
1.4642857142857142,0.001,,1,C,False
1.4642857142857142,0.001,,2,H,False
1.4642857142857142,0.001,,2,S,False
1.4642857142857142,0.001,,2,N,False
1.4642857142857142,0.001,,2,C,False
1.4642857142857142,0.001,,3,H,False
1.4642857142857142,0.001,,3,S,False
1.4642857142857142,0.001,,3,N,False
1.4642857142857142,0.001,,3,C,False
1.4642857142857142,0.008071428571428571,,0,H,False
1.4642857142857142,0.008071428571428571,,0,S,False
1.4642857142857142,0.008071428571428571,,0,N,False
1.4642857142857142,0.008071428571428571,,0,C,False
1.4642857142857142,0.008071428571428571,,1,H,False
1.4642857142857142,0.008071428571428571,,1,S,False
1.4642857142857142,0.008071428571428571,,1,N,False
1.4642857142857142,0.008071428571428571,,1,C,False
1.4642857142857142,0.008071428571428571,,2,H,False
1.4642857142857142,0.008071428571428571,,2,S,False
1.4642857142857142,0.008071428571428571,,2,N,False
1.4642857142857142,0.008071428571428571,,2,C,False
1.4642857142857142,0.008071428571428571,,3,H,False
1.4642857142857142,0.008071428571428571,,3,S,False
1.4642857142857142,0.008071428571428571,,3,N,False
1.4642857142857142,0.008071428571428571,,3,C,False
1.4642857142857142,0.015142857142857142,,0,H,False
1.4642857142857142,0.015142857142857142,,0,S,False
1.4642857142857142,0.015142857142857142,,0,N,False
1.4642857142857142,0.015142857142857142,,0,C,False
1.4642857142857142,0.015142857142857142,,1,H,False
1.4642857142857142,0.015142857142857142,,1,S,False
1.4642857142857142,0.015142857142857142,,1,N,False
1.4642857142857142,0.015142857142857142,,1,C,False
1.4642857142857142,0.015142857142857142,,2,H,False
1.4642857142857142,0.015142857142857142,,2,S,False
1.4642857142857142,0.015142857142857142,,2,N,False
1.4642857142857142,0.015142857142857142,,2,C,False
1.4642857142857142,0.015142857142857142,,3,H,False
1.4642857142857142,0.015142857142857142,,3,S,False
1.4642857142857142,0.015142857142857142,,3,N,False
1.4642857142857142,0.015142857142857142,,3,C,False
1.4642857142857142,0.022214285714285714,,0,H,False
1.4642857142857142,0.022214285714285714,,0,S,False
1.4642857142857142,0.022214285714285714,,0,N,False
1.4642857142857142,0.022214285714285714,,0,C,False
1.4642857142857142,0.022214285714285714,,1,H,False
1.4642857142857142,0.022214285714285714,,1,S,False
1.4642857142857142,0.022214285714285714,,1,N,False
1.4642857142857142,0.022214285714285714,,1,C,False
1.4642857142857142,0.022214285714285714,,2,H,False
1.4642857142857142,0.022214285714285714,,2,S,False
1.4642857142857142,0.022214285714285714,,2,N,False
1.4642857142857142,0.022214285714285714,,2,C,False
1.4642857142857142,0.022214285714285714,,3,H,False
1.4642857142857142,0.022214285714285714,,3,S,False
1.4642857142857142,0.022214285714285714,,3,N,False
1.4642857142857142,0.022214285714285714,,3,C,False
1.4642857142857142,0.029285714285714286,,0,H,False
1.4642857142857142,0.029285714285714286,,0,S,False
1.4642857142857142,0.029285714285714286,,0,N,False
1.4642857142857142,0.029285714285714286,,0,C,False
1.4642857142857142,0.029285714285714286,,1,H,False
1.4642857142857142,0.029285714285714286,,1,S,False
1.4642857142857142,0.029285714285714286,,1,N,False
1.4642857142857142,0.029285714285714286,,1,C,False
1.4642857142857142,0.029285714285714286,,2,H,False
1.4642857142857142,0.029285714285714286,,2,S,False
1.4642857142857142,0.029285714285714286,,2,N,False
1.4642857142857142,0.029285714285714286,,2,C,False
1.4642857142857142,0.029285714285714286,,3,H,False
1.4642857142857142,0.029285714285714286,,3,S,False
1.4642857142857142,0.029285714285714286,,3,N,False
1.4642857142857142,0.029285714285714286,,3,C,False
1.4642857142857142,0.03635714285714286,,0,H,False
1.4642857142857142,0.03635714285714286,,0,S,False
1.4642857142857142,0.03635714285714286,,0,N,False
1.4642857142857142,0.03635714285714286,,0,C,False
1.4642857142857142,0.03635714285714286,,1,H,False
1.4642857142857142,0.03635714285714286,,1,S,False
1.4642857142857142,0.03635714285714286,,1,N,False
1.4642857142857142,0.03635714285714286,,1,C,False
1.4642857142857142,0.03635714285714286,,2,H,False
1.4642857142857142,0.03635714285714286,,2,S,False
1.4642857142857142,0.03635714285714286,,2,N,False
1.4642857142857142,0.03635714285714286,,2,C,False
1.4642857142857142,0.03635714285714286,,3,H,False
1.4642857142857142,0.03635714285714286,,3,S,False
1.4642857142857142,0.03635714285714286,,3,N,False
1.4642857142857142,0.03635714285714286,,3,C,False
1.4642857142857142,0.04342857142857143,,0,H,False
1.4642857142857142,0.04342857142857143,,0,S,False
1.4642857142857142,0.04342857142857143,,0,N,False
1.4642857142857142,0.04342857142857143,,0,C,False
1.4642857142857142,0.04342857142857143,,1,H,False
1.4642857142857142,0.04342857142857143,,1,S,False
1.4642857142857142,0.04342857142857143,,1,N,False
1.4642857142857142,0.04342857142857143,,1,C,False
1.4642857142857142,0.04342857142857143,,2,H,False
1.4642857142857142,0.04342857142857143,,2,S,False
1.4642857142857142,0.04342857142857143,,2,N,False
1.4642857142857142,0.04342857142857143,,2,C,False
1.4642857142857142,0.04342857142857143,,3,H,False
1.4642857142857142,0.04342857142857143,,3,S,False
1.4642857142857142,0.04342857142857143,,3,N,False
1.4642857142857142,0.04342857142857143,,3,C,False
1.4642857142857142,0.0505,,0,H,False
1.4642857142857142,0.0505,,0,S,False
1.4642857142857142,0.0505,,0,N,False
1.4642857142857142,0.0505,,0,C,False
1.4642857142857142,0.0505,,1,H,False
1.4642857142857142,0.0505,,1,S,False
1.4642857142857142,0.0505,,1,N,False
1.4642857142857142,0.0505,,1,C,False
1.4642857142857142,0.0505,,2,H,False
1.4642857142857142,0.0505,,2,S,False
1.4642857142857142,0.0505,,2,N,False
1.4642857142857142,0.0505,,2,C,False
1.4642857142857142,0.0505,,3,H,False
1.4642857142857142,0.0505,,3,S,False
1.4642857142857142,0.0505,,3,N,False
1.4642857142857142,0.0505,,3,C,False
1.4642857142857142,0.05757142857142857,,0,H,False
1.4642857142857142,0.05757142857142857,,0,S,False
1.4642857142857142,0.05757142857142857,,0,N,False
1.4642857142857142,0.05757142857142857,,0,C,False
1.4642857142857142,0.05757142857142857,,1,H,False
1.4642857142857142,0.05757142857142857,,1,S,False
1.4642857142857142,0.05757142857142857,,1,N,False
1.4642857142857142,0.05757142857142857,,1,C,False
1.4642857142857142,0.05757142857142857,,2,H,False
1.4642857142857142,0.05757142857142857,,2,S,False
1.4642857142857142,0.05757142857142857,,2,N,False
1.4642857142857142,0.05757142857142857,,2,C,False
1.4642857142857142,0.05757142857142857,,3,H,False
1.4642857142857142,0.05757142857142857,,3,S,False
1.4642857142857142,0.05757142857142857,,3,N,False
1.4642857142857142,0.05757142857142857,,3,C,False
1.4642857142857142,0.06464285714285714,,0,H,False
1.4642857142857142,0.06464285714285714,,0,S,False
1.4642857142857142,0.06464285714285714,,0,N,False
1.4642857142857142,0.06464285714285714,,0,C,False
1.4642857142857142,0.06464285714285714,,1,H,False
1.4642857142857142,0.06464285714285714,,1,S,False
1.4642857142857142,0.06464285714285714,,1,N,False
1.4642857142857142,0.06464285714285714,,1,C,False
1.4642857142857142,0.06464285714285714,,2,H,False
1.4642857142857142,0.06464285714285714,,2,S,False
1.4642857142857142,0.06464285714285714,,2,N,False
1.4642857142857142,0.06464285714285714,,2,C,False
1.4642857142857142,0.06464285714285714,,3,H,False
1.4642857142857142,0.06464285714285714,,3,S,False
1.4642857142857142,0.06464285714285714,,3,N,False
1.4642857142857142,0.06464285714285714,,3,C,False
1.4642857142857142,0.07171428571428572,,0,H,False
1.4642857142857142,0.07171428571428572,,0,S,False
1.4642857142857142,0.07171428571428572,,0,N,False
1.4642857142857142,0.07171428571428572,,0,C,False
1.4642857142857142,0.07171428571428572,,1,H,False
1.4642857142857142,0.07171428571428572,,1,S,False
1.4642857142857142,0.07171428571428572,,1,N,False
1.4642857142857142,0.07171428571428572,,1,C,False
1.4642857142857142,0.07171428571428572,,2,H,False
1.4642857142857142,0.07171428571428572,,2,S,False
1.4642857142857142,0.07171428571428572,,2,N,False
1.4642857142857142,0.07171428571428572,,2,C,False
1.4642857142857142,0.07171428571428572,,3,H,False
1.4642857142857142,0.07171428571428572,,3,S,False
1.4642857142857142,0.07171428571428572,,3,N,False
1.4642857142857142,0.07171428571428572,,3,C,False
1.4642857142857142,0.07878571428571429,7.39800543970987,0,H,False
1.4642857142857142,0.07878571428571429,0.0,0,S,False
1.4642857142857142,0.07878571428571429,0.0222685714285713,0,N,False
1.4642857142857142,0.07878571428571429,0.163928571428571,0,C,False
1.4642857142857142,0.07878571428571429,7.39800543970987,1,H,True
1.4642857142857142,0.07878571428571429,16.0570069595073,1,S,True
1.4642857142857142,0.07878571428571429,0.0222685714285713,1,N,True
1.4642857142857142,0.07878571428571429,0.00347024308466052,1,C,True
1.4642857142857142,0.07878571428571429,,2,H,False
1.4642857142857142,0.07878571428571429,,2,S,False
1.4642857142857142,0.07878571428571429,,2,N,False
1.4642857142857142,0.07878571428571429,,2,C,False
1.4642857142857142,0.07878571428571429,,3,H,False
1.4642857142857142,0.07878571428571429,,3,S,False
1.4642857142857142,0.07878571428571429,,3,N,False
1.4642857142857142,0.07878571428571429,,3,C,False
1.4642857142857142,0.08585714285714285,16.6722129783694,0,H,False
1.4642857142857142,0.08585714285714285,0.0,0,S,False
1.4642857142857142,0.08585714285714285,0.0222685714285714,0,N,False
1.4642857142857142,0.08585714285714285,0.163928571428571,0,C,False
1.4642857142857142,0.08585714285714285,16.6722129783694,1,H,True
1.4642857142857142,0.08585714285714285,36.1862182997481,1,S,True
1.4642857142857142,0.08585714285714285,0.0222685714285714,1,N,True
1.4642857142857142,0.08585714285714285,0.00347024308466052,1,C,True
1.4642857142857142,0.08585714285714285,,2,H,False
1.4642857142857142,0.08585714285714285,,2,S,False
1.4642857142857142,0.08585714285714285,,2,N,False
1.4642857142857142,0.08585714285714285,,2,C,False
1.4642857142857142,0.08585714285714285,,3,H,False
1.4642857142857142,0.08585714285714285,,3,S,False
1.4642857142857142,0.08585714285714285,,3,N,False
1.4642857142857142,0.08585714285714285,,3,C,False
1.4642857142857142,0.09292857142857143,24.5349730976172,0,H,False
1.4642857142857142,0.09292857142857143,0.0,0,S,False
1.4642857142857142,0.09292857142857143,0.0222685714285714,0,N,False
1.4642857142857142,0.09292857142857143,0.163928571428571,0,C,False
1.4642857142857142,0.09292857142857143,24.5349730976172,1,H,True
1.4642857142857142,0.09292857142857143,53.2519524337108,1,S,True
1.4642857142857142,0.09292857142857143,0.0222685714285714,1,N,True
1.4642857142857142,0.09292857142857143,0.00347024308466052,1,C,True
1.4642857142857142,0.09292857142857143,,2,H,False
1.4642857142857142,0.09292857142857143,,2,S,False
1.4642857142857142,0.09292857142857143,,2,N,False
1.4642857142857142,0.09292857142857143,,2,C,False
1.4642857142857142,0.09292857142857143,,3,H,False
1.4642857142857142,0.09292857142857143,,3,S,False
1.4642857142857142,0.09292857142857143,,3,N,False
1.4642857142857142,0.09292857142857143,,3,C,False
1.4642857142857142,0.1,31.2857142857142,0,H,False
1.4642857142857142,0.1,0.0,0,S,False
1.4642857142857142,0.1,0.0222685714285714,0,N,False
1.4642857142857142,0.1,0.163928571428571,0,C,False
1.4642857142857142,0.1,31.2857142857142,1,H,True
1.4642857142857142,0.1,67.9041041687274,1,S,True
1.4642857142857142,0.1,0.0222685714285714,1,N,True
1.4642857142857142,0.1,0.00347024308466052,1,C,True
1.4642857142857142,0.1,,2,H,False
1.4642857142857142,0.1,,2,S,False
1.4642857142857142,0.1,,2,N,False
1.4642857142857142,0.1,,2,C,False
1.4642857142857142,0.1,,3,H,False
1.4642857142857142,0.1,,3,S,False
1.4642857142857142,0.1,,3,N,False
1.4642857142857142,0.1,,3,C,False
1.5,0.001,,0,H,False
1.5,0.001,,0,S,False
1.5,0.001,,0,N,False
1.5,0.001,,0,C,False
1.5,0.001,,1,H,False
1.5,0.001,,1,S,False
1.5,0.001,,1,N,False
1.5,0.001,,1,C,False
1.5,0.001,,2,H,False
1.5,0.001,,2,S,False
1.5,0.001,,2,N,False
1.5,0.001,,2,C,False
1.5,0.001,,3,H,False
1.5,0.001,,3,S,False
1.5,0.001,,3,N,False
1.5,0.001,,3,C,False
1.5,0.008071428571428571,,0,H,False
1.5,0.008071428571428571,,0,S,False
1.5,0.008071428571428571,,0,N,False
1.5,0.008071428571428571,,0,C,False
1.5,0.008071428571428571,,1,H,False
1.5,0.008071428571428571,,1,S,False
1.5,0.008071428571428571,,1,N,False
1.5,0.008071428571428571,,1,C,False
1.5,0.008071428571428571,,2,H,False
1.5,0.008071428571428571,,2,S,False
1.5,0.008071428571428571,,2,N,False
1.5,0.008071428571428571,,2,C,False
1.5,0.008071428571428571,,3,H,False
1.5,0.008071428571428571,,3,S,False
1.5,0.008071428571428571,,3,N,False
1.5,0.008071428571428571,,3,C,False
1.5,0.015142857142857142,,0,H,False
1.5,0.015142857142857142,,0,S,False
1.5,0.015142857142857142,,0,N,False
1.5,0.015142857142857142,,0,C,False
1.5,0.015142857142857142,,1,H,False
1.5,0.015142857142857142,,1,S,False
1.5,0.015142857142857142,,1,N,False
1.5,0.015142857142857142,,1,C,False
1.5,0.015142857142857142,,2,H,False
1.5,0.015142857142857142,,2,S,False
1.5,0.015142857142857142,,2,N,False
1.5,0.015142857142857142,,2,C,False
1.5,0.015142857142857142,,3,H,False
1.5,0.015142857142857142,,3,S,False
1.5,0.015142857142857142,,3,N,False
1.5,0.015142857142857142,,3,C,False
1.5,0.022214285714285714,,0,H,False
1.5,0.022214285714285714,,0,S,False
1.5,0.022214285714285714,,0,N,False
1.5,0.022214285714285714,,0,C,False
1.5,0.022214285714285714,,1,H,False
1.5,0.022214285714285714,,1,S,False
1.5,0.022214285714285714,,1,N,False
1.5,0.022214285714285714,,1,C,False
1.5,0.022214285714285714,,2,H,False
1.5,0.022214285714285714,,2,S,False
1.5,0.022214285714285714,,2,N,False
1.5,0.022214285714285714,,2,C,False
1.5,0.022214285714285714,,3,H,False
1.5,0.022214285714285714,,3,S,False
1.5,0.022214285714285714,,3,N,False
1.5,0.022214285714285714,,3,C,False
1.5,0.029285714285714286,,0,H,False
1.5,0.029285714285714286,,0,S,False
1.5,0.029285714285714286,,0,N,False
1.5,0.029285714285714286,,0,C,False
1.5,0.029285714285714286,,1,H,False
1.5,0.029285714285714286,,1,S,False
1.5,0.029285714285714286,,1,N,False
1.5,0.029285714285714286,,1,C,False
1.5,0.029285714285714286,,2,H,False
1.5,0.029285714285714286,,2,S,False
1.5,0.029285714285714286,,2,N,False
1.5,0.029285714285714286,,2,C,False
1.5,0.029285714285714286,,3,H,False
1.5,0.029285714285714286,,3,S,False
1.5,0.029285714285714286,,3,N,False
1.5,0.029285714285714286,,3,C,False
1.5,0.03635714285714286,,0,H,False
1.5,0.03635714285714286,,0,S,False
1.5,0.03635714285714286,,0,N,False
1.5,0.03635714285714286,,0,C,False
1.5,0.03635714285714286,,1,H,False
1.5,0.03635714285714286,,1,S,False
1.5,0.03635714285714286,,1,N,False
1.5,0.03635714285714286,,1,C,False
1.5,0.03635714285714286,,2,H,False
1.5,0.03635714285714286,,2,S,False
1.5,0.03635714285714286,,2,N,False
1.5,0.03635714285714286,,2,C,False
1.5,0.03635714285714286,,3,H,False
1.5,0.03635714285714286,,3,S,False
1.5,0.03635714285714286,,3,N,False
1.5,0.03635714285714286,,3,C,False
1.5,0.04342857142857143,,0,H,False
1.5,0.04342857142857143,,0,S,False
1.5,0.04342857142857143,,0,N,False
1.5,0.04342857142857143,,0,C,False
1.5,0.04342857142857143,,1,H,False
1.5,0.04342857142857143,,1,S,False
1.5,0.04342857142857143,,1,N,False
1.5,0.04342857142857143,,1,C,False
1.5,0.04342857142857143,,2,H,False
1.5,0.04342857142857143,,2,S,False
1.5,0.04342857142857143,,2,N,False
1.5,0.04342857142857143,,2,C,False
1.5,0.04342857142857143,,3,H,False
1.5,0.04342857142857143,,3,S,False
1.5,0.04342857142857143,,3,N,False
1.5,0.04342857142857143,,3,C,False
1.5,0.0505,,0,H,False
1.5,0.0505,,0,S,False
1.5,0.0505,,0,N,False
1.5,0.0505,,0,C,False
1.5,0.0505,,1,H,False
1.5,0.0505,,1,S,False
1.5,0.0505,,1,N,False
1.5,0.0505,,1,C,False
1.5,0.0505,,2,H,False
1.5,0.0505,,2,S,False
1.5,0.0505,,2,N,False
1.5,0.0505,,2,C,False
1.5,0.0505,,3,H,False
1.5,0.0505,,3,S,False
1.5,0.0505,,3,N,False
1.5,0.0505,,3,C,False
1.5,0.05757142857142857,,0,H,False
1.5,0.05757142857142857,,0,S,False
1.5,0.05757142857142857,,0,N,False
1.5,0.05757142857142857,,0,C,False
1.5,0.05757142857142857,,1,H,False
1.5,0.05757142857142857,,1,S,False
1.5,0.05757142857142857,,1,N,False
1.5,0.05757142857142857,,1,C,False
1.5,0.05757142857142857,,2,H,False
1.5,0.05757142857142857,,2,S,False
1.5,0.05757142857142857,,2,N,False
1.5,0.05757142857142857,,2,C,False
1.5,0.05757142857142857,,3,H,False
1.5,0.05757142857142857,,3,S,False
1.5,0.05757142857142857,,3,N,False
1.5,0.05757142857142857,,3,C,False
1.5,0.06464285714285714,,0,H,False
1.5,0.06464285714285714,,0,S,False
1.5,0.06464285714285714,,0,N,False
1.5,0.06464285714285714,,0,C,False
1.5,0.06464285714285714,,1,H,False
1.5,0.06464285714285714,,1,S,False
1.5,0.06464285714285714,,1,N,False
1.5,0.06464285714285714,,1,C,False
1.5,0.06464285714285714,,2,H,False
1.5,0.06464285714285714,,2,S,False
1.5,0.06464285714285714,,2,N,False
1.5,0.06464285714285714,,2,C,False
1.5,0.06464285714285714,,3,H,False
1.5,0.06464285714285714,,3,S,False
1.5,0.06464285714285714,,3,N,False
1.5,0.06464285714285714,,3,C,False
1.5,0.07171428571428572,,0,H,False
1.5,0.07171428571428572,,0,S,False
1.5,0.07171428571428572,,0,N,False
1.5,0.07171428571428572,,0,C,False
1.5,0.07171428571428572,,1,H,False
1.5,0.07171428571428572,,1,S,False
1.5,0.07171428571428572,,1,N,False
1.5,0.07171428571428572,,1,C,False
1.5,0.07171428571428572,,2,H,False
1.5,0.07171428571428572,,2,S,False
1.5,0.07171428571428572,,2,N,False
1.5,0.07171428571428572,,2,C,False
1.5,0.07171428571428572,,3,H,False
1.5,0.07171428571428572,,3,S,False
1.5,0.07171428571428572,,3,N,False
1.5,0.07171428571428572,,3,C,False
1.5,0.07878571428571429,5.76609247506801,0,H,False
1.5,0.07878571428571429,0.0,0,S,False
1.5,0.07878571428571429,0.0225899999999999,0,N,False
1.5,0.07878571428571429,0.165000000000000,0,C,False
1.5,0.07878571428571429,5.76609247506801,1,H,True
1.5,0.07878571428571429,12.4140579169111,1,S,True
1.5,0.07878571428571429,0.0225899999999999,1,N,True
1.5,0.07878571428571429,0.00352941176470588,1,C,True
1.5,0.07878571428571429,,2,H,False
1.5,0.07878571428571429,,2,S,False
1.5,0.07878571428571429,,2,N,False
1.5,0.07878571428571429,,2,C,False
1.5,0.07878571428571429,,3,H,False
1.5,0.07878571428571429,,3,S,False
1.5,0.07878571428571429,,3,N,False
1.5,0.07878571428571429,,3,C,False
1.5,0.08585714285714285,15.1747088186356,0,H,False
1.5,0.08585714285714285,0.0,0,S,False
1.5,0.08585714285714285,0.0225899999999999,0,N,False
1.5,0.08585714285714285,0.165000000000000,0,C,False
1.5,0.08585714285714285,15.1747088186356,1,H,True
1.5,0.08585714285714285,32.6702554565919,1,S,True
1.5,0.08585714285714285,0.0225899999999999,1,N,True
1.5,0.08585714285714285,0.00352941176470588,1,C,True
1.5,0.08585714285714285,,2,H,False
1.5,0.08585714285714285,,2,S,False
1.5,0.08585714285714285,,2,N,False
1.5,0.08585714285714285,,2,C,False
1.5,0.08585714285714285,,3,H,False
1.5,0.08585714285714285,,3,S,False
1.5,0.08585714285714285,,3,N,False
1.5,0.08585714285714285,,3,C,False
1.5,0.09292857142857143,23.1514219830899,0,H,False
1.5,0.09292857142857143,0.0,0,S,False
1.5,0.09292857142857143,0.0225900000000000,0,N,False
1.5,0.09292857142857143,0.165000000000000,0,C,False
1.5,0.09292857142857143,23.1514219830899,1,H,True
1.5,0.09292857142857143,49.8436496812406,1,S,True
1.5,0.09292857142857143,0.0225900000000000,1,N,True
1.5,0.09292857142857143,0.00352941176470588,1,C,True
1.5,0.09292857142857143,,2,H,False
1.5,0.09292857142857143,,2,S,False
1.5,0.09292857142857143,,2,N,False
1.5,0.09292857142857143,,2,C,False
1.5,0.09292857142857143,,3,H,False
1.5,0.09292857142857143,,3,S,False
1.5,0.09292857142857143,,3,N,False
1.5,0.09292857142857143,,3,C,False
1.5,0.1,30.0000000000000,0,H,False
1.5,0.1,0.0,0,S,False
1.5,0.1,0.0225900000000000,0,N,False
1.5,0.1,0.165000000000000,0,C,False
1.5,0.1,30.0000000000000,1,H,True
1.5,0.1,64.5882352941177,1,S,True
1.5,0.1,0.0225900000000000,1,N,True
1.5,0.1,0.00352941176470588,1,C,True
1.5,0.1,,2,H,False
1.5,0.1,,2,S,False
1.5,0.1,,2,N,False
1.5,0.1,,2,C,False
1.5,0.1,,3,H,False
1.5,0.1,,3,S,False
1.5,0.1,,3,N,False
1.5,0.1,,3,C,False
