$\epsilon$,$C_I$,value,fp_num,name,stability
1.0,0.07,17.1428571428571,0,H,False
1.0,0.07,0.0,0,S,False
1.0,0.07,0.0180900000000000,0,N,False
1.0,0.07,0.130000000000000,0,C,False
1.0,0.07,17.1428571428571,1,H,True
1.0,0.07,36.3636363636364,1,S,True
1.0,0.07,0.0180900000000000,1,N,True
1.0,0.07,0.00272727272727273,1,C,True
1.0,0.07,,2,H,False
1.0,0.07,,2,S,False
1.0,0.07,,2,N,False
1.0,0.07,,2,C,False
1.0,0.07,,3,H,False
1.0,0.07,,3,S,False
1.0,0.07,,3,N,False
1.0,0.07,,3,C,False
1.0,0.07571428571428572,17.1428571428571,0,H,False
1.0,0.07571428571428572,0.0,0,S,False
1.0,0.07571428571428572,0.0180900000000000,0,N,False
1.0,0.07571428571428572,0.135714285714286,0,C,False
1.0,0.07571428571428572,17.1428571428571,1,H,True
1.0,0.07571428571428572,37.9962894248609,1,S,True
1.0,0.07571428571428572,0.0180900000000000,1,N,True
1.0,0.07571428571428572,0.00272727272727273,1,C,True
1.0,0.07571428571428572,,2,H,False
1.0,0.07571428571428572,,2,S,False
1.0,0.07571428571428572,,2,N,False
1.0,0.07571428571428572,,2,C,False
1.0,0.07571428571428572,,3,H,False
1.0,0.07571428571428572,,3,S,False
1.0,0.07571428571428572,,3,N,False
1.0,0.07571428571428572,,3,C,False
1.0,0.08142857142857143,17.1428571428571,0,H,False
1.0,0.08142857142857143,0.0,0,S,False
1.0,0.08142857142857143,0.0180900000000000,0,N,False
1.0,0.08142857142857143,0.141428571428571,0,C,False
1.0,0.08142857142857143,17.1428571428571,1,H,True
1.0,0.08142857142857143,39.6289424860853,1,S,True
1.0,0.08142857142857143,0.0180900000000000,1,N,True
1.0,0.08142857142857143,0.00272727272727273,1,C,True
1.0,0.08142857142857143,104.929870129870,2,H,False
1.0,0.08142857142857143,50.9100285508151,2,S,False
1.0,0.08142857142857143,0.00272727272727273,2,N,False
1.0,0.08142857142857143,0.00989950145939626,2,C,False
1.0,0.08142857142857143,104.929870129870,3,H,True
1.0,0.08142857142857143,24.7552063807232,3,S,True
1.0,0.08142857142857143,0.00272727272727273,3,N,True
1.0,0.08142857142857143,0.0248551030270264,3,C,True
1.0,0.08714285714285715,17.1428571428571,0,H,False
1.0,0.08714285714285715,0.0,0,S,False
1.0,0.08714285714285715,0.0180900000000000,0,N,False
1.0,0.08714285714285715,0.147142857142857,0,C,False
1.0,0.08714285714285715,17.1428571428571,1,H,True
1.0,0.08714285714285715,41.2615955473099,1,S,True
1.0,0.08714285714285715,0.0180900000000000,1,N,True
1.0,0.08714285714285715,0.00272727272727273,1,C,True
1.0,0.08714285714285715,104.929870129870,2,H,False
1.0,0.08714285714285715,64.0900036962870,2,S,False
1.0,0.08714285714285715,0.00272727272727273,2,N,False
1.0,0.08714285714285715,0.00807733918466274,2,C,False
1.0,0.08714285714285715,104.929870129870,3,H,True
1.0,0.08714285714285715,21.5685522000009,3,S,True
1.0,0.08714285714285715,0.00272727272727273,3,N,True
1.0,0.08714285714285715,0.0323915510160457,3,C,True
1.0,0.09285714285714286,17.1428571428571,0,H,False
1.0,0.09285714285714286,0.0,0,S,False
1.0,0.09285714285714286,0.0180900000000000,0,N,False
1.0,0.09285714285714286,0.152857142857143,0,C,False
1.0,0.09285714285714286,17.1428571428571,1,H,True
1.0,0.09285714285714286,42.8942486085343,1,S,True
1.0,0.09285714285714286,0.0180900000000000,1,N,True
1.0,0.09285714285714286,0.00272727272727273,1,C,True
1.0,0.09285714285714286,104.929870129870,2,H,False
1.0,0.09285714285714286,75.8072084149290,2,S,False
1.0,0.09285714285714286,0.00272727272727273,2,N,False
1.0,0.09285714285714286,0.00709160437811488,2,C,False
1.0,0.09285714285714286,104.929870129870,3,H,True
1.0,0.09285714285714286,19.8446684461083,3,S,True
1.0,0.09285714285714286,0.00272727272727273,3,N,True
1.0,0.09285714285714286,0.0390915715368792,3,C,True
1.0,0.09857142857142857,17.1428571428571,0,H,False
1.0,0.09857142857142857,0.0,0,S,False
1.0,0.09857142857142857,0.0180900000000000,0,N,False
1.0,0.09857142857142857,0.158571428571429,0,C,False
1.0,0.09857142857142857,17.1428571428571,1,H,True
1.0,0.09857142857142857,44.5269016697588,1,S,True
1.0,0.09857142857142857,0.0180900000000000,1,N,True
1.0,0.09857142857142857,0.00272727272727273,1,C,True
1.0,0.09857142857142857,104.929870129870,2,H,False
1.0,0.09857142857142857,86.9373715560673,2,S,False
1.0,0.09857142857142857,0.00272727272727273,2,N,False
1.0,0.09857142857142857,0.00644154610110670,2,C,False
1.0,0.09857142857142857,104.929870129870,3,H,True
1.0,0.09857142857142857,18.7078262697197,3,S,True
1.0,0.09857142857142857,0.00272727272727273,3,N,True
1.0,0.09857142857142857,0.0454559155281731,3,C,True
1.0,0.10428571428571429,17.1428571428571,0,H,False
1.0,0.10428571428571429,0.0,0,S,False
1.0,0.10428571428571429,0.0180900000000000,0,N,False
1.0,0.10428571428571429,0.164285714285714,0,C,False
1.0,0.10428571428571429,17.1428571428571,1,H,True
1.0,0.10428571428571429,46.1595547309833,1,S,True
1.0,0.10428571428571429,0.0180900000000000,1,N,True
1.0,0.10428571428571429,0.00272727272727273,1,C,True
1.0,0.10428571428571429,104.929870129870,2,H,False
1.0,0.10428571428571429,97.7519175462435,2,S,False
1.0,0.10428571428571429,0.00272727272727273,2,N,False
1.0,0.10428571428571429,0.00597196102047501,2,C,False
1.0,0.10428571428571429,104.929870129870,3,H,True
1.0,0.10428571428571429,17.8866012442929,3,S,True
1.0,0.10428571428571429,0.00272727272727273,3,N,True
1.0,0.10428571428571429,0.0516397863230904,3,C,True
1.0,0.11,17.1428571428571,0,H,False
1.0,0.11,0.0,0,S,False
1.0,0.11,0.0180900000000000,0,N,False
1.0,0.11,0.170000000000000,0,C,False
1.0,0.11,17.1428571428571,1,H,True
1.0,0.11,47.7922077922078,1,S,True
1.0,0.11,0.0180900000000000,1,N,True
1.0,0.11,0.00272727272727273,1,C,True
1.0,0.11,104.929870129870,2,H,False
1.0,0.11,108.371928191170,2,S,False
1.0,0.11,0.00272727272727273,2,N,False
1.0,0.11,0.00561361329009025,2,C,False
1.0,0.11,104.929870129870,3,H,True
1.0,0.11,17.2599115641161,3,S,True
1.0,0.11,0.00272727272727273,3,N,True
1.0,0.11,0.0577124197677610,3,C,True
1.0,0.11571428571428571,17.1428571428571,0,H,False
1.0,0.11571428571428571,0.0,0,S,False
1.0,0.11571428571428571,0.0180900000000000,0,N,False
1.0,0.11571428571428571,0.175714285714286,0,C,False
1.0,0.11571428571428571,17.1428571428571,1,H,True
1.0,0.11571428571428571,49.4248608534323,1,S,True
1.0,0.11571428571428571,0.0180900000000000,1,N,True
1.0,0.11571428571428571,0.00272727272727273,1,C,True
1.0,0.11571428571428571,104.929870129870,2,H,False
1.0,0.11571428571428571,118.861731497660,2,S,False
1.0,0.11571428571428571,0.00272727272727273,2,N,False
1.0,0.11571428571428571,0.00532971948113409,2,C,False
1.0,0.11571428571428571,104.929870129870,3,H,True
1.0,0.11571428571428571,16.7634292223754,3,S,True
1.0,0.11571428571428571,0.00272727272727273,3,N,True
1.0,0.11571428571428571,0.0637105992910030,3,C,True
1.0,0.12142857142857143,17.1428571428571,0,H,False
1.0,0.12142857142857143,0.0,0,S,False
1.0,0.12142857142857143,0.0180900000000000,0,N,False
1.0,0.12142857142857143,0.181428571428571,0,C,False
1.0,0.12142857142857143,17.1428571428571,1,H,True
1.0,0.12142857142857143,51.0575139146568,1,S,True
1.0,0.12142857142857143,0.0180900000000000,1,N,True
1.0,0.12142857142857143,0.00272727272727273,1,C,True
1.0,0.12142857142857143,104.929870129870,2,H,False
1.0,0.12142857142857143,129.259351579554,2,S,False
1.0,0.12142857142857143,0.00272727272727273,2,N,False
1.0,0.12142857142857143,0.00509853700660463,2,C,False
1.0,0.12142857142857143,104.929870129870,3,H,True
1.0,0.12142857142857143,16.3591301052308,3,S,True
1.0,0.12142857142857143,0.00272727272727273,3,N,True
1.0,0.12142857142857143,0.0696560674798180,3,C,True
1.0,0.12714285714285714,17.1428571428571,0,H,False
1.0,0.12714285714285714,0.0,0,S,False
1.0,0.12714285714285714,0.0180900000000000,0,N,False
1.0,0.12714285714285714,0.187142857142857,0,C,False
1.0,0.12714285714285714,17.1428571428571,1,H,True
1.0,0.12714285714285714,52.6901669758813,1,S,True
1.0,0.12714285714285714,0.0180900000000000,1,N,True
1.0,0.12714285714285714,0.00272727272727273,1,C,True
1.0,0.12714285714285714,104.929870129870,2,H,False
1.0,0.12714285714285714,139.588968621188,2,S,False
1.0,0.12714285714285714,0.00272727272727273,2,N,False
1.0,0.12714285714285714,0.00490623938355337,2,C,False
1.0,0.12714285714285714,104.929870129870,3,H,True
1.0,0.12714285714285714,16.0228340283466,3,S,True
1.0,0.12714285714285714,0.00272727272727273,3,N,True
1.0,0.12714285714285714,0.0755626508171551,3,C,True
1.0,0.13285714285714284,17.1428571428571,0,H,False
1.0,0.13285714285714284,0.0,0,S,False
1.0,0.13285714285714284,0.0180900000000000,0,N,False
1.0,0.13285714285714284,0.192857142857143,0,C,False
1.0,0.13285714285714284,17.1428571428571,1,H,True
1.0,0.13285714285714284,54.3228200371057,1,S,True
1.0,0.13285714285714284,0.0180900000000000,1,N,True
1.0,0.13285714285714284,0.00272727272727273,1,C,True
1.0,0.13285714285714284,104.929870129870,2,H,False
1.0,0.13285714285714284,149.866807414041,2,S,False
1.0,0.13285714285714284,0.00272727272727273,2,N,False
1.0,0.13285714285714284,0.00474354910608416,2,C,False
1.0,0.13285714285714284,104.929870129870,3,H,True
1.0,0.13285714285714284,15.7383162002426,3,S,True
1.0,0.13285714285714284,0.00272727272727273,3,N,True
1.0,0.13285714285714284,0.0814396268089099,3,C,True
1.0,0.13857142857142857,17.1428571428571,0,H,False
1.0,0.13857142857142857,0.0,0,S,False
1.0,0.13857142857142857,0.0180900000000000,0,N,False
1.0,0.13857142857142857,0.198571428571429,0,C,False
1.0,0.13857142857142857,17.1428571428571,1,H,True
1.0,0.13857142857142857,55.9554730983302,1,S,True
1.0,0.13857142857142857,0.0180900000000000,1,N,True
1.0,0.13857142857142857,0.00272727272727273,1,C,True
1.0,0.13857142857142857,104.929870129870,2,H,False
1.0,0.13857142857142857,160.104214544846,2,S,False
1.0,0.13857142857142857,0.00272727272727273,2,N,False
1.0,0.13857142857142857,0.00460397807692734,2,C,False
1.0,0.13857142857142857,104.929870129870,3,H,True
1.0,0.13857142857142857,15.4942300341873,3,S,True
1.0,0.13857142857142857,0.00272727272727273,3,N,True
1.0,0.13857142857142857,0.0872934835523525,3,C,True
1.0,0.1442857142857143,17.1428571428571,0,H,False
1.0,0.1442857142857143,0.0,0,S,False
1.0,0.1442857142857143,0.0180900000000000,0,N,False
1.0,0.1442857142857143,0.204285714285714,0,C,False
1.0,0.1442857142857143,17.1428571428571,1,H,True
1.0,0.1442857142857143,57.5881261595546,1,S,True
1.0,0.1442857142857143,0.0180900000000000,1,N,True
1.0,0.1442857142857143,0.00272727272727273,1,C,True
1.0,0.1442857142857143,104.929870129870,2,H,False
1.0,0.1442857142857143,170.309391292769,2,S,False
1.0,0.1442857142857143,0.00272727272727273,2,N,False
1.0,0.1442857142857143,0.00448283671865924,2,C,False
1.0,0.1442857142857143,104.929870129870,3,H,True
1.0,0.1442857142857143,15.2823742510135,3,S,True
1.0,0.1442857142857143,0.00272727272727273,3,N,True
1.0,0.1442857142857143,0.0931289106249060,3,C,True
1.0,0.15,17.1428571428571,0,H,False
1.0,0.15,0.0,0,S,False
1.0,0.15,0.0180900000000000,0,N,False
1.0,0.15,0.210000000000000,0,C,False
1.0,0.15,17.1428571428571,1,H,True
1.0,0.15,59.2207792207792,1,S,True
1.0,0.15,0.0180900000000000,1,N,True
1.0,0.15,0.00272727272727273,1,C,True
1.0,0.15,104.929870129870,2,H,False
1.0,0.15,180.488427875821,2,S,False
1.0,0.15,0.00272727272727273,2,N,False
1.0,0.15,0.00437664258076205,2,C,False
1.0,0.15,104.929870129870,3,H,True
1.0,0.15,15.0966586327118,3,S,True
1.0,0.15,0.00272727272727273,3,N,True
1.0,0.15,0.0989493904770892,3,C,True
1.0357142857142858,0.07,15.3061224489796,0,H,False
1.0357142857142858,0.07,0.0,0,S,False
1.0357142857142858,0.07,0.0184114285714286,0,N,False
1.0357142857142858,0.07,0.131071428571428,0,C,False
1.0357142857142858,0.07,15.3061224489796,1,H,True
1.0357142857142858,0.07,32.1525509694264,1,S,True
1.0357142857142858,0.07,0.0184114285714286,1,N,True
1.0357142857142858,0.07,0.00278275020341741,1,C,True
1.0357142857142858,0.07,,2,H,False
1.0357142857142858,0.07,,2,S,False
1.0357142857142858,0.07,,2,N,False
1.0357142857142858,0.07,,2,C,False
1.0357142857142858,0.07,,3,H,False
1.0357142857142858,0.07,,3,S,False
1.0357142857142858,0.07,,3,N,False
1.0357142857142858,0.07,,3,C,False
1.0357142857142858,0.07571428571428572,15.3061224489796,0,H,False
1.0357142857142858,0.07571428571428572,0.0,0,S,False
1.0357142857142858,0.07571428571428572,0.0184114285714286,0,N,False
1.0357142857142858,0.07571428571428572,0.136785714285714,0,C,False
1.0357142857142858,0.07571428571428572,15.3061224489796,1,H,True
1.0357142857142858,0.07571428571428572,33.5847027775180,1,S,True
1.0357142857142858,0.07571428571428572,0.0184114285714286,1,N,True
1.0357142857142858,0.07571428571428572,0.00278275020341741,1,C,True
1.0357142857142858,0.07571428571428572,,2,H,False
1.0357142857142858,0.07571428571428572,,2,S,False
1.0357142857142858,0.07571428571428572,,2,N,False
1.0357142857142858,0.07571428571428572,,2,C,False
1.0357142857142858,0.07571428571428572,,3,H,False
1.0357142857142858,0.07571428571428572,,3,S,False
1.0357142857142858,0.07571428571428572,,3,N,False
1.0357142857142858,0.07571428571428572,,3,C,False
1.0357142857142858,0.08142857142857143,15.3061224489796,0,H,False
1.0357142857142858,0.08142857142857143,0.0,0,S,False
1.0357142857142858,0.08142857142857143,0.0184114285714286,0,N,False
1.0357142857142858,0.08142857142857143,0.142500000000000,0,C,False
1.0357142857142858,0.08142857142857143,15.3061224489796,1,H,True
1.0357142857142858,0.08142857142857143,35.0168545856097,1,S,True
1.0357142857142858,0.08142857142857143,0.0184114285714286,1,N,True
1.0357142857142858,0.08142857142857143,0.00278275020341741,1,C,True
1.0357142857142858,0.08142857142857143,104.929870129870,2,H,False
1.0357142857142858,0.08142857142857143,45.6435574277989,2,S,False
1.0357142857142858,0.08142857142857143,0.00272727272727273,2,N,False
1.0357142857142858,0.08142857142857143,0.0113734344282101,2,C,False
1.0357142857142858,0.08142857142857143,104.929870129870,3,H,True
1.0357142857142858,0.08142857142857143,27.2582174551112,3,S,True
1.0357142857142858,0.08142857142857143,0.00272727272727273,3,N,True
1.0357142857142858,0.08142857142857143,0.0220740955032093,3,C,True
1.0357142857142858,0.08714285714285715,15.3061224489796,0,H,False
1.0357142857142858,0.08714285714285715,0.0,0,S,False
1.0357142857142858,0.08714285714285715,0.0184114285714286,0,N,False
1.0357142857142858,0.08714285714285715,0.148214285714286,0,C,False
1.0357142857142858,0.08714285714285715,15.3061224489796,1,H,True
1.0357142857142858,0.08714285714285715,36.4490063937013,1,S,True
1.0357142857142858,0.08714285714285715,0.0184114285714286,1,N,True
1.0357142857142858,0.08714285714285715,0.00278275020341741,1,C,True
1.0357142857142858,0.08714285714285715,104.929870129870,2,H,False
1.0357142857142858,0.08714285714285715,59.9009654516189,2,S,False
1.0357142857142858,0.08714285714285715,0.00272727272727273,2,N,False
1.0357142857142858,0.08714285714285715,0.00878960374663286,2,C,False
1.0357142857142858,0.08714285714285715,104.929870129870,3,H,True
1.0357142857142858,0.08714285714285715,22.8188089756064,3,S,True
1.0357142857142858,0.08714285714285715,0.00272727272727273,3,N,True
1.0357142857142858,0.08714285714285715,0.0303722118990721,3,C,True
1.0357142857142858,0.09285714285714286,15.3061224489796,0,H,False
1.0357142857142858,0.09285714285714286,0.0,0,S,False
1.0357142857142858,0.09285714285714286,0.0184114285714286,0,N,False
1.0357142857142858,0.09285714285714286,0.153928571428571,0,C,False
1.0357142857142858,0.09285714285714286,15.3061224489796,1,H,True
1.0357142857142858,0.09285714285714286,37.8811582017930,1,S,True
1.0357142857142858,0.09285714285714286,0.0184114285714286,1,N,True
1.0357142857142858,0.09285714285714286,0.00278275020341741,1,C,True
1.0357142857142858,0.09285714285714286,104.929870129870,2,H,False
1.0357142857142858,0.09285714285714286,71.7881843997668,2,S,False
1.0357142857142858,0.09285714285714286,0.00272727272727273,2,N,False
1.0357142857142858,0.09285714285714286,0.00758527379879852,2,C,False
1.0357142857142858,0.09285714285714286,104.929870129870,3,H,True
1.0357142857142858,0.09285714285714286,20.7495895717739,3,S,True
1.0357142857142858,0.09285714285714286,0.00272727272727273,3,N,True
1.0357142857142858,0.09285714285714286,0.0372908275611923,3,C,True
1.0357142857142858,0.09857142857142857,15.3061224489796,0,H,False
1.0357142857142858,0.09857142857142857,0.0,0,S,False
1.0357142857142858,0.09857142857142857,0.0184114285714286,0,N,False
1.0357142857142858,0.09857142857142857,0.159642857142857,0,C,False
1.0357142857142858,0.09857142857142857,15.3061224489796,1,H,True
1.0357142857142858,0.09857142857142857,39.3133100098847,1,S,True
1.0357142857142858,0.09857142857142857,0.0184114285714286,1,N,True
1.0357142857142858,0.09857142857142857,0.00278275020341741,1,C,True
1.0357142857142858,0.09857142857142857,104.929870129870,2,H,False
1.0357142857142858,0.09857142857142857,82.9094807346922,2,S,False
1.0357142857142858,0.09857142857142857,0.00272727272727273,2,N,False
1.0357142857142858,0.09857142857142857,0.00682672719279766,2,C,False
1.0357142857142858,0.09857142857142857,104.929870129870,3,H,True
1.0357142857142858,0.09857142857142857,19.4462927811637,3,S,True
1.0357142857142858,0.09857142857142857,0.00272727272727273,3,N,True
1.0357142857142858,0.09857142857142857,0.0437636598814787,3,C,True
1.0357142857142858,0.10428571428571429,15.3061224489796,0,H,False
1.0357142857142858,0.10428571428571429,0.0,0,S,False
1.0357142857142858,0.10428571428571429,0.0184114285714286,0,N,False
1.0357142857142858,0.10428571428571429,0.165357142857143,0,C,False
1.0357142857142858,0.10428571428571429,15.3061224489796,1,H,True
1.0357142857142858,0.10428571428571429,40.7454618179763,1,S,True
1.0357142857142858,0.10428571428571429,0.0184114285714286,1,N,True
1.0357142857142858,0.10428571428571429,0.00278275020341741,1,C,True
1.0357142857142858,0.10428571428571429,104.929870129870,2,H,False
1.0357142857142858,0.10428571428571429,93.6468403324340,2,S,False
1.0357142857142858,0.10428571428571429,0.00272727272727273,2,N,False
1.0357142857142858,0.10428571428571429,0.00629163997916863,2,C,False
1.0357142857142858,0.10428571428571429,104.929870129870,3,H,True
1.0357142857142858,0.10428571428571429,18.5269327277374,3,S,True
1.0357142857142858,0.10428571428571429,0.00272727272727273,3,N,True
1.0357142857142858,0.10428571428571429,0.0500130328093936,3,C,True
1.0357142857142858,0.11,15.3061224489796,0,H,False
1.0357142857142858,0.11,0.0,0,S,False
1.0357142857142858,0.11,0.0184114285714286,0,N,False
1.0357142857142858,0.11,0.171071428571428,0,C,False
1.0357142857142858,0.11,15.3061224489796,1,H,True
1.0357142857142858,0.11,42.1776136260680,1,S,True
1.0357142857142858,0.11,0.0184114285714286,1,N,True
1.0357142857142858,0.11,0.00278275020341741,1,C,True
1.0357142857142858,0.11,104.929870129870,2,H,False
1.0357142857142858,0.11,104.156085102630,2,S,False
1.0357142857142858,0.11,0.00272727272727273,2,N,False
1.0357142857142858,0.11,0.00588932047390773,2,C,False
1.0357142857142858,0.11,104.929870129870,3,H,True
1.0357142857142858,0.11,17.8356875018563,3,S,True
1.0357142857142858,0.11,0.00272727272727273,3,N,True
1.0357142857142858,0.11,0.0561296380289401,3,C,True
1.0357142857142858,0.11571428571428571,15.3061224489796,0,H,False
1.0357142857142858,0.11571428571428571,0.0,0,S,False
1.0357142857142858,0.11571428571428571,0.0184114285714286,0,N,False
1.0357142857142858,0.11571428571428571,0.176785714285714,0,C,False
1.0357142857142858,0.11571428571428571,15.3061224489796,1,H,True
1.0357142857142858,0.11571428571428571,43.6097654341596,1,S,True
1.0357142857142858,0.11571428571428571,0.0184114285714286,1,N,True
1.0357142857142858,0.11571428571428571,0.00278275020341741,1,C,True
1.0357142857142858,0.11571428571428571,104.929870129870,2,H,False
1.0357142857142858,0.11571428571428571,114.516118818176,2,S,False
1.0357142857142858,0.11571428571428571,0.00272727272727273,2,N,False
1.0357142857142858,0.11571428571428571,0.00557384499366016,2,C,False
1.0357142857142858,0.11571428571428571,104.929870129870,3,H,True
1.0357142857142858,0.11571428571428571,17.2936533306265,3,S,True
1.0357142857142858,0.11571428571428571,0.00272727272727273,3,N,True
1.0357142857142858,0.11571428571428571,0.0621593992234734,3,C,True
1.0357142857142858,0.12142857142857143,15.3061224489796,0,H,False
1.0357142857142858,0.12142857142857143,0.0,0,S,False
1.0357142857142858,0.12142857142857143,0.0184114285714286,0,N,False
1.0357142857142858,0.12142857142857143,0.182500000000000,0,C,False
1.0357142857142858,0.12142857142857143,15.3061224489796,1,H,True
1.0357142857142858,0.12142857142857143,45.0419172422513,1,S,True
1.0357142857142858,0.12142857142857143,0.0184114285714286,1,N,True
1.0357142857142858,0.12142857142857143,0.00278275020341741,1,C,True
1.0357142857142858,0.12142857142857143,104.929870129870,2,H,False
1.0357142857142858,0.12142857142857143,124.772181731214,2,S,False
1.0357142857142858,0.12142857142857143,0.00272727272727273,2,N,False
1.0357142857142858,0.12142857142857143,0.00531888274411567,2,C,False
1.0357142857142858,0.12142857142857143,104.929870129870,3,H,True
1.0357142857142858,0.12142857142857143,16.8555899619036,3,S,True
1.0357142857142858,0.12142857142857143,0.00272727272727273,3,N,True
1.0357142857142858,0.12142857142857143,0.0681286471873037,3,C,True
1.0357142857142858,0.12714285714285714,15.3061224489796,0,H,False
1.0357142857142858,0.12714285714285714,0.0,0,S,False
1.0357142857142858,0.12714285714285714,0.0184114285714286,0,N,False
1.0357142857142858,0.12714285714285714,0.188214285714286,0,C,False
1.0357142857142858,0.12714285714285714,15.3061224489796,1,H,True
1.0357142857142858,0.12714285714285714,46.4740690503430,1,S,True
1.0357142857142858,0.12714285714285714,0.0184114285714286,1,N,True
1.0357142857142858,0.12714285714285714,0.00278275020341741,1,C,True
1.0357142857142858,0.12714285714285714,104.929870129870,2,H,False
1.0357142857142858,0.12714285714285714,134.952439037670,2,S,False
1.0357142857142858,0.12714285714285714,0.00272727272727273,2,N,False
1.0357142857142858,0.12714285714285714,0.00510804097887159,2,C,False
1.0357142857142858,0.12714285714285714,104.929870129870,3,H,True
1.0357142857142858,0.12714285714285714,16.4933321997630,3,S,True
1.0357142857142858,0.12714285714285714,0.00272727272727273,3,N,True
1.0357142857142858,0.12714285714285714,0.0740537746668334,3,C,True
1.0357142857142858,0.13285714285714284,15.3061224489796,0,H,False
1.0357142857142858,0.13285714285714284,0.0,0,S,False
1.0357142857142858,0.13285714285714284,0.0184114285714286,0,N,False
1.0357142857142858,0.13285714285714284,0.193928571428571,0,C,False
1.0357142857142858,0.13285714285714284,15.3061224489796,1,H,True
1.0357142857142858,0.13285714285714284,47.9062208584346,1,S,True
1.0357142857142858,0.13285714285714284,0.0184114285714286,1,N,True
1.0357142857142858,0.13285714285714284,0.00278275020341741,1,C,True
1.0357142857142858,0.13285714285714284,104.929870129870,2,H,False
1.0357142857142858,0.13285714285714284,145.075495308130,2,S,False
1.0357142857142858,0.13285714285714284,0.00272727272727273,2,N,False
1.0357142857142858,0.13285714285714284,0.00493049143994705,2,C,False
1.0357142857142858,0.13285714285714284,104.929870129870,3,H,True
1.0357142857142858,0.13285714285714284,16.1882754736184,3,S,True
1.0357142857142858,0.13285714285714284,0.00272727272727273,3,N,True
1.0357142857142858,0.13285714285714284,0.0799456099200437,3,C,True
1.0357142857142858,0.13857142857142857,15.3061224489796,0,H,False
1.0357142857142858,0.13857142857142857,0.0,0,S,False
1.0357142857142858,0.13857142857142857,0.0184114285714286,0,N,False
1.0357142857142858,0.13857142857142857,0.199642857142857,0,C,False
1.0357142857142858,0.13857142857142857,15.3061224489796,1,H,True
1.0357142857142858,0.13857142857142857,49.3383726665263,1,S,True
1.0357142857142858,0.13857142857142857,0.0184114285714286,1,N,True
1.0357142857142858,0.13857142857142857,0.00278275020341741,1,C,True
1.0357142857142858,0.13857142857142857,104.929870129870,2,H,False
1.0357142857142858,0.13857142857142857,155.154204848651,2,S,False
1.0357142857142858,0.13857142857142857,0.00272727272727273,2,N,False
1.0357142857142858,0.13857142857142857,0.00477875264629895,2,C,False
1.0357142857142858,0.13857142857142857,104.929870129870,3,H,True
1.0357142857142858,0.13857142857142857,15.9275654774123,3,S,True
1.0357142857142858,0.13857142857142857,0.00272727272727273,3,N,True
1.0357142857142858,0.13857142857142857,0.0858116344279776,3,C,True
1.0357142857142858,0.1442857142857143,15.3061224489796,0,H,False
1.0357142857142858,0.1442857142857143,0.0,0,S,False
1.0357142857142858,0.1442857142857143,0.0184114285714286,0,N,False
1.0357142857142858,0.1442857142857143,0.205357142857143,0,C,False
1.0357142857142858,0.1442857142857143,15.3061224489796,1,H,True
1.0357142857142858,0.1442857142857143,50.7705244746180,1,S,True
1.0357142857142858,0.1442857142857143,0.0184114285714286,1,N,True
1.0357142857142858,0.1442857142857143,0.00278275020341741,1,C,True
1.0357142857142858,0.1442857142857143,104.929870129870,2,H,False
1.0357142857142858,0.1442857142857143,165.197769545145,2,S,False
1.0357142857142858,0.1442857142857143,0.00272727272727273,2,N,False
1.0357142857142858,0.1442857142857143,0.00464746890352486,2,C,False
1.0357142857142858,0.1442857142857143,104.929870129870,3,H,True
1.0357142857142858,0.1442857142857143,15.7020003252342,3,S,True
1.0357142857142858,0.1442857142857143,0.00272727272727273,3,N,True
1.0357142857142858,0.1442857142857143,0.0916572038850377,3,C,True
1.0357142857142858,0.15,15.3061224489796,0,H,False
1.0357142857142858,0.15,0.0,0,S,False
1.0357142857142858,0.15,0.0184114285714286,0,N,False
1.0357142857142858,0.15,0.211071428571429,0,C,False
1.0357142857142858,0.15,15.3061224489796,1,H,True
1.0357142857142858,0.15,52.2026762827098,1,S,True
1.0357142857142858,0.15,0.0184114285714286,1,N,True
1.0357142857142858,0.15,0.00278275020341741,1,C,True
1.0357142857142858,0.15,104.929870129870,2,H,False
1.0357142857142858,0.15,175.212969056242,2,S,False
1.0357142857142858,0.15,0.00272727272727273,2,N,False
1.0357142857142858,0.15,0.00453269430530393,2,C,False
1.0357142857142858,0.15,104.929870129870,3,H,True
1.0357142857142858,0.15,15.5048003584536,3,S,True
1.0357142857142858,0.15,0.00272727272727273,3,N,True
1.0357142857142858,0.15,0.0974862641975447,3,C,True
1.0714285714285714,0.07,13.4693877551021,0,H,False
1.0714285714285714,0.07,0.0,0,S,False
1.0714285714285714,0.07,0.0187328571428571,0,N,False
1.0714285714285714,0.07,0.132142857142857,0,C,False
1.0714285714285714,0.07,13.4693877551021,1,H,True
1.0714285714285714,0.07,28.0265603456887,1,S,True
1.0714285714285714,0.07,0.0187328571428571,1,N,True
1.0714285714285714,0.07,0.00283849918433932,1,C,True
1.0714285714285714,0.07,,2,H,False
1.0714285714285714,0.07,,2,S,False
1.0714285714285714,0.07,,2,N,False
1.0714285714285714,0.07,,2,C,False
1.0714285714285714,0.07,,3,H,False
1.0714285714285714,0.07,,3,S,False
1.0714285714285714,0.07,,3,N,False
1.0714285714285714,0.07,,3,C,False
1.0714285714285714,0.07571428571428572,13.4693877551021,0,H,False
1.0714285714285714,0.07571428571428572,0.0,0,S,False
1.0714285714285714,0.07571428571428572,0.0187328571428571,0,N,False
1.0714285714285714,0.07571428571428572,0.137857142857143,0,C,False
1.0714285714285714,0.07571428571428572,13.4693877551021,1,H,True
1.0714285714285714,0.07571428571428572,29.2651247369624,1,S,True
1.0714285714285714,0.07571428571428572,0.0187328571428571,1,N,True
1.0714285714285714,0.07571428571428572,0.00283849918433932,1,C,True
1.0714285714285714,0.07571428571428572,,2,H,False
1.0714285714285714,0.07571428571428572,,2,S,False
1.0714285714285714,0.07571428571428572,,2,N,False
1.0714285714285714,0.07571428571428572,,2,C,False
1.0714285714285714,0.07571428571428572,,3,H,False
1.0714285714285714,0.07571428571428572,,3,S,False
1.0714285714285714,0.07571428571428572,,3,N,False
1.0714285714285714,0.07571428571428572,,3,C,False
1.0714285714285714,0.08142857142857143,13.4693877551021,0,H,False
1.0714285714285714,0.08142857142857143,0.0,0,S,False
1.0714285714285714,0.08142857142857143,0.0187328571428571,0,N,False
1.0714285714285714,0.08142857142857143,0.143571428571429,0,C,False
1.0714285714285714,0.08142857142857143,13.4693877551021,1,H,True
1.0714285714285714,0.08142857142857143,30.5036891282362,1,S,True
1.0714285714285714,0.08142857142857143,0.0187328571428571,1,N,True
1.0714285714285714,0.08142857142857143,0.00283849918433932,1,C,True
1.0714285714285714,0.08142857142857143,104.929870129870,2,H,False
1.0714285714285714,0.08142857142857143,37.5465827738727,2,S,False
1.0714285714285714,0.08142857142857143,0.00272727272727273,2,N,False
1.0714285714285714,0.08142857142857143,0.0146312338174780,2,C,False
1.0714285714285714,0.08142857142857143,104.929870129870,3,H,True
1.0714285714285714,0.08142857142857143,32.6978249128834,3,S,True
1.0714285714285714,0.08142857142857143,0.00272727272727273,3,N,True
1.0714285714285714,0.08142857142857143,0.0175028247829755,3,C,True
1.0714285714285714,0.08714285714285715,13.4693877551021,0,H,False
1.0714285714285714,0.08714285714285715,0.0,0,S,False
1.0714285714285714,0.08714285714285715,0.0187328571428571,0,N,False
1.0714285714285714,0.08714285714285715,0.149285714285714,0,C,False
1.0714285714285714,0.08714285714285715,13.4693877551021,1,H,True
1.0714285714285714,0.08714285714285715,31.7422535195099,1,S,True
1.0714285714285714,0.08714285714285715,0.0187328571428571,1,N,True
1.0714285714285714,0.08714285714285715,0.00283849918433932,1,C,True
1.0714285714285714,0.08714285714285715,104.929870129870,2,H,False
1.0714285714285714,0.08714285714285715,55.5885915713555,2,S,False
1.0714285714285714,0.08714285714285715,0.00272727272727273,2,N,False
1.0714285714285714,0.08714285714285715,0.00966045936839468,2,C,False
1.0714285714285714,0.08714285714285715,104.929870129870,3,H,True
1.0714285714285714,0.08714285714285715,24.3045398055034,3,S,True
1.0714285714285714,0.08714285714285715,0.00272727272727273,3,N,True
1.0714285714285714,0.08714285714285715,0.0281878849463444,3,C,True
1.0714285714285714,0.09285714285714286,13.4693877551021,0,H,False
1.0714285714285714,0.09285714285714286,0.0,0,S,False
1.0714285714285714,0.09285714285714286,0.0187328571428571,0,N,False
1.0714285714285714,0.09285714285714286,0.155000000000000,0,C,False
1.0714285714285714,0.09285714285714286,13.4693877551021,1,H,True
1.0714285714285714,0.09285714285714286,32.9808179107836,1,S,True
1.0714285714285714,0.09285714285714286,0.0187328571428571,1,N,True
1.0714285714285714,0.09285714285714286,0.00283849918433932,1,C,True
1.0714285714285714,0.09285714285714286,104.929870129870,2,H,False
1.0714285714285714,0.09285714285714286,67.7930314484063,2,S,False
1.0714285714285714,0.09285714285714286,0.00272727272727273,2,N,False
1.0714285714285714,0.09285714285714286,0.00814688172166162,2,C,False
1.0714285714285714,0.09285714285714286,104.929870129870,3,H,True
1.0714285714285714,0.09285714285714286,21.7488236185558,3,S,True
1.0714285714285714,0.09285714285714286,0.00272727272727273,3,N,True
1.0714285714285714,0.09285714285714286,0.0354157483073632,3,C,True
1.0714285714285714,0.09857142857142857,13.4693877551021,0,H,False
1.0714285714285714,0.09857142857142857,0.0,0,S,False
1.0714285714285714,0.09857142857142857,0.0187328571428571,0,N,False
1.0714285714285714,0.09857142857142857,0.160714285714286,0,C,False
1.0714285714285714,0.09857142857142857,13.4693877551021,1,H,True
1.0714285714285714,0.09857142857142857,34.2193823020574,1,S,True
1.0714285714285714,0.09857142857142857,0.0187328571428571,1,N,True
1.0714285714285714,0.09857142857142857,0.00283849918433932,1,C,True
1.0714285714285714,0.09857142857142857,104.929870129870,2,H,False
1.0714285714285714,0.09857142857142857,78.9536016263626,2,S,False
1.0714285714285714,0.09857142857142857,0.00272727272727273,2,N,False
1.0714285714285714,0.09857142857142857,0.00725151741595622,2,C,False
1.0714285714285714,0.09857142857142857,104.929870129870,3,H,True
1.0714285714285714,0.09857142857142857,20.2369771307026,3,S,True
1.0714285714285714,0.09857142857142857,0.00272727272727273,3,N,True
1.0714285714285714,0.09857142857142857,0.0420253983273544,3,C,True
1.0714285714285714,0.10428571428571429,13.4693877551021,0,H,False
1.0714285714285714,0.10428571428571429,0.0,0,S,False
1.0714285714285714,0.10428571428571429,0.0187328571428571,0,N,False
1.0714285714285714,0.10428571428571429,0.166428571428571,0,C,False
1.0714285714285714,0.10428571428571429,13.4693877551021,1,H,True
1.0714285714285714,0.10428571428571429,35.4579466933312,1,S,True
1.0714285714285714,0.10428571428571429,0.0187328571428571,1,N,True
1.0714285714285714,0.10428571428571429,0.00283849918433932,1,C,True
1.0714285714285714,0.10428571428571429,104.929870129870,2,H,False
1.0714285714285714,0.10428571428571429,89.6382920525047,2,S,False
1.0714285714285714,0.10428571428571429,0.00272727272727273,2,N,False
1.0714285714285714,0.10428571428571429,0.00663798446482648,2,C,False
1.0714285714285714,0.10428571428571429,104.929870129870,3,H,True
1.0714285714285714,0.10428571428571429,19.2010103946634,3,S,True
1.0714285714285714,0.10428571428571429,0.00272727272727273,3,N,True
1.0714285714285714,0.10428571428571429,0.0483532169927698,3,C,True
1.0714285714285714,0.11,13.4693877551021,0,H,False
1.0714285714285714,0.11,0.0,0,S,False
1.0714285714285714,0.11,0.0187328571428571,0,N,False
1.0714285714285714,0.11,0.172142857142857,0,C,False
1.0714285714285714,0.11,13.4693877551021,1,H,True
1.0714285714285714,0.11,36.6965110846049,1,S,True
1.0714285714285714,0.11,0.0187328571428571,1,N,True
1.0714285714285714,0.11,0.00283849918433932,1,C,True
1.0714285714285714,0.11,104.929870129870,2,H,False
1.0714285714285714,0.11,100.052636667771,2,S,False
1.0714285714285714,0.11,0.00272727272727273,2,N,False
1.0714285714285714,0.11,0.00618455903201947,2,C,False
1.0714285714285714,0.11,104.929870129870,3,H,True
1.0714285714285714,0.11,18.4353894694998,3,S,True
1.0714285714285714,0.11,0.00272727272727273,3,N,True
1.0714285714285714,0.11,0.0545209281398626,3,C,True
1.0714285714285714,0.11571428571428571,13.4693877551021,0,H,False
1.0714285714285714,0.11571428571428571,0.0,0,S,False
1.0714285714285714,0.11571428571428571,0.0187328571428571,0,N,False
1.0714285714285714,0.11571428571428571,0.177857142857143,0,C,False
1.0714285714285714,0.11571428571428571,13.4693877551021,1,H,True
1.0714285714285714,0.11571428571428571,37.9350754758786,1,S,True
1.0714285714285714,0.11571428571428571,0.0187328571428571,1,N,True
1.0714285714285714,0.11571428571428571,0.00283849918433932,1,C,True
1.0714285714285714,0.11571428571428571,104.929870129870,2,H,False
1.0714285714285714,0.11571428571428571,110.294815320659,2,S,False
1.0714285714285714,0.11571428571428571,0.00272727272727273,2,N,False
1.0714285714285714,0.11571428571428571,0.00583309584115296,2,C,False
1.0714285714285714,0.11571428571428571,104.929870129870,3,H,True
1.0714285714285714,0.11571428571428571,17.8419345067151,3,S,True
1.0714285714285714,0.11571428571428571,0.00272727272727273,3,N,True
1.0714285714285714,0.11571428571428571,0.0605866770450147,3,C,True
1.0714285714285714,0.12142857142857143,13.4693877551021,0,H,False
1.0714285714285714,0.12142857142857143,0.0,0,S,False
1.0714285714285714,0.12142857142857143,0.0187328571428571,0,N,False
1.0714285714285714,0.12142857142857143,0.183571428571429,0,C,False
1.0714285714285714,0.12142857142857143,13.4693877551021,1,H,True
1.0714285714285714,0.12142857142857143,39.1736398671524,1,S,True
1.0714285714285714,0.12142857142857143,0.0187328571428571,1,N,True
1.0714285714285714,0.12142857142857143,0.00283849918433932,1,C,True
1.0714285714285714,0.12142857142857143,104.929870129870,2,H,False
1.0714285714285714,0.12142857142857143,120.419164538730,2,S,False
1.0714285714285714,0.12142857142857143,0.00272727272727273,2,N,False
1.0714285714285714,0.12142857142857143,0.00555141504614725,2,C,False
1.0714285714285714,0.12142857142857143,104.929870129870,3,H,True
1.0714285714285714,0.12142857142857143,17.3663089787468,3,S,True
1.0714285714285714,0.12142857142857143,0.00272727272727273,3,N,True
1.0714285714285714,0.12142857142857143,0.0665826435543062,3,C,True
1.0714285714285714,0.12714285714285714,13.4693877551021,0,H,False
1.0714285714285714,0.12714285714285714,0.0,0,S,False
1.0714285714285714,0.12714285714285714,0.0187328571428571,0,N,False
1.0714285714285714,0.12714285714285714,0.189285714285714,0,C,False
1.0714285714285714,0.12714285714285714,13.4693877551021,1,H,True
1.0714285714285714,0.12714285714285714,40.4122042584262,1,S,True
1.0714285714285714,0.12714285714285714,0.0187328571428571,1,N,True
1.0714285714285714,0.12714285714285714,0.00283849918433932,1,C,True
1.0714285714285714,0.12714285714285714,104.929870129870,2,H,False
1.0714285714285714,0.12714285714285714,130.458711739636,2,S,False
1.0714285714285714,0.12714285714285714,0.00272727272727273,2,N,False
1.0714285714285714,0.12714285714285714,0.00531995674385593,2,C,False
1.0714285714285714,0.12714285714285714,104.929870129870,3,H,True
1.0714285714285714,0.12714285714285714,16.9754854679437,3,S,True
1.0714285714285714,0.12714285714285714,0.00272727272727273,3,N,True
1.0714285714285714,0.12714285714285714,0.0725283875708831,3,C,True
1.0714285714285714,0.13285714285714284,13.4693877551021,0,H,False
1.0714285714285714,0.13285714285714284,0.0,0,S,False
1.0714285714285714,0.13285714285714284,0.0187328571428571,0,N,False
1.0714285714285714,0.13285714285714284,0.195000000000000,0,C,False
1.0714285714285714,0.13285714285714284,13.4693877551021,1,H,True
1.0714285714285714,0.13285714285714284,41.6507686496999,1,S,True
1.0714285714285714,0.13285714285714284,0.0187328571428571,1,N,True
1.0714285714285714,0.13285714285714284,0.00283849918433932,1,C,True
1.0714285714285714,0.13285714285714284,104.929870129870,2,H,False
1.0714285714285714,0.13285714285714284,140.434897073199,2,S,False
1.0714285714285714,0.13285714285714284,0.00272727272727273,2,N,False
1.0714285714285714,0.13285714285714284,0.00512602338527937,2,C,False
1.0714285714285714,0.13285714285714284,104.929870129870,3,H,True
1.0714285714285714,0.13285714285714284,16.6480238244839,3,S,True
1.0714285714285714,0.13285714285714284,0.00272727272727273,3,N,True
1.0714285714285714,0.13285714285714284,0.0784366066437455,3,C,True
1.0714285714285714,0.13857142857142857,13.4693877551021,0,H,False
1.0714285714285714,0.13857142857142857,0.0,0,S,False
1.0714285714285714,0.13857142857142857,0.0187328571428571,0,N,False
1.0714285714285714,0.13857142857142857,0.200714285714285,0,C,False
1.0714285714285714,0.13857142857142857,13.4693877551021,1,H,True
1.0714285714285714,0.13857142857142857,42.8893330409735,1,S,True
1.0714285714285714,0.13857142857142857,0.0187328571428571,1,N,True
1.0714285714285714,0.13857142857142857,0.00283849918433932,1,C,True
1.0714285714285714,0.13857142857142857,104.929870129870,2,H,False
1.0714285714285714,0.13857142857142857,150.362339125087,2,S,False
1.0714285714285714,0.13857142857142857,0.00272727272727273,2,N,False
1.0714285714285714,0.13857142857142857,0.00496095737196829,2,C,False
1.0714285714285714,0.13857142857142857,104.929870129870,3,H,True
1.0714285714285714,0.13857142857142857,16.3693054626974,3,S,True
1.0714285714285714,0.13857142857142857,0.00272727272727273,3,N,True
1.0714285714285714,0.13857142857142857,0.0843159583713416,3,C,True
1.0714285714285714,0.1442857142857143,13.4693877551021,0,H,False
1.0714285714285714,0.1442857142857143,0.0,0,S,False
1.0714285714285714,0.1442857142857143,0.0187328571428571,0,N,False
1.0714285714285714,0.1442857142857143,0.206428571428571,0,C,False
1.0714285714285714,0.1442857142857143,13.4693877551021,1,H,True
1.0714285714285714,0.1442857142857143,44.1278974322473,1,S,True
1.0714285714285714,0.1442857142857143,0.0187328571428571,1,N,True
1.0714285714285714,0.1442857142857143,0.00283849918433932,1,C,True
1.0714285714285714,0.1442857142857143,104.929870129870,2,H,False
1.0714285714285714,0.1442857142857143,160.251394039111,2,S,False
1.0714285714285714,0.1442857142857143,0.00272727272727273,2,N,False
1.0714285714285714,0.1442857142857143,0.00481862546117347,2,C,False
1.0714285714285714,0.1442857142857143,104.929870129870,3,H,True
1.0714285714285714,0.1442857142857143,16.1289742387773,3,S,True
1.0714285714285714,0.1442857142857143,0.00272727272727273,3,N,True
1.0714285714285714,0.1442857142857143,0.0901725759964224,3,C,True
1.0714285714285714,0.15,13.4693877551021,0,H,False
1.0714285714285714,0.15,0.0,0,S,False
1.0714285714285714,0.15,0.0187328571428571,0,N,False
1.0714285714285714,0.15,0.212142857142857,0,C,False
1.0714285714285714,0.15,13.4693877551021,1,H,True
1.0714285714285714,0.15,45.3664618235211,1,S,True
1.0714285714285714,0.15,0.0187328571428571,1,N,True
1.0714285714285714,0.15,0.00283849918433932,1,C,True
1.0714285714285714,0.15,104.929870129870,2,H,False
1.0714285714285714,0.15,170.109627613521,2,S,False
1.0714285714285714,0.15,0.00272727272727273,2,N,False
1.0714285714285714,0.15,0.00469454694287944,2,C,False
1.0714285714285714,0.15,104.929870129870,3,H,True
1.0714285714285714,0.15,15.9194643544704,3,S,True
1.0714285714285714,0.15,0.00272727272727273,3,N,True
1.0714285714285714,0.15,0.0960109402290024,3,C,True
1.1071428571428572,0.07,11.6326530612245,0,H,False
1.1071428571428572,0.07,0.0,0,S,False
1.1071428571428572,0.07,0.0190542857142857,0,N,False
1.1071428571428572,0.07,0.133214285714286,0,C,False
1.1071428571428572,0.07,11.6326530612245,1,H,True
1.1071428571428572,0.07,23.9813609382942,1,S,True
1.1071428571428572,0.07,0.0190542857142857,1,N,True
1.1071428571428572,0.07,0.00289452166802944,1,C,True
1.1071428571428572,0.07,,2,H,False
1.1071428571428572,0.07,,2,S,False
1.1071428571428572,0.07,,2,N,False
1.1071428571428572,0.07,,2,C,False
1.1071428571428572,0.07,,3,H,False
1.1071428571428572,0.07,,3,S,False
1.1071428571428572,0.07,,3,N,False
1.1071428571428572,0.07,,3,C,False
1.1071428571428572,0.07571428571428572,11.6326530612245,0,H,False
1.1071428571428572,0.07571428571428572,0.0,0,S,False
1.1071428571428572,0.07571428571428572,0.0190542857142857,0,N,False
1.1071428571428572,0.07571428571428572,0.138928571428571,0,C,False
1.1071428571428572,0.07571428571428572,11.6326530612245,1,H,True
1.1071428571428572,0.07571428571428572,25.0329001980659,1,S,True
1.1071428571428572,0.07571428571428572,0.0190542857142857,1,N,True
1.1071428571428572,0.07571428571428572,0.00289452166802944,1,C,True
1.1071428571428572,0.07571428571428572,,2,H,False
1.1071428571428572,0.07571428571428572,,2,S,False
1.1071428571428572,0.07571428571428572,,2,N,False
1.1071428571428572,0.07571428571428572,,2,C,False
1.1071428571428572,0.07571428571428572,,3,H,False
1.1071428571428572,0.07571428571428572,,3,S,False
1.1071428571428572,0.07571428571428572,,3,N,False
1.1071428571428572,0.07571428571428572,,3,C,False
1.1071428571428572,0.08142857142857143,11.6326530612245,0,H,False
1.1071428571428572,0.08142857142857143,0.0,0,S,False
1.1071428571428572,0.08142857142857143,0.0190542857142857,0,N,False
1.1071428571428572,0.08142857142857143,0.144642857142857,0,C,False
1.1071428571428572,0.08142857142857143,11.6326530612245,1,H,True
1.1071428571428572,0.08142857142857143,26.0844394578376,1,S,True
1.1071428571428572,0.08142857142857143,0.0190542857142857,1,N,True
1.1071428571428572,0.08142857142857143,0.00289452166802944,1,C,True
1.1071428571428572,0.08142857142857143,,2,H,False
1.1071428571428572,0.08142857142857143,,2,S,False
1.1071428571428572,0.08142857142857143,,2,N,False
1.1071428571428572,0.08142857142857143,,2,C,False
1.1071428571428572,0.08142857142857143,,3,H,False
1.1071428571428572,0.08142857142857143,,3,S,False
1.1071428571428572,0.08142857142857143,,3,N,False
1.1071428571428572,0.08142857142857143,,3,C,False
1.1071428571428572,0.08714285714285715,11.6326530612245,0,H,False
1.1071428571428572,0.08714285714285715,0.0,0,S,False
1.1071428571428572,0.08714285714285715,0.0190542857142857,0,N,False
1.1071428571428572,0.08714285714285715,0.150357142857143,0,C,False
1.1071428571428572,0.08714285714285715,11.6326530612245,1,H,True
1.1071428571428572,0.08714285714285715,27.1359787176093,1,S,True
1.1071428571428572,0.08714285714285715,0.0190542857142857,1,N,True
1.1071428571428572,0.08714285714285715,0.00289452166802944,1,C,True
1.1071428571428572,0.08714285714285715,104.929870129870,2,H,False
1.1071428571428572,0.08714285714285715,50.9969241968994,2,S,False
1.1071428571428572,0.08714285714285715,0.00272727272727273,2,N,False
1.1071428571428572,0.08714285714285715,0.0107876399039181,2,C,False
1.1071428571428572,0.08714285714285715,104.929870129870,3,H,True
1.1071428571428572,0.08714285714285715,26.1760787325812,3,S,True
1.1071428571428572,0.08714285714285715,0.00272727272727273,3,N,True
1.1071428571428572,0.08714285714285715,0.0257407892303165,3,C,True
1.1071428571428572,0.09285714285714286,11.6326530612245,0,H,False
1.1071428571428572,0.09285714285714286,0.0,0,S,False
1.1071428571428572,0.09285714285714286,0.0190542857142857,0,N,False
1.1071428571428572,0.09285714285714286,0.156071428571429,0,C,False
1.1071428571428572,0.09285714285714286,11.6326530612245,1,H,True
1.1071428571428572,0.09285714285714286,28.1875179773810,1,S,True
1.1071428571428572,0.09285714285714286,0.0190542857142857,1,N,True
1.1071428571428572,0.09285714285714286,0.00289452166802944,1,C,True
1.1071428571428572,0.09285714285714286,104.929870129870,2,H,False
1.1071428571428572,0.09285714285714286,63.7863523511848,2,S,False
1.1071428571428572,0.09285714285714286,0.00272727272727273,2,N,False
1.1071428571428572,0.09285714285714286,0.00879702171937404,2,C,False
1.1071428571428572,0.09285714285714286,104.929870129870,3,H,True
1.1071428571428572,0.09285714285714286,22.8718365787359,3,S,True
1.1071428571428572,0.09285714285714286,0.00272727272727273,3,N,True
1.1071428571428572,0.09285714285714286,0.0334456931291461,3,C,True
1.1071428571428572,0.09857142857142857,11.6326530612245,0,H,False
1.1071428571428572,0.09857142857142857,0.0,0,S,False
1.1071428571428572,0.09857142857142857,0.0190542857142857,0,N,False
1.1071428571428572,0.09857142857142857,0.161785714285714,0,C,False
1.1071428571428572,0.09857142857142857,11.6326530612245,1,H,True
1.1071428571428572,0.09857142857142857,29.2390572371527,1,S,True
1.1071428571428572,0.09857142857142857,0.0190542857142857,1,N,True
1.1071428571428572,0.09857142857142857,0.00289452166802944,1,C,True
1.1071428571428572,0.09857142857142857,104.929870129870,2,H,False
1.1071428571428572,0.09857142857142857,75.0525062961126,2,S,False
1.1071428571428572,0.09857142857142857,0.00272727272727273,2,N,False
1.1071428571428572,0.09857142857142857,0.00772408970915171,2,C,False
1.1071428571428572,0.09857142857142857,104.929870129870,3,H,True
1.1071428571428572,0.09857142857142857,21.0908686342485,3,S,True
1.1071428571428572,0.09857142857142857,0.00272727272727273,3,N,True
1.1071428571428572,0.09857142857142857,0.0402329108536543,3,C,True
1.1071428571428572,0.10428571428571429,11.6326530612245,0,H,False
1.1071428571428572,0.10428571428571429,0.0,0,S,False
1.1071428571428572,0.10428571428571429,0.0190542857142857,0,N,False
1.1071428571428572,0.10428571428571429,0.167500000000000,0,C,False
1.1071428571428572,0.10428571428571429,11.6326530612245,1,H,True
1.1071428571428572,0.10428571428571429,30.2905964969244,1,S,True
1.1071428571428572,0.10428571428571429,0.0190542857142857,1,N,True
1.1071428571428572,0.10428571428571429,0.00289452166802944,1,C,True
1.1071428571428572,0.10428571428571429,104.929870129870,2,H,False
1.1071428571428572,0.10428571428571429,85.7143434757220,2,S,False
1.1071428571428572,0.10428571428571429,0.00272727272727273,2,N,False
1.1071428571428572,0.10428571428571429,0.00701522421895330,2,C,False
1.1071428571428572,0.10428571428571429,104.929870129870,3,H,True
1.1071428571428572,0.10428571428571429,19.9142174550791,3,S,True
1.1071428571428572,0.10428571428571429,0.00272727272727273,3,N,True
1.1071428571428572,0.10428571428571429,0.0466560620581383,3,C,True
1.1071428571428572,0.11,11.6326530612245,0,H,False
1.1071428571428572,0.11,0.0,0,S,False
1.1071428571428572,0.11,0.0190542857142857,0,N,False
1.1071428571428572,0.11,0.173214285714286,0,C,False
1.1071428571428572,0.11,11.6326530612245,1,H,True
1.1071428571428572,0.11,31.3421357566961,1,S,True
1.1071428571428572,0.11,0.0190542857142857,1,N,True
1.1071428571428572,0.11,0.00289452166802944,1,C,True
1.1071428571428572,0.11,104.929870129870,2,H,False
1.1071428571428572,0.11,96.0516534248588,2,S,False
1.1071428571428572,0.11,0.00272727272727273,2,N,False
1.1071428571428572,0.11,0.00650186794880630,2,C,False
1.1071428571428572,0.11,104.929870129870,3,H,True
1.1071428571428572,0.11,19.0620935063827,3,S,True
1.1071428571428572,0.11,0.00272727272727273,3,N,True
1.1071428571428572,0.11,0.0528837040425711,3,C,True
1.1071428571428572,0.11571428571428571,11.6326530612245,0,H,False
1.1071428571428572,0.11571428571428571,0.0,0,S,False
1.1071428571428572,0.11571428571428571,0.0190542857142857,0,N,False
1.1071428571428572,0.11571428571428571,0.178928571428571,0,C,False
1.1071428571428572,0.11571428571428571,11.6326530612245,1,H,True
1.1071428571428572,0.11571428571428571,32.3936750164678,1,S,True
1.1071428571428572,0.11571428571428571,0.0190542857142857,1,N,True
1.1071428571428572,0.11571428571428571,0.00289452166802944,1,C,True
1.1071428571428572,0.11571428571428571,104.929870129870,2,H,False
1.1071428571428572,0.11571428571428571,106.188717984506,2,S,False
1.1071428571428572,0.11571428571428571,0.00272727272727273,2,N,False
1.1071428571428572,0.11571428571428571,0.00610914814993752,2,C,False
1.1071428571428572,0.11571428571428571,104.929870129870,3,H,True
1.1071428571428572,0.11571428571428571,18.4102149471757,3,S,True
1.1071428571428572,0.11571428571428571,0.00272727272727273,3,N,True
1.1071428571428572,0.11571428571428571,0.0589907095557255,3,C,True
1.1071428571428572,0.12142857142857143,11.6326530612245,0,H,False
1.1071428571428572,0.12142857142857143,0.0,0,S,False
1.1071428571428572,0.12142857142857143,0.0190542857142857,0,N,False
1.1071428571428572,0.12142857142857143,0.184642857142857,0,C,False
1.1071428571428572,0.12142857142857143,11.6326530612245,1,H,True
1.1071428571428572,0.12142857142857143,33.4452142762396,1,S,True
1.1071428571428572,0.12142857142857143,0.0190542857142857,1,N,True
1.1071428571428572,0.12142857142857143,0.00289452166802944,1,C,True
1.1071428571428572,0.12142857142857143,104.929870129870,2,H,False
1.1071428571428572,0.12142857142857143,116.191516129982,2,S,False
1.1071428571428572,0.12142857142857143,0.00272727272727273,2,N,False
1.1071428571428572,0.12142857142857143,0.00579731623796659,2,C,False
1.1071428571428572,0.12142857142857143,104.929870129870,3,H,True
1.1071428571428572,0.12142857142857143,17.8926028021402,3,S,True
1.1071428571428572,0.12142857142857143,0.00272727272727273,3,N,True
1.1071428571428572,0.12142857142857143,0.0650168271819822,3,C,True
1.1071428571428572,0.12714285714285714,11.6326530612245,0,H,False
1.1071428571428572,0.12714285714285714,0.0,0,S,False
1.1071428571428572,0.12714285714285714,0.0190542857142857,0,N,False
1.1071428571428572,0.12714285714285714,0.190357142857143,0,C,False
1.1071428571428572,0.12714285714285714,11.6326530612245,1,H,True
1.1071428571428572,0.12714285714285714,34.4967535360112,1,S,True
1.1071428571428572,0.12714285714285714,0.0190542857142857,1,N,True
1.1071428571428572,0.12714285714285714,0.00289452166802944,1,C,True
1.1071428571428572,0.12714285714285714,104.929870129870,2,H,False
1.1071428571428572,0.12714285714285714,126.099071901456,2,S,False
1.1071428571428572,0.12714285714285714,0.00272727272727273,2,N,False
1.1071428571428572,0.12714285714285714,0.00554286244563695,2,C,False
1.1071428571428572,0.12714285714285714,104.929870129870,3,H,True
1.1071428571428572,0.12714285714285714,17.4702330311065,3,S,True
1.1071428571428572,0.12714285714285714,0.00272727272727273,3,N,True
1.1071428571428572,0.12714285714285714,0.0709855666885974,3,C,True
1.1071428571428572,0.13285714285714284,11.6326530612245,0,H,False
1.1071428571428572,0.13285714285714284,0.0,0,S,False
1.1071428571428572,0.13285714285714284,0.0190542857142857,0,N,False
1.1071428571428572,0.13285714285714284,0.196071428571429,0,C,False
1.1071428571428572,0.13285714285714284,11.6326530612245,1,H,True
1.1071428571428572,0.13285714285714284,35.5482927957830,1,S,True
1.1071428571428572,0.13285714285714284,0.0190542857142857,1,N,True
1.1071428571428572,0.13285714285714284,0.00289452166802944,1,C,True
1.1071428571428572,0.13285714285714284,104.929870129870,2,H,False
1.1071428571428572,0.13285714285714284,135.936231348546,2,S,False
1.1071428571428572,0.13285714285714284,0.00272727272727273,2,N,False
1.1071428571428572,0.13285714285714284,0.00533081843955136,2,C,False
1.1071428571428572,0.13285714285714284,104.929870129870,3,H,True
1.1071428571428572,0.13285714285714284,17.1182595844564,3,S,True
1.1071428571428572,0.13285714285714284,0.00272727272727273,3,N,True
1.1071428571428572,0.13285714285714284,0.0769118964089688,3,C,True
1.1071428571428572,0.13857142857142857,11.6326530612245,0,H,False
1.1071428571428572,0.13857142857142857,0.0,0,S,False
1.1071428571428572,0.13857142857142857,0.0190542857142857,0,N,False
1.1071428571428572,0.13857142857142857,0.201785714285715,0,C,False
1.1071428571428572,0.13857142857142857,11.6326530612245,1,H,True
1.1071428571428572,0.13857142857142857,36.5998320555547,1,S,True
1.1071428571428572,0.13857142857142857,0.0190542857142857,1,N,True
1.1071428571428572,0.13857142857142857,0.00289452166802944,1,C,True
1.1071428571428572,0.13857142857142857,104.929870129870,2,H,False
1.1071428571428572,0.13857142857142857,145.719690485306,2,S,False
1.1071428571428572,0.13857142857142857,0.00272727272727273,2,N,False
1.1071428571428572,0.13857142857142857,0.00515112581973926,2,C,False
1.1071428571428572,0.13857142857142857,104.929870129870,3,H,True
1.1071428571428572,0.13857142857142857,16.8199864481372,3,S,True
1.1071428571428572,0.13857142857142857,0.00272727272727273,3,N,True
1.1071428571428572,0.13857142857142857,0.0828058747430669,3,C,True
1.1071428571428572,0.1442857142857143,11.6326530612245,0,H,False
1.1071428571428572,0.1442857142857143,0.0,0,S,False
1.1071428571428572,0.1442857142857143,0.0190542857142857,0,N,False
1.1071428571428572,0.1442857142857143,0.207500000000001,0,C,False
1.1071428571428572,0.1442857142857143,11.6326530612245,1,H,True
1.1071428571428572,0.1442857142857143,37.6513713153265,1,S,True
1.1071428571428572,0.1442857142857143,0.0190542857142857,1,N,True
1.1071428571428572,0.1442857142857143,0.00289452166802944,1,C,True
1.1071428571428572,0.1442857142857143,104.929870129870,2,H,False
1.1071428571428572,0.1442857142857143,155.461143648186,2,S,False
1.1071428571428572,0.1442857142857143,0.00272727272727273,2,N,False
1.1071428571428572,0.1442857142857143,0.00499673941284099,2,C,False
1.1071428571428572,0.1442857142857143,104.929870129870,3,H,True
1.1071428571428572,0.1442857142857143,16.5637192856975,3,S,True
1.1071428571428572,0.1442857142857143,0.00272727272727273,3,N,True
1.1071428571428572,0.1442857142857143,0.0886745468642512,3,C,True
1.1071428571428572,0.15,11.6326530612245,0,H,False
1.1071428571428572,0.15,0.0,0,S,False
1.1071428571428572,0.15,0.0190542857142857,0,N,False
1.1071428571428572,0.15,0.213214285714287,0,C,False
1.1071428571428572,0.15,11.6326530612245,1,H,True
1.1071428571428572,0.15,38.7029105750982,1,S,True
1.1071428571428572,0.15,0.0190542857142857,1,N,True
1.1071428571428572,0.15,0.00289452166802944,1,C,True
1.1071428571428572,0.15,104.929870129870,2,H,False
1.1071428571428572,0.15,165.169056737835,2,S,False
1.1071428571428572,0.15,0.00272727272727273,2,N,False
1.1071428571428572,0.15,0.00486255899466195,2,C,False
1.1071428571428572,0.15,104.929870129870,3,H,True
1.1071428571428572,0.15,16.3409921964896,3,S,True
1.1071428571428572,0.15,0.00272727272727273,3,N,True
1.1071428571428572,0.15,0.0945230129967162,3,C,True
1.1428571428571428,0.07,9.79591836734694,0,H,False
1.1428571428571428,0.07,0.0,0,S,False
1.1428571428571428,0.07,0.0193757142857143,0,N,False
1.1428571428571428,0.07,0.134285714285714,0,C,False
1.1428571428571428,0.07,9.79591836734694,1,H,True
1.1428571428571428,0.07,20.0129363220698,1,S,True
1.1428571428571428,0.07,0.0193757142857143,1,N,True
1.1428571428571428,0.07,0.00295081967213115,1,C,True
1.1428571428571428,0.07,,2,H,False
1.1428571428571428,0.07,,2,S,False
1.1428571428571428,0.07,,2,N,False
1.1428571428571428,0.07,,2,C,False
1.1428571428571428,0.07,,3,H,False
1.1428571428571428,0.07,,3,S,False
1.1428571428571428,0.07,,3,N,False
1.1428571428571428,0.07,,3,C,False
1.1428571428571428,0.07571428571428572,9.79591836734694,0,H,False
1.1428571428571428,0.07571428571428572,0.0,0,S,False
1.1428571428571428,0.07571428571428572,0.0193757142857143,0,N,False
1.1428571428571428,0.07571428571428572,0.140000000000000,0,C,False
1.1428571428571428,0.07571428571428572,9.79591836734694,1,H,True
1.1428571428571428,0.07571428571428572,20.8836846213895,1,S,True
1.1428571428571428,0.07571428571428572,0.0193757142857143,1,N,True
1.1428571428571428,0.07571428571428572,0.00295081967213115,1,C,True
1.1428571428571428,0.07571428571428572,,2,H,False
1.1428571428571428,0.07571428571428572,,2,S,False
1.1428571428571428,0.07571428571428572,,2,N,False
1.1428571428571428,0.07571428571428572,,2,C,False
1.1428571428571428,0.07571428571428572,,3,H,False
1.1428571428571428,0.07571428571428572,,3,S,False
1.1428571428571428,0.07571428571428572,,3,N,False
1.1428571428571428,0.07571428571428572,,3,C,False
1.1428571428571428,0.08142857142857143,9.79591836734694,0,H,False
1.1428571428571428,0.08142857142857143,0.0,0,S,False
1.1428571428571428,0.08142857142857143,0.0193757142857143,0,N,False
1.1428571428571428,0.08142857142857143,0.145714285714286,0,C,False
1.1428571428571428,0.08142857142857143,9.79591836734694,1,H,True
1.1428571428571428,0.08142857142857143,21.7544329207093,1,S,True
1.1428571428571428,0.08142857142857143,0.0193757142857143,1,N,True
1.1428571428571428,0.08142857142857143,0.00295081967213115,1,C,True
1.1428571428571428,0.08142857142857143,,2,H,False
1.1428571428571428,0.08142857142857143,,2,S,False
1.1428571428571428,0.08142857142857143,,2,N,False
1.1428571428571428,0.08142857142857143,,2,C,False
1.1428571428571428,0.08142857142857143,,3,H,False
1.1428571428571428,0.08142857142857143,,3,S,False
1.1428571428571428,0.08142857142857143,,3,N,False
1.1428571428571428,0.08142857142857143,,3,C,False
1.1428571428571428,0.08714285714285715,9.79591836734694,0,H,False
1.1428571428571428,0.08714285714285715,0.0,0,S,False
1.1428571428571428,0.08714285714285715,0.0193757142857143,0,N,False
1.1428571428571428,0.08714285714285715,0.151428571428571,0,C,False
1.1428571428571428,0.08714285714285715,9.79591836734694,1,H,True
1.1428571428571428,0.08714285714285715,22.6251812200290,1,S,True
1.1428571428571428,0.08714285714285715,0.0193757142857143,1,N,True
1.1428571428571428,0.08714285714285715,0.00295081967213115,1,C,True
1.1428571428571428,0.08714285714285715,104.929870129870,2,H,False
1.1428571428571428,0.08714285714285715,45.7131514334651,2,S,False
1.1428571428571428,0.08714285714285715,0.00272727272727273,2,N,False
1.1428571428571428,0.08714285714285715,0.0124326117647825,2,C,False
1.1428571428571428,0.08714285714285715,104.929870129870,3,H,True
1.1428571428571428,0.08714285714285715,28.8409895127222,3,S,True
1.1428571428571428,0.08714285714285715,0.00272727272727273,3,N,True
1.1428571428571428,0.08714285714285715,0.0227694108028138,3,C,True
1.1428571428571428,0.09285714285714286,9.79591836734694,0,H,False
1.1428571428571428,0.09285714285714286,0.0,0,S,False
1.1428571428571428,0.09285714285714286,0.0193757142857143,0,N,False
1.1428571428571428,0.09285714285714286,0.157142857142857,0,C,False
1.1428571428571428,0.09285714285714286,9.79591836734694,1,H,True
1.1428571428571428,0.09285714285714286,23.4959295193487,1,S,True
1.1428571428571428,0.09285714285714286,0.0193757142857143,1,N,True
1.1428571428571428,0.09285714285714286,0.00295081967213115,1,C,True
1.1428571428571428,0.09285714285714286,104.929870129870,2,H,False
1.1428571428571428,0.09285714285714286,59.7156577849218,2,S,False
1.1428571428571428,0.09285714285714286,0.00272727272727273,2,N,False
1.1428571428571428,0.09285714285714286,0.00956820466757881,2,C,False
1.1428571428571428,0.09285714285714286,104.929870129870,3,H,True
1.1428571428571428,0.09285714285714286,24.1655827283653,3,S,True
1.1428571428571428,0.09285714285714286,0.00272727272727273,3,N,True
1.1428571428571428,0.09285714285714286,0.0313481036143032,3,C,True
1.1428571428571428,0.09857142857142857,9.79591836734694,0,H,False
1.1428571428571428,0.09857142857142857,0.0,0,S,False
1.1428571428571428,0.09857142857142857,0.0193757142857143,0,N,False
1.1428571428571428,0.09857142857142857,0.162857142857143,0,C,False
1.1428571428571428,0.09857142857142857,9.79591836734694,1,H,True
1.1428571428571428,0.09857142857142857,24.3666778186685,1,S,True
1.1428571428571428,0.09857142857142857,0.0193757142857143,1,N,True
1.1428571428571428,0.09857142857142857,0.00295081967213115,1,C,True
1.1428571428571428,0.09857142857142857,104.929870129870,2,H,False
1.1428571428571428,0.09857142857142857,71.1853386344802,2,S,False
1.1428571428571428,0.09857142857142857,0.00272727272727273,2,N,False
1.1428571428571428,0.09857142857142857,0.00825554347789481,2,C,False
1.1428571428571428,0.09857142857142857,104.929870129870,3,H,True
1.1428571428571428,0.09857142857142857,22.0230014459065,3,S,True
1.1428571428571428,0.09857142857142857,0.00272727272727273,3,N,True
1.1428571428571428,0.09857142857142857,0.0383750505182731,3,C,True
1.1428571428571428,0.10428571428571429,9.79591836734694,0,H,False
1.1428571428571428,0.10428571428571429,0.0,0,S,False
1.1428571428571428,0.10428571428571429,0.0193757142857143,0,N,False
1.1428571428571428,0.10428571428571429,0.168571428571429,0,C,False
1.1428571428571428,0.10428571428571429,9.79591836734694,1,H,True
1.1428571428571428,0.10428571428571429,25.2374261179882,1,S,True
1.1428571428571428,0.10428571428571429,0.0193757142857143,1,N,True
1.1428571428571428,0.10428571428571429,0.00295081967213115,1,C,True
1.1428571428571428,0.10428571428571429,104.929870129870,2,H,False
1.1428571428571428,0.10428571428571429,81.8620515366126,2,S,False
1.1428571428571428,0.10428571428571429,0.00272727272727273,2,N,False
1.1428571428571428,0.10428571428571429,0.00742869734585695,2,C,False
1.1428571428571428,0.10428571428571429,104.929870129870,3,H,True
1.1428571428571428,0.10428571428571429,20.6733881108736,3,S,True
1.1428571428571428,0.10428571428571429,0.00272727272727273,3,N,True
1.1428571428571428,0.10428571428571429,0.0449161823645965,3,C,True
1.1428571428571428,0.11,9.79591836734694,0,H,False
1.1428571428571428,0.11,0.0,0,S,False
1.1428571428571428,0.11,0.0193757142857143,0,N,False
1.1428571428571428,0.11,0.174285714285714,0,C,False
1.1428571428571428,0.11,9.79591836734694,1,H,True
1.1428571428571428,0.11,26.1081744173079,1,S,True
1.1428571428571428,0.11,0.0193757142857143,1,N,True
1.1428571428571428,0.11,0.00295081967213115,1,C,True
1.1428571428571428,0.11,104.929870129870,2,H,False
1.1428571428571428,0.11,92.1430054069026,2,S,False
1.1428571428571428,0.11,0.00272727272727273,2,N,False
1.1428571428571428,0.11,0.00684431460403900,2,C,False
1.1428571428571428,0.11,104.929870129870,3,H,True
1.1428571428571428,0.11,19.7195338076832,3,S,True
1.1428571428571428,0.11,0.00272727272727273,3,N,True
1.1428571428571428,0.11,0.0512148508207003,3,C,True
1.1428571428571428,0.11571428571428571,9.79591836734694,0,H,False
1.1428571428571428,0.11571428571428571,0.0,0,S,False
1.1428571428571428,0.11571428571428571,0.0193757142857143,0,N,False
1.1428571428571428,0.11571428571428571,0.180000000000000,0,C,False
1.1428571428571428,0.11571428571428571,9.79591836734694,1,H,True
1.1428571428571428,0.11571428571428571,26.9789227166276,1,S,True
1.1428571428571428,0.11571428571428571,0.0193757142857143,1,N,True
1.1428571428571428,0.11571428571428571,0.00295081967213115,1,C,True
1.1428571428571428,0.11571428571428571,104.929870129870,2,H,False
1.1428571428571428,0.11571428571428571,102.188855976051,2,S,False
1.1428571428571428,0.11571428571428571,0.00272727272727273,2,N,False
1.1428571428571428,0.11571428571428571,0.00640396886165783,2,C,False
1.1428571428571428,0.11571428571428571,104.929870129870,3,H,True
1.1428571428571428,0.11571428571428571,19.0007828056341,3,S,True
1.1428571428571428,0.11571428571428571,0.00272727272727273,3,N,True
1.1428571428571428,0.11571428571428571,0.0573694822773670,3,C,True
1.1428571428571428,0.12142857142857143,9.79591836734694,0,H,False
1.1428571428571428,0.12142857142857143,0.0,0,S,False
1.1428571428571428,0.12142857142857143,0.0193757142857143,0,N,False
1.1428571428571428,0.12142857142857143,0.185714285714286,0,C,False
1.1428571428571428,0.12142857142857143,9.79591836734694,1,H,True
1.1428571428571428,0.12142857142857143,27.8496710159474,1,S,True
1.1428571428571428,0.12142857142857143,0.0193757142857143,1,N,True
1.1428571428571428,0.12142857142857143,0.00295081967213115,1,C,True
1.1428571428571428,0.12142857142857143,104.929870129870,2,H,False
1.1428571428571428,0.12142857142857143,112.080749960187,2,S,False
1.1428571428571428,0.12142857142857143,0.00272727272727273,2,N,False
1.1428571428571428,0.12142857142857143,0.00605794525104261,2,C,False
1.1428571428571428,0.12142857142857143,104.929870129870,3,H,True
1.1428571428571428,0.12142857142857143,18.4359883885984,3,S,True
1.1428571428571428,0.12142857142857143,0.00272727272727273,3,N,True
1.1428571428571428,0.12142857142857143,0.0634297916022681,3,C,True
1.1428571428571428,0.12714285714285714,9.79591836734694,0,H,False
1.1428571428571428,0.12714285714285714,0.0,0,S,False
1.1428571428571428,0.12714285714285714,0.0193757142857143,0,N,False
1.1428571428571428,0.12714285714285714,0.191428571428571,0,C,False
1.1428571428571428,0.12714285714285714,9.79591836734694,1,H,True
1.1428571428571428,0.12714285714285714,28.7204193152671,1,S,True
1.1428571428571428,0.12714285714285714,0.0193757142857143,1,N,True
1.1428571428571428,0.12714285714285714,0.00295081967213115,1,C,True
1.1428571428571428,0.12714285714285714,104.929870129870,2,H,False
1.1428571428571428,0.12714285714285714,121.865197624343,2,S,False
1.1428571428571428,0.12714285714285714,0.00272727272727273,2,N,False
1.1428571428571428,0.12714285714285714,0.00577774906800950,2,C,False
1.1428571428571428,0.12714285714285714,104.929870129870,3,H,True
1.1428571428571428,0.12714285714285714,17.9786402915410,3,S,True
1.1428571428571428,0.12714285714285714,0.00272727272727273,3,N,True
1.1428571428571428,0.12714285714285714,0.0694242734995868,3,C,True
1.1428571428571428,0.13285714285714284,9.79591836734694,0,H,False
1.1428571428571428,0.13285714285714284,0.0,0,S,False
1.1428571428571428,0.13285714285714284,0.0193757142857143,0,N,False
1.1428571428571428,0.13285714285714284,0.197142857142857,0,C,False
1.1428571428571428,0.13285714285714284,9.79591836734694,1,H,True
1.1428571428571428,0.13285714285714284,29.5911676145868,1,S,True
1.1428571428571428,0.13285714285714284,0.0193757142857143,1,N,True
1.1428571428571428,0.13285714285714284,0.00295081967213115,1,C,True
1.1428571428571428,0.13285714285714284,104.929870129870,2,H,False
1.1428571428571428,0.13285714285714284,131.571172632452,2,S,False
1.1428571428571428,0.13285714285714284,0.00272727272727273,2,N,False
1.1428571428571428,0.13285714285714284,0.00554562947879755,2,C,False
1.1428571428571428,0.13285714285714284,104.929870129870,3,H,True
1.1428571428571428,0.13285714285714284,17.5997648505315,3,S,True
1.1428571428571428,0.13285714285714284,0.00272727272727273,3,N,True
1.1428571428571428,0.13285714285714284,0.0753706788030843,3,C,True
1.1428571428571428,0.13857142857142857,9.79591836734694,0,H,False
1.1428571428571428,0.13857142857142857,0.0,0,S,False
1.1428571428571428,0.13857142857142857,0.0193757142857143,0,N,False
1.1428571428571428,0.13857142857142857,0.202857142857143,0,C,False
1.1428571428571428,0.13857142857142857,9.79591836734694,1,H,True
1.1428571428571428,0.13857142857142857,30.4619159139066,1,S,True
1.1428571428571428,0.13857142857142857,0.0193757142857143,1,N,True
1.1428571428571428,0.13857142857142857,0.00295081967213115,1,C,True
1.1428571428571428,0.13857142857142857,104.929870129870,2,H,False
1.1428571428571428,0.13857142857142857,141.217833992568,2,S,False
1.1428571428571428,0.13857142857142857,0.00272727272727273,2,N,False
1.1428571428571428,0.13857142857142857,0.00534984863872750,2,C,False
1.1428571428571428,0.13857142857142857,104.929870129870,3,H,True
1.1428571428571428,0.13857142857142857,17.2802030575153,3,S,True
1.1428571428571428,0.13857142857142857,0.00272727272727273,3,N,True
1.1428571428571428,0.13857142857142857,0.0812807453574404,3,C,True
1.1428571428571428,0.1442857142857143,9.79591836734694,0,H,False
1.1428571428571428,0.1442857142857143,0.0,0,S,False
1.1428571428571428,0.1442857142857143,0.0193757142857143,0,N,False
1.1428571428571428,0.1442857142857143,0.208571428571429,0,C,False
1.1428571428571428,0.1442857142857143,9.79591836734694,1,H,True
1.1428571428571428,0.1442857142857143,31.3326642132263,1,S,True
1.1428571428571428,0.1442857142857143,0.0193757142857143,1,N,True
1.1428571428571428,0.1442857142857143,0.00295081967213115,1,C,True
1.1428571428571428,0.1442857142857143,104.929870129870,2,H,False
1.1428571428571428,0.1442857142857143,150.818435959462,2,S,False
1.1428571428571428,0.1442857142857143,0.00272727272727273,2,N,False
1.1428571428571428,0.1442857142857143,0.00518228627438027,2,C,False
1.1428571428571428,0.1442857142857143,104.929870129870,3,H,True
1.1428571428571428,0.1442857142857143,17.0067006577214,3,S,True
1.1428571428571428,0.1442857142857143,0.00272727272727273,3,N,True
1.1428571428571428,0.1442857142857143,0.0871625934360736,3,C,True
1.1428571428571428,0.15,9.79591836734694,0,H,False
1.1428571428571428,0.15,0.0,0,S,False
1.1428571428571428,0.15,0.0193757142857143,0,N,False
1.1428571428571428,0.15,0.214285714285715,0,C,False
1.1428571428571428,0.15,9.79591836734694,1,H,True
1.1428571428571428,0.15,32.2034125125461,1,S,True
1.1428571428571428,0.15,0.0193757142857143,1,N,True
1.1428571428571428,0.15,0.00295081967213115,1,C,True
1.1428571428571428,0.15,104.929870129870,2,H,False
1.1428571428571428,0.15,160.382479613601,2,S,False
1.1428571428571428,0.15,0.00272727272727273,2,N,False
1.1428571428571428,0.15,0.00503712150993117,2,C,False
1.1428571428571428,0.15,104.929870129870,3,H,True
1.1428571428571428,0.15,16.7697565706825,3,S,True
1.1428571428571428,0.15,0.00272727272727273,3,N,True
1.1428571428571428,0.15,0.0930220439148087,3,C,True
1.1785714285714286,0.07,7.95918367346940,0,H,False
1.1785714285714286,0.07,0.0,0,S,False
1.1785714285714286,0.07,0.0196971428571429,0,N,False
1.1785714285714286,0.07,0.135357142857143,0,C,False
1.1785714285714286,0.07,7.95918367346940,1,H,True
1.1785714285714286,0.07,16.1175336683699,1,S,True
1.1785714285714286,0.07,0.0196971428571429,1,N,True
1.1785714285714286,0.07,0.00300739523418242,1,C,True
1.1785714285714286,0.07,,2,H,False
1.1785714285714286,0.07,,2,S,False
1.1785714285714286,0.07,,2,N,False
1.1785714285714286,0.07,,2,C,False
1.1785714285714286,0.07,,3,H,False
1.1785714285714286,0.07,,3,S,False
1.1785714285714286,0.07,,3,N,False
1.1785714285714286,0.07,,3,C,False
1.1785714285714286,0.07571428571428572,7.95918367346940,0,H,False
1.1785714285714286,0.07571428571428572,0.0,0,S,False
1.1785714285714286,0.07571428571428572,0.0196971428571429,0,N,False
1.1785714285714286,0.07571428571428572,0.141071428571429,0,C,False
1.1785714285714286,0.07571428571428572,7.95918367346940,1,H,True
1.1785714285714286,0.07571428571428572,16.8134185797115,1,S,True
1.1785714285714286,0.07571428571428572,0.0196971428571429,1,N,True
1.1785714285714286,0.07571428571428572,0.00300739523418242,1,C,True
1.1785714285714286,0.07571428571428572,,2,H,False
1.1785714285714286,0.07571428571428572,,2,S,False
1.1785714285714286,0.07571428571428572,,2,N,False
1.1785714285714286,0.07571428571428572,,2,C,False
1.1785714285714286,0.07571428571428572,,3,H,False
1.1785714285714286,0.07571428571428572,,3,S,False
1.1785714285714286,0.07571428571428572,,3,N,False
1.1785714285714286,0.07571428571428572,,3,C,False
1.1785714285714286,0.08142857142857143,7.95918367346940,0,H,False
1.1785714285714286,0.08142857142857143,0.0,0,S,False
1.1785714285714286,0.08142857142857143,0.0196971428571429,0,N,False
1.1785714285714286,0.08142857142857143,0.146785714285714,0,C,False
1.1785714285714286,0.08142857142857143,7.95918367346940,1,H,True
1.1785714285714286,0.08142857142857143,17.5093034910531,1,S,True
1.1785714285714286,0.08142857142857143,0.0196971428571429,1,N,True
1.1785714285714286,0.08142857142857143,0.00300739523418242,1,C,True
1.1785714285714286,0.08142857142857143,,2,H,False
1.1785714285714286,0.08142857142857143,,2,S,False
1.1785714285714286,0.08142857142857143,,2,N,False
1.1785714285714286,0.08142857142857143,,2,C,False
1.1785714285714286,0.08142857142857143,,3,H,False
1.1785714285714286,0.08142857142857143,,3,S,False
1.1785714285714286,0.08142857142857143,,3,N,False
1.1785714285714286,0.08142857142857143,,3,C,False
1.1785714285714286,0.08714285714285715,7.95918367346940,0,H,False
1.1785714285714286,0.08714285714285715,0.0,0,S,False
1.1785714285714286,0.08714285714285715,0.0196971428571429,0,N,False
1.1785714285714286,0.08714285714285715,0.152500000000000,0,C,False
1.1785714285714286,0.08714285714285715,7.95918367346940,1,H,True
1.1785714285714286,0.08714285714285715,18.2051884023947,1,S,True
1.1785714285714286,0.08714285714285715,0.0196971428571429,1,N,True
1.1785714285714286,0.08714285714285715,0.00300739523418242,1,C,True
1.1785714285714286,0.08714285714285715,,2,H,False
1.1785714285714286,0.08714285714285715,,2,S,False
1.1785714285714286,0.08714285714285715,,2,N,False
1.1785714285714286,0.08714285714285715,,2,C,False
1.1785714285714286,0.08714285714285715,,3,H,False
1.1785714285714286,0.08714285714285715,,3,S,False
1.1785714285714286,0.08714285714285715,,3,N,False
1.1785714285714286,0.08714285714285715,,3,C,False
1.1785714285714286,0.09285714285714286,7.95918367346940,0,H,False
1.1785714285714286,0.09285714285714286,0.0,0,S,False
1.1785714285714286,0.09285714285714286,0.0196971428571429,0,N,False
1.1785714285714286,0.09285714285714286,0.158214285714286,0,C,False
1.1785714285714286,0.09285714285714286,7.95918367346940,1,H,True
1.1785714285714286,0.09285714285714286,18.9010733137363,1,S,True
1.1785714285714286,0.09285714285714286,0.0196971428571429,1,N,True
1.1785714285714286,0.09285714285714286,0.00300739523418242,1,C,True
1.1785714285714286,0.09285714285714286,104.929870129870,2,H,False
1.1785714285714286,0.09285714285714286,55.4928476195709,2,S,False
1.1785714285714286,0.09285714285714286,0.00272727272727273,2,N,False
1.1785714285714286,0.09285714285714286,0.0105172660201404,2,C,False
1.1785714285714286,0.09285714285714286,104.929870129870,3,H,True
1.1785714285714286,0.09285714285714286,25.7129908568017,3,S,True
1.1785714285714286,0.09285714285714286,0.00272727272727273,3,N,True
1.1785714285714286,0.09285714285714286,0.0290660963036491,3,C,True
1.1785714285714286,0.09857142857142857,7.95918367346940,0,H,False
1.1785714285714286,0.09857142857142857,0.0,0,S,False
1.1785714285714286,0.09857142857142857,0.0196971428571429,0,N,False
1.1785714285714286,0.09857142857142857,0.163928571428571,0,C,False
1.1785714285714286,0.09857142857142857,7.95918367346940,1,H,True
1.1785714285714286,0.09857142857142857,19.5969582250779,1,S,True
1.1785714285714286,0.09857142857142857,0.0196971428571429,1,N,True
1.1785714285714286,0.09857142857142857,0.00300739523418242,1,C,True
1.1785714285714286,0.09857142857142857,104.929870129870,2,H,False
1.1785714285714286,0.09857142857142857,67.3252305980439,2,S,False
1.1785714285714286,0.09857142857142857,0.00272727272727273,2,N,False
1.1785714285714286,0.09857142857142857,0.00886157458962138,2,C,False
1.1785714285714286,0.09857142857142857,104.929870129870,3,H,True
1.1785714285714286,0.09857142857142857,23.0548041738366,3,S,True
1.1785714285714286,0.09857142857142857,0.00272727272727273,3,N,True
1.1785714285714286,0.09857142857142857,0.0364360734484539,3,C,True
1.1785714285714286,0.10428571428571429,7.95918367346940,0,H,False
1.1785714285714286,0.10428571428571429,0.0,0,S,False
1.1785714285714286,0.10428571428571429,0.0196971428571429,0,N,False
1.1785714285714286,0.10428571428571429,0.169642857142857,0,C,False
1.1785714285714286,0.10428571428571429,7.95918367346940,1,H,True
1.1785714285714286,0.10428571428571429,20.2928431364194,1,S,True
1.1785714285714286,0.10428571428571429,0.0196971428571429,1,N,True
1.1785714285714286,0.10428571428571429,0.00300739523418242,1,C,True
1.1785714285714286,0.10428571428571429,104.929870129870,2,H,False
1.1785714285714286,0.10428571428571429,78.0668362732499,2,S,False
1.1785714285714286,0.10428571428571429,0.00272727272727273,2,N,False
1.1785714285714286,0.10428571428571429,0.00788529015681131,2,C,False
1.1785714285714286,0.10428571428571429,104.929870129870,3,H,True
1.1785714285714286,0.10428571428571429,21.4873947941382,3,S,True
1.1785714285714286,0.10428571428571429,0.00272727272727273,3,N,True
1.1785714285714286,0.10428571428571429,0.0431266435955496,3,C,True
1.1785714285714286,0.11,7.95918367346940,0,H,False
1.1785714285714286,0.11,0.0,0,S,False
1.1785714285714286,0.11,0.0196971428571429,0,N,False
1.1785714285714286,0.11,0.175357142857143,0,C,False
1.1785714285714286,0.11,7.95918367346940,1,H,True
1.1785714285714286,0.11,20.9887280477610,1,S,True
1.1785714285714286,0.11,0.0196971428571429,1,N,True
1.1785714285714286,0.11,0.00300739523418242,1,C,True
1.1785714285714286,0.11,104.929870129870,2,H,False
1.1785714285714286,0.11,88.3161189878235,2,S,False
1.1785714285714286,0.11,0.00272727272727273,2,N,False
1.1785714285714286,0.11,0.00721565646158528,2,C,False
1.1785714285714286,0.11,104.929870129870,3,H,True
1.1785714285714286,0.11,20.4123083750725,3,S,True
1.1785714285714286,0.11,0.00272727272727273,3,N,True
1.1785714285714286,0.11,0.0495105630050614,3,C,True
1.1785714285714286,0.11571428571428571,7.95918367346940,0,H,False
1.1785714285714286,0.11571428571428571,0.0,0,S,False
1.1785714285714286,0.11571428571428571,0.0196971428571429,0,N,False
1.1785714285714286,0.11571428571428571,0.181071428571428,0,C,False
1.1785714285714286,0.11571428571428571,7.95918367346940,1,H,True
1.1785714285714286,0.11571428571428571,21.6846129591026,1,S,True
1.1785714285714286,0.11571428571428571,0.0196971428571429,1,N,True
1.1785714285714286,0.11571428571428571,0.00300739523418242,1,C,True
1.1785714285714286,0.11571428571428571,104.929870129870,2,H,False
1.1785714285714286,0.11571428571428571,98.2862630453704,2,S,False
1.1785714285714286,0.11571428571428571,0.00272727272727273,2,N,False
1.1785714285714286,0.11571428571428571,0.00671988846410238,2,C,False
1.1785714285714286,0.11571428571428571,104.929870129870,3,H,True
1.1785714285714286,0.11571428571428571,19.6163606130331,3,S,True
1.1785714285714286,0.11571428571428571,0.00272727272727273,3,N,True
1.1785714285714286,0.11571428571428571,0.0557206167168299,3,C,True
1.1785714285714286,0.12142857142857143,7.95918367346940,0,H,False
1.1785714285714286,0.12142857142857143,0.0,0,S,False
1.1785714285714286,0.12142857142857143,0.0196971428571429,0,N,False
1.1785714285714286,0.12142857142857143,0.186785714285714,0,C,False
1.1785714285714286,0.12142857142857143,7.95918367346940,1,H,True
1.1785714285714286,0.12142857142857143,22.3804978704442,1,S,True
1.1785714285714286,0.12142857142857143,0.0196971428571429,1,N,True
1.1785714285714286,0.12142857142857143,0.00300739523418242,1,C,True
1.1785714285714286,0.12142857142857143,104.929870129870,2,H,False
1.1785714285714286,0.12142857142857143,108.078592276290,2,S,False
1.1785714285714286,0.12142857142857143,0.00272727272727273,2,N,False
1.1785714285714286,0.12142857142857143,0.00633487509741861,2,C,False
1.1785714285714286,0.12142857142857143,104.929870129870,3,H,True
1.1785714285714286,0.12142857142857143,18.9982276776217,3,S,True
1.1785714285714286,0.12142857142857143,0.00272727272727273,3,N,True
1.1785714285714286,0.12142857142857143,0.0618199157977995,3,C,True
1.1785714285714286,0.12714285714285714,7.95918367346940,0,H,False
1.1785714285714286,0.12714285714285714,0.0,0,S,False
1.1785714285714286,0.12714285714285714,0.0196971428571429,0,N,False
1.1785714285714286,0.12714285714285714,0.192500000000000,0,C,False
1.1785714285714286,0.12714285714285714,7.95918367346940,1,H,True
1.1785714285714286,0.12714285714285714,23.0763827817858,1,S,True
1.1785714285714286,0.12714285714285714,0.0196971428571429,1,N,True
1.1785714285714286,0.12714285714285714,0.00300739523418242,1,C,True
1.1785714285714286,0.12714285714285714,104.929870129870,2,H,False
1.1785714285714286,0.12714285714285714,117.749093547084,2,S,False
1.1785714285714286,0.12714285714285714,0.00272727272727273,2,N,False
1.1785714285714286,0.12714285714285714,0.00602574410230378,2,C,False
1.1785714285714286,0.12714285714285714,104.929870129870,3,H,True
1.1785714285714286,0.12714285714285714,18.5019227023351,3,S,True
1.1785714285714286,0.12714285714285714,0.00272727272727273,3,N,True
1.1785714285714286,0.12714285714285714,0.0678433325072001,3,C,True
1.1785714285714286,0.13285714285714284,7.95918367346940,0,H,False
1.1785714285714286,0.13285714285714284,0.0,0,S,False
1.1785714285714286,0.13285714285714284,0.0196971428571429,0,N,False
1.1785714285714286,0.13285714285714284,0.198214285714286,0,C,False
1.1785714285714286,0.13285714285714284,7.95918367346940,1,H,True
1.1785714285714286,0.13285714285714284,23.7722676931275,1,S,True
1.1785714285714286,0.13285714285714284,0.0196971428571429,1,N,True
1.1785714285714286,0.13285714285714284,0.00300739523418242,1,C,True
1.1785714285714286,0.13285714285714284,104.929870129870,2,H,False
1.1785714285714286,0.13285714285714284,127.331793010458,2,S,False
1.1785714285714286,0.13285714285714284,0.00272727272727273,2,N,False
1.1785714285714286,0.13285714285714284,0.00577130177938202,2,C,False
1.1785714285714286,0.13285714285714284,104.929870129870,3,H,True
1.1785714285714286,0.13285714285714284,18.0934195344705,3,S,True
1.1785714285714286,0.13285714285714284,0.00272727272727273,3,N,True
1.1785714285714286,0.13285714285714284,0.0738120605444083,3,C,True
1.1785714285714286,0.13857142857142857,7.95918367346940,0,H,False
1.1785714285714286,0.13857142857142857,0.0,0,S,False
1.1785714285714286,0.13857142857142857,0.0196971428571429,0,N,False
1.1785714285714286,0.13857142857142857,0.203928571428570,0,C,False
1.1785714285714286,0.13857142857142857,7.95918367346940,1,H,True
1.1785714285714286,0.13857142857142857,24.4681526044688,1,S,True
1.1785714285714286,0.13857142857142857,0.0196971428571429,1,N,True
1.1785714285714286,0.13857142857142857,0.00300739523418242,1,C,True
1.1785714285714286,0.13857142857142857,104.929870129870,2,H,False
1.1785714285714286,0.13857142857142857,136.848791974116,2,S,False
1.1785714285714286,0.13857142857142857,0.00272727272727273,2,N,False
1.1785714285714286,0.13857142857142857,0.00555778199777400,2,C,False
1.1785714285714286,0.13857142857142857,104.929870129870,3,H,True
1.1785714285714286,0.13857142857142857,17.7506168663174,3,S,True
1.1785714285714286,0.13857142857142857,0.00272727272727273,3,N,True
1.1785714285714286,0.13857142857142857,0.0797398660403003,3,C,True
1.1785714285714286,0.1442857142857143,7.95918367346940,0,H,False
1.1785714285714286,0.1442857142857143,0.0,0,S,False
1.1785714285714286,0.1442857142857143,0.0196971428571429,0,N,False
1.1785714285714286,0.1442857142857143,0.209642857142856,0,C,False
1.1785714285714286,0.1442857142857143,7.95918367346940,1,H,True
1.1785714285714286,0.1442857142857143,25.1640375158105,1,S,True
1.1785714285714286,0.1442857142857143,0.0196971428571429,1,N,True
1.1785714285714286,0.1442857142857143,0.00300739523418242,1,C,True
1.1785714285714286,0.1442857142857143,104.929870129870,2,H,False
1.1785714285714286,0.1442857142857143,146.315173926546,2,S,False
1.1785714285714286,0.1442857142857143,0.00272727272727273,2,N,False
1.1785714285714286,0.1442857142857143,0.00537578978052789,2,C,False
1.1785714285714286,0.1442857142857143,104.929870129870,3,H,True
1.1785714285714286,0.1442857142857143,17.4584312093951,3,S,True
1.1785714285714286,0.1442857142857143,0.00272727272727273,3,N,True
1.1785714285714286,0.1442857142857143,0.0856361439718324,3,C,True
1.1785714285714286,0.15,7.95918367346940,0,H,False
1.1785714285714286,0.15,0.0,0,S,False
1.1785714285714286,0.15,0.0196971428571429,0,N,False
1.1785714285714286,0.15,0.215357142857142,0,C,False
1.1785714285714286,0.15,7.95918367346940,1,H,True
1.1785714285714286,0.15,25.8599224271521,1,S,True
1.1785714285714286,0.15,0.0196971428571429,1,N,True
1.1785714285714286,0.15,0.00300739523418242,1,C,True
1.1785714285714286,0.15,104.929870129870,2,H,False
1.1785714285714286,0.15,155.741636222015,2,S,False
1.1785714285714286,0.15,0.00272727272727273,2,N,False
1.1785714285714286,0.15,0.00521866212014858,2,C,False
1.1785714285714286,0.15,104.929870129870,3,H,True
1.1785714285714286,0.15,17.2061652094347,3,S,True
1.1785714285714286,0.15,0.00272727272727273,3,N,True
1.1785714285714286,0.15,0.0915075573464977,3,C,True
1.2142857142857142,0.07,6.12244897959183,0,H,False
1.2142857142857142,0.07,0.0,0,S,False
1.2142857142857142,0.07,0.0200185714285714,0,N,False
1.2142857142857142,0.07,0.136428571428571,0,C,False
1.2142857142857142,0.07,6.12244897959183,1,H,True
1.2142857142857142,0.07,12.2916424900193,1,S,True
1.2142857142857142,0.07,0.0200185714285714,1,N,True
1.2142857142857142,0.07,0.00306425041186161,1,C,True
1.2142857142857142,0.07,,2,H,False
1.2142857142857142,0.07,,2,S,False
1.2142857142857142,0.07,,2,N,False
1.2142857142857142,0.07,,2,C,False
1.2142857142857142,0.07,,3,H,False
1.2142857142857142,0.07,,3,S,False
1.2142857142857142,0.07,,3,N,False
1.2142857142857142,0.07,,3,C,False
1.2142857142857142,0.07571428571428572,6.12244897959183,0,H,False
1.2142857142857142,0.07571428571428572,0.0,0,S,False
1.2142857142857142,0.07571428571428572,0.0200185714285714,0,N,False
1.2142857142857142,0.07571428571428572,0.142142857142857,0,C,False
1.2142857142857142,0.07571428571428572,6.12244897959183,1,H,True
1.2142857142857142,0.07571428571428572,12.8183047678337,1,S,True
1.2142857142857142,0.07571428571428572,0.0200185714285714,1,N,True
1.2142857142857142,0.07571428571428572,0.00306425041186161,1,C,True
1.2142857142857142,0.07571428571428572,,2,H,False
1.2142857142857142,0.07571428571428572,,2,S,False
1.2142857142857142,0.07571428571428572,,2,N,False
1.2142857142857142,0.07571428571428572,,2,C,False
1.2142857142857142,0.07571428571428572,,3,H,False
1.2142857142857142,0.07571428571428572,,3,S,False
1.2142857142857142,0.07571428571428572,,3,N,False
1.2142857142857142,0.07571428571428572,,3,C,False
1.2142857142857142,0.08142857142857143,6.12244897959183,0,H,False
1.2142857142857142,0.08142857142857143,0.0,0,S,False
1.2142857142857142,0.08142857142857143,0.0200185714285714,0,N,False
1.2142857142857142,0.08142857142857143,0.147857142857143,0,C,False
1.2142857142857142,0.08142857142857143,6.12244897959183,1,H,True
1.2142857142857142,0.08142857142857143,13.3449670456480,1,S,True
1.2142857142857142,0.08142857142857143,0.0200185714285714,1,N,True
1.2142857142857142,0.08142857142857143,0.00306425041186161,1,C,True
1.2142857142857142,0.08142857142857143,,2,H,False
1.2142857142857142,0.08142857142857143,,2,S,False
1.2142857142857142,0.08142857142857143,,2,N,False
1.2142857142857142,0.08142857142857143,,2,C,False
1.2142857142857142,0.08142857142857143,,3,H,False
1.2142857142857142,0.08142857142857143,,3,S,False
1.2142857142857142,0.08142857142857143,,3,N,False
1.2142857142857142,0.08142857142857143,,3,C,False
1.2142857142857142,0.08714285714285715,6.12244897959183,0,H,False
1.2142857142857142,0.08714285714285715,0.0,0,S,False
1.2142857142857142,0.08714285714285715,0.0200185714285714,0,N,False
1.2142857142857142,0.08714285714285715,0.153571428571428,0,C,False
1.2142857142857142,0.08714285714285715,6.12244897959183,1,H,True
1.2142857142857142,0.08714285714285715,13.8716293234624,1,S,True
1.2142857142857142,0.08714285714285715,0.0200185714285714,1,N,True
1.2142857142857142,0.08714285714285715,0.00306425041186161,1,C,True
1.2142857142857142,0.08714285714285715,,2,H,False
1.2142857142857142,0.08714285714285715,,2,S,False
1.2142857142857142,0.08714285714285715,,2,N,False
1.2142857142857142,0.08714285714285715,,2,C,False
1.2142857142857142,0.08714285714285715,,3,H,False
1.2142857142857142,0.08714285714285715,,3,S,False
1.2142857142857142,0.08714285714285715,,3,N,False
1.2142857142857142,0.08714285714285715,,3,C,False
1.2142857142857142,0.09285714285714286,6.12244897959183,0,H,False
1.2142857142857142,0.09285714285714286,0.0,0,S,False
1.2142857142857142,0.09285714285714286,0.0200185714285714,0,N,False
1.2142857142857142,0.09285714285714286,0.159285714285714,0,C,False
1.2142857142857142,0.09285714285714286,6.12244897959183,1,H,True
1.2142857142857142,0.09285714285714286,14.3982916012767,1,S,True
1.2142857142857142,0.09285714285714286,0.0200185714285714,1,N,True
1.2142857142857142,0.09285714285714286,0.00306425041186161,1,C,True
1.2142857142857142,0.09285714285714286,104.929870129870,2,H,False
1.2142857142857142,0.09285714285714286,50.9396645077280,2,S,False
1.2142857142857142,0.09285714285714286,0.00272727272727273,2,N,False
1.2142857142857142,0.09285714285714286,0.0117617159189903,2,C,False
1.2142857142857142,0.09285714285714286,104.929870129870,3,H,True
1.2142857142857142,0.09285714285714286,27.6874813551872,3,S,True
1.2142857142857142,0.09285714285714286,0.00272727272727273,3,N,True
1.2142857142857142,0.09285714285714286,0.0264821125754147,3,C,True
1.2142857142857142,0.09857142857142857,6.12244897959183,0,H,False
1.2142857142857142,0.09857142857142857,0.0,0,S,False
1.2142857142857142,0.09857142857142857,0.0200185714285714,0,N,False
1.2142857142857142,0.09857142857142857,0.165000000000000,0,C,False
1.2142857142857142,0.09857142857142857,6.12244897959183,1,H,True
1.2142857142857142,0.09857142857142857,14.9249538790911,1,S,True
1.2142857142857142,0.09857142857142857,0.0200185714285714,1,N,True
1.2142857142857142,0.09857142857142857,0.00306425041186161,1,C,True
1.2142857142857142,0.09857142857142857,104.929870129870,2,H,False
1.2142857142857142,0.09857142857142857,63.4348480131080,2,S,False
1.2142857142857142,0.09857142857142857,0.00272727272727273,2,N,False
1.2142857142857142,0.09857142857142857,0.00956560215433925,2,C,False
1.2142857142857142,0.09857142857142857,104.929870129870,3,H,True
1.2142857142857142,0.09857142857142857,24.2185232373231,3,S,True
1.2142857142857142,0.09857142857142857,0.00272727272727273,3,N,True
1.2142857142857142,0.09857142857142857,0.0343925120543516,3,C,True
1.2142857142857142,0.10428571428571429,6.12244897959183,0,H,False
1.2142857142857142,0.10428571428571429,0.0,0,S,False
1.2142857142857142,0.10428571428571429,0.0200185714285714,0,N,False
1.2142857142857142,0.10428571428571429,0.170714285714286,0,C,False
1.2142857142857142,0.10428571428571429,6.12244897959183,1,H,True
1.2142857142857142,0.10428571428571429,15.4516161569054,1,S,True
1.2142857142857142,0.10428571428571429,0.0200185714285714,1,N,True
1.2142857142857142,0.10428571428571429,0.00306425041186161,1,C,True
1.2142857142857142,0.10428571428571429,104.929870129870,2,H,False
1.2142857142857142,0.10428571428571429,74.3115220101956,2,S,False
1.2142857142857142,0.10428571428571429,0.00272727272727273,2,N,False
1.2142857142857142,0.10428571428571429,0.00839412774496731,2,C,False
1.2142857142857142,0.10428571428571429,104.929870129870,3,H,True
1.2142857142857142,0.10428571428571429,22.3680746277510,3,S,True
1.2142857142857142,0.10428571428571429,0.00272727272727273,3,N,True
1.2142857142857142,0.10428571428571429,0.0412782721780091,3,C,True
1.2142857142857142,0.11,6.12244897959183,0,H,False
1.2142857142857142,0.11,0.0,0,S,False
1.2142857142857142,0.11,0.0200185714285714,0,N,False
1.2142857142857142,0.11,0.176428571428571,0,C,False
1.2142857142857142,0.11,6.12244897959183,1,H,True
1.2142857142857142,0.11,15.9782784347198,1,S,True
1.2142857142857142,0.11,0.0200185714285714,1,N,True
1.2142857142857142,0.11,0.00306425041186161,1,C,True
1.2142857142857142,0.11,104.929870129870,2,H,False
1.2142857142857142,0.11,84.5596485164475,2,S,False
1.2142857142857142,0.11,0.00272727272727273,2,N,False
1.2142857142857142,0.11,0.00762057160080985,2,C,False
1.2142857142857142,0.11,104.929870129870,3,H,True
1.2142857142857142,0.11,21.1461735090150,3,S,True
1.2142857142857142,0.11,0.00272727272727273,3,N,True
1.2142857142857142,0.11,0.0477661140364524,3,C,True
1.2142857142857142,0.11571428571428571,6.12244897959183,0,H,False
1.2142857142857142,0.11571428571428571,0.0,0,S,False
1.2142857142857142,0.11571428571428571,0.0200185714285714,0,N,False
1.2142857142857142,0.11571428571428571,0.182142857142857,0,C,False
1.2142857142857142,0.11571428571428571,6.12244897959183,1,H,True
1.2142857142857142,0.11571428571428571,16.5049407125341,1,S,True
1.2142857142857142,0.11571428571428571,0.0200185714285714,1,N,True
1.2142857142857142,0.11571428571428571,0.00306425041186161,1,C,True
1.2142857142857142,0.11571428571428571,104.929870129870,2,H,False
1.2142857142857142,0.11571428571428571,94.4718230798893,2,S,False
1.2142857142857142,0.11571428571428571,0.00272727272727273,2,N,False
1.2142857142857142,0.11571428571428571,0.00705969853347196,2,C,False
1.2142857142857142,0.11571428571428571,104.929870129870,3,H,True
1.2142857142857142,0.11571428571428571,20.2602243330887,3,S,True
1.2142857142857142,0.11571428571428571,0.00272727272727273,3,N,True
1.2142857142857142,0.11571428571428571,0.0540412728180759,3,C,True
1.2142857142857142,0.12142857142857143,6.12244897959183,0,H,False
1.2142857142857142,0.12142857142857143,0.0,0,S,False
1.2142857142857142,0.12142857142857143,0.0200185714285714,0,N,False
1.2142857142857142,0.12142857142857143,0.187857142857143,0,C,False
1.2142857142857142,0.12142857142857143,6.12244897959183,1,H,True
1.2142857142857142,0.12142857142857143,17.0316029903485,1,S,True
1.2142857142857142,0.12142857142857143,0.0200185714285714,1,N,True
1.2142857142857142,0.12142857142857143,0.00306425041186161,1,C,True
1.2142857142857142,0.12142857142857143,104.929870129870,2,H,False
1.2142857142857142,0.12142857142857143,104.176888864434,2,S,False
1.2142857142857142,0.12142857142857143,0.00272727272727273,2,N,False
1.2142857142857142,0.12142857142857143,0.00662994104166519,2,C,False
1.2142857142857142,0.12142857142857143,104.929870129870,3,H,True
1.2142857142857142,0.12142857142857143,19.5813839360599,3,S,True
1.2142857142857142,0.12142857142857143,0.00272727272727273,3,N,True
1.2142857142857142,0.12142857142857143,0.0601853160241684,3,C,True
1.2142857142857142,0.12714285714285714,6.12244897959183,0,H,False
1.2142857142857142,0.12714285714285714,0.0,0,S,False
1.2142857142857142,0.12714285714285714,0.0200185714285714,0,N,False
1.2142857142857142,0.12714285714285714,0.193571428571428,0,C,False
1.2142857142857142,0.12714285714285714,6.12244897959183,1,H,True
1.2142857142857142,0.12714285714285714,17.5582652681628,1,S,True
1.2142857142857142,0.12714285714285714,0.0200185714285714,1,N,True
1.2142857142857142,0.12714285714285714,0.00306425041186161,1,C,True
1.2142857142857142,0.12714285714285714,104.929870129870,2,H,False
1.2142857142857142,0.12714285714285714,113.743022606983,2,S,False
1.2142857142857142,0.12714285714285714,0.00272727272727273,2,N,False
1.2142857142857142,0.12714285714285714,0.00628813807666753,2,C,False
1.2142857142857142,0.12714285714285714,104.929870129870,3,H,True
1.2142857142857142,0.12714285714285714,19.0414755810267,3,S,True
1.2142857142857142,0.12714285714285714,0.00272727272727273,3,N,True
1.2142857142857142,0.12714285714285714,0.0662414047034517,3,C,True
1.2142857142857142,0.13285714285714284,6.12244897959183,0,H,False
1.2142857142857142,0.13285714285714284,0.0,0,S,False
1.2142857142857142,0.13285714285714284,0.0200185714285714,0,N,False
1.2142857142857142,0.13285714285714284,0.199285714285714,0,C,False
1.2142857142857142,0.13285714285714284,6.12244897959183,1,H,True
1.2142857142857142,0.13285714285714284,18.0849275459772,1,S,True
1.2142857142857142,0.13285714285714284,0.0200185714285714,1,N,True
1.2142857142857142,0.13285714285714284,0.00306425041186161,1,C,True
1.2142857142857142,0.13285714285714284,104.929870129870,2,H,False
1.2142857142857142,0.13285714285714284,123.210505066470,2,S,False
1.2142857142857142,0.13285714285714284,0.00272727272727273,2,N,False
1.2142857142857142,0.13285714285714284,0.00600878886097157,2,C,False
1.2142857142857142,0.13285714285714284,104.929870129870,3,H,True
1.2142857142857142,0.13285714285714284,18.6002185090546,3,S,True
1.2142857142857142,0.13285714285714284,0.00272727272727273,3,N,True
1.2142857142857142,0.13285714285714284,0.0722350396334330,3,C,True
1.2142857142857142,0.13857142857142857,6.12244897959183,0,H,False
1.2142857142857142,0.13857142857142857,0.0,0,S,False
1.2142857142857142,0.13857142857142857,0.0200185714285714,0,N,False
1.2142857142857142,0.13857142857142857,0.205000000000000,0,C,False
1.2142857142857142,0.13857142857142857,6.12244897959183,1,H,True
1.2142857142857142,0.13857142857142857,18.6115898237915,1,S,True
1.2142857142857142,0.13857142857142857,0.0200185714285714,1,N,True
1.2142857142857142,0.13857142857142857,0.00306425041186161,1,C,True
1.2142857142857142,0.13857142857142857,104.929870129870,2,H,False
1.2142857142857142,0.13857142857142857,132.604982041504,2,S,False
1.2142857142857142,0.13857142857142857,0.00272727272727273,2,N,False
1.2142857142857142,0.13857142857142857,0.00577565765767489,2,C,False
1.2142857142857142,0.13857142857142857,104.929870129870,3,H,True
1.2142857142857142,0.13857142857142857,18.2319669215364,3,S,True
1.2142857142857142,0.13857142857142857,0.00272727272727273,3,N,True
1.2142857142857142,0.13857142857142857,0.0781824565510157,3,C,True
1.2142857142857142,0.1442857142857143,6.12244897959183,0,H,False
1.2142857142857142,0.1442857142857143,0.0,0,S,False
1.2142857142857142,0.1442857142857143,0.0200185714285714,0,N,False
1.2142857142857142,0.1442857142857143,0.210714285714286,0,C,False
1.2142857142857142,0.1442857142857143,6.12244897959183,1,H,True
1.2142857142857142,0.1442857142857143,19.1382521016059,1,S,True
1.2142857142857142,0.1442857142857143,0.0200185714285714,1,N,True
1.2142857142857142,0.1442857142857143,0.00306425041186161,1,C,True
1.2142857142857142,0.1442857142857143,104.929870129870,2,H,False
1.2142857142857142,0.1442857142857143,141.943696095901,2,S,False
1.2142857142857142,0.1442857142857143,0.00272727272727273,2,N,False
1.2142857142857142,0.1442857142857143,0.00557782861525999,2,C,False
1.2142857142857142,0.1442857142857143,104.929870129870,3,H,True
1.2142857142857142,0.1442857142857143,17.9194782546555,3,S,True
1.2142857142857142,0.1442857142857143,0.00272727272727273,3,N,True
1.2142857142857142,0.1442857142857143,0.0840945713077166,3,C,True
1.2142857142857142,0.15,6.12244897959183,0,H,False
1.2142857142857142,0.15,0.0,0,S,False
1.2142857142857142,0.15,0.0200185714285714,0,N,False
1.2142857142857142,0.15,0.216428571428572,0,C,False
1.2142857142857142,0.15,6.12244897959183,1,H,True
1.2142857142857142,0.15,19.6649143794203,1,S,True
1.2142857142857142,0.15,0.0200185714285714,1,N,True
1.2142857142857142,0.15,0.00306425041186161,1,C,True
1.2142857142857142,0.15,104.929870129870,2,H,False
1.2142857142857142,0.15,151.238734266065,2,S,False
1.2142857142857142,0.15,0.00272727272727273,2,N,False
1.2142857142857142,0.15,0.00540764972233938,2,C,False
1.2142857142857142,0.15,104.929870129870,3,H,True
1.2142857142857142,0.15,17.6506654720081,3,S,True
1.2142857142857142,0.15,0.00272727272727273,3,N,True
1.2142857142857142,0.15,0.0899790359149232,3,C,True
1.25,0.07,4.28571428571429,0,H,False
1.25,0.07,0.0,0,S,False
1.25,0.07,0.0203400000000000,0,N,False
1.25,0.07,0.137500000000000,0,C,False
1.25,0.07,4.28571428571429,1,H,True
1.25,0.07,8.53197541058813,1,S,True
1.25,0.07,0.0203400000000000,1,N,True
1.25,0.07,0.00312138728323699,1,C,True
1.25,0.07,,2,H,False
1.25,0.07,,2,S,False
1.25,0.07,,2,N,False
1.25,0.07,,2,C,False
1.25,0.07,,3,H,False
1.25,0.07,,3,S,False
1.25,0.07,,3,N,False
1.25,0.07,,3,C,False
1.25,0.07571428571428572,4.28571428571429,0,H,False
1.25,0.07571428571428572,0.0,0,S,False
1.25,0.07571428571428572,0.0203400000000000,0,N,False
1.25,0.07571428571428572,0.143214285714286,0,C,False
1.25,0.07571428571428572,4.28571428571429,1,H,True
1.25,0.07571428571428572,8.89478720197135,1,S,True
1.25,0.07571428571428572,0.0203400000000000,1,N,True
1.25,0.07571428571428572,0.00312138728323699,1,C,True
1.25,0.07571428571428572,,2,H,False
1.25,0.07571428571428572,,2,S,False
1.25,0.07571428571428572,,2,N,False
1.25,0.07571428571428572,,2,C,False
1.25,0.07571428571428572,,3,H,False
1.25,0.07571428571428572,,3,S,False
1.25,0.07571428571428572,,3,N,False
1.25,0.07571428571428572,,3,C,False
1.25,0.08142857142857143,4.28571428571429,0,H,False
1.25,0.08142857142857143,0.0,0,S,False
1.25,0.08142857142857143,0.0203400000000000,0,N,False
1.25,0.08142857142857143,0.148928571428572,0,C,False
1.25,0.08142857142857143,4.28571428571429,1,H,True
1.25,0.08142857142857143,9.25759899335457,1,S,True
1.25,0.08142857142857143,0.0203400000000000,1,N,True
1.25,0.08142857142857143,0.00312138728323699,1,C,True
1.25,0.08142857142857143,,2,H,False
1.25,0.08142857142857143,,2,S,False
1.25,0.08142857142857143,,2,N,False
1.25,0.08142857142857143,,2,C,False
1.25,0.08142857142857143,,3,H,False
1.25,0.08142857142857143,,3,S,False
1.25,0.08142857142857143,,3,N,False
1.25,0.08142857142857143,,3,C,False
1.25,0.08714285714285715,4.28571428571429,0,H,False
1.25,0.08714285714285715,0.0,0,S,False
1.25,0.08714285714285715,0.0203400000000000,0,N,False
1.25,0.08714285714285715,0.154642857142857,0,C,False
1.25,0.08714285714285715,4.28571428571429,1,H,True
1.25,0.08714285714285715,9.62041078473779,1,S,True
1.25,0.08714285714285715,0.0203400000000000,1,N,True
1.25,0.08714285714285715,0.00312138728323699,1,C,True
1.25,0.08714285714285715,,2,H,False
1.25,0.08714285714285715,,2,S,False
1.25,0.08714285714285715,,2,N,False
1.25,0.08714285714285715,,2,C,False
1.25,0.08714285714285715,,3,H,False
1.25,0.08714285714285715,,3,S,False
1.25,0.08714285714285715,,3,N,False
1.25,0.08714285714285715,,3,C,False
1.25,0.09285714285714286,4.28571428571429,0,H,False
1.25,0.09285714285714286,0.0,0,S,False
1.25,0.09285714285714286,0.0203400000000000,0,N,False
1.25,0.09285714285714286,0.160357142857143,0,C,False
1.25,0.09285714285714286,4.28571428571429,1,H,True
1.25,0.09285714285714286,9.98322257612101,1,S,True
1.25,0.09285714285714286,0.0203400000000000,1,N,True
1.25,0.09285714285714286,0.00312138728323699,1,C,True
1.25,0.09285714285714286,104.929870129870,2,H,False
1.25,0.09285714285714286,45.5378805043978,2,S,False
1.25,0.09285714285714286,0.00272727272727273,2,N,False
1.25,0.09285714285714286,0.0136450437755313,2,C,False
1.25,0.09285714285714286,104.929870129870,3,H,True
1.25,0.09285714285714286,30.6027530673704,3,S,True
1.25,0.09285714285714286,0.00272727272727273,3,N,True
1.25,0.09285714285714286,0.0232526140579648,3,C,True
1.25,0.09857142857142857,4.28571428571429,0,H,False
1.25,0.09857142857142857,0.0,0,S,False
1.25,0.09857142857142857,0.0203400000000000,0,N,False
1.25,0.09857142857142857,0.166071428571429,0,C,False
1.25,0.09857142857142857,4.28571428571429,1,H,True
1.25,0.09857142857142857,10.3460343675042,1,S,True
1.25,0.09857142857142857,0.0203400000000000,1,N,True
1.25,0.09857142857142857,0.00312138728323699,1,C,True
1.25,0.09857142857142857,104.929870129870,2,H,False
1.25,0.09857142857142857,59.4570930779103,2,S,False
1.25,0.09857142857142857,0.00272727272727273,2,N,False
1.25,0.09857142857142857,0.0104052838253247,2,C,False
1.25,0.09857142857142857,104.929870129870,3,H,True
1.25,0.09857142857142857,25.5664924625240,3,S,True
1.25,0.09857142857142857,0.00272727272727273,3,N,True
1.25,0.09857142857142857,0.0322066597224570,3,C,True
1.25,0.10428571428571429,4.28571428571429,0,H,False
1.25,0.10428571428571429,0.0,0,S,False
1.25,0.10428571428571429,0.0203400000000000,0,N,False
1.25,0.10428571428571429,0.171785714285714,0,C,False
1.25,0.10428571428571429,4.28571428571429,1,H,True
1.25,0.10428571428571429,10.7088461588874,1,S,True
1.25,0.10428571428571429,0.0203400000000000,1,N,True
1.25,0.10428571428571429,0.00312138728323699,1,C,True
1.25,0.10428571428571429,104.929870129870,2,H,False
1.25,0.10428571428571429,70.5747698707913,2,S,False
1.25,0.10428571428571429,0.00272727272727273,2,N,False
1.25,0.10428571428571429,0.00896771485237358,2,C,False
1.25,0.10428571428571429,104.929870129870,3,H,True
1.25,0.10428571428571429,23.3317676383094,3,S,True
1.25,0.10428571428571429,0.00272727272727273,3,N,True
1.25,0.10428571428571429,0.0393585144096939,3,C,True
1.25,0.11,4.28571428571429,0,H,False
1.25,0.11,0.0,0,S,False
1.25,0.11,0.0203400000000000,0,N,False
1.25,0.11,0.177500000000000,0,C,False
1.25,0.11,4.28571428571429,1,H,True
1.25,0.11,11.0716579502707,1,S,True
1.25,0.11,0.0203400000000000,1,N,True
1.25,0.11,0.00312138728323699,1,C,True
1.25,0.11,104.929870129870,2,H,False
1.25,0.11,80.8610109646889,2,S,False
1.25,0.11,0.00272727272727273,2,N,False
1.25,0.11,0.00806499748661405,2,C,False
1.25,0.11,104.929870129870,3,H,True
1.25,0.11,21.9284785130779,3,S,True
1.25,0.11,0.00272727272727273,3,N,True
1.25,0.11,0.0459755174897390,3,C,True
1.25,0.11571428571428571,4.28571428571429,0,H,False
1.25,0.11571428571428571,0.0,0,S,False
1.25,0.11571428571428571,0.0203400000000000,0,N,False
1.25,0.11571428571428571,0.183214285714286,0,C,False
1.25,0.11571428571428571,4.28571428571429,1,H,True
1.25,0.11571428571428571,11.4344697416539,1,S,True
1.25,0.11571428571428571,0.0203400000000000,1,N,True
1.25,0.11571428571428571,0.00312138728323699,1,C,True
1.25,0.11571428571428571,104.929870129870,2,H,False
1.25,0.11571428571428571,90.7360744970413,2,S,False
1.25,0.11571428571428571,0.00272727272727273,2,N,False
1.25,0.11571428571428571,0.00742678521716284,2,C,False
1.25,0.11571428571428571,104.929870129870,3,H,True
1.25,0.11571428571428571,20.9363669493919,3,S,True
1.25,0.11571428571428571,0.00272727272727273,3,N,True
1.25,0.11571428571428571,0.0523280154734760,3,C,True
1.25,0.12142857142857143,4.28571428571429,0,H,False
1.25,0.12142857142857143,0.0,0,S,False
1.25,0.12142857142857143,0.0203400000000000,0,N,False
1.25,0.12142857142857143,0.188928571428572,0,C,False
1.25,0.12142857142857143,4.28571428571429,1,H,True
1.25,0.12142857142857143,11.7972815330371,1,S,True
1.25,0.12142857142857143,0.0203400000000000,1,N,True
1.25,0.12142857142857143,0.00312138728323699,1,C,True
1.25,0.12142857142857143,104.929870129870,2,H,False
1.25,0.12142857142857143,100.367497897098,2,S,False
1.25,0.12142857142857143,0.00272727272727273,2,N,False
1.25,0.12142857142857143,0.00694530342788506,2,C,False
1.25,0.12142857142857143,104.929870129870,3,H,True
1.25,0.12142857142857143,20.1878955180020,3,S,True
1.25,0.12142857142857143,0.00272727272727273,3,N,True
1.25,0.12142857142857143,0.0585237829770396,3,C,True
1.25,0.12714285714285714,4.28571428571429,0,H,False
1.25,0.12714285714285714,0.0,0,S,False
1.25,0.12714285714285714,0.0203400000000000,0,N,False
1.25,0.12714285714285714,0.194642857142857,0,C,False
1.25,0.12714285714285714,4.28571428571429,1,H,True
1.25,0.12714285714285714,12.1600933244203,1,S,True
1.25,0.12714285714285714,0.0203400000000000,1,N,True
1.25,0.12714285714285714,0.00312138728323699,1,C,True
1.25,0.12714285714285714,104.929870129870,2,H,False
1.25,0.12714285714285714,109.839433586955,2,S,False
1.25,0.12714285714285714,0.00272727272727273,2,N,False
1.25,0.12714285714285714,0.00656641797676218,2,C,False
1.25,0.12714285714285714,104.929870129870,3,H,True
1.25,0.12714285714285714,19.5989117968106,3,S,True
1.25,0.12714285714285714,0.00272727272727273,3,N,True
1.25,0.12714285714285714,0.0646169541424481,3,C,True
1.25,0.13285714285714284,4.28571428571429,0,H,False
1.25,0.13285714285714284,0.0,0,S,False
1.25,0.13285714285714284,0.0203400000000000,0,N,False
1.25,0.13285714285714284,0.200357142857143,0,C,False
1.25,0.13285714285714284,4.28571428571429,1,H,True
1.25,0.13285714285714284,12.5229051158036,1,S,True
1.25,0.13285714285714284,0.0203400000000000,1,N,True
1.25,0.13285714285714284,0.00312138728323699,1,C,True
1.25,0.13285714285714284,104.929870129870,2,H,False
1.25,0.13285714285714284,119.200004636302,2,S,False
1.25,0.13285714285714284,0.00272727272727273,2,N,False
1.25,0.13285714285714284,0.00625917192846346,2,C,False
1.25,0.13285714285714284,104.929870129870,3,H,True
1.25,0.13285714285714284,19.1212927161306,3,S,True
1.25,0.13285714285714284,0.00272727272727273,3,N,True
1.25,0.13285714285714284,0.0706384859050328,3,C,True
1.25,0.13857142857142857,4.28571428571429,0,H,False
1.25,0.13857142857142857,0.0,0,S,False
1.25,0.13857142857142857,0.0203400000000000,0,N,False
1.25,0.13857142857142857,0.206071428571429,0,C,False
1.25,0.13857142857142857,4.28571428571429,1,H,True
1.25,0.13857142857142857,12.8857169071868,1,S,True
1.25,0.13857142857142857,0.0203400000000000,1,N,True
1.25,0.13857142857142857,0.00312138728323699,1,C,True
1.25,0.13857142857142857,104.929870129870,2,H,False
1.25,0.13857142857142857,128.479166894982,2,S,False
1.25,0.13857142857142857,0.00272727272727273,2,N,False
1.25,0.13857142857142857,0.00600429508030911,2,C,False
1.25,0.13857142857142857,104.929870129870,3,H,True
1.25,0.13857142857142857,18.7250824261166,3,S,True
1.25,0.13857142857142857,0.00272727272727273,3,N,True
1.25,0.13857142857142857,0.0766076484674731,3,C,True
1.25,0.1442857142857143,4.28571428571429,0,H,False
1.25,0.1442857142857143,0.0,0,S,False
1.25,0.1442857142857143,0.0203400000000000,0,N,False
1.25,0.1442857142857143,0.211785714285715,0,C,False
1.25,0.1442857142857143,4.28571428571429,1,H,True
1.25,0.1442857142857143,13.2485286985700,1,S,True
1.25,0.1442857142857143,0.0203400000000000,1,N,True
1.25,0.1442857142857143,0.00312138728323699,1,C,True
1.25,0.1442857142857143,104.929870129870,2,H,False
1.25,0.1442857142857143,137.696729663721,2,S,False
1.25,0.1442857142857143,0.00272727272727273,2,N,False
1.25,0.1442857142857143,0.00578904437069809,2,C,False
1.25,0.1442857142857143,104.929870129870,3,H,True
1.25,0.1442857142857143,18.3904716260448,3,S,True
1.25,0.1442857142857143,0.00272727272727273,3,N,True
1.25,0.1442857142857143,0.0825371848913702,3,C,True
1.25,0.15,4.28571428571429,0,H,False
1.25,0.15,0.0,0,S,False
1.25,0.15,0.0203400000000000,0,N,False
1.25,0.15,0.217499999999999,0,C,False
1.25,0.15,4.28571428571429,1,H,True
1.25,0.15,13.6113404899532,1,S,True
1.25,0.15,0.0203400000000000,1,N,True
1.25,0.15,0.00312138728323699,1,C,True
1.25,0.15,104.929870129870,2,H,False
1.25,0.15,146.866403556478,2,S,False
1.25,0.15,0.00272727272727273,2,N,False
1.25,0.15,0.00560459994269726,2,C,False
1.25,0.15,104.929870129870,3,H,True
1.25,0.15,18.1037497019514,3,S,True
1.25,0.15,0.00272727272727273,3,N,True
1.25,0.15,0.0884359150336550,3,C,True
1.2857142857142856,0.07,2.44897959183673,0,H,False
1.2857142857142856,0.07,0.0,0,S,False
1.2857142857142856,0.07,0.0206614285714286,0,N,False
1.2857142857142856,0.07,0.138571428571429,0,C,False
1.2857142857142856,0.07,2.44897959183673,1,H,True
1.2857142857142856,0.07,4.83545073658602,1,S,True
1.2857142857142856,0.07,0.0206614285714286,1,N,True
1.2857142857142856,0.07,0.00317880794701987,1,C,True
1.2857142857142856,0.07,,2,H,False
1.2857142857142856,0.07,,2,S,False
1.2857142857142856,0.07,,2,N,False
1.2857142857142856,0.07,,2,C,False
1.2857142857142856,0.07,,3,H,False
1.2857142857142856,0.07,,3,S,False
1.2857142857142856,0.07,,3,N,False
1.2857142857142856,0.07,,3,C,False
1.2857142857142856,0.07571428571428572,2.44897959183673,0,H,False
1.2857142857142856,0.07571428571428572,0.0,0,S,False
1.2857142857142856,0.07571428571428572,0.0206614285714286,0,N,False
1.2857142857142856,0.07571428571428572,0.144285714285714,0,C,False
1.2857142857142856,0.07571428571428572,2.44897959183673,1,H,True
1.2857142857142856,0.07571428571428572,5.03953236923909,1,S,True
1.2857142857142856,0.07571428571428572,0.0206614285714286,1,N,True
1.2857142857142856,0.07571428571428572,0.00317880794701987,1,C,True
1.2857142857142856,0.07571428571428572,,2,H,False
1.2857142857142856,0.07571428571428572,,2,S,False
1.2857142857142856,0.07571428571428572,,2,N,False
1.2857142857142856,0.07571428571428572,,2,C,False
1.2857142857142856,0.07571428571428572,,3,H,False
1.2857142857142856,0.07571428571428572,,3,S,False
1.2857142857142856,0.07571428571428572,,3,N,False
1.2857142857142856,0.07571428571428572,,3,C,False
1.2857142857142856,0.08142857142857143,2.44897959183673,0,H,False
1.2857142857142856,0.08142857142857143,0.0,0,S,False
1.2857142857142856,0.08142857142857143,0.0206614285714286,0,N,False
1.2857142857142856,0.08142857142857143,0.150000000000000,0,C,False
1.2857142857142856,0.08142857142857143,2.44897959183673,1,H,True
1.2857142857142856,0.08142857142857143,5.24361400189215,1,S,True
1.2857142857142856,0.08142857142857143,0.0206614285714286,1,N,True
1.2857142857142856,0.08142857142857143,0.00317880794701987,1,C,True
1.2857142857142856,0.08142857142857143,,2,H,False
1.2857142857142856,0.08142857142857143,,2,S,False
1.2857142857142856,0.08142857142857143,,2,N,False
1.2857142857142856,0.08142857142857143,,2,C,False
1.2857142857142856,0.08142857142857143,,3,H,False
1.2857142857142856,0.08142857142857143,,3,S,False
1.2857142857142856,0.08142857142857143,,3,N,False
1.2857142857142856,0.08142857142857143,,3,C,False
1.2857142857142856,0.08714285714285715,2.44897959183673,0,H,False
1.2857142857142856,0.08714285714285715,0.0,0,S,False
1.2857142857142856,0.08714285714285715,0.0206614285714286,0,N,False
1.2857142857142856,0.08714285714285715,0.155714285714286,0,C,False
1.2857142857142856,0.08714285714285715,2.44897959183673,1,H,True
1.2857142857142856,0.08714285714285715,5.44769563454521,1,S,True
1.2857142857142856,0.08714285714285715,0.0206614285714286,1,N,True
1.2857142857142856,0.08714285714285715,0.00317880794701987,1,C,True
1.2857142857142856,0.08714285714285715,,2,H,False
1.2857142857142856,0.08714285714285715,,2,S,False
1.2857142857142856,0.08714285714285715,,2,N,False
1.2857142857142856,0.08714285714285715,,2,C,False
1.2857142857142856,0.08714285714285715,,3,H,False
1.2857142857142856,0.08714285714285715,,3,S,False
1.2857142857142856,0.08714285714285715,,3,N,False
1.2857142857142856,0.08714285714285715,,3,C,False
1.2857142857142856,0.09285714285714286,2.44897959183673,0,H,False
1.2857142857142856,0.09285714285714286,0.0,0,S,False
1.2857142857142856,0.09285714285714286,0.0206614285714286,0,N,False
1.2857142857142856,0.09285714285714286,0.161428571428571,0,C,False
1.2857142857142856,0.09285714285714286,2.44897959183673,1,H,True
1.2857142857142856,0.09285714285714286,5.65177726719827,1,S,True
1.2857142857142856,0.09285714285714286,0.0206614285714286,1,N,True
1.2857142857142856,0.09285714285714286,0.00317880794701987,1,C,True
1.2857142857142856,0.09285714285714286,,2,H,False
1.2857142857142856,0.09285714285714286,,2,S,False
1.2857142857142856,0.09285714285714286,,2,N,False
1.2857142857142856,0.09285714285714286,,2,C,False
1.2857142857142856,0.09285714285714286,,3,H,False
1.2857142857142856,0.09285714285714286,,3,S,False
1.2857142857142856,0.09285714285714286,,3,N,False
1.2857142857142856,0.09285714285714286,,3,C,False
1.2857142857142856,0.09857142857142857,2.44897959183673,0,H,False
1.2857142857142856,0.09857142857142857,0.0,0,S,False
1.2857142857142856,0.09857142857142857,0.0206614285714286,0,N,False
1.2857142857142856,0.09857142857142857,0.167142857142857,0,C,False
1.2857142857142856,0.09857142857142857,2.44897959183673,1,H,True
1.2857142857142856,0.09857142857142857,5.85585889985133,1,S,True
1.2857142857142856,0.09857142857142857,0.0206614285714286,1,N,True
1.2857142857142856,0.09857142857142857,0.00317880794701987,1,C,True
1.2857142857142856,0.09857142857142857,104.929870129870,2,H,False
1.2857142857142856,0.09857142857142857,55.2923763261277,2,S,False
1.2857142857142856,0.09857142857142857,0.00272727272727273,2,N,False
1.2857142857142856,0.09857142857142857,0.0114483775409506,2,C,False
1.2857142857142856,0.09857142857142857,104.929870129870,3,H,True
1.2857142857142856,0.09857142857142857,27.1938358328753,3,S,True
1.2857142857142856,0.09857142857142857,0.00272727272727273,3,N,True
1.2857142857142856,0.09857142857142857,0.0298107090678049,3,C,True
1.2857142857142856,0.10428571428571429,2.44897959183673,0,H,False
1.2857142857142856,0.10428571428571429,0.0,0,S,False
1.2857142857142856,0.10428571428571429,0.0206614285714286,0,N,False
1.2857142857142856,0.10428571428571429,0.172857142857143,0,C,False
1.2857142857142856,0.10428571428571429,2.44897959183673,1,H,True
1.2857142857142856,0.10428571428571429,6.05994053250440,1,S,True
1.2857142857142856,0.10428571428571429,0.0206614285714286,1,N,True
1.2857142857142856,0.10428571428571429,0.00317880794701987,1,C,True
1.2857142857142856,0.10428571428571429,104.929870129870,2,H,False
1.2857142857142856,0.10428571428571429,66.8283266880034,2,S,False
1.2857142857142856,0.10428571428571429,0.00272727272727273,2,N,False
1.2857142857142856,0.10428571428571429,0.00962394625059458,2,C,False
1.2857142857142856,0.10428571428571429,104.929870129870,3,H,True
1.2857142857142856,0.10428571428571429,24.4020413151556,3,S,True
1.2857142857142856,0.10428571428571429,0.00272727272727273,3,N,True
1.2857142857142856,0.10428571428571429,0.0373494260724467,3,C,True
1.2857142857142856,0.11,2.44897959183673,0,H,False
1.2857142857142856,0.11,0.0,0,S,False
1.2857142857142856,0.11,0.0206614285714286,0,N,False
1.2857142857142856,0.11,0.178571428571429,0,C,False
1.2857142857142856,0.11,2.44897959183673,1,H,True
1.2857142857142856,0.11,6.26402216515745,1,S,True
1.2857142857142856,0.11,0.0206614285714286,1,N,True
1.2857142857142856,0.11,0.00317880794701987,1,C,True
1.2857142857142856,0.11,104.929870129870,2,H,False
1.2857142857142856,0.11,77.2056928394882,2,S,False
1.2857142857142856,0.11,0.00272727272727273,2,N,False
1.2857142857142856,0.11,0.00855664707455892,2,C,False
1.2857142857142856,0.11,104.929870129870,3,H,True
1.2857142857142856,0.11,22.7688310078264,3,S,True
1.2857142857142856,0.11,0.00272727272727273,3,N,True
1.2857142857142856,0.11,0.0441310109627680,3,C,True
1.2857142857142856,0.11571428571428571,2.44897959183673,0,H,False
1.2857142857142856,0.11571428571428571,0.0,0,S,False
1.2857142857142856,0.11571428571428571,0.0206614285714286,0,N,False
1.2857142857142856,0.11571428571428571,0.184285714285714,0,C,False
1.2857142857142856,0.11571428571428571,2.44897959183673,1,H,True
1.2857142857142856,0.11571428571428571,6.46810379781051,1,S,True
1.2857142857142856,0.11571428571428571,0.0206614285714286,1,N,True
1.2857142857142856,0.11571428571428571,0.00317880794701987,1,C,True
1.2857142857142856,0.11571428571428571,104.929870129870,2,H,False
1.2857142857142856,0.11571428571428571,87.0689511414778,2,S,False
1.2857142857142856,0.11571428571428571,0.00272727272727273,2,N,False
1.2857142857142856,0.11571428571428571,0.00782531619464367,2,C,False
1.2857142857142856,0.11571428571428571,104.929870129870,3,H,True
1.2857142857142856,0.11571428571428571,21.6497285499925,3,S,True
1.2857142857142856,0.11571428571428571,0.00272727272727273,3,N,True
1.2857142857142856,0.11571428571428571,0.0505766275569688,3,C,True
1.2857142857142856,0.12142857142857143,2.44897959183673,0,H,False
1.2857142857142856,0.12142857142857143,0.0,0,S,False
1.2857142857142856,0.12142857142857143,0.0206614285714286,0,N,False
1.2857142857142856,0.12142857142857143,0.190000000000000,0,C,False
1.2857142857142856,0.12142857142857143,2.44897959183673,1,H,True
1.2857142857142856,0.12142857142857143,6.67218543046357,1,S,True
1.2857142857142856,0.12142857142857143,0.0206614285714286,1,N,True
1.2857142857142856,0.12142857142857143,0.00317880794701987,1,C,True
1.2857142857142856,0.12142857142857143,104.929870129870,2,H,False
1.2857142857142856,0.12142857142857143,96.6421615145500,2,S,False
1.2857142857142856,0.12142857142857143,0.00272727272727273,2,N,False
1.2857142857142856,0.12142857142857143,0.00728353096855852,2,C,False
1.2857142857142856,0.12142857142857143,104.929870129870,3,H,True
1.2857142857142856,0.12142857142857143,20.8206740210763,3,S,True
1.2857142857142856,0.12142857142857143,0.00272727272727273,3,N,True
1.2857142857142856,0.12142857142857143,0.0568326984973398,3,C,True
1.2857142857142856,0.12714285714285714,2.44897959183673,0,H,False
1.2857142857142856,0.12714285714285714,0.0,0,S,False
1.2857142857142856,0.12714285714285714,0.0206614285714286,0,N,False
1.2857142857142856,0.12714285714285714,0.195714285714286,0,C,False
1.2857142857142856,0.12714285714285714,2.44897959183673,1,H,True
1.2857142857142856,0.12714285714285714,6.87626706311664,1,S,True
1.2857142857142856,0.12714285714285714,0.0206614285714286,1,N,True
1.2857142857142856,0.12714285714285714,0.00317880794701987,1,C,True
1.2857142857142856,0.12714285714285714,104.929870129870,2,H,False
1.2857142857142856,0.12714285714285714,106.030881383133,2,S,False
1.2857142857142856,0.12714285714285714,0.00272727272727273,2,N,False
1.2857142857142856,0.12714285714285714,0.00686230986244241,2,C,False
1.2857142857142856,0.12714285714285714,104.929870129870,3,H,True
1.2857142857142856,0.12714285714285714,20.1761099966491,3,S,True
1.2857142857142856,0.12714285714285714,0.00272727272727273,3,N,True
1.2857142857142856,0.12714285714285714,0.0629682053177417,3,C,True
1.2857142857142856,0.13285714285714284,2.44897959183673,0,H,False
1.2857142857142856,0.13285714285714284,0.0,0,S,False
1.2857142857142856,0.13285714285714284,0.0206614285714286,0,N,False
1.2857142857142856,0.13285714285714284,0.201428571428571,0,C,False
1.2857142857142856,0.13285714285714284,2.44897959183673,1,H,True
1.2857142857142856,0.13285714285714284,7.08034869576967,1,S,True
1.2857142857142856,0.13285714285714284,0.0206614285714286,1,N,True
1.2857142857142856,0.13285714285714284,0.00317880794701987,1,C,True
1.2857142857142856,0.13285714285714284,104.929870129870,2,H,False
1.2857142857142856,0.13285714285714284,115.293211824194,2,S,False
1.2857142857142856,0.13285714285714284,0.00272727272727273,2,N,False
1.2857142857142856,0.13285714285714284,0.00652368395625054,2,C,False
1.2857142857142856,0.13285714285714284,104.929870129870,3,H,True
1.2857142857142856,0.13285714285714284,19.6579353997423,3,S,True
1.2857142857142856,0.13285714285714284,0.00272727272727273,3,N,True
1.2857142857142856,0.13285714285714284,0.0690211169382184,3,C,True
1.2857142857142856,0.13857142857142857,2.44897959183673,0,H,False
1.2857142857142856,0.13857142857142857,0.0,0,S,False
1.2857142857142856,0.13857142857142857,0.0206614285714286,0,N,False
1.2857142857142856,0.13857142857142857,0.207142857142857,0,C,False
1.2857142857142856,0.13857142857142857,2.44897959183673,1,H,True
1.2857142857142856,0.13857142857142857,7.28443032842274,1,S,True
1.2857142857142856,0.13857142857142857,0.0206614285714286,1,N,True
1.2857142857142856,0.13857142857142857,0.00317880794701987,1,C,True
1.2857142857142856,0.13857142857142857,104.929870129870,2,H,False
1.2857142857142856,0.13857142857142857,124.464404917811,2,S,False
1.2857142857142856,0.13857142857142857,0.00272727272727273,2,N,False
1.2857142857142856,0.13857142857142857,0.00624461609680843,2,C,False
1.2857142857142856,0.13857142857142857,104.929870129870,3,H,True
1.2857142857142856,0.13857142857142857,19.2308981502823,3,S,True
1.2857142857142856,0.13857142857142857,0.00272727272727273,3,N,True
1.2857142857142856,0.13857142857142857,0.0750144705119465,3,C,True
1.2857142857142856,0.1442857142857143,2.44897959183673,0,H,False
1.2857142857142856,0.1442857142857143,0.0,0,S,False
1.2857142857142856,0.1442857142857143,0.0206614285714286,0,N,False
1.2857142857142856,0.1442857142857143,0.212857142857143,0,C,False
1.2857142857142856,0.1442857142857143,2.44897959183673,1,H,True
1.2857142857142856,0.1442857142857143,7.48851196107581,1,S,True
1.2857142857142856,0.1442857142857143,0.0206614285714286,1,N,True
1.2857142857142856,0.1442857142857143,0.00317880794701987,1,C,True
1.2857142857142856,0.1442857142857143,104.929870129870,2,H,False
1.2857142857142856,0.1442857142857143,133.567345621174,2,S,False
1.2857142857142856,0.1442857142857143,0.00272727272727273,2,N,False
1.2857142857142856,0.1442857142857143,0.00601015101727322,2,C,False
1.2857142857142856,0.1442857142857143,104.929870129870,3,H,True
1.2857142857142856,0.1442857142857143,18.8721132910754,3,S,True
1.2857142857142856,0.1442857142857143,0.00272727272727273,3,N,True
1.2857142857142856,0.1442857142857143,0.0809632213057677,3,C,True
1.2857142857142856,0.15,2.44897959183673,0,H,False
1.2857142857142856,0.15,0.0,0,S,False
1.2857142857142856,0.15,0.0206614285714286,0,N,False
1.2857142857142856,0.15,0.218571428571429,0,C,False
1.2857142857142856,0.15,2.44897959183673,1,H,True
1.2857142857142856,0.15,7.69259359372888,1,S,True
1.2857142857142856,0.15,0.0206614285714286,1,N,True
1.2857142857142856,0.15,0.00317880794701987,1,C,True
1.2857142857142856,0.15,104.929870129870,2,H,False
1.2857142857142856,0.15,142.617653230502,2,S,False
1.2857142857142856,0.15,0.00272727272727273,2,N,False
1.2857142857142856,0.15,0.00581008154352341,2,C,False
1.2857142857142856,0.15,104.929870129870,3,H,True
1.2857142857142856,0.15,18.5659615259032,3,S,True
1.2857142857142856,0.15,0.00272727272727273,3,N,True
1.2857142857142856,0.15,0.0868775764938035,3,C,True
1.3214285714285714,0.07,0.612244897959213,0,H,False
1.3214285714285714,0.07,0.0,0,S,False
1.3214285714285714,0.07,0.0209828571428571,0,N,False
1.3214285714285714,0.07,0.139642857142857,0,C,False
1.3214285714285714,0.07,0.612244897959213,1,H,True
1.3214285714285714,0.07,1.19917663841795,1,S,True
1.3214285714285714,0.07,0.0209828571428571,1,N,True
1.3214285714285714,0.07,0.00323651452282158,1,C,True
1.3214285714285714,0.07,,2,H,False
1.3214285714285714,0.07,,2,S,False
1.3214285714285714,0.07,,2,N,False
1.3214285714285714,0.07,,2,C,False
1.3214285714285714,0.07,,3,H,False
1.3214285714285714,0.07,,3,S,False
1.3214285714285714,0.07,,3,N,False
1.3214285714285714,0.07,,3,C,False
1.3214285714285714,0.07571428571428572,0.612244897959213,0,H,False
1.3214285714285714,0.07571428571428572,0.0,0,S,False
1.3214285714285714,0.07571428571428572,0.0209828571428571,0,N,False
1.3214285714285714,0.07571428571428572,0.145357142857143,0,C,False
1.3214285714285714,0.07571428571428572,0.612244897959213,1,H,True
1.3214285714285714,0.07571428571428572,1.24941211722486,1,S,True
1.3214285714285714,0.07571428571428572,0.0209828571428571,1,N,True
1.3214285714285714,0.07571428571428572,0.00323651452282158,1,C,True
1.3214285714285714,0.07571428571428572,,2,H,False
1.3214285714285714,0.07571428571428572,,2,S,False
1.3214285714285714,0.07571428571428572,,2,N,False
1.3214285714285714,0.07571428571428572,,2,C,False
1.3214285714285714,0.07571428571428572,,3,H,False
1.3214285714285714,0.07571428571428572,,3,S,False
1.3214285714285714,0.07571428571428572,,3,N,False
1.3214285714285714,0.07571428571428572,,3,C,False
1.3214285714285714,0.08142857142857143,0.612244897959213,0,H,False
1.3214285714285714,0.08142857142857143,0.0,0,S,False
1.3214285714285714,0.08142857142857143,0.0209828571428571,0,N,False
1.3214285714285714,0.08142857142857143,0.151071428571428,0,C,False
1.3214285714285714,0.08142857142857143,0.612244897959213,1,H,True
1.3214285714285714,0.08142857142857143,1.29964759603177,1,S,True
1.3214285714285714,0.08142857142857143,0.0209828571428571,1,N,True
1.3214285714285714,0.08142857142857143,0.00323651452282158,1,C,True
1.3214285714285714,0.08142857142857143,,2,H,False
1.3214285714285714,0.08142857142857143,,2,S,False
1.3214285714285714,0.08142857142857143,,2,N,False
1.3214285714285714,0.08142857142857143,,2,C,False
1.3214285714285714,0.08142857142857143,,3,H,False
1.3214285714285714,0.08142857142857143,,3,S,False
1.3214285714285714,0.08142857142857143,,3,N,False
1.3214285714285714,0.08142857142857143,,3,C,False
1.3214285714285714,0.08714285714285715,0.612244897959213,0,H,False
1.3214285714285714,0.08714285714285715,0.0,0,S,False
1.3214285714285714,0.08714285714285715,0.0209828571428571,0,N,False
1.3214285714285714,0.08714285714285715,0.156785714285714,0,C,False
1.3214285714285714,0.08714285714285715,0.612244897959213,1,H,True
1.3214285714285714,0.08714285714285715,1.34988307483868,1,S,True
1.3214285714285714,0.08714285714285715,0.0209828571428571,1,N,True
1.3214285714285714,0.08714285714285715,0.00323651452282158,1,C,True
1.3214285714285714,0.08714285714285715,,2,H,False
1.3214285714285714,0.08714285714285715,,2,S,False
1.3214285714285714,0.08714285714285715,,2,N,False
1.3214285714285714,0.08714285714285715,,2,C,False
1.3214285714285714,0.08714285714285715,,3,H,False
1.3214285714285714,0.08714285714285715,,3,S,False
1.3214285714285714,0.08714285714285715,,3,N,False
1.3214285714285714,0.08714285714285715,,3,C,False
1.3214285714285714,0.09285714285714286,0.612244897959213,0,H,False
1.3214285714285714,0.09285714285714286,0.0,0,S,False
1.3214285714285714,0.09285714285714286,0.0209828571428571,0,N,False
1.3214285714285714,0.09285714285714286,0.162500000000000,0,C,False
1.3214285714285714,0.09285714285714286,0.612244897959213,1,H,True
1.3214285714285714,0.09285714285714286,1.40011855364559,1,S,True
1.3214285714285714,0.09285714285714286,0.0209828571428571,1,N,True
1.3214285714285714,0.09285714285714286,0.00323651452282158,1,C,True
1.3214285714285714,0.09285714285714286,,2,H,False
1.3214285714285714,0.09285714285714286,,2,S,False
1.3214285714285714,0.09285714285714286,,2,N,False
1.3214285714285714,0.09285714285714286,,2,C,False
1.3214285714285714,0.09285714285714286,,3,H,False
1.3214285714285714,0.09285714285714286,,3,S,False
1.3214285714285714,0.09285714285714286,,3,N,False
1.3214285714285714,0.09285714285714286,,3,C,False
1.3214285714285714,0.09857142857142857,0.612244897959213,0,H,False
1.3214285714285714,0.09857142857142857,0.0,0,S,False
1.3214285714285714,0.09857142857142857,0.0209828571428571,0,N,False
1.3214285714285714,0.09857142857142857,0.168214285714286,0,C,False
1.3214285714285714,0.09857142857142857,0.612244897959213,1,H,True
1.3214285714285714,0.09857142857142857,1.45035403245250,1,S,True
1.3214285714285714,0.09857142857142857,0.0209828571428571,1,N,True
1.3214285714285714,0.09857142857142857,0.00323651452282158,1,C,True
1.3214285714285714,0.09857142857142857,104.929870129870,2,H,False
1.3214285714285714,0.09857142857142857,50.7268802304230,2,S,False
1.3214285714285714,0.09857142857142857,0.00272727272727273,2,N,False
1.3214285714285714,0.09857142857142857,0.0128425229789174,2,C,False
1.3214285714285714,0.09857142857142857,104.929870129870,3,H,True
1.3214285714285714,0.09857142857142857,29.3101809336865,3,S,True
1.3214285714285714,0.09857142857142857,0.00272727272727273,3,N,True
1.3214285714285714,0.09857142857142857,0.0270569704736881,3,C,True
1.3214285714285714,0.10428571428571429,0.612244897959213,0,H,False
1.3214285714285714,0.10428571428571429,0.0,0,S,False
1.3214285714285714,0.10428571428571429,0.0209828571428571,0,N,False
1.3214285714285714,0.10428571428571429,0.173928571428571,0,C,False
1.3214285714285714,0.10428571428571429,0.612244897959213,1,H,True
1.3214285714285714,0.10428571428571429,1.50058951125941,1,S,True
1.3214285714285714,0.10428571428571429,0.0209828571428571,1,N,True
1.3214285714285714,0.10428571428571429,0.00323651452282158,1,C,True
1.3214285714285714,0.10428571428571429,104.929870129870,2,H,False
1.3214285714285714,0.10428571428571429,63.0317474889170,2,S,False
1.3214285714285714,0.10428571428571429,0.00272727272727273,2,N,False
1.3214285714285714,0.10428571428571429,0.0103899624788270,2,C,False
1.3214285714285714,0.10428571428571429,104.929870129870,3,H,True
1.3214285714285714,0.10428571428571429,25.6149440448229,3,S,True
1.3214285714285714,0.10428571428571429,0.00272727272727273,3,N,True
1.3214285714285714,0.10428571428571429,0.0352238166880644,3,C,True
1.3214285714285714,0.11,0.612244897959213,0,H,False
1.3214285714285714,0.11,0.0,0,S,False
1.3214285714285714,0.11,0.0209828571428571,0,N,False
1.3214285714285714,0.11,0.179642857142857,0,C,False
1.3214285714285714,0.11,0.612244897959213,1,H,True
1.3214285714285714,0.11,1.55082499006632,1,S,True
1.3214285714285714,0.11,0.0209828571428571,1,N,True
1.3214285714285714,0.11,0.00323651452282158,1,C,True
1.3214285714285714,0.11,104.929870129870,2,H,False
1.3214285714285714,0.11,73.5761609786632,2,S,False
1.3214285714285714,0.11,0.00272727272727273,2,N,False
1.3214285714285714,0.11,0.00910583028396312,2,C,False
1.3214285714285714,0.11,104.929870129870,3,H,True
1.3214285714285714,0.11,23.6801609247070,3,S,True
1.3214285714285714,0.11,0.00272727272727273,3,N,True
1.3214285714285714,0.11,0.0422222345972138,3,C,True
1.3214285714285714,0.11571428571428571,0.612244897959213,0,H,False
1.3214285714285714,0.11571428571428571,0.0,0,S,False
1.3214285714285714,0.11571428571428571,0.0209828571428571,0,N,False
1.3214285714285714,0.11571428571428571,0.185357142857143,0,C,False
1.3214285714285714,0.11571428571428571,0.612244897959213,1,H,True
1.3214285714285714,0.11571428571428571,1.60106046887323,1,S,True
1.3214285714285714,0.11571428571428571,0.0209828571428571,1,N,True
1.3214285714285714,0.11571428571428571,0.00323651452282158,1,C,True
1.3214285714285714,0.11571428571428571,104.929870129870,2,H,False
1.3214285714285714,0.11571428571428571,83.4594234117656,2,S,False
1.3214285714285714,0.11571428571428571,0.00272727272727273,2,N,False
1.3214285714285714,0.11571428571428571,0.00826050973091991,2,C,False
1.3214285714285714,0.11571428571428571,104.929870129870,3,H,True
1.3214285714285714,0.11571428571428571,22.4065288612351,3,S,True
1.3214285714285714,0.11571428571428571,0.00272727272727273,3,N,True
1.3214285714285714,0.11571428571428571,0.0487818408645428,3,C,True
1.3214285714285714,0.12142857142857143,0.612244897959213,0,H,False
1.3214285714285714,0.12142857142857143,0.0,0,S,False
1.3214285714285714,0.12142857142857143,0.0209828571428571,0,N,False
1.3214285714285714,0.12142857142857143,0.191071428571428,0,C,False
1.3214285714285714,0.12142857142857143,0.612244897959213,1,H,True
1.3214285714285714,0.12142857142857143,1.65129594768014,1,S,True
1.3214285714285714,0.12142857142857143,0.0209828571428571,1,N,True
1.3214285714285714,0.12142857142857143,0.00323651452282158,1,C,True
1.3214285714285714,0.12142857142857143,104.929870129870,2,H,False
1.3214285714285714,0.12142857142857143,92.9923452788719,2,S,False
1.3214285714285714,0.12142857142857143,0.00272727272727273,2,N,False
1.3214285714285714,0.12142857142857143,0.00764771322425923,2,C,False
1.3214285714285714,0.12142857142857143,104.929870129870,3,H,True
1.3214285714285714,0.12142857142857143,21.4832373637590,3,S,True
1.3214285714285714,0.12142857142857143,0.00272727272727273,3,N,True
1.3214285714285714,0.12142857142857143,0.0551089230854891,3,C,True
1.3214285714285714,0.12714285714285714,0.612244897959213,0,H,False
1.3214285714285714,0.12714285714285714,0.0,0,S,False
1.3214285714285714,0.12714285714285714,0.0209828571428571,0,N,False
1.3214285714285714,0.12714285714285714,0.196785714285714,0,C,False
1.3214285714285714,0.12714285714285714,0.612244897959213,1,H,True
1.3214285714285714,0.12714285714285714,1.70153142648705,1,S,True
1.3214285714285714,0.12714285714285714,0.0209828571428571,1,N,True
1.3214285714285714,0.12714285714285714,0.00323651452282158,1,C,True
1.3214285714285714,0.12714285714285714,104.929870129870,2,H,False
1.3214285714285714,0.12714285714285714,102.309935848497,2,S,False
1.3214285714285714,0.12714285714285714,0.00272727272727273,2,N,False
1.3214285714285714,0.12714285714285714,0.00717783395146494,2,C,False
1.3214285714285714,0.12714285714285714,104.929870129870,3,H,True
1.3214285714285714,0.12714285714285714,20.7752771637648,3,S,True
1.3214285714285714,0.12714285714285714,0.00272727272727273,3,N,True
1.3214285714285714,0.12714285714285714,0.0612930880725692,3,C,True
1.3214285714285714,0.13285714285714284,0.612244897959213,0,H,False
1.3214285714285714,0.13285714285714284,0.0,0,S,False
1.3214285714285714,0.13285714285714284,0.0209828571428571,0,N,False
1.3214285714285714,0.13285714285714284,0.202499999999999,0,C,False
1.3214285714285714,0.13285714285714284,0.612244897959213,1,H,True
1.3214285714285714,0.13285714285714284,1.75176690529395,1,S,True
1.3214285714285714,0.13285714285714284,0.0209828571428571,1,N,True
1.3214285714285714,0.13285714285714284,0.00323651452282158,1,C,True
1.3214285714285714,0.13285714285714284,104.929870129870,2,H,False
1.3214285714285714,0.13285714285714284,111.483208331090,2,S,False
1.3214285714285714,0.13285714285714284,0.00272727272727273,2,N,False
1.3214285714285714,0.13285714285714284,0.00680373983408657,2,C,False
1.3214285714285714,0.13285714285714284,104.929870129870,3,H,True
1.3214285714285714,0.13285714285714284,20.2116350508007,3,S,True
1.3214285714285714,0.13285714285714284,0.00272727272727273,3,N,True
1.3214285714285714,0.13285714285714284,0.0673814679042326,3,C,True
1.3214285714285714,0.13857142857142857,0.612244897959213,0,H,False
1.3214285714285714,0.13857142857142857,0.0,0,S,False
1.3214285714285714,0.13857142857142857,0.0209828571428571,0,N,False
1.3214285714285714,0.13857142857142857,0.208214285714285,0,C,False
1.3214285714285714,0.13857142857142857,0.612244897959213,1,H,True
1.3214285714285714,0.13857142857142857,1.80200238410087,1,S,True
1.3214285714285714,0.13857142857142857,0.0209828571428571,1,N,True
1.3214285714285714,0.13857142857142857,0.00323651452282158,1,C,True
1.3214285714285714,0.13857142857142857,104.929870129870,2,H,False
1.3214285714285714,0.13857142857142857,120.554000439862,2,S,False
1.3214285714285714,0.13857142857142857,0.00272727272727273,2,N,False
1.3214285714285714,0.13857142857142857,0.00649766282208770,2,C,False
1.3214285714285714,0.13857142857142857,104.929870129870,3,H,True
1.3214285714285714,0.13857142857142857,19.7504733116592,3,S,True
1.3214285714285714,0.13857142857142857,0.00272727272727273,3,N,True
1.3214285714285714,0.13857142857142857,0.0734018306305174,3,C,True
1.3214285714285714,0.1442857142857143,0.612244897959213,0,H,False
1.3214285714285714,0.1442857142857143,0.0,0,S,False
1.3214285714285714,0.1442857142857143,0.0209828571428571,0,N,False
1.3214285714285714,0.1442857142857143,0.213928571428571,0,C,False
1.3214285714285714,0.1442857142857143,0.612244897959213,1,H,True
1.3214285714285714,0.1442857142857143,1.85223786290778,1,S,True
1.3214285714285714,0.1442857142857143,0.0209828571428571,1,N,True
1.3214285714285714,0.1442857142857143,0.00323651452282158,1,C,True
1.3214285714285714,0.1442857142857143,104.929870129870,2,H,False
1.3214285714285714,0.1442857142857143,129.548915216846,2,S,False
1.3214285714285714,0.1442857142857143,0.00272727272727273,2,N,False
1.3214285714285714,0.1442857142857143,0.00624194624769882,2,C,False
1.3214285714285714,0.1442857142857143,104.929870129870,3,H,True
1.3214285714285714,0.1442857142857143,19.3651889043058,3,S,True
1.3214285714285714,0.1442857142857143,0.00272727272727273,3,N,True
1.3214285714285714,0.1442857142857143,0.0793718329191923,3,C,True
1.3214285714285714,0.15,0.612244897959213,0,H,False
1.3214285714285714,0.15,0.0,0,S,False
1.3214285714285714,0.15,0.0209828571428571,0,N,False
1.3214285714285714,0.15,0.219642857142857,0,C,False
1.3214285714285714,0.15,0.612244897959213,1,H,True
1.3214285714285714,0.15,1.90247334171469,1,S,True
1.3214285714285714,0.15,0.0209828571428571,1,N,True
1.3214285714285714,0.15,0.00323651452282158,1,C,True
1.3214285714285714,0.15,104.929870129870,2,H,False
1.3214285714285714,0.15,138.485831189839,2,S,False
1.3214285714285714,0.15,0.00272727272727273,2,N,False
1.3214285714285714,0.15,0.00602472397827610,2,C,False
1.3214285714285714,0.15,104.929870129870,3,H,True
1.3214285714285714,0.15,19.0379033009440,3,S,True
1.3214285714285714,0.15,0.00272727272727273,3,N,True
1.3214285714285714,0.15,0.0853033409029010,3,C,True
1.3571428571428572,0.07,,0,H,False
1.3571428571428572,0.07,,0,S,False
1.3571428571428572,0.07,,0,N,False
1.3571428571428572,0.07,,0,C,False
1.3571428571428572,0.07,,1,H,False
1.3571428571428572,0.07,,1,S,False
1.3571428571428572,0.07,,1,N,False
1.3571428571428572,0.07,,1,C,False
1.3571428571428572,0.07,,2,H,False
1.3571428571428572,0.07,,2,S,False
1.3571428571428572,0.07,,2,N,False
1.3571428571428572,0.07,,2,C,False
1.3571428571428572,0.07,,3,H,False
1.3571428571428572,0.07,,3,S,False
1.3571428571428572,0.07,,3,N,False
1.3571428571428572,0.07,,3,C,False
1.3571428571428572,0.07571428571428572,,0,H,False
1.3571428571428572,0.07571428571428572,,0,S,False
1.3571428571428572,0.07571428571428572,,0,N,False
1.3571428571428572,0.07571428571428572,,0,C,False
1.3571428571428572,0.07571428571428572,,1,H,False
1.3571428571428572,0.07571428571428572,,1,S,False
1.3571428571428572,0.07571428571428572,,1,N,False
1.3571428571428572,0.07571428571428572,,1,C,False
1.3571428571428572,0.07571428571428572,,2,H,False
1.3571428571428572,0.07571428571428572,,2,S,False
1.3571428571428572,0.07571428571428572,,2,N,False
1.3571428571428572,0.07571428571428572,,2,C,False
1.3571428571428572,0.07571428571428572,,3,H,False
1.3571428571428572,0.07571428571428572,,3,S,False
1.3571428571428572,0.07571428571428572,,3,N,False
1.3571428571428572,0.07571428571428572,,3,C,False
1.3571428571428572,0.08142857142857143,,0,H,False
1.3571428571428572,0.08142857142857143,,0,S,False
1.3571428571428572,0.08142857142857143,,0,N,False
1.3571428571428572,0.08142857142857143,,0,C,False
1.3571428571428572,0.08142857142857143,,1,H,False
1.3571428571428572,0.08142857142857143,,1,S,False
1.3571428571428572,0.08142857142857143,,1,N,False
1.3571428571428572,0.08142857142857143,,1,C,False
1.3571428571428572,0.08142857142857143,,2,H,False
1.3571428571428572,0.08142857142857143,,2,S,False
1.3571428571428572,0.08142857142857143,,2,N,False
1.3571428571428572,0.08142857142857143,,2,C,False
1.3571428571428572,0.08142857142857143,,3,H,False
1.3571428571428572,0.08142857142857143,,3,S,False
1.3571428571428572,0.08142857142857143,,3,N,False
1.3571428571428572,0.08142857142857143,,3,C,False
1.3571428571428572,0.08714285714285715,,0,H,False
1.3571428571428572,0.08714285714285715,,0,S,False
1.3571428571428572,0.08714285714285715,,0,N,False
1.3571428571428572,0.08714285714285715,,0,C,False
1.3571428571428572,0.08714285714285715,,1,H,False
1.3571428571428572,0.08714285714285715,,1,S,False
1.3571428571428572,0.08714285714285715,,1,N,False
1.3571428571428572,0.08714285714285715,,1,C,False
1.3571428571428572,0.08714285714285715,,2,H,False
1.3571428571428572,0.08714285714285715,,2,S,False
1.3571428571428572,0.08714285714285715,,2,N,False
1.3571428571428572,0.08714285714285715,,2,C,False
1.3571428571428572,0.08714285714285715,,3,H,False
1.3571428571428572,0.08714285714285715,,3,S,False
1.3571428571428572,0.08714285714285715,,3,N,False
1.3571428571428572,0.08714285714285715,,3,C,False
1.3571428571428572,0.09285714285714286,,0,H,False
1.3571428571428572,0.09285714285714286,,0,S,False
1.3571428571428572,0.09285714285714286,,0,N,False
1.3571428571428572,0.09285714285714286,,0,C,False
1.3571428571428572,0.09285714285714286,,1,H,False
1.3571428571428572,0.09285714285714286,,1,S,False
1.3571428571428572,0.09285714285714286,,1,N,False
1.3571428571428572,0.09285714285714286,,1,C,False
1.3571428571428572,0.09285714285714286,,2,H,False
1.3571428571428572,0.09285714285714286,,2,S,False
1.3571428571428572,0.09285714285714286,,2,N,False
1.3571428571428572,0.09285714285714286,,2,C,False
1.3571428571428572,0.09285714285714286,,3,H,False
1.3571428571428572,0.09285714285714286,,3,S,False
1.3571428571428572,0.09285714285714286,,3,N,False
1.3571428571428572,0.09285714285714286,,3,C,False
1.3571428571428572,0.09857142857142857,,0,H,False
1.3571428571428572,0.09857142857142857,,0,S,False
1.3571428571428572,0.09857142857142857,,0,N,False
1.3571428571428572,0.09857142857142857,,0,C,False
1.3571428571428572,0.09857142857142857,,1,H,False
1.3571428571428572,0.09857142857142857,,1,S,False
1.3571428571428572,0.09857142857142857,,1,N,False
1.3571428571428572,0.09857142857142857,,1,C,False
1.3571428571428572,0.09857142857142857,104.929870129870,2,H,False
1.3571428571428572,0.09857142857142857,45.0424539421174,2,S,False
1.3571428571428572,0.09857142857142857,0.00272727272727273,2,N,False
1.3571428571428572,0.09857142857142857,0.0150839729560326,2,C,False
1.3571428571428572,0.09857142857142857,104.929870129870,3,H,True
1.3571428571428572,0.09857142857142857,32.6297433472798,3,S,True
1.3571428571428572,0.09857142857142857,0.00272727272727273,3,N,True
1.3571428571428572,0.09857142857142857,0.0234491406857333,3,C,True
1.3571428571428572,0.10428571428571429,,0,H,False
1.3571428571428572,0.10428571428571429,,0,S,False
1.3571428571428572,0.10428571428571429,,0,N,False
1.3571428571428572,0.10428571428571429,,0,C,False
1.3571428571428572,0.10428571428571429,,1,H,False
1.3571428571428572,0.10428571428571429,,1,S,False
1.3571428571428572,0.10428571428571429,,1,N,False
1.3571428571428572,0.10428571428571429,,1,C,False
1.3571428571428572,0.10428571428571429,104.929870129870,2,H,False
1.3571428571428572,0.10428571428571429,59.1209856051610,2,S,False
1.3571428571428572,0.10428571428571429,0.00272727272727273,2,N,False
1.3571428571428572,0.10428571428571429,0.0113104616376345,2,C,False
1.3571428571428572,0.10428571428571429,104.929870129870,3,H,True
1.3571428571428572,0.10428571428571429,27.0303931088723,3,S,True
1.3571428571428572,0.10428571428571429,0.00272727272727273,3,N,True
1.3571428571428572,0.10428571428571429,0.0329369377184172,3,C,True
1.3571428571428572,0.11,,0,H,False
1.3571428571428572,0.11,,0,S,False
1.3571428571428572,0.11,,0,N,False
1.3571428571428572,0.11,,0,C,False
1.3571428571428572,0.11,,1,H,False
1.3571428571428572,0.11,,1,S,False
1.3571428571428572,0.11,,1,N,False
1.3571428571428572,0.11,,1,C,False
1.3571428571428572,0.11,104.929870129870,2,H,False
1.3571428571428572,0.11,69.9500426287162,2,S,False
1.3571428571428572,0.11,0.00272727272727273,2,N,False
1.3571428571428572,0.11,0.00972683464668021,2,C,False
1.3571428571428572,0.11,104.929870129870,3,H,True
1.3571428571428572,0.11,24.6805175099532,3,S,True
1.3571428571428572,0.11,0.00272727272727273,3,N,True
1.3571428571428572,0.11,0.0402348504236573,3,C,True
1.3571428571428572,0.11571428571428571,,0,H,False
1.3571428571428572,0.11571428571428571,,0,S,False
1.3571428571428572,0.11571428571428571,,0,N,False
1.3571428571428572,0.11571428571428571,,0,C,False
1.3571428571428572,0.11571428571428571,,1,H,False
1.3571428571428572,0.11571428571428571,,1,S,False
1.3571428571428572,0.11571428571428571,,1,N,False
1.3571428571428572,0.11571428571428571,,1,C,False
1.3571428571428572,0.11571428571428571,104.929870129870,2,H,False
1.3571428571428572,0.11571428571428571,79.8949780391133,2,S,False
1.3571428571428572,0.11571428571428571,0.00272727272727273,2,N,False
1.3571428571428572,0.11571428571428571,0.00873903445205790,2,C,False
1.3571428571428572,0.11571428571428571,104.929870129870,3,H,True
1.3571428571428572,0.11571428571428571,23.2147635241919,3,S,True
1.3571428571428572,0.11571428571428571,0.00272727272727273,3,N,True
1.3571428571428572,0.11571428571428571,0.0469369363325652,3,C,True
1.3571428571428572,0.12142857142857143,,0,H,False
1.3571428571428572,0.12142857142857143,,0,S,False
1.3571428571428572,0.12142857142857143,,0,N,False
1.3571428571428572,0.12142857142857143,,0,C,False
1.3571428571428572,0.12142857142857143,,1,H,False
1.3571428571428572,0.12142857142857143,,1,S,False
1.3571428571428572,0.12142857142857143,,1,N,False
1.3571428571428572,0.12142857142857143,,1,C,False
1.3571428571428572,0.12142857142857143,104.929870129870,2,H,False
1.3571428571428572,0.12142857142857143,89.4090288930185,2,S,False
1.3571428571428572,0.12142857142857143,0.00272727272727273,2,N,False
1.3571428571428572,0.12142857142857143,0.00804161576272051,2,C,False
1.3571428571428572,0.12142857142857143,104.929870129870,3,H,True
1.3571428571428572,0.12142857142857143,22.1798940949228,3,S,True
1.3571428571428572,0.12142857142857143,0.00272727272727273,3,N,True
1.3571428571428572,0.12142857142857143,0.0533486407361884,3,C,True
1.3571428571428572,0.12714285714285714,,0,H,False
1.3571428571428572,0.12714285714285714,,0,S,False
1.3571428571428572,0.12714285714285714,,0,N,False
1.3571428571428572,0.12714285714285714,,0,C,False
1.3571428571428572,0.12714285714285714,,1,H,False
1.3571428571428572,0.12714285714285714,,1,S,False
1.3571428571428572,0.12714285714285714,,1,N,False
1.3571428571428572,0.12714285714285714,,1,C,False
1.3571428571428572,0.12714285714285714,104.929870129870,2,H,False
1.3571428571428572,0.12714285714285714,98.6690733956424,2,S,False
1.3571428571428572,0.12714285714285714,0.00272727272727273,2,N,False
1.3571428571428572,0.12714285714285714,0.00751537690688049,2,C,False
1.3571428571428572,0.12714285714285714,104.929870129870,3,H,True
1.3571428571428572,0.12714285714285714,21.3990310169347,3,S,True
1.3571428571428572,0.12714285714285714,0.00272727272727273,3,N,True
1.3571428571428572,0.12714285714285714,0.0595891653063140,3,C,True
1.3571428571428572,0.13285714285714284,,0,H,False
1.3571428571428572,0.13285714285714284,,0,S,False
1.3571428571428572,0.13285714285714284,,0,N,False
1.3571428571428572,0.13285714285714284,,0,C,False
1.3571428571428572,0.13285714285714284,,1,H,False
1.3571428571428572,0.13285714285714284,,1,S,False
1.3571428571428572,0.13285714285714284,,1,N,False
1.3571428571428572,0.13285714285714284,,1,C,False
1.3571428571428572,0.13285714285714284,104.929870129870,2,H,False
1.3571428571428572,0.13285714285714284,107.763168577029,2,S,False
1.3571428571428572,0.13285714285714284,0.00272727272727273,2,N,False
1.3571428571428572,0.13285714285714284,0.00710097453479524,2,C,False
1.3571428571428572,0.13285714285714284,104.929870129870,3,H,True
1.3571428571428572,0.13285714285714284,20.7841172601854,3,S,True
1.3571428571428572,0.13285714285714284,0.00272727272727273,3,N,True
1.3571428571428572,0.13285714285714284,0.0657178533926858,3,C,True
1.3571428571428572,0.13857142857142857,,0,H,False
1.3571428571428572,0.13857142857142857,,0,S,False
1.3571428571428572,0.13857142857142857,,0,N,False
1.3571428571428572,0.13857142857142857,,0,C,False
1.3571428571428572,0.13857142857142857,,1,H,False
1.3571428571428572,0.13857142857142857,,1,S,False
1.3571428571428572,0.13857142857142857,,1,N,False
1.3571428571428572,0.13857142857142857,,1,C,False
1.3571428571428572,0.13857142857142857,104.929870129870,2,H,False
1.3571428571428572,0.13857142857142857,116.741452346765,2,S,False
1.3571428571428572,0.13857142857142857,0.00272727272727273,2,N,False
1.3571428571428572,0.13857142857142857,0.00676461973145319,2,C,False
1.3571428571428572,0.13857142857142857,104.929870129870,3,H,True
1.3571428571428572,0.13857142857142857,20.2850149150830,3,S,True
1.3571428571428572,0.13857142857142857,0.00272727272727273,3,N,True
1.3571428571428572,0.13857142857142857,0.0717684939103119,3,C,True
1.3571428571428572,0.1442857142857143,,0,H,False
1.3571428571428572,0.1442857142857143,,0,S,False
1.3571428571428572,0.1442857142857143,,0,N,False
1.3571428571428572,0.1442857142857143,,0,C,False
1.3571428571428572,0.1442857142857143,,1,H,False
1.3571428571428572,0.1442857142857143,,1,S,False
1.3571428571428572,0.1442857142857143,,1,N,False
1.3571428571428572,0.1442857142857143,,1,C,False
1.3571428571428572,0.1442857142857143,104.929870129870,2,H,False
1.3571428571428572,0.1442857142857143,125.635066899960,2,S,False
1.3571428571428572,0.1442857142857143,0.00272727272727273,2,N,False
1.3571428571428572,0.1442857142857143,0.00648532516427136,2,C,False
1.3571428571428572,0.1442857142857143,104.929870129870,3,H,True
1.3571428571428572,0.1442857142857143,19.8705817865243,3,S,True
1.3571428571428572,0.1442857142857143,0.00272727272727273,3,N,True
1.3571428571428572,0.1442857142857143,0.0777620741917797,3,C,True
1.3571428571428572,0.15,,0,H,False
1.3571428571428572,0.15,,0,S,False
1.3571428571428572,0.15,,0,N,False
1.3571428571428572,0.15,,0,C,False
1.3571428571428572,0.15,,1,H,False
1.3571428571428572,0.15,,1,S,False
1.3571428571428572,0.15,,1,N,False
1.3571428571428572,0.15,,1,C,False
1.3571428571428572,0.15,104.929870129870,2,H,False
1.3571428571428572,0.15,134.464585137854,2,S,False
1.3571428571428572,0.15,0.00272727272727273,2,N,False
1.3571428571428572,0.15,0.00624922635391126,2,C,False
1.3571428571428572,0.15,104.929870129870,3,H,True
1.3571428571428572,0.15,19.5202449732671,3,S,True
1.3571428571428572,0.15,0.00272727272727273,3,N,True
1.3571428571428572,0.15,0.0837124587164258,3,C,True
1.3928571428571428,0.07,,0,H,False
1.3928571428571428,0.07,,0,S,False
1.3928571428571428,0.07,,0,N,False
1.3928571428571428,0.07,,0,C,False
1.3928571428571428,0.07,,1,H,False
1.3928571428571428,0.07,,1,S,False
1.3928571428571428,0.07,,1,N,False
1.3928571428571428,0.07,,1,C,False
1.3928571428571428,0.07,,2,H,False
1.3928571428571428,0.07,,2,S,False
1.3928571428571428,0.07,,2,N,False
1.3928571428571428,0.07,,2,C,False
1.3928571428571428,0.07,,3,H,False
1.3928571428571428,0.07,,3,S,False
1.3928571428571428,0.07,,3,N,False
1.3928571428571428,0.07,,3,C,False
1.3928571428571428,0.07571428571428572,,0,H,False
1.3928571428571428,0.07571428571428572,,0,S,False
1.3928571428571428,0.07571428571428572,,0,N,False
1.3928571428571428,0.07571428571428572,,0,C,False
1.3928571428571428,0.07571428571428572,,1,H,False
1.3928571428571428,0.07571428571428572,,1,S,False
1.3928571428571428,0.07571428571428572,,1,N,False
1.3928571428571428,0.07571428571428572,,1,C,False
1.3928571428571428,0.07571428571428572,,2,H,False
1.3928571428571428,0.07571428571428572,,2,S,False
1.3928571428571428,0.07571428571428572,,2,N,False
1.3928571428571428,0.07571428571428572,,2,C,False
1.3928571428571428,0.07571428571428572,,3,H,False
1.3928571428571428,0.07571428571428572,,3,S,False
1.3928571428571428,0.07571428571428572,,3,N,False
1.3928571428571428,0.07571428571428572,,3,C,False
1.3928571428571428,0.08142857142857143,,0,H,False
1.3928571428571428,0.08142857142857143,,0,S,False
1.3928571428571428,0.08142857142857143,,0,N,False
1.3928571428571428,0.08142857142857143,,0,C,False
1.3928571428571428,0.08142857142857143,,1,H,False
1.3928571428571428,0.08142857142857143,,1,S,False
1.3928571428571428,0.08142857142857143,,1,N,False
1.3928571428571428,0.08142857142857143,,1,C,False
1.3928571428571428,0.08142857142857143,,2,H,False
1.3928571428571428,0.08142857142857143,,2,S,False
1.3928571428571428,0.08142857142857143,,2,N,False
1.3928571428571428,0.08142857142857143,,2,C,False
1.3928571428571428,0.08142857142857143,,3,H,False
1.3928571428571428,0.08142857142857143,,3,S,False
1.3928571428571428,0.08142857142857143,,3,N,False
1.3928571428571428,0.08142857142857143,,3,C,False
1.3928571428571428,0.08714285714285715,,0,H,False
1.3928571428571428,0.08714285714285715,,0,S,False
1.3928571428571428,0.08714285714285715,,0,N,False
1.3928571428571428,0.08714285714285715,,0,C,False
1.3928571428571428,0.08714285714285715,,1,H,False
1.3928571428571428,0.08714285714285715,,1,S,False
1.3928571428571428,0.08714285714285715,,1,N,False
1.3928571428571428,0.08714285714285715,,1,C,False
1.3928571428571428,0.08714285714285715,,2,H,False
1.3928571428571428,0.08714285714285715,,2,S,False
1.3928571428571428,0.08714285714285715,,2,N,False
1.3928571428571428,0.08714285714285715,,2,C,False
1.3928571428571428,0.08714285714285715,,3,H,False
1.3928571428571428,0.08714285714285715,,3,S,False
1.3928571428571428,0.08714285714285715,,3,N,False
1.3928571428571428,0.08714285714285715,,3,C,False
1.3928571428571428,0.09285714285714286,,0,H,False
1.3928571428571428,0.09285714285714286,,0,S,False
1.3928571428571428,0.09285714285714286,,0,N,False
1.3928571428571428,0.09285714285714286,,0,C,False
1.3928571428571428,0.09285714285714286,,1,H,False
1.3928571428571428,0.09285714285714286,,1,S,False
1.3928571428571428,0.09285714285714286,,1,N,False
1.3928571428571428,0.09285714285714286,,1,C,False
1.3928571428571428,0.09285714285714286,,2,H,False
1.3928571428571428,0.09285714285714286,,2,S,False
1.3928571428571428,0.09285714285714286,,2,N,False
1.3928571428571428,0.09285714285714286,,2,C,False
1.3928571428571428,0.09285714285714286,,3,H,False
1.3928571428571428,0.09285714285714286,,3,S,False
1.3928571428571428,0.09285714285714286,,3,N,False
1.3928571428571428,0.09285714285714286,,3,C,False
1.3928571428571428,0.09857142857142857,,0,H,False
1.3928571428571428,0.09857142857142857,,0,S,False
1.3928571428571428,0.09857142857142857,,0,N,False
1.3928571428571428,0.09857142857142857,,0,C,False
1.3928571428571428,0.09857142857142857,,1,H,False
1.3928571428571428,0.09857142857142857,,1,S,False
1.3928571428571428,0.09857142857142857,,1,N,False
1.3928571428571428,0.09857142857142857,,1,C,False
1.3928571428571428,0.09857142857142857,,2,H,False
1.3928571428571428,0.09857142857142857,,2,S,False
1.3928571428571428,0.09857142857142857,,2,N,False
1.3928571428571428,0.09857142857142857,,2,C,False
1.3928571428571428,0.09857142857142857,,3,H,False
1.3928571428571428,0.09857142857142857,,3,S,False
1.3928571428571428,0.09857142857142857,,3,N,False
1.3928571428571428,0.09857142857142857,,3,C,False
1.3928571428571428,0.10428571428571429,,0,H,False
1.3928571428571428,0.10428571428571429,,0,S,False
1.3928571428571428,0.10428571428571429,,0,N,False
1.3928571428571428,0.10428571428571429,,0,C,False
1.3928571428571428,0.10428571428571429,,1,H,False
1.3928571428571428,0.10428571428571429,,1,S,False
1.3928571428571428,0.10428571428571429,,1,N,False
1.3928571428571428,0.10428571428571429,,1,C,False
1.3928571428571428,0.10428571428571429,104.929870129870,2,H,False
1.3928571428571428,0.10428571428571429,54.9789852623088,2,S,False
1.3928571428571428,0.10428571428571429,0.00272727272727273,2,N,False
1.3928571428571428,0.10428571428571429,0.0124690228655386,2,C,False
1.3928571428571428,0.10428571428571429,104.929870129870,3,H,True
1.3928571428571428,0.10428571428571429,28.7615621633412,3,S,True
1.3928571428571428,0.10428571428571429,0.00272727272727273,3,N,True
1.3928571428571428,0.10428571428571429,0.0304051590826216,3,C,True
1.3928571428571428,0.11,,0,H,False
1.3928571428571428,0.11,,0,S,False
1.3928571428571428,0.11,,0,N,False
1.3928571428571428,0.11,,0,C,False
1.3928571428571428,0.11,,1,H,False
1.3928571428571428,0.11,,1,S,False
1.3928571428571428,0.11,,1,N,False
1.3928571428571428,0.11,,1,C,False
1.3928571428571428,0.11,104.929870129870,2,H,False
1.3928571428571428,0.11,66.2968502794971,2,S,False
1.3928571428571428,0.11,0.00272727272727273,2,N,False
1.3928571428571428,0.11,0.0104404130302293,2,C,False
1.3928571428571428,0.11,104.929870129870,3,H,True
1.3928571428571428,0.11,25.7963236241526,3,S,True
1.3928571428571428,0.11,0.00272727272727273,3,N,True
1.3928571428571428,0.11,0.0381480546322167,3,C,True
1.3928571428571428,0.11571428571428571,,0,H,False
1.3928571428571428,0.11571428571428571,,0,S,False
1.3928571428571428,0.11571428571428571,,0,N,False
1.3928571428571428,0.11571428571428571,,0,C,False
1.3928571428571428,0.11571428571428571,,1,H,False
1.3928571428571428,0.11571428571428571,,1,S,False
1.3928571428571428,0.11571428571428571,,1,N,False
1.3928571428571428,0.11571428571428571,,1,C,False
1.3928571428571428,0.11571428571428571,104.929870129870,2,H,False
1.3928571428571428,0.11571428571428571,76.3608265763102,2,S,False
1.3928571428571428,0.11571428571428571,0.00272727272727273,2,N,False
1.3928571428571428,0.11571428571428571,0.00926962658987454,2,C,False
1.3928571428571428,0.11571428571428571,104.929870129870,3,H,True
1.3928571428571428,0.11571428571428571,24.0849738053393,3,S,True
1.3928571428571428,0.11571428571428571,0.00272727272727273,3,N,True
1.3928571428571428,0.11571428571428571,0.0450331267868573,3,C,True
1.3928571428571428,0.12142857142857143,,0,H,False
1.3928571428571428,0.12142857142857143,,0,S,False
1.3928571428571428,0.12142857142857143,,0,N,False
1.3928571428571428,0.12142857142857143,,0,C,False
1.3928571428571428,0.12142857142857143,,1,H,False
1.3928571428571428,0.12142857142857143,,1,S,False
1.3928571428571428,0.12142857142857143,,1,N,False
1.3928571428571428,0.12142857142857143,,1,C,False
1.3928571428571428,0.12142857142857143,104.929870129870,2,H,False
1.3928571428571428,0.12142857142857143,85.8824218299626,2,S,False
1.3928571428571428,0.12142857142857143,0.00272727272727273,2,N,False
1.3928571428571428,0.12142857142857143,0.00846989951088283,2,C,False
1.3928571428571428,0.12142857142857143,104.929870129870,3,H,True
1.3928571428571428,0.12142857142857143,22.9160050296864,3,S,True
1.3928571428571428,0.12142857142857143,0.00272727272727273,3,N,True
1.3928571428571428,0.12142857142857143,0.0515471395801346,3,C,True
1.3928571428571428,0.12714285714285714,,0,H,False
1.3928571428571428,0.12714285714285714,,0,S,False
1.3928571428571428,0.12714285714285714,,0,N,False
1.3928571428571428,0.12714285714285714,,0,C,False
1.3928571428571428,0.12714285714285714,,1,H,False
1.3928571428571428,0.12714285714285714,,1,S,False
1.3928571428571428,0.12714285714285714,,1,N,False
1.3928571428571428,0.12714285714285714,,1,C,False
1.3928571428571428,0.12714285714285714,104.929870129870,2,H,False
1.3928571428571428,0.12714285714285714,95.1005429061992,2,S,False
1.3928571428571428,0.12714285714285714,0.00272727272727273,2,N,False
1.3928571428571428,0.12714285714285714,0.00787778834303363,2,C,False
1.3928571428571428,0.12714285714285714,104.929870129870,3,H,True
1.3928571428571428,0.12714285714285714,22.0505104314495,3,S,True
1.3928571428571428,0.12714285714285714,0.00272727272727273,3,N,True
1.3928571428571428,0.12714285714285714,0.0578535364622696,3,C,True
1.3928571428571428,0.13285714285714284,,0,H,False
1.3928571428571428,0.13285714285714284,,0,S,False
1.3928571428571428,0.13285714285714284,,0,N,False
1.3928571428571428,0.13285714285714284,,0,C,False
1.3928571428571428,0.13285714285714284,,1,H,False
1.3928571428571428,0.13285714285714284,,1,S,False
1.3928571428571428,0.13285714285714284,,1,N,False
1.3928571428571428,0.13285714285714284,,1,C,False
1.3928571428571428,0.13285714285714284,104.929870129870,2,H,False
1.3928571428571428,0.13285714285714284,104.126281241273,2,S,False
1.3928571428571428,0.13285714285714284,0.00272727272727273,2,N,False
1.3928571428571428,0.13285714285714284,0.00741729205732955,2,C,False
1.3928571428571428,0.13285714285714284,104.929870129870,3,H,True
1.3928571428571428,0.13285714285714284,21.3773985743758,3,S,True
1.3928571428571428,0.13285714285714284,0.00272727272727273,3,N,True
1.3928571428571428,0.13285714285714284,0.0640283184622601,3,C,True
1.3928571428571428,0.13857142857142857,,0,H,False
1.3928571428571428,0.13857142857142857,,0,S,False
1.3928571428571428,0.13857142857142857,,0,N,False
1.3928571428571428,0.13857142857142857,,0,C,False
1.3928571428571428,0.13857142857142857,,1,H,False
1.3928571428571428,0.13857142857142857,,1,S,False
1.3928571428571428,0.13857142857142857,,1,N,False
1.3928571428571428,0.13857142857142857,,1,C,False
1.3928571428571428,0.13857142857142857,104.929870129870,2,H,False
1.3928571428571428,0.13857142857142857,113.020399400503,2,S,False
1.3928571428571428,0.13857142857142857,0.00272727272727273,2,N,False
1.3928571428571428,0.13857142857142857,0.00704684113550052,2,C,False
1.3928571428571428,0.13857142857142857,104.929870129870,3,H,True
1.3928571428571428,0.13857142857142857,20.8359068931438,3,S,True
1.3928571428571428,0.13857142857142857,0.00272727272727273,3,N,True
1.3928571428571428,0.13857142857142857,0.0701130550983731,3,C,True
1.3928571428571428,0.1442857142857143,,0,H,False
1.3928571428571428,0.1442857142857143,,0,S,False
1.3928571428571428,0.1442857142857143,,0,N,False
1.3928571428571428,0.1442857142857143,,0,C,False
1.3928571428571428,0.1442857142857143,,1,H,False
1.3928571428571428,0.1442857142857143,,1,S,False
1.3928571428571428,0.1442857142857143,,1,N,False
1.3928571428571428,0.1442857142857143,,1,C,False
1.3928571428571428,0.1442857142857143,104.929870129870,2,H,False
1.3928571428571428,0.1442857142857143,121.819642795901,2,S,False
1.3928571428571428,0.1442857142857143,0.00272727272727273,2,N,False
1.3928571428571428,0.1442857142857143,0.00674129692403986,2,C,False
1.3928571428571428,0.1442857142857143,104.929870129870,3,H,True
1.3928571428571428,0.1442857142857143,20.3892899757458,3,S,True
1.3928571428571428,0.1442857142857143,0.00272727272727273,3,N,True
1.3928571428571428,0.1442857142857143,0.0761328850241197,3,C,True
1.3928571428571428,0.15,,0,H,False
1.3928571428571428,0.15,,0,S,False
1.3928571428571428,0.15,,0,N,False
1.3928571428571428,0.15,,0,C,False
1.3928571428571428,0.15,,1,H,False
1.3928571428571428,0.15,,1,S,False
1.3928571428571428,0.15,,1,N,False
1.3928571428571428,0.15,,1,C,False
1.3928571428571428,0.15,104.929870129870,2,H,False
1.3928571428571428,0.15,130.547824565196,2,S,False
1.3928571428571428,0.15,0.00272727272727273,2,N,False
1.3928571428571428,0.15,0.00648436813144657,2,C,False
1.3928571428571428,0.15,104.929870129870,3,H,True
1.3928571428571428,0.15,20.0137346844502,3,S,True
1.3928571428571428,0.15,0.00272727272727273,3,N,True
1.3928571428571428,0.15,0.0821040995309990,3,C,True
1.4285714285714286,0.07,,0,H,False
1.4285714285714286,0.07,,0,S,False
1.4285714285714286,0.07,,0,N,False
1.4285714285714286,0.07,,0,C,False
1.4285714285714286,0.07,,1,H,False
1.4285714285714286,0.07,,1,S,False
1.4285714285714286,0.07,,1,N,False
1.4285714285714286,0.07,,1,C,False
1.4285714285714286,0.07,,2,H,False
1.4285714285714286,0.07,,2,S,False
1.4285714285714286,0.07,,2,N,False
1.4285714285714286,0.07,,2,C,False
1.4285714285714286,0.07,,3,H,False
1.4285714285714286,0.07,,3,S,False
1.4285714285714286,0.07,,3,N,False
1.4285714285714286,0.07,,3,C,False
1.4285714285714286,0.07571428571428572,,0,H,False
1.4285714285714286,0.07571428571428572,,0,S,False
1.4285714285714286,0.07571428571428572,,0,N,False
1.4285714285714286,0.07571428571428572,,0,C,False
1.4285714285714286,0.07571428571428572,,1,H,False
1.4285714285714286,0.07571428571428572,,1,S,False
1.4285714285714286,0.07571428571428572,,1,N,False
1.4285714285714286,0.07571428571428572,,1,C,False
1.4285714285714286,0.07571428571428572,,2,H,False
1.4285714285714286,0.07571428571428572,,2,S,False
1.4285714285714286,0.07571428571428572,,2,N,False
1.4285714285714286,0.07571428571428572,,2,C,False
1.4285714285714286,0.07571428571428572,,3,H,False
1.4285714285714286,0.07571428571428572,,3,S,False
1.4285714285714286,0.07571428571428572,,3,N,False
1.4285714285714286,0.07571428571428572,,3,C,False
1.4285714285714286,0.08142857142857143,,0,H,False
1.4285714285714286,0.08142857142857143,,0,S,False
1.4285714285714286,0.08142857142857143,,0,N,False
1.4285714285714286,0.08142857142857143,,0,C,False
1.4285714285714286,0.08142857142857143,,1,H,False
1.4285714285714286,0.08142857142857143,,1,S,False
1.4285714285714286,0.08142857142857143,,1,N,False
1.4285714285714286,0.08142857142857143,,1,C,False
1.4285714285714286,0.08142857142857143,,2,H,False
1.4285714285714286,0.08142857142857143,,2,S,False
1.4285714285714286,0.08142857142857143,,2,N,False
1.4285714285714286,0.08142857142857143,,2,C,False
1.4285714285714286,0.08142857142857143,,3,H,False
1.4285714285714286,0.08142857142857143,,3,S,False
1.4285714285714286,0.08142857142857143,,3,N,False
1.4285714285714286,0.08142857142857143,,3,C,False
1.4285714285714286,0.08714285714285715,,0,H,False
1.4285714285714286,0.08714285714285715,,0,S,False
1.4285714285714286,0.08714285714285715,,0,N,False
1.4285714285714286,0.08714285714285715,,0,C,False
1.4285714285714286,0.08714285714285715,,1,H,False
1.4285714285714286,0.08714285714285715,,1,S,False
1.4285714285714286,0.08714285714285715,,1,N,False
1.4285714285714286,0.08714285714285715,,1,C,False
1.4285714285714286,0.08714285714285715,,2,H,False
1.4285714285714286,0.08714285714285715,,2,S,False
1.4285714285714286,0.08714285714285715,,2,N,False
1.4285714285714286,0.08714285714285715,,2,C,False
1.4285714285714286,0.08714285714285715,,3,H,False
1.4285714285714286,0.08714285714285715,,3,S,False
1.4285714285714286,0.08714285714285715,,3,N,False
1.4285714285714286,0.08714285714285715,,3,C,False
1.4285714285714286,0.09285714285714286,,0,H,False
1.4285714285714286,0.09285714285714286,,0,S,False
1.4285714285714286,0.09285714285714286,,0,N,False
1.4285714285714286,0.09285714285714286,,0,C,False
1.4285714285714286,0.09285714285714286,,1,H,False
1.4285714285714286,0.09285714285714286,,1,S,False
1.4285714285714286,0.09285714285714286,,1,N,False
1.4285714285714286,0.09285714285714286,,1,C,False
1.4285714285714286,0.09285714285714286,,2,H,False
1.4285714285714286,0.09285714285714286,,2,S,False
1.4285714285714286,0.09285714285714286,,2,N,False
1.4285714285714286,0.09285714285714286,,2,C,False
1.4285714285714286,0.09285714285714286,,3,H,False
1.4285714285714286,0.09285714285714286,,3,S,False
1.4285714285714286,0.09285714285714286,,3,N,False
1.4285714285714286,0.09285714285714286,,3,C,False
1.4285714285714286,0.09857142857142857,,0,H,False
1.4285714285714286,0.09857142857142857,,0,S,False
1.4285714285714286,0.09857142857142857,,0,N,False
1.4285714285714286,0.09857142857142857,,0,C,False
1.4285714285714286,0.09857142857142857,,1,H,False
1.4285714285714286,0.09857142857142857,,1,S,False
1.4285714285714286,0.09857142857142857,,1,N,False
1.4285714285714286,0.09857142857142857,,1,C,False
1.4285714285714286,0.09857142857142857,,2,H,False
1.4285714285714286,0.09857142857142857,,2,S,False
1.4285714285714286,0.09857142857142857,,2,N,False
1.4285714285714286,0.09857142857142857,,2,C,False
1.4285714285714286,0.09857142857142857,,3,H,False
1.4285714285714286,0.09857142857142857,,3,S,False
1.4285714285714286,0.09857142857142857,,3,N,False
1.4285714285714286,0.09857142857142857,,3,C,False
1.4285714285714286,0.10428571428571429,,0,H,False
1.4285714285714286,0.10428571428571429,,0,S,False
1.4285714285714286,0.10428571428571429,,0,N,False
1.4285714285714286,0.10428571428571429,,0,C,False
1.4285714285714286,0.10428571428571429,,1,H,False
1.4285714285714286,0.10428571428571429,,1,S,False
1.4285714285714286,0.10428571428571429,,1,N,False
1.4285714285714286,0.10428571428571429,,1,C,False
1.4285714285714286,0.10428571428571429,104.929870129870,2,H,False
1.4285714285714286,0.10428571428571429,50.3335341701850,2,S,False
1.4285714285714286,0.10428571428571429,0.00272727272727273,2,N,False
1.4285714285714286,0.10428571428571429,0.0140617378584789,2,C,False
1.4285714285714286,0.10428571428571429,104.929870129870,3,H,True
1.4285714285714286,0.10428571428571429,31.0770104760546,3,S,True
1.4285714285714286,0.10428571428571429,0.00272727272727273,3,N,True
1.4285714285714286,0.10428571428571429,0.0274323376312488,3,C,True
1.4285714285714286,0.11,,0,H,False
1.4285714285714286,0.11,,0,S,False
1.4285714285714286,0.11,,0,N,False
1.4285714285714286,0.11,,0,C,False
1.4285714285714286,0.11,,1,H,False
1.4285714285714286,0.11,,1,S,False
1.4285714285714286,0.11,,1,N,False
1.4285714285714286,0.11,,1,C,False
1.4285714285714286,0.11,104.929870129870,2,H,False
1.4285714285714286,0.11,62.5714965135879,2,S,False
1.4285714285714286,0.11,0.00272727272727273,2,N,False
1.4285714285714286,0.11,0.0112787008406380,2,C,False
1.4285714285714286,0.11,104.929870129870,3,H,True
1.4285714285714286,0.11,27.0688418683277,3,S,True
1.4285714285714286,0.11,0.00272727272727273,3,N,True
1.4285714285714286,0.11,0.0359296603633754,3,C,True
1.4285714285714286,0.11571428571428571,,0,H,False
1.4285714285714286,0.11571428571428571,,0,S,False
1.4285714285714286,0.11571428571428571,,0,N,False
1.4285714285714286,0.11571428571428571,,0,C,False
1.4285714285714286,0.11571428571428571,,1,H,False
1.4285714285714286,0.11571428571428571,,1,S,False
1.4285714285714286,0.11571428571428571,,1,N,False
1.4285714285714286,0.11571428571428571,,1,C,False
1.4285714285714286,0.11571428571428571,104.929870129870,2,H,False
1.4285714285714286,0.11571428571428571,72.8386341962213,2,S,False
1.4285714285714286,0.11571428571428571,0.00272727272727273,2,N,False
1.4285714285714286,0.11571428571428571,0.00986408878776025,2,C,False
1.4285714285714286,0.11571428571428571,104.929870129870,3,H,True
1.4285714285714286,0.11571428571428571,25.0314979213704,3,S,True
1.4285714285714286,0.11571428571428571,0.00272727272727273,3,N,True
1.4285714285714286,0.11571428571428571,0.0430585581305388,3,C,True
1.4285714285714286,0.12142857142857143,,0,H,False
1.4285714285714286,0.12142857142857143,,0,S,False
1.4285714285714286,0.12142857142857143,,0,N,False
1.4285714285714286,0.12142857142857143,,0,C,False
1.4285714285714286,0.12142857142857143,,1,H,False
1.4285714285714286,0.12142857142857143,,1,S,False
1.4285714285714286,0.12142857142857143,,1,N,False
1.4285714285714286,0.12142857142857143,,1,C,False
1.4285714285714286,0.12142857142857143,104.929870129870,2,H,False
1.4285714285714286,0.12142857142857143,82.4015603303839,2,S,False
1.4285714285714286,0.12142857142857143,0.00272727272727273,2,N,False
1.4285714285714286,0.12142857142857143,0.00893843989975729,2,C,False
1.4285714285714286,0.12142857142857143,104.929870129870,3,H,True
1.4285714285714286,0.12142857142857143,23.6983655228840,3,S,True
1.4285714285714286,0.12142857142857143,0.00272727272727273,3,N,True
1.4285714285714286,0.12142857142857143,0.0496984927328276,3,C,True
1.4285714285714286,0.12714285714285714,,0,H,False
1.4285714285714286,0.12714285714285714,,0,S,False
1.4285714285714286,0.12714285714285714,,0,N,False
1.4285714285714286,0.12714285714285714,,0,C,False
1.4285714285714286,0.12714285714285714,,1,H,False
1.4285714285714286,0.12714285714285714,,1,S,False
1.4285714285714286,0.12714285714285714,,1,N,False
1.4285714285714286,0.12714285714285714,,1,C,False
1.4285714285714286,0.12714285714285714,104.929870129870,2,H,False
1.4285714285714286,0.12714285714285714,91.5961932433667,2,S,False
1.4285714285714286,0.12714285714285714,0.00272727272727273,2,N,False
1.4285714285714286,0.12714285714285714,0.00826851220721172,2,C,False
1.4285714285714286,0.12714285714285714,104.929870129870,3,H,True
1.4285714285714286,0.12714285714285714,22.7335263455772,3,S,True
1.4285714285714286,0.12714285714285714,0.00272727272727273,3,N,True
1.4285714285714286,0.12714285714285714,0.0560827061396588,3,C,True
1.4285714285714286,0.13285714285714284,,0,H,False
1.4285714285714286,0.13285714285714284,,0,S,False
1.4285714285714286,0.13285714285714284,,0,N,False
1.4285714285714286,0.13285714285714284,,0,C,False
1.4285714285714286,0.13285714285714284,,1,H,False
1.4285714285714286,0.13285714285714284,,1,S,False
1.4285714285714286,0.13285714285714284,,1,N,False
1.4285714285714286,0.13285714285714284,,1,C,False
1.4285714285714286,0.13285714285714284,104.929870129870,2,H,False
1.4285714285714286,0.13285714285714284,100.565656530482,2,S,False
1.4285714285714286,0.13285714285714284,0.00272727272727273,2,N,False
1.4285714285714286,0.13285714285714284,0.00775492908631796,2,C,False
1.4285714285714286,0.13285714285714284,104.929870129870,3,H,True
1.4285714285714286,0.13285714285714284,21.9938567941381,3,S,True
1.4285714285714286,0.13285714285714284,0.00272727272727273,3,N,True
1.4285714285714286,0.13285714285714284,0.0623105749748381,3,C,True
1.4285714285714286,0.13857142857142857,,0,H,False
1.4285714285714286,0.13857142857142857,,0,S,False
1.4285714285714286,0.13857142857142857,,0,N,False
1.4285714285714286,0.13857142857142857,,0,C,False
1.4285714285714286,0.13857142857142857,,1,H,False
1.4285714285714286,0.13857142857142857,,1,S,False
1.4285714285714286,0.13857142857142857,,1,N,False
1.4285714285714286,0.13857142857142857,,1,C,False
1.4285714285714286,0.13857142857142857,104.929870129870,2,H,False
1.4285714285714286,0.13857142857142857,109.384560171342,2,S,False
1.4285714285714286,0.13857142857142857,0.00272727272727273,2,N,False
1.4285714285714286,0.13857142857142857,0.00734588574653842,2,C,False
1.4285714285714286,0.13857142857142857,104.929870129870,3,H,True
1.4285714285714286,0.13857142857142857,21.4047468889540,3,S,True
1.4285714285714286,0.13857142857142857,0.00272727272727273,3,N,True
1.4285714285714286,0.13857142857142857,0.0684339040289037,3,C,True
1.4285714285714286,0.1442857142857143,,0,H,False
1.4285714285714286,0.1442857142857143,,0,S,False
1.4285714285714286,0.1442857142857143,,0,N,False
1.4285714285714286,0.1442857142857143,,0,C,False
1.4285714285714286,0.1442857142857143,,1,H,False
1.4285714285714286,0.1442857142857143,,1,S,False
1.4285714285714286,0.1442857142857143,,1,N,False
1.4285714285714286,0.1442857142857143,,1,C,False
1.4285714285714286,0.1442857142857143,104.929870129870,2,H,False
1.4285714285714286,0.1442857142857143,118.096653590251,2,S,False
1.4285714285714286,0.1442857142857143,0.00272727272727273,2,N,False
1.4285714285714286,0.1442857142857143,0.00701100515555177,2,C,False
1.4285714285714286,0.1442857142857143,104.929870129870,3,H,True
1.4285714285714286,0.1442857142857143,20.9224472057213,3,S,True
1.4285714285714286,0.1442857142857143,0.00272727272727273,3,N,True
1.4285714285714286,0.1442857142857143,0.0744830703341763,3,C,True
1.4285714285714286,0.15,,0,H,False
1.4285714285714286,0.15,,0,S,False
1.4285714285714286,0.15,,0,N,False
1.4285714285714286,0.15,,0,C,False
1.4285714285714286,0.15,,1,H,False
1.4285714285714286,0.15,,1,S,False
1.4285714285714286,0.15,,1,N,False
1.4285714285714286,0.15,,1,C,False
1.4285714285714286,0.15,104.929870129870,2,H,False
1.4285714285714286,0.15,126.729682971887,2,S,False
1.4285714285714286,0.15,0.00272727272727273,2,N,False
1.4285714285714286,0.15,0.00673102199130655,2,C,False
1.4285714285714286,0.15,104.929870129870,3,H,True
1.4285714285714286,0.15,20.5192115597613,3,S,True
1.4285714285714286,0.15,0.00272727272727273,3,N,True
1.4285714285714286,0.15,0.0804773392127068,3,C,True
1.4642857142857142,0.07,,0,H,False
1.4642857142857142,0.07,,0,S,False
1.4642857142857142,0.07,,0,N,False
1.4642857142857142,0.07,,0,C,False
1.4642857142857142,0.07,,1,H,False
1.4642857142857142,0.07,,1,S,False
1.4642857142857142,0.07,,1,N,False
1.4642857142857142,0.07,,1,C,False
1.4642857142857142,0.07,,2,H,False
1.4642857142857142,0.07,,2,S,False
1.4642857142857142,0.07,,2,N,False
1.4642857142857142,0.07,,2,C,False
1.4642857142857142,0.07,,3,H,False
1.4642857142857142,0.07,,3,S,False
1.4642857142857142,0.07,,3,N,False
1.4642857142857142,0.07,,3,C,False
1.4642857142857142,0.07571428571428572,,0,H,False
1.4642857142857142,0.07571428571428572,,0,S,False
1.4642857142857142,0.07571428571428572,,0,N,False
1.4642857142857142,0.07571428571428572,,0,C,False
1.4642857142857142,0.07571428571428572,,1,H,False
1.4642857142857142,0.07571428571428572,,1,S,False
1.4642857142857142,0.07571428571428572,,1,N,False
1.4642857142857142,0.07571428571428572,,1,C,False
1.4642857142857142,0.07571428571428572,,2,H,False
1.4642857142857142,0.07571428571428572,,2,S,False
1.4642857142857142,0.07571428571428572,,2,N,False
1.4642857142857142,0.07571428571428572,,2,C,False
1.4642857142857142,0.07571428571428572,,3,H,False
1.4642857142857142,0.07571428571428572,,3,S,False
1.4642857142857142,0.07571428571428572,,3,N,False
1.4642857142857142,0.07571428571428572,,3,C,False
1.4642857142857142,0.08142857142857143,,0,H,False
1.4642857142857142,0.08142857142857143,,0,S,False
1.4642857142857142,0.08142857142857143,,0,N,False
1.4642857142857142,0.08142857142857143,,0,C,False
1.4642857142857142,0.08142857142857143,,1,H,False
1.4642857142857142,0.08142857142857143,,1,S,False
1.4642857142857142,0.08142857142857143,,1,N,False
1.4642857142857142,0.08142857142857143,,1,C,False
1.4642857142857142,0.08142857142857143,,2,H,False
1.4642857142857142,0.08142857142857143,,2,S,False
1.4642857142857142,0.08142857142857143,,2,N,False
1.4642857142857142,0.08142857142857143,,2,C,False
1.4642857142857142,0.08142857142857143,,3,H,False
1.4642857142857142,0.08142857142857143,,3,S,False
1.4642857142857142,0.08142857142857143,,3,N,False
1.4642857142857142,0.08142857142857143,,3,C,False
1.4642857142857142,0.08714285714285715,,0,H,False
1.4642857142857142,0.08714285714285715,,0,S,False
1.4642857142857142,0.08714285714285715,,0,N,False
1.4642857142857142,0.08714285714285715,,0,C,False
1.4642857142857142,0.08714285714285715,,1,H,False
1.4642857142857142,0.08714285714285715,,1,S,False
1.4642857142857142,0.08714285714285715,,1,N,False
1.4642857142857142,0.08714285714285715,,1,C,False
1.4642857142857142,0.08714285714285715,,2,H,False
1.4642857142857142,0.08714285714285715,,2,S,False
1.4642857142857142,0.08714285714285715,,2,N,False
1.4642857142857142,0.08714285714285715,,2,C,False
1.4642857142857142,0.08714285714285715,,3,H,False
1.4642857142857142,0.08714285714285715,,3,S,False
1.4642857142857142,0.08714285714285715,,3,N,False
1.4642857142857142,0.08714285714285715,,3,C,False
1.4642857142857142,0.09285714285714286,,0,H,False
1.4642857142857142,0.09285714285714286,,0,S,False
1.4642857142857142,0.09285714285714286,,0,N,False
1.4642857142857142,0.09285714285714286,,0,C,False
1.4642857142857142,0.09285714285714286,,1,H,False
1.4642857142857142,0.09285714285714286,,1,S,False
1.4642857142857142,0.09285714285714286,,1,N,False
1.4642857142857142,0.09285714285714286,,1,C,False
1.4642857142857142,0.09285714285714286,,2,H,False
1.4642857142857142,0.09285714285714286,,2,S,False
1.4642857142857142,0.09285714285714286,,2,N,False
1.4642857142857142,0.09285714285714286,,2,C,False
1.4642857142857142,0.09285714285714286,,3,H,False
1.4642857142857142,0.09285714285714286,,3,S,False
1.4642857142857142,0.09285714285714286,,3,N,False
1.4642857142857142,0.09285714285714286,,3,C,False
1.4642857142857142,0.09857142857142857,,0,H,False
1.4642857142857142,0.09857142857142857,,0,S,False
1.4642857142857142,0.09857142857142857,,0,N,False
1.4642857142857142,0.09857142857142857,,0,C,False
1.4642857142857142,0.09857142857142857,,1,H,False
1.4642857142857142,0.09857142857142857,,1,S,False
1.4642857142857142,0.09857142857142857,,1,N,False
1.4642857142857142,0.09857142857142857,,1,C,False
1.4642857142857142,0.09857142857142857,,2,H,False
1.4642857142857142,0.09857142857142857,,2,S,False
1.4642857142857142,0.09857142857142857,,2,N,False
1.4642857142857142,0.09857142857142857,,2,C,False
1.4642857142857142,0.09857142857142857,,3,H,False
1.4642857142857142,0.09857142857142857,,3,S,False
1.4642857142857142,0.09857142857142857,,3,N,False
1.4642857142857142,0.09857142857142857,,3,C,False
1.4642857142857142,0.10428571428571429,,0,H,False
1.4642857142857142,0.10428571428571429,,0,S,False
1.4642857142857142,0.10428571428571429,,0,N,False
1.4642857142857142,0.10428571428571429,,0,C,False
1.4642857142857142,0.10428571428571429,,1,H,False
1.4642857142857142,0.10428571428571429,,1,S,False
1.4642857142857142,0.10428571428571429,,1,N,False
1.4642857142857142,0.10428571428571429,,1,C,False
1.4642857142857142,0.10428571428571429,104.929870129870,2,H,False
1.4642857142857142,0.10428571428571429,44.0085953732507,2,S,False
1.4642857142857142,0.10428571428571429,0.00272727272727273,2,N,False
1.4642857142857142,0.10428571428571429,0.0169326081053715,2,C,False
1.4642857142857142,0.10428571428571429,104.929870129870,3,H,True
1.4642857142857142,0.10428571428571429,35.1493344841974,3,S,True
1.4642857142857142,0.10428571428571429,0.00272727272727273,3,N,True
1.4642857142857142,0.10428571428571429,0.0231744199043388,3,C,True
1.4642857142857142,0.11,,0,H,False
1.4642857142857142,0.11,,0,S,False
1.4642857142857142,0.11,,0,N,False
1.4642857142857142,0.11,,0,C,False
1.4642857142857142,0.11,,1,H,False
1.4642857142857142,0.11,,1,S,False
1.4642857142857142,0.11,,1,N,False
1.4642857142857142,0.11,,1,C,False
1.4642857142857142,0.11,104.929870129870,2,H,False
1.4642857142857142,0.11,58.6996397785301,2,S,False
1.4642857142857142,0.11,0.00272727272727273,2,N,False
1.4642857142857142,0.11,0.0122962860820152,2,C,False
1.4642857142857142,0.11,104.929870129870,3,H,True
1.4642857142857142,0.11,28.5688114416133,3,S,True
1.4642857142857142,0.11,0.00272727272727273,3,N,True
1.4642857142857142,0.11,0.0335250276419809,3,C,True
1.4642857142857142,0.11571428571428571,,0,H,False
1.4642857142857142,0.11571428571428571,,0,S,False
1.4642857142857142,0.11571428571428571,,0,N,False
1.4642857142857142,0.11571428571428571,,0,C,False
1.4642857142857142,0.11571428571428571,,1,H,False
1.4642857142857142,0.11571428571428571,,1,S,False
1.4642857142857142,0.11571428571428571,,1,N,False
1.4642857142857142,0.11571428571428571,,1,C,False
1.4642857142857142,0.11571428571428571,104.929870129870,2,H,False
1.4642857142857142,0.11571428571428571,69.3043436966084,2,S,False
1.4642857142857142,0.11571428571428571,0.00272727272727273,2,N,False
1.4642857142857142,0.11571428571428571,0.0105390042615639,2,C,False
1.4642857142857142,0.11571428571428571,104.929870129870,3,H,True
1.4642857142857142,0.11571428571428571,26.0746288862302,3,S,True
1.4642857142857142,0.11571428571428571,0.00272727272727273,3,N,True
1.4642857142857142,0.11571428571428571,0.0409965951767178,3,C,True
1.4642857142857142,0.12142857142857143,,0,H,False
1.4642857142857142,0.12142857142857143,,0,S,False
1.4642857142857142,0.12142857142857143,,0,N,False
1.4642857142857142,0.12142857142857143,,0,C,False
1.4642857142857142,0.12142857142857143,,1,H,False
1.4642857142857142,0.12142857142857143,,1,S,False
1.4642857142857142,0.12142857142857143,,1,N,False
1.4642857142857142,0.12142857142857143,,1,C,False
1.4642857142857142,0.12142857142857143,104.929870129870,2,H,False
1.4642857142857142,0.12142857142857143,78.9537104887391,2,S,False
1.4642857142857142,0.12142857142857143,0.00272727272727273,2,N,False
1.4642857142857142,0.12142857142857143,0.00945480732024736,2,C,False
1.4642857142857142,0.12142857142857143,104.929870129870,3,H,True
1.4642857142857142,0.12142857142857143,24.5357834567948,3,S,True
1.4642857142857142,0.12142857142857143,0.00272727272727273,3,N,True
1.4642857142857142,0.12142857142857143,0.0477950778323201,3,C,True
1.4642857142857142,0.12714285714285714,,0,H,False
1.4642857142857142,0.12714285714285714,,0,S,False
1.4642857142857142,0.12714285714285714,,0,N,False
1.4642857142857142,0.12714285714285714,,0,C,False
1.4642857142857142,0.12714285714285714,,1,H,False
1.4642857142857142,0.12714285714285714,,1,S,False
1.4642857142857142,0.12714285714285714,,1,N,False
1.4642857142857142,0.12714285714285714,,1,C,False
1.4642857142857142,0.12714285714285714,104.929870129870,2,H,False
1.4642857142857142,0.12714285714285714,88.1472426049988,2,S,False
1.4642857142857142,0.12714285714285714,0.00272727272727273,2,N,False
1.4642857142857142,0.12714285714285714,0.00869176970518397,2,C,False
1.4642857142857142,0.12714285714285714,104.929870129870,3,H,True
1.4642857142857142,0.12714285714285714,23.4527727032303,3,S,True
1.4642857142857142,0.12714285714285714,0.00272727272727273,3,N,True
1.4642857142857142,0.12714285714285714,0.0542724011616691,3,C,True
1.4642857142857142,0.13285714285714284,,0,H,False
1.4642857142857142,0.13285714285714284,,0,S,False
1.4642857142857142,0.13285714285714284,,0,N,False
1.4642857142857142,0.13285714285714284,,0,C,False
1.4642857142857142,0.13285714285714284,,1,H,False
1.4642857142857142,0.13285714285714284,,1,S,False
1.4642857142857142,0.13285714285714284,,1,N,False
1.4642857142857142,0.13285714285714284,,1,C,False
1.4642857142857142,0.13285714285714284,104.929870129870,2,H,False
1.4642857142857142,0.13285714285714284,97.0742124460807,2,S,False
1.4642857142857142,0.13285714285714284,0.00272727272727273,2,N,False
1.4642857142857142,0.13285714285714284,0.00811653912901538,2,C,False
1.4642857142857142,0.13285714285714284,104.929870129870,3,H,True
1.4642857142857142,0.13285714285714284,22.6363242248444,3,S,True
1.4642857142857142,0.13285714285714284,0.00272727272727273,3,N,True
1.4642857142857142,0.13285714285714284,0.0605619174521239,3,C,True
1.4642857142857142,0.13857142857142857,,0,H,False
1.4642857142857142,0.13857142857142857,,0,S,False
1.4642857142857142,0.13857142857142857,,0,N,False
1.4642857142857142,0.13857142857142857,,0,C,False
1.4642857142857142,0.13857142857142857,,1,H,False
1.4642857142857142,0.13857142857142857,,1,S,False
1.4642857142857142,0.13857142857142857,,1,N,False
1.4642857142857142,0.13857142857142857,,1,C,False
1.4642857142857142,0.13857142857142857,104.929870129870,2,H,False
1.4642857142857142,0.13857142857142857,105.827664782966,2,S,False
1.4642857142857142,0.13857142857142857,0.00272727272727273,2,N,False
1.4642857142857142,0.13857142857142857,0.00766356069313092,2,C,False
1.4642857142857142,0.13857142857142857,104.929870129870,3,H,True
1.4642857142857142,0.13857142857142857,21.9933932506552,3,S,True
1.4642857142857142,0.13857142857142857,0.00272727272727273,3,N,True
1.4642857142857142,0.13857142857142857,0.0667291816022944,3,C,True
1.4642857142857142,0.1442857142857143,,0,H,False
1.4642857142857142,0.1442857142857143,,0,S,False
1.4642857142857142,0.1442857142857143,,0,N,False
1.4642857142857142,0.1442857142857143,,0,C,False
1.4642857142857142,0.1442857142857143,,1,H,False
1.4642857142857142,0.1442857142857143,,1,S,False
1.4642857142857142,0.1442857142857143,,1,N,False
1.4642857142857142,0.1442857142857143,,1,C,False
1.4642857142857142,0.1442857142857143,104.929870129870,2,H,False
1.4642857142857142,0.1442857142857143,114.460230434168,2,S,False
1.4642857142857142,0.1442857142857143,0.00272727272727273,2,N,False
1.4642857142857142,0.1442857142857143,0.00729575323826407,2,C,False
1.4642857142857142,0.1442857142857143,104.929870129870,3,H,True
1.4642857142857142,0.1442857142857143,21.4713489621454,3,S,True
1.4642857142857142,0.1442857142857143,0.00272727272727273,3,N,True
1.4642857142857142,0.1442857142857143,0.0728112747714452,3,C,True
1.4642857142857142,0.15,,0,H,False
1.4642857142857142,0.15,,0,S,False
1.4642857142857142,0.15,,0,N,False
1.4642857142857142,0.15,,0,C,False
1.4642857142857142,0.15,,1,H,False
1.4642857142857142,0.15,,1,S,False
1.4642857142857142,0.15,,1,N,False
1.4642857142857142,0.15,,1,C,False
1.4642857142857142,0.15,104.929870129870,2,H,False
1.4642857142857142,0.15,123.004479513471,2,S,False
1.4642857142857142,0.15,0.00272727272727273,2,N,False
1.4642857142857142,0.15,0.00699016941891826,2,C,False
1.4642857142857142,0.15,104.929870129870,3,H,True
1.4642857142857142,0.15,21.0376212455382,3,S,True
1.4642857142857142,0.15,0.00272727272727273,3,N,True
1.4642857142857142,0.15,0.0788311443050770,3,C,True
1.5,0.07,,0,H,False
1.5,0.07,,0,S,False
1.5,0.07,,0,N,False
1.5,0.07,,0,C,False
1.5,0.07,,1,H,False
1.5,0.07,,1,S,False
1.5,0.07,,1,N,False
1.5,0.07,,1,C,False
1.5,0.07,,2,H,False
1.5,0.07,,2,S,False
1.5,0.07,,2,N,False
1.5,0.07,,2,C,False
1.5,0.07,,3,H,False
1.5,0.07,,3,S,False
1.5,0.07,,3,N,False
1.5,0.07,,3,C,False
1.5,0.07571428571428572,,0,H,False
1.5,0.07571428571428572,,0,S,False
1.5,0.07571428571428572,,0,N,False
1.5,0.07571428571428572,,0,C,False
1.5,0.07571428571428572,,1,H,False
1.5,0.07571428571428572,,1,S,False
1.5,0.07571428571428572,,1,N,False
1.5,0.07571428571428572,,1,C,False
1.5,0.07571428571428572,,2,H,False
1.5,0.07571428571428572,,2,S,False
1.5,0.07571428571428572,,2,N,False
1.5,0.07571428571428572,,2,C,False
1.5,0.07571428571428572,,3,H,False
1.5,0.07571428571428572,,3,S,False
1.5,0.07571428571428572,,3,N,False
1.5,0.07571428571428572,,3,C,False
1.5,0.08142857142857143,,0,H,False
1.5,0.08142857142857143,,0,S,False
1.5,0.08142857142857143,,0,N,False
1.5,0.08142857142857143,,0,C,False
1.5,0.08142857142857143,,1,H,False
1.5,0.08142857142857143,,1,S,False
1.5,0.08142857142857143,,1,N,False
1.5,0.08142857142857143,,1,C,False
1.5,0.08142857142857143,,2,H,False
1.5,0.08142857142857143,,2,S,False
1.5,0.08142857142857143,,2,N,False
1.5,0.08142857142857143,,2,C,False
1.5,0.08142857142857143,,3,H,False
1.5,0.08142857142857143,,3,S,False
1.5,0.08142857142857143,,3,N,False
1.5,0.08142857142857143,,3,C,False
1.5,0.08714285714285715,,0,H,False
1.5,0.08714285714285715,,0,S,False
1.5,0.08714285714285715,,0,N,False
1.5,0.08714285714285715,,0,C,False
1.5,0.08714285714285715,,1,H,False
1.5,0.08714285714285715,,1,S,False
1.5,0.08714285714285715,,1,N,False
1.5,0.08714285714285715,,1,C,False
1.5,0.08714285714285715,,2,H,False
1.5,0.08714285714285715,,2,S,False
1.5,0.08714285714285715,,2,N,False
1.5,0.08714285714285715,,2,C,False
1.5,0.08714285714285715,,3,H,False
1.5,0.08714285714285715,,3,S,False
1.5,0.08714285714285715,,3,N,False
1.5,0.08714285714285715,,3,C,False
1.5,0.09285714285714286,,0,H,False
1.5,0.09285714285714286,,0,S,False
1.5,0.09285714285714286,,0,N,False
1.5,0.09285714285714286,,0,C,False
1.5,0.09285714285714286,,1,H,False
1.5,0.09285714285714286,,1,S,False
1.5,0.09285714285714286,,1,N,False
1.5,0.09285714285714286,,1,C,False
1.5,0.09285714285714286,,2,H,False
1.5,0.09285714285714286,,2,S,False
1.5,0.09285714285714286,,2,N,False
1.5,0.09285714285714286,,2,C,False
1.5,0.09285714285714286,,3,H,False
1.5,0.09285714285714286,,3,S,False
1.5,0.09285714285714286,,3,N,False
1.5,0.09285714285714286,,3,C,False
1.5,0.09857142857142857,,0,H,False
1.5,0.09857142857142857,,0,S,False
1.5,0.09857142857142857,,0,N,False
1.5,0.09857142857142857,,0,C,False
1.5,0.09857142857142857,,1,H,False
1.5,0.09857142857142857,,1,S,False
1.5,0.09857142857142857,,1,N,False
1.5,0.09857142857142857,,1,C,False
1.5,0.09857142857142857,,2,H,False
1.5,0.09857142857142857,,2,S,False
1.5,0.09857142857142857,,2,N,False
1.5,0.09857142857142857,,2,C,False
1.5,0.09857142857142857,,3,H,False
1.5,0.09857142857142857,,3,S,False
1.5,0.09857142857142857,,3,N,False
1.5,0.09857142857142857,,3,C,False
1.5,0.10428571428571429,,0,H,False
1.5,0.10428571428571429,,0,S,False
1.5,0.10428571428571429,,0,N,False
1.5,0.10428571428571429,,0,C,False
1.5,0.10428571428571429,,1,H,False
1.5,0.10428571428571429,,1,S,False
1.5,0.10428571428571429,,1,N,False
1.5,0.10428571428571429,,1,C,False
1.5,0.10428571428571429,,2,H,False
1.5,0.10428571428571429,,2,S,False
1.5,0.10428571428571429,,2,N,False
1.5,0.10428571428571429,,2,C,False
1.5,0.10428571428571429,,3,H,False
1.5,0.10428571428571429,,3,S,False
1.5,0.10428571428571429,,3,N,False
1.5,0.10428571428571429,,3,C,False
1.5,0.11,,0,H,False
1.5,0.11,,0,S,False
1.5,0.11,,0,N,False
1.5,0.11,,0,C,False
1.5,0.11,,1,H,False
1.5,0.11,,1,S,False
1.5,0.11,,1,N,False
1.5,0.11,,1,C,False
1.5,0.11,104.929870129870,2,H,False
1.5,0.11,54.5371915663940,2,S,False
1.5,0.11,0.00272727272727273,2,N,False
1.5,0.11,0.0136006456861593,2,C,False
1.5,0.11,104.929870129870,3,H,True
1.5,0.11,30.4369250805954,3,S,True
1.5,0.11,0.00272727272727273,3,N,True
1.5,0.11,0.0308266270411134,3,C,True
1.5,0.11571428571428571,,0,H,False
1.5,0.11571428571428571,,0,S,False
1.5,0.11571428571428571,,0,N,False
1.5,0.11571428571428571,,0,C,False
1.5,0.11571428571428571,,1,H,False
1.5,0.11571428571428571,,1,S,False
1.5,0.11571428571428571,,1,N,False
1.5,0.11571428571428571,,1,C,False
1.5,0.11571428571428571,104.929870129870,2,H,False
1.5,0.11571428571428571,65.7241429148025,2,S,False
1.5,0.11571428571428571,0.00272727272727273,2,N,False
1.5,0.11571428571428571,0.0113189112958534,2,C,False
1.5,0.11571428571428571,104.929870129870,3,H,True
1.5,0.11571428571428571,27.2446305039866,3,S,True
1.5,0.11571428571428571,0.00272727272727273,3,N,True
1.5,0.11571428571428571,0.0388226471457051,3,C,True
1.5,0.12142857142857143,,0,H,False
1.5,0.12142857142857143,,0,S,False
1.5,0.12142857142857143,,0,N,False
1.5,0.12142857142857143,,0,C,False
1.5,0.12142857142857143,,1,H,False
1.5,0.12142857142857143,,1,S,False
1.5,0.12142857142857143,,1,N,False
1.5,0.12142857142857143,,1,C,False
1.5,0.12142857142857143,104.929870129870,2,H,False
1.5,0.12142857142857143,75.5234401749463,2,S,False
1.5,0.12142857142857143,0.00272727272727273,2,N,False
1.5,0.12142857142857143,0.0100290208532339,2,C,False
1.5,0.12142857142857143,104.929870129870,3,H,True
1.5,0.12142857142857143,25.4399900156423,3,S,True
1.5,0.12142857142857143,0.00272727272727273,3,N,True
1.5,0.12142857142857143,0.0458268233026102,3,C,True
1.5,0.12714285714285714,,0,H,False
1.5,0.12714285714285714,,0,S,False
1.5,0.12714285714285714,,0,N,False
1.5,0.12714285714285714,,0,C,False
1.5,0.12714285714285714,,1,H,False
1.5,0.12714285714285714,,1,S,False
1.5,0.12714285714285714,,1,N,False
1.5,0.12714285714285714,,1,C,False
1.5,0.12714285714285714,104.929870129870,2,H,False
1.5,0.12714285714285714,84.7439578133985,2,S,False
1.5,0.12714285714285714,0.00272727272727273,2,N,False
1.5,0.12714285714285714,0.00915282073133214,2,C,False
1.5,0.12714285714285714,104.929870129870,3,H,True
1.5,0.12714285714285714,24.2141291489899,3,S,True
1.5,0.12714285714285714,0.00272727272727273,3,N,True
1.5,0.12714285714285714,0.0524173091387978,3,C,True
1.5,0.13285714285714284,,0,H,False
1.5,0.13285714285714284,,0,S,False
1.5,0.13285714285714284,,0,N,False
1.5,0.13285714285714284,,0,C,False
1.5,0.13285714285714284,,1,H,False
1.5,0.13285714285714284,,1,S,False
1.5,0.13285714285714284,,1,N,False
1.5,0.13285714285714284,,1,C,False
1.5,0.13285714285714284,104.929870129870,2,H,False
1.5,0.13285714285714284,93.6445300866509,2,S,False
1.5,0.13285714285714284,0.00272727272727273,2,N,False
1.5,0.13285714285714284,0.00850530575275675,2,C,False
1.5,0.13285714285714284,104.929870129870,3,H,True
1.5,0.13285714285714284,23.3082136475357,3,S,True
1.5,0.13285714285714284,0.00272727272727273,3,N,True
1.5,0.13285714285714284,0.0587791098316580,3,C,True
1.5,0.13857142857142857,,0,H,False
1.5,0.13857142857142857,,0,S,False
1.5,0.13857142857142857,,0,N,False
1.5,0.13857142857142857,,0,C,False
1.5,0.13857142857142857,,1,H,False
1.5,0.13857142857142857,,1,S,False
1.5,0.13857142857142857,,1,N,False
1.5,0.13857142857142857,,1,C,False
1.5,0.13857142857142857,104.929870129870,2,H,False
1.5,0.13857142857142857,102.343374618675,2,S,False
1.5,0.13857142857142857,0.00272727272727273,2,N,False
1.5,0.13857142857142857,0.00800197832128791,2,C,False
1.5,0.13857142857142857,104.929870129870,3,H,True
1.5,0.13857142857142857,22.6040258873114,3,S,True
1.5,0.13857142857142857,0.00272727272727273,3,N,True
1.5,0.13857142857142857,0.0649967229774128,3,C,True
1.5,0.1442857142857143,,0,H,False
1.5,0.1442857142857143,,0,S,False
1.5,0.1442857142857143,,0,N,False
1.5,0.1442857142857143,,0,C,False
1.5,0.1442857142857143,,1,H,False
1.5,0.1442857142857143,,1,S,False
1.5,0.1442857142857143,,1,N,False
1.5,0.1442857142857143,,1,C,False
1.5,0.1442857142857143,104.929870129870,2,H,False
1.5,0.1442857142857143,110.904572093638,2,S,False
1.5,0.1442857142857143,0.00272727272727273,2,N,False
1.5,0.1442857142857143,0.00759703592800583,2,C,False
1.5,0.1442857142857143,104.929870129870,3,H,True
1.5,0.1442857142857143,22.0374851841492,3,S,True
1.5,0.1442857142857143,0.00272727272727273,3,N,True
1.5,0.1442857142857143,0.0711159510849809,3,C,True
1.5,0.15,,0,H,False
1.5,0.15,,0,S,False
1.5,0.15,,0,N,False
1.5,0.15,,0,C,False
1.5,0.15,,1,H,False
1.5,0.15,,1,S,False
1.5,0.15,,1,N,False
1.5,0.15,,1,C,False
1.5,0.15,104.929870129870,2,H,False
1.5,0.15,119.366679105548,2,S,False
1.5,0.15,0.00272727272727273,2,N,False
1.5,0.15,0.00726291974197715,2,C,False
1.5,0.15,104.929870129870,3,H,True
1.5,0.15,21.5700349440388,3,S,True
1.5,0.15,0.00272727272727273,3,N,True
1.5,0.15,0.0771643529852956,3,C,True
