para_name,para_value,fp_num,stable,var_name,var_value
\epsilon,1.0,0,False,H,17.1428571428571
\epsilon,1.0,1,True,H,17.1428571428571
\epsilon,1.0,2,False,H,104.929870129870
\epsilon,1.0,3,True,H,104.929870129870
\epsilon,1.013793103448276,0,False,H,16.4334975369458
\epsilon,1.013793103448276,1,True,H,16.4334975369458
\epsilon,1.013793103448276,2,False,H,104.929870129870
\epsilon,1.013793103448276,3,True,H,104.929870129870
\epsilon,1.0275862068965518,0,False,H,15.7241379310345
\epsilon,1.0275862068965518,1,True,H,15.7241379310345
\epsilon,1.0275862068965518,2,False,H,104.929870129870
\epsilon,1.0275862068965518,3,True,H,104.929870129870
\epsilon,1.0413793103448277,0,False,H,15.0147783251232
\epsilon,1.0413793103448277,1,True,H,15.0147783251232
\epsilon,1.0413793103448277,2,False,H,104.929870129870
\epsilon,1.0413793103448277,3,True,H,104.929870129870
\epsilon,1.0551724137931033,0,False,H,14.3054187192118
\epsilon,1.0551724137931033,1,True,H,14.3054187192118
\epsilon,1.0551724137931033,2,False,H,104.929870129870
\epsilon,1.0551724137931033,3,True,H,104.929870129870
\epsilon,1.0689655172413792,0,False,H,13.5960591133005
\epsilon,1.0689655172413792,1,True,H,13.5960591133005
\epsilon,1.0689655172413792,2,False,H,104.929870129870
\epsilon,1.0689655172413792,3,True,H,104.929870129870
\epsilon,1.0827586206896551,0,False,H,12.8866995073892
\epsilon,1.0827586206896551,1,True,H,12.8866995073892
\epsilon,1.0827586206896551,2,False,H,104.929870129870
\epsilon,1.0827586206896551,3,True,H,104.929870129870
\epsilon,1.096551724137931,0,False,H,12.1773399014779
\epsilon,1.096551724137931,1,True,H,12.1773399014779
\epsilon,1.096551724137931,2,False,H,104.929870129870
\epsilon,1.096551724137931,3,True,H,104.929870129870
\epsilon,1.110344827586207,0,False,H,11.4679802955665
\epsilon,1.110344827586207,1,True,H,11.4679802955665
\epsilon,1.110344827586207,2,False,H,104.929870129870
\epsilon,1.110344827586207,3,True,H,104.929870129870
\epsilon,1.1241379310344828,0,False,H,10.7586206896552
\epsilon,1.1241379310344828,1,True,H,10.7586206896552
\epsilon,1.1241379310344828,2,False,H,104.929870129870
\epsilon,1.1241379310344828,3,True,H,104.929870129870
\epsilon,1.1379310344827587,0,False,H,10.0492610837438
\epsilon,1.1379310344827587,1,True,H,10.0492610837438
\epsilon,1.1379310344827587,2,False,H,104.929870129870
\epsilon,1.1379310344827587,3,True,H,104.929870129870
\epsilon,1.1517241379310343,0,False,H,9.33990147783255
\epsilon,1.1517241379310343,1,True,H,9.33990147783255
\epsilon,1.1517241379310343,2,False,H,104.929870129870
\epsilon,1.1517241379310343,3,True,H,104.929870129870
\epsilon,1.1655172413793102,0,False,H,8.63054187192123
\epsilon,1.1655172413793102,1,True,H,8.63054187192123
\epsilon,1.1655172413793102,2,False,H,104.929870129870
\epsilon,1.1655172413793102,3,True,H,104.929870129870
\epsilon,1.1793103448275861,0,False,H,7.92118226600988
\epsilon,1.1793103448275861,1,True,H,7.92118226600988
\epsilon,1.1793103448275861,2,False,H,104.929870129870
\epsilon,1.1793103448275861,3,True,H,104.929870129870
\epsilon,1.193103448275862,0,False,H,7.21182266009856
\epsilon,1.193103448275862,1,True,H,7.21182266009856
\epsilon,1.193103448275862,2,False,H,104.929870129870
\epsilon,1.193103448275862,3,True,H,104.929870129870
\epsilon,1.206896551724138,0,False,H,6.50246305418718
\epsilon,1.206896551724138,1,True,H,6.50246305418718
\epsilon,1.206896551724138,2,False,H,104.929870129870
\epsilon,1.206896551724138,3,True,H,104.929870129870
\epsilon,1.2206896551724138,0,False,H,5.79310344827589
\epsilon,1.2206896551724138,1,True,H,5.79310344827589
\epsilon,1.2206896551724138,2,False,H,104.929870129870
\epsilon,1.2206896551724138,3,True,H,104.929870129870
\epsilon,1.2344827586206897,0,False,H,5.08374384236453
\epsilon,1.2344827586206897,1,True,H,5.08374384236453
\epsilon,1.2482758620689656,0,False,H,4.37438423645323
\epsilon,1.2482758620689656,1,True,H,4.37438423645323
\epsilon,1.2620689655172412,0,False,H,3.66502463054188
\epsilon,1.2620689655172412,1,True,H,3.66502463054188
\epsilon,1.2758620689655171,0,False,H,2.95566502463058
\epsilon,1.2758620689655171,1,True,H,2.95566502463058
\epsilon,1.289655172413793,0,False,H,2.24630541871923
\epsilon,1.289655172413793,1,True,H,2.24630541871923
\epsilon,1.303448275862069,0,False,H,1.53694581280791
\epsilon,1.303448275862069,1,True,H,1.53694581280791
\epsilon,1.3172413793103448,0,False,H,0.827586206896552
\epsilon,1.3172413793103448,1,True,H,0.827586206896552
\epsilon,1.3310344827586205,0,False,H,0.118226600985246
\epsilon,1.3310344827586205,1,True,H,0.118226600985246
TO,1.0,0,False,H,17.1428571428571
TO,1.0,1,True,H,17.1428571428571
TO,1.0,2,False,H,104.929870129870
TO,1.0,3,True,H,104.929870129870
TO,1.0086206896551724,0,False,H,16.2561576354680
TO,1.0086206896551724,1,True,H,16.2561576354680
TO,1.0086206896551724,2,False,H,104.777021801267
TO,1.0086206896551724,3,True,H,104.777021801267
TO,1.0172413793103448,0,False,H,15.3694581280788
TO,1.0172413793103448,1,True,H,15.3694581280788
TO,1.0172413793103448,2,False,H,104.623813264505
TO,1.0172413793103448,3,True,H,104.623813264505
TO,1.0258620689655173,0,False,H,14.4827586206897
TO,1.0258620689655173,1,True,H,14.4827586206897
TO,1.0258620689655173,2,False,H,104.470243244762
TO,1.0258620689655173,3,True,H,104.470243244762
TO,1.0344827586206897,0,False,H,13.5960591133005
TO,1.0344827586206897,1,True,H,13.5960591133005
TO,1.0344827586206897,2,False,H,104.316310461192
TO,1.0344827586206897,3,True,H,104.316310461192
TO,1.043103448275862,0,False,H,12.7093596059113
TO,1.043103448275862,1,True,H,12.7093596059113
TO,1.043103448275862,2,False,H,104.162013626893
TO,1.043103448275862,3,True,H,104.162013626893
TO,1.0517241379310345,0,False,H,11.8226600985222
TO,1.0517241379310345,1,True,H,11.8226600985222
TO,1.0517241379310345,2,False,H,104.007351448867
TO,1.0517241379310345,3,True,H,104.007351448867
TO,1.0603448275862069,0,False,H,10.9359605911330
TO,1.0603448275862069,1,True,H,10.9359605911330
TO,1.0603448275862069,2,False,H,103.852322627984
TO,1.0603448275862069,3,True,H,103.852322627984
TO,1.0689655172413792,0,False,H,10.0492610837439
TO,1.0689655172413792,1,True,H,10.0492610837439
TO,1.0689655172413792,2,False,H,103.696925858951
TO,1.0689655172413792,3,True,H,103.696925858951
TO,1.0775862068965518,0,False,H,9.16256157635469
TO,1.0775862068965518,1,True,H,9.16256157635469
TO,1.0775862068965518,2,False,H,103.541159830269
TO,1.0775862068965518,3,True,H,103.541159830269
TO,1.0862068965517242,0,False,H,8.27586206896553
TO,1.0862068965517242,1,True,H,8.27586206896553
TO,1.0862068965517242,2,False,H,103.385023224199
TO,1.0862068965517242,3,True,H,103.385023224199
TO,1.0948275862068966,0,False,H,7.38916256157635
TO,1.0948275862068966,1,True,H,7.38916256157635
TO,1.0948275862068966,2,False,H,103.228514716724
TO,1.0948275862068966,3,True,H,103.228514716724
TO,1.103448275862069,0,False,H,6.50246305418719
TO,1.103448275862069,1,True,H,6.50246305418719
TO,1.103448275862069,2,False,H,103.071632977515
TO,1.103448275862069,3,True,H,103.071632977515
TO,1.1120689655172413,0,False,H,5.61576354679807
TO,1.1120689655172413,1,True,H,5.61576354679807
TO,1.1120689655172413,2,False,H,102.914376669888
TO,1.1120689655172413,3,True,H,102.914376669888
TO,1.1206896551724137,0,False,H,4.72906403940887
TO,1.1206896551724137,1,True,H,4.72906403940887
TO,1.1206896551724137,2,False,H,102.756744450768
TO,1.1206896551724137,3,True,H,102.756744450768
TO,1.1293103448275863,0,False,H,3.84236453201973
TO,1.1293103448275863,1,True,H,3.84236453201973
TO,1.1293103448275863,2,False,H,102.598734970654
TO,1.1293103448275863,3,True,H,102.598734970654
TO,1.1379310344827587,0,False,H,2.95566502463055
TO,1.1379310344827587,1,True,H,2.95566502463055
TO,1.1379310344827587,2,False,H,102.440346873574
TO,1.1379310344827587,3,True,H,102.440346873574
TO,1.146551724137931,0,False,H,2.06896551724140
TO,1.146551724137931,1,True,H,2.06896551724140
TO,1.1551724137931034,0,False,H,1.18226600985223
TO,1.1551724137931034,1,True,H,1.18226600985223
TO,1.1637931034482758,0,False,H,0.295566502463088
TO,1.1637931034482758,1,True,H,0.295566502463088
p_{\max},0.01,0,True,H,17.1428571428571
p_{\max},0.04413793103448276,0,True,H,17.1428571428571
p_{\max},0.07827586206896552,0,False,H,17.1428571428571
p_{\max},0.07827586206896552,1,True,H,17.1428571428571
p_{\max},0.11241379310344828,0,False,H,17.1428571428571
p_{\max},0.11241379310344828,1,True,H,17.1428571428571
p_{\max},0.14655172413793105,0,False,H,17.1428571428571
p_{\max},0.14655172413793105,1,True,H,17.1428571428571
p_{\max},0.1806896551724138,0,False,H,17.1428571428571
p_{\max},0.1806896551724138,1,True,H,17.1428571428571
p_{\max},0.21482758620689657,0,False,H,17.1428571428571
p_{\max},0.21482758620689657,1,True,H,17.1428571428571
p_{\max},0.24896551724137933,0,False,H,17.1428571428571
p_{\max},0.24896551724137933,1,True,H,17.1428571428571
p_{\max},0.2831034482758621,0,False,H,17.1428571428571
p_{\max},0.2831034482758621,1,True,H,17.1428571428571
p_{\max},0.31724137931034485,0,False,H,17.1428571428571
p_{\max},0.31724137931034485,1,True,H,17.1428571428571
p_{\max},0.3513793103448276,0,False,H,17.1428571428571
p_{\max},0.3513793103448276,1,True,H,17.1428571428571
p_{\max},0.3513793103448276,2,False,H,104.929870129870
p_{\max},0.3513793103448276,3,True,H,104.929870129870
p_{\max},0.38551724137931037,0,False,H,17.1428571428571
p_{\max},0.38551724137931037,1,True,H,17.1428571428571
p_{\max},0.38551724137931037,2,False,H,104.929870129870
p_{\max},0.38551724137931037,3,True,H,104.929870129870
p_{\max},0.41965517241379313,0,False,H,17.1428571428571
p_{\max},0.41965517241379313,1,True,H,17.1428571428571
p_{\max},0.41965517241379313,2,False,H,104.929870129870
p_{\max},0.41965517241379313,3,True,H,104.929870129870
p_{\max},0.4537931034482759,0,False,H,17.1428571428571
p_{\max},0.4537931034482759,1,True,H,17.1428571428571
p_{\max},0.4537931034482759,2,False,H,104.929870129870
p_{\max},0.4537931034482759,3,True,H,104.929870129870
p_{\max},0.48793103448275865,0,False,H,17.1428571428571
p_{\max},0.48793103448275865,1,True,H,17.1428571428571
p_{\max},0.48793103448275865,2,False,H,104.929870129870
p_{\max},0.48793103448275865,3,True,H,104.929870129870
p_{\max},0.5220689655172415,0,False,H,17.1428571428571
p_{\max},0.5220689655172415,1,True,H,17.1428571428571
p_{\max},0.5220689655172415,2,False,H,104.929870129870
p_{\max},0.5220689655172415,3,True,H,104.929870129870
p_{\max},0.5562068965517242,0,False,H,17.1428571428571
p_{\max},0.5562068965517242,1,True,H,17.1428571428571
p_{\max},0.5562068965517242,2,False,H,104.929870129870
p_{\max},0.5562068965517242,3,True,H,104.929870129870
p_{\max},0.5903448275862069,0,False,H,17.1428571428571
p_{\max},0.5903448275862069,1,True,H,17.1428571428571
p_{\max},0.5903448275862069,2,False,H,104.929870129870
p_{\max},0.5903448275862069,3,True,H,104.929870129870
p_{\max},0.6244827586206897,0,False,H,17.1428571428571
p_{\max},0.6244827586206897,1,True,H,17.1428571428571
p_{\max},0.6244827586206897,2,False,H,104.929870129870
p_{\max},0.6244827586206897,3,True,H,104.929870129870
p_{\max},0.6586206896551725,0,False,H,17.1428571428571
p_{\max},0.6586206896551725,1,True,H,17.1428571428571
p_{\max},0.6586206896551725,2,False,H,104.929870129870
p_{\max},0.6586206896551725,3,True,H,104.929870129870
p_{\max},0.6927586206896552,0,False,H,17.1428571428571
p_{\max},0.6927586206896552,1,True,H,17.1428571428571
p_{\max},0.6927586206896552,2,False,H,104.929870129870
p_{\max},0.6927586206896552,3,True,H,104.929870129870
p_{\max},0.7268965517241379,0,False,H,17.1428571428571
p_{\max},0.7268965517241379,1,True,H,17.1428571428571
p_{\max},0.7268965517241379,2,False,H,104.929870129870
p_{\max},0.7268965517241379,3,True,H,104.929870129870
p_{\max},0.7610344827586207,0,False,H,17.1428571428571
p_{\max},0.7610344827586207,1,True,H,17.1428571428571
p_{\max},0.7610344827586207,2,False,H,104.929870129870
p_{\max},0.7610344827586207,3,True,H,104.929870129870
p_{\max},0.7951724137931035,0,False,H,17.1428571428571
p_{\max},0.7951724137931035,1,True,H,17.1428571428571
p_{\max},0.7951724137931035,2,False,H,104.929870129870
p_{\max},0.7951724137931035,3,True,H,104.929870129870
p_{\max},0.8293103448275863,0,False,H,17.1428571428571
p_{\max},0.8293103448275863,1,True,H,17.1428571428571
p_{\max},0.8293103448275863,2,False,H,104.929870129870
p_{\max},0.8293103448275863,3,True,H,104.929870129870
p_{\max},0.863448275862069,0,False,H,17.1428571428571
p_{\max},0.863448275862069,1,True,H,17.1428571428571
p_{\max},0.863448275862069,2,False,H,104.929870129870
p_{\max},0.863448275862069,3,True,H,104.929870129870
p_{\max},0.8975862068965518,0,False,H,17.1428571428571
p_{\max},0.8975862068965518,1,True,H,17.1428571428571
p_{\max},0.8975862068965518,2,False,H,104.929870129870
p_{\max},0.8975862068965518,3,True,H,104.929870129870
p_{\max},0.9317241379310346,0,False,H,17.1428571428571
p_{\max},0.9317241379310346,1,True,H,17.1428571428571
p_{\max},0.9317241379310346,2,False,H,104.929870129870
p_{\max},0.9317241379310346,3,True,H,104.929870129870
p_{\max},0.9658620689655173,0,False,H,17.1428571428571
p_{\max},0.9658620689655173,1,True,H,17.1428571428571
p_{\max},0.9658620689655173,2,False,H,104.929870129870
p_{\max},0.9658620689655173,3,True,H,104.929870129870
p_{\max},1.0,0,False,H,17.1428571428571
p_{\max},1.0,1,True,H,17.1428571428571
p_{\max},1.0,2,False,H,104.929870129870
p_{\max},1.0,3,True,H,104.929870129870
"u_{S,\max}",0.005,0,True,H,17.1428571428571
"u_{S,\max}",0.007931034482758621,0,True,H,17.1428571428571
"u_{S,\max}",0.010862068965517242,0,False,H,17.1428571428571
"u_{S,\max}",0.010862068965517242,1,True,H,17.1428571428571
"u_{S,\max}",0.010862068965517242,2,False,H,39.6780487804882
"u_{S,\max}",0.010862068965517242,3,True,H,39.6780487804878
"u_{S,\max}",0.013793103448275862,0,False,H,17.1428571428571
"u_{S,\max}",0.013793103448275862,1,True,H,17.1428571428571
"u_{S,\max}",0.013793103448275862,2,False,H,65.1737079247283
"u_{S,\max}",0.013793103448275862,3,True,H,65.1737079247283
"u_{S,\max}",0.016724137931034482,0,False,H,17.1428571428571
"u_{S,\max}",0.016724137931034482,1,True,H,17.1428571428571
"u_{S,\max}",0.016724137931034482,2,False,H,78.4429578883739
"u_{S,\max}",0.016724137931034482,3,True,H,78.4429578883740
"u_{S,\max}",0.019655172413793102,0,False,H,17.1428571428571
"u_{S,\max}",0.019655172413793102,1,True,H,17.1428571428571
"u_{S,\max}",0.019655172413793102,2,False,H,86.5796196977084
"u_{S,\max}",0.019655172413793102,3,True,H,86.5796196977084
"u_{S,\max}",0.022586206896551723,0,False,H,17.1428571428571
"u_{S,\max}",0.022586206896551723,1,True,H,17.1428571428571
"u_{S,\max}",0.022586206896551723,2,False,H,92.0790412637887
"u_{S,\max}",0.022586206896551723,3,True,H,92.0790412637887
"u_{S,\max}",0.025517241379310343,0,False,H,17.1428571428571
"u_{S,\max}",0.025517241379310343,1,True,H,17.1428571428571
"u_{S,\max}",0.025517241379310343,2,False,H,96.0445798664011
"u_{S,\max}",0.025517241379310343,3,True,H,96.0445798664011
"u_{S,\max}",0.028448275862068963,0,False,H,17.1428571428571
"u_{S,\max}",0.028448275862068963,1,True,H,17.1428571428571
"u_{S,\max}",0.028448275862068963,2,False,H,99.0394322739895
"u_{S,\max}",0.028448275862068963,3,True,H,99.0394322739895
"u_{S,\max}",0.031379310344827584,0,False,H,17.1428571428571
"u_{S,\max}",0.031379310344827584,1,True,H,17.1428571428571
"u_{S,\max}",0.031379310344827584,2,False,H,101.381141757537
"u_{S,\max}",0.031379310344827584,3,True,H,101.381141757537
"u_{S,\max}",0.0343103448275862,0,False,H,17.1428571428571
"u_{S,\max}",0.0343103448275862,1,True,H,17.1428571428571
"u_{S,\max}",0.0343103448275862,2,False,H,103.262364702966
"u_{S,\max}",0.0343103448275862,3,True,H,103.262364702966
"u_{S,\max}",0.03724137931034482,0,False,H,17.1428571428571
"u_{S,\max}",0.03724137931034482,1,True,H,17.1428571428571
"u_{S,\max}",0.03724137931034482,2,False,H,104.806770480704
"u_{S,\max}",0.03724137931034482,3,True,H,104.806770480704
"u_{S,\max}",0.04017241379310344,0,False,H,17.1428571428571
"u_{S,\max}",0.04017241379310344,1,True,H,17.1428571428571
"u_{S,\max}",0.04017241379310344,2,False,H,106.097383138852
"u_{S,\max}",0.04017241379310344,3,True,H,106.097383138852
"u_{S,\max}",0.043103448275862065,0,False,H,17.1428571428571
"u_{S,\max}",0.043103448275862065,1,True,H,17.1428571428571
"u_{S,\max}",0.043103448275862065,2,False,H,107.192011739935
"u_{S,\max}",0.043103448275862065,3,True,H,107.192011739935
"u_{S,\max}",0.04603448275862068,0,False,H,17.1428571428571
"u_{S,\max}",0.04603448275862068,1,True,H,17.1428571428571
"u_{S,\max}",0.04603448275862068,2,False,H,108.132147304750
"u_{S,\max}",0.04603448275862068,3,True,H,108.132147304750
"u_{S,\max}",0.0489655172413793,0,False,H,17.1428571428571
"u_{S,\max}",0.0489655172413793,1,True,H,17.1428571428571
"u_{S,\max}",0.0489655172413793,2,False,H,108.948340995956
"u_{S,\max}",0.0489655172413793,3,True,H,108.948340995956
"u_{S,\max}",0.05189655172413792,0,False,H,17.1428571428571
"u_{S,\max}",0.05189655172413792,1,True,H,17.1428571428571
"u_{S,\max}",0.05189655172413792,2,False,H,109.663586758821
"u_{S,\max}",0.05189655172413792,3,True,H,109.663586758821
"u_{S,\max}",0.054827586206896546,0,False,H,17.1428571428571
"u_{S,\max}",0.054827586206896546,1,True,H,17.1428571428571
"u_{S,\max}",0.054827586206896546,2,False,H,110.295521949787
"u_{S,\max}",0.054827586206896546,3,True,H,110.295521949787
"u_{S,\max}",0.05775862068965516,0,False,H,17.1428571428571
"u_{S,\max}",0.05775862068965516,1,True,H,17.1428571428571
"u_{S,\max}",0.05775862068965516,2,False,H,110.857901308792
"u_{S,\max}",0.05775862068965516,3,True,H,110.857901308792
"u_{S,\max}",0.06068965517241378,0,False,H,17.1428571428571
"u_{S,\max}",0.06068965517241378,1,True,H,17.1428571428571
"u_{S,\max}",0.06068965517241378,2,False,H,111.361609608557
"u_{S,\max}",0.06068965517241378,3,True,H,111.361609608557
"u_{S,\max}",0.06362068965517241,0,False,H,17.1428571428571
"u_{S,\max}",0.06362068965517241,1,True,H,17.1428571428571
"u_{S,\max}",0.06362068965517241,2,False,H,111.815373078365
"u_{S,\max}",0.06362068965517241,3,True,H,111.815373078365
"u_{S,\max}",0.06655172413793103,0,False,H,17.1428571428571
"u_{S,\max}",0.06655172413793103,1,True,H,17.1428571428571
"u_{S,\max}",0.06655172413793103,2,False,H,112.226269201762
"u_{S,\max}",0.06655172413793103,3,True,H,112.226269201762
"u_{S,\max}",0.06948275862068964,0,False,H,17.1428571428571
"u_{S,\max}",0.06948275862068964,1,True,H,17.1428571428571
"u_{S,\max}",0.06948275862068964,2,False,H,112.600098548308
"u_{S,\max}",0.06948275862068964,3,True,H,112.600098548308
"u_{S,\max}",0.07241379310344827,0,False,H,17.1428571428571
"u_{S,\max}",0.07241379310344827,1,True,H,17.1428571428571
"u_{S,\max}",0.07241379310344827,2,False,H,112.941660319878
"u_{S,\max}",0.07241379310344827,3,True,H,112.941660319878
"u_{S,\max}",0.07534482758620689,0,False,H,17.1428571428571
"u_{S,\max}",0.07534482758620689,1,True,H,17.1428571428571
"u_{S,\max}",0.07827586206896552,0,False,H,17.1428571428571
"u_{S,\max}",0.07827586206896552,1,True,H,17.1428571428571
"u_{S,\max}",0.08120689655172414,0,False,H,17.1428571428571
"u_{S,\max}",0.08120689655172414,1,True,H,17.1428571428571
"u_{S,\max}",0.08413793103448275,0,False,H,17.1428571428571
"u_{S,\max}",0.08413793103448275,1,True,H,17.1428571428571
"u_{S,\max}",0.08706896551724137,0,False,H,17.1428571428571
"u_{S,\max}",0.08706896551724137,1,True,H,17.1428571428571
"u_{S,\max}",0.09,0,False,H,17.1428571428571
"u_{S,\max}",0.09,1,True,H,17.1428571428571
"u_{H,\max}",0.0,0,False,H,17.1428571428571
"u_{H,\max}",0.0,1,True,H,17.1428571428571
"u_{H,\max}",0.0003448275862068966,0,False,H,17.1428571428571
"u_{H,\max}",0.0003448275862068966,1,True,H,17.1428571428571
"u_{H,\max}",0.0006896551724137932,0,False,H,17.1428571428571
"u_{H,\max}",0.0006896551724137932,1,True,H,17.1428571428571
"u_{H,\max}",0.0010344827586206897,0,False,H,17.1428571428571
"u_{H,\max}",0.0010344827586206897,1,True,H,17.1428571428571
"u_{H,\max}",0.0013793103448275863,0,False,H,17.1428571428571
"u_{H,\max}",0.0013793103448275863,1,True,H,17.1428571428571
"u_{H,\max}",0.001724137931034483,0,False,H,17.1428571428571
"u_{H,\max}",0.001724137931034483,1,True,H,17.1428571428571
"u_{H,\max}",0.0020689655172413794,0,False,H,17.1428571428571
"u_{H,\max}",0.0020689655172413794,1,True,H,17.1428571428571
"u_{H,\max}",0.002413793103448276,0,False,H,17.1428571428571
"u_{H,\max}",0.002413793103448276,1,True,H,17.1428571428571
"u_{H,\max}",0.0027586206896551726,0,False,H,17.1428571428571
"u_{H,\max}",0.0027586206896551726,1,True,H,17.1428571428571
"u_{H,\max}",0.0031034482758620693,0,False,H,17.1428571428571
"u_{H,\max}",0.0031034482758620693,1,True,H,17.1428571428571
"u_{H,\max}",0.003448275862068966,0,False,H,17.1428571428571
"u_{H,\max}",0.003448275862068966,1,True,H,17.1428571428571
"u_{H,\max}",0.003448275862068966,2,False,H,104.929870129870
"u_{H,\max}",0.003448275862068966,3,True,H,104.929870129870
"u_{H,\max}",0.0037931034482758625,0,False,H,17.1428571428571
"u_{H,\max}",0.0037931034482758625,1,True,H,17.1428571428571
"u_{H,\max}",0.0037931034482758625,2,False,H,104.929870129870
"u_{H,\max}",0.0037931034482758625,3,True,H,104.929870129870
"u_{H,\max}",0.004137931034482759,0,False,H,17.1428571428571
"u_{H,\max}",0.004137931034482759,1,True,H,17.1428571428571
"u_{H,\max}",0.004137931034482759,2,False,H,104.929870129870
"u_{H,\max}",0.004137931034482759,3,True,H,104.929870129870
"u_{H,\max}",0.004482758620689656,0,False,H,17.1428571428571
"u_{H,\max}",0.004482758620689656,1,True,H,17.1428571428571
"u_{H,\max}",0.004482758620689656,2,False,H,104.929870129870
"u_{H,\max}",0.004482758620689656,3,True,H,104.929870129870
"u_{H,\max}",0.004827586206896552,0,False,H,17.1428571428571
"u_{H,\max}",0.004827586206896552,1,True,H,17.1428571428571
"u_{H,\max}",0.004827586206896552,2,False,H,104.929870129870
"u_{H,\max}",0.004827586206896552,3,True,H,104.929870129870
"u_{H,\max}",0.005172413793103449,0,False,H,17.1428571428571
"u_{H,\max}",0.005172413793103449,1,True,H,17.1428571428571
"u_{H,\max}",0.005172413793103449,2,False,H,104.929870129870
"u_{H,\max}",0.005172413793103449,3,True,H,104.929870129870
"u_{H,\max}",0.005517241379310345,0,False,H,17.1428571428571
"u_{H,\max}",0.005517241379310345,1,True,H,17.1428571428571
"u_{H,\max}",0.005517241379310345,2,False,H,104.929870129870
"u_{H,\max}",0.005517241379310345,3,True,H,104.929870129870
"u_{H,\max}",0.0058620689655172415,0,False,H,17.1428571428571
"u_{H,\max}",0.0058620689655172415,1,True,H,17.1428571428571
"u_{H,\max}",0.0058620689655172415,2,False,H,104.929870129870
"u_{H,\max}",0.0058620689655172415,3,True,H,104.929870129870
"u_{H,\max}",0.0062068965517241385,0,False,H,17.1428571428571
"u_{H,\max}",0.0062068965517241385,1,True,H,17.1428571428571
"u_{H,\max}",0.0062068965517241385,2,False,H,104.929870129870
"u_{H,\max}",0.0062068965517241385,3,True,H,104.929870129870
"u_{H,\max}",0.006551724137931035,0,False,H,17.1428571428571
"u_{H,\max}",0.006551724137931035,1,True,H,17.1428571428571
"u_{H,\max}",0.006551724137931035,2,False,H,104.929870129870
"u_{H,\max}",0.006551724137931035,3,True,H,104.929870129870
"u_{H,\max}",0.006896551724137932,0,False,H,17.1428571428571
"u_{H,\max}",0.006896551724137932,1,True,H,17.1428571428571
"u_{H,\max}",0.006896551724137932,2,False,H,104.929870129870
"u_{H,\max}",0.006896551724137932,3,True,H,104.929870129870
"u_{H,\max}",0.007241379310344828,0,False,H,17.1428571428571
"u_{H,\max}",0.007241379310344828,1,True,H,17.1428571428571
"u_{H,\max}",0.007241379310344828,2,False,H,104.929870129870
"u_{H,\max}",0.007241379310344828,3,True,H,104.929870129870
"u_{H,\max}",0.007586206896551725,0,False,H,17.1428571428571
"u_{H,\max}",0.007586206896551725,1,True,H,17.1428571428571
"u_{H,\max}",0.007586206896551725,2,False,H,104.929870129870
"u_{H,\max}",0.007586206896551725,3,True,H,104.929870129870
"u_{H,\max}",0.007931034482758621,0,False,H,17.1428571428571
"u_{H,\max}",0.007931034482758621,1,True,H,17.1428571428571
"u_{H,\max}",0.007931034482758621,2,False,H,104.929870129870
"u_{H,\max}",0.007931034482758621,3,True,H,104.929870129870
"u_{H,\max}",0.008275862068965517,0,False,H,17.1428571428571
"u_{H,\max}",0.008275862068965517,1,True,H,17.1428571428571
"u_{H,\max}",0.008275862068965517,2,False,H,104.929870129870
"u_{H,\max}",0.008275862068965517,3,True,H,104.929870129870
"u_{H,\max}",0.008620689655172414,0,False,H,17.1428571428571
"u_{H,\max}",0.008620689655172414,1,True,H,17.1428571428571
"u_{H,\max}",0.008620689655172414,2,False,H,104.929870129870
"u_{H,\max}",0.008620689655172414,3,True,H,104.929870129870
"u_{H,\max}",0.008965517241379312,0,False,H,17.1428571428571
"u_{H,\max}",0.008965517241379312,1,True,H,17.1428571428571
"u_{H,\max}",0.008965517241379312,2,False,H,104.929870129870
"u_{H,\max}",0.008965517241379312,3,True,H,104.929870129870
"u_{H,\max}",0.009310344827586208,0,False,H,17.1428571428571
"u_{H,\max}",0.009310344827586208,1,True,H,17.1428571428571
"u_{H,\max}",0.009310344827586208,2,False,H,104.929870129870
"u_{H,\max}",0.009310344827586208,3,True,H,104.929870129870
"u_{H,\max}",0.009655172413793104,0,False,H,17.1428571428571
"u_{H,\max}",0.009655172413793104,1,True,H,17.1428571428571
"u_{H,\max}",0.009655172413793104,2,False,H,104.929870129870
"u_{H,\max}",0.009655172413793104,3,True,H,104.929870129870
"u_{H,\max}",0.01,0,False,H,17.1428571428571
"u_{H,\max}",0.01,1,True,H,17.1428571428571
"u_{H,\max}",0.01,2,False,H,104.929870129870
"u_{H,\max}",0.01,3,True,H,104.929870129870
K_S,0.0001,0,False,H,17.1428571428571
K_S,0.0001,1,True,H,17.1428571428571
K_S,0.00423448275862069,0,False,H,17.1428571428571
K_S,0.00423448275862069,1,True,H,17.1428571428571
K_S,0.008368965517241379,0,False,H,17.1428571428571
K_S,0.008368965517241379,1,True,H,17.1428571428571
K_S,0.01250344827586207,0,False,H,17.1428571428571
K_S,0.01250344827586207,1,True,H,17.1428571428571
K_S,0.01250344827586207,2,False,H,110.771339005822
K_S,0.01250344827586207,3,True,H,110.771339005822
K_S,0.01663793103448276,0,False,H,17.1428571428571
K_S,0.01663793103448276,1,True,H,17.1428571428571
K_S,0.01663793103448276,2,False,H,107.549664128974
K_S,0.01663793103448276,3,True,H,107.549664128974
K_S,0.020772413793103447,0,False,H,17.1428571428571
K_S,0.020772413793103447,1,True,H,17.1428571428571
K_S,0.020772413793103447,2,False,H,104.327989252127
K_S,0.020772413793103447,3,True,H,104.327989252127
K_S,0.02490689655172414,0,False,H,17.1428571428571
K_S,0.02490689655172414,1,True,H,17.1428571428571
K_S,0.02490689655172414,2,False,H,101.106314375280
K_S,0.02490689655172414,3,True,H,101.106314375280
K_S,0.02904137931034483,0,False,H,17.1428571428571
K_S,0.02904137931034483,1,True,H,17.1428571428571
K_S,0.02904137931034483,2,False,H,97.8846394984326
K_S,0.02904137931034483,3,True,H,97.8846394984326
K_S,0.03317586206896552,0,False,H,17.1428571428571
K_S,0.03317586206896552,1,True,H,17.1428571428571
K_S,0.03317586206896552,2,False,H,94.6629646215853
K_S,0.03317586206896552,3,True,H,94.6629646215853
K_S,0.03731034482758621,0,False,H,17.1428571428571
K_S,0.03731034482758621,1,True,H,17.1428571428571
K_S,0.03731034482758621,2,False,H,91.4412897447380
K_S,0.03731034482758621,3,True,H,91.4412897447380
K_S,0.0414448275862069,0,False,H,17.1428571428571
K_S,0.0414448275862069,1,True,H,17.1428571428571
K_S,0.0414448275862069,2,False,H,88.2196148678907
K_S,0.0414448275862069,3,True,H,88.2196148678907
K_S,0.04557931034482759,0,False,H,17.1428571428571
K_S,0.04557931034482759,1,True,H,17.1428571428571
K_S,0.04557931034482759,2,False,H,84.9979399910434
K_S,0.04557931034482759,3,True,H,84.9979399910434
K_S,0.049713793103448284,0,False,H,17.1428571428571
K_S,0.049713793103448284,1,True,H,17.1428571428571
K_S,0.049713793103448284,2,False,H,81.7762651141961
K_S,0.049713793103448284,3,True,H,81.7762651141961
K_S,0.05384827586206897,0,False,H,17.1428571428571
K_S,0.05384827586206897,1,True,H,17.1428571428571
K_S,0.05384827586206897,2,False,H,78.5545902373488
K_S,0.05384827586206897,3,True,H,78.5545902373488
K_S,0.05798275862068966,0,False,H,17.1428571428571
K_S,0.05798275862068966,1,True,H,17.1428571428571
K_S,0.05798275862068966,2,False,H,75.3329153605015
K_S,0.05798275862068966,3,True,H,75.3329153605015
K_S,0.06211724137931035,0,False,H,17.1428571428571
K_S,0.06211724137931035,1,True,H,17.1428571428571
K_S,0.06211724137931035,2,False,H,72.1112404836542
K_S,0.06211724137931035,3,True,H,72.1112404836542
K_S,0.06625172413793104,0,False,H,17.1428571428571
K_S,0.06625172413793104,1,True,H,17.1428571428571
K_S,0.06625172413793104,2,False,H,68.8895656068070
K_S,0.06625172413793104,3,True,H,68.8895656068070
K_S,0.07038620689655173,0,False,H,17.1428571428571
K_S,0.07038620689655173,1,True,H,17.1428571428571
K_S,0.07038620689655173,2,False,H,65.6678907299597
K_S,0.07038620689655173,3,True,H,65.6678907299597
K_S,0.07452068965517242,0,False,H,17.1428571428571
K_S,0.07452068965517242,1,True,H,17.1428571428571
K_S,0.07452068965517242,2,False,H,62.4462158531124
K_S,0.07452068965517242,3,True,H,62.4462158531124
K_S,0.0786551724137931,0,False,H,17.1428571428571
K_S,0.0786551724137931,1,True,H,17.1428571428571
K_S,0.0786551724137931,2,False,H,59.2245409762651
K_S,0.0786551724137931,3,True,H,59.2245409762651
K_S,0.0827896551724138,0,False,H,17.1428571428571
K_S,0.0827896551724138,1,True,H,17.1428571428571
K_S,0.0827896551724138,2,False,H,56.0028660994178
K_S,0.0827896551724138,3,True,H,56.0028660994178
K_S,0.08692413793103448,0,False,H,17.1428571428571
K_S,0.08692413793103448,1,True,H,17.1428571428571
K_S,0.08692413793103448,2,False,H,52.7811912225705
K_S,0.08692413793103448,3,True,H,52.7811912225705
K_S,0.09105862068965517,0,False,H,17.1428571428571
K_S,0.09105862068965517,1,True,H,17.1428571428571
K_S,0.09105862068965517,2,False,H,49.5595163457232
K_S,0.09105862068965517,3,True,H,49.5595163457232
K_S,0.09519310344827586,0,False,H,17.1428571428571
K_S,0.09519310344827586,1,True,H,17.1428571428571
K_S,0.09519310344827586,2,False,H,46.3378414688759
K_S,0.09519310344827586,3,True,H,46.3378414688759
K_S,0.09932758620689656,0,False,H,17.1428571428571
K_S,0.09932758620689656,1,True,H,17.1428571428571
K_S,0.09932758620689656,2,False,H,43.1161665920286
K_S,0.09932758620689656,3,True,H,43.1161665920286
K_S,0.10346206896551725,0,False,H,17.1428571428571
K_S,0.10346206896551725,1,True,H,17.1428571428571
K_S,0.10346206896551725,2,False,H,39.8944917151816
K_S,0.10346206896551725,3,True,H,39.8944917151816
K_S,0.10759655172413794,0,False,H,17.1428571428571
K_S,0.10759655172413794,1,True,H,17.1428571428571
K_S,0.10759655172413794,2,False,H,36.6728168383340
K_S,0.10759655172413794,3,True,H,36.6728168383340
K_S,0.11173103448275863,0,False,H,17.1428571428571
K_S,0.11173103448275863,1,True,H,17.1428571428571
K_S,0.11173103448275863,2,False,H,33.4511419614865
K_S,0.11173103448275863,3,True,H,33.4511419614865
K_S,0.11586551724137932,0,False,H,17.1428571428571
K_S,0.11586551724137932,1,True,H,17.1428571428571
K_S,0.11586551724137932,2,False,H,30.2294670846397
K_S,0.11586551724137932,3,True,H,30.2294670846397
K_S,0.12,0,False,H,17.1428571428571
K_S,0.12,1,True,H,17.1428571428571
K_S,0.12,2,False,H,27.0077922077922
K_S,0.12,3,True,H,27.0077922077922
K_H,0.0,0,False,H,17.1428571428571
K_H,0.0,1,True,H,17.1428571428571
K_H,0.0,2,False,H,104.929870129870
K_H,0.0,3,True,H,104.929870129870
K_H,6.896551724137931e-05,0,False,H,17.1428571428571
K_H,6.896551724137931e-05,1,True,H,17.1428571428571
K_H,6.896551724137931e-05,2,False,H,104.929870129870
K_H,6.896551724137931e-05,3,True,H,104.929870129870
K_H,0.00013793103448275863,0,False,H,17.1428571428571
K_H,0.00013793103448275863,1,True,H,17.1428571428571
K_H,0.00013793103448275863,2,False,H,104.929870129870
K_H,0.00013793103448275863,3,True,H,104.929870129870
K_H,0.00020689655172413793,0,False,H,17.1428571428571
K_H,0.00020689655172413793,1,True,H,17.1428571428571
K_H,0.00020689655172413793,2,False,H,104.929870129870
K_H,0.00020689655172413793,3,True,H,104.929870129870
K_H,0.00027586206896551725,0,False,H,17.1428571428571
K_H,0.00027586206896551725,1,True,H,17.1428571428571
K_H,0.00027586206896551725,2,False,H,104.929870129870
K_H,0.00027586206896551725,3,True,H,104.929870129870
K_H,0.0003448275862068966,0,False,H,17.1428571428571
K_H,0.0003448275862068966,1,True,H,17.1428571428571
K_H,0.0003448275862068966,2,False,H,104.929870129870
K_H,0.0003448275862068966,3,True,H,104.929870129870
K_H,0.00041379310344827585,0,False,H,17.1428571428571
K_H,0.00041379310344827585,1,True,H,17.1428571428571
K_H,0.00041379310344827585,2,False,H,104.929870129870
K_H,0.00041379310344827585,3,True,H,104.929870129870
K_H,0.0004827586206896552,0,False,H,17.1428571428571
K_H,0.0004827586206896552,1,True,H,17.1428571428571
K_H,0.0004827586206896552,2,False,H,104.929870129870
K_H,0.0004827586206896552,3,True,H,104.929870129870
K_H,0.0005517241379310345,0,False,H,17.1428571428571
K_H,0.0005517241379310345,1,True,H,17.1428571428571
K_H,0.0005517241379310345,2,False,H,104.929870129870
K_H,0.0005517241379310345,3,True,H,104.929870129870
K_H,0.0006206896551724138,0,False,H,17.1428571428571
K_H,0.0006206896551724138,1,True,H,17.1428571428571
K_H,0.0006206896551724138,2,False,H,104.929870129870
K_H,0.0006206896551724138,3,True,H,104.929870129870
K_H,0.0006896551724137932,0,False,H,17.1428571428571
K_H,0.0006896551724137932,1,True,H,17.1428571428571
K_H,0.0006896551724137932,2,False,H,104.929870129870
K_H,0.0006896551724137932,3,True,H,104.929870129870
K_H,0.0007586206896551725,0,False,H,17.1428571428571
K_H,0.0007586206896551725,1,True,H,17.1428571428571
K_H,0.0007586206896551725,2,False,H,104.929870129870
K_H,0.0007586206896551725,3,True,H,104.929870129870
K_H,0.0008275862068965517,0,False,H,17.1428571428571
K_H,0.0008275862068965517,1,True,H,17.1428571428571
K_H,0.0008275862068965517,2,False,H,104.929870129870
K_H,0.0008275862068965517,3,True,H,104.929870129870
K_H,0.000896551724137931,0,False,H,17.1428571428571
K_H,0.000896551724137931,1,True,H,17.1428571428571
K_H,0.000896551724137931,2,False,H,104.929870129870
K_H,0.000896551724137931,3,True,H,104.929870129870
K_H,0.0009655172413793104,0,False,H,17.1428571428571
K_H,0.0009655172413793104,1,True,H,17.1428571428571
K_H,0.0009655172413793104,2,False,H,104.929870129870
K_H,0.0009655172413793104,3,True,H,104.929870129870
K_H,0.0010344827586206897,0,False,H,17.1428571428571
K_H,0.0010344827586206897,1,True,H,17.1428571428571
K_H,0.0010344827586206897,2,False,H,104.929870129870
K_H,0.0010344827586206897,3,True,H,104.929870129870
K_H,0.001103448275862069,0,False,H,17.1428571428571
K_H,0.001103448275862069,1,True,H,17.1428571428571
K_H,0.001103448275862069,2,False,H,104.929870129870
K_H,0.001103448275862069,3,True,H,104.929870129870
K_H,0.0011724137931034483,0,False,H,17.1428571428571
K_H,0.0011724137931034483,1,True,H,17.1428571428571
K_H,0.0012413793103448277,0,False,H,17.1428571428571
K_H,0.0012413793103448277,1,True,H,17.1428571428571
K_H,0.001310344827586207,0,False,H,17.1428571428571
K_H,0.001310344827586207,1,True,H,17.1428571428571
K_H,0.0013793103448275863,0,False,H,17.1428571428571
K_H,0.0013793103448275863,1,True,H,17.1428571428571
K_H,0.0014482758620689656,0,False,H,17.1428571428571
K_H,0.0014482758620689656,1,True,H,17.1428571428571
K_H,0.001517241379310345,0,False,H,17.1428571428571
K_H,0.001517241379310345,1,True,H,17.1428571428571
K_H,0.0015862068965517243,0,False,H,17.1428571428571
K_H,0.0015862068965517243,1,True,H,17.1428571428571
K_H,0.0016551724137931034,0,False,H,17.1428571428571
K_H,0.0016551724137931034,1,True,H,17.1428571428571
K_H,0.0017241379310344827,0,False,H,17.1428571428571
K_H,0.0017241379310344827,1,True,H,17.1428571428571
K_H,0.001793103448275862,0,False,H,17.1428571428571
K_H,0.001793103448275862,1,True,H,17.1428571428571
K_H,0.0018620689655172414,0,False,H,17.1428571428571
K_H,0.0018620689655172414,1,True,H,17.1428571428571
K_H,0.0019310344827586207,0,False,H,17.1428571428571
K_H,0.0019310344827586207,1,True,H,17.1428571428571
K_H,0.002,0,False,H,17.1428571428571
K_H,0.002,1,True,H,17.1428571428571
d_C,0.0,1,True,H,17.1428571428571
d_C,0.02413793103448276,0,False,H,17.1428571428571
d_C,0.02413793103448276,1,True,H,17.1428571428571
d_C,0.04827586206896552,0,False,H,17.1428571428571
d_C,0.04827586206896552,1,True,H,17.1428571428571
d_C,0.07241379310344828,0,False,H,17.1428571428571
d_C,0.07241379310344828,1,True,H,17.1428571428571
d_C,0.09655172413793103,0,False,H,17.1428571428571
d_C,0.09655172413793103,1,True,H,17.1428571428571
d_C,0.12068965517241378,0,False,H,17.1428571428571
d_C,0.12068965517241378,1,True,H,17.1428571428571
d_C,0.14482758620689656,0,False,H,17.1428571428571
d_C,0.14482758620689656,1,True,H,17.1428571428571
d_C,0.16896551724137931,0,False,H,17.1428571428571
d_C,0.16896551724137931,1,True,H,17.1428571428571
d_C,0.19310344827586207,0,False,H,17.1428571428571
d_C,0.19310344827586207,1,True,H,17.1428571428571
d_C,0.21724137931034482,0,False,H,17.1428571428571
d_C,0.21724137931034482,1,True,H,17.1428571428571
d_C,0.24137931034482757,0,False,H,17.1428571428571
d_C,0.24137931034482757,1,True,H,17.1428571428571
d_C,0.2655172413793103,0,False,H,17.1428571428571
d_C,0.2655172413793103,1,True,H,17.1428571428571
d_C,0.2896551724137931,0,False,H,17.1428571428571
d_C,0.2896551724137931,1,True,H,17.1428571428571
d_C,0.3137931034482759,0,False,H,17.1428571428571
d_C,0.3137931034482759,1,True,H,17.1428571428571
d_C,0.33793103448275863,0,False,H,17.1428571428571
d_C,0.33793103448275863,1,True,H,17.1428571428571
d_C,0.3620689655172414,0,False,H,17.1428571428571
d_C,0.3620689655172414,1,True,H,17.1428571428571
d_C,0.38620689655172413,0,False,H,17.1428571428571
d_C,0.38620689655172413,1,True,H,17.1428571428571
d_C,0.4103448275862069,0,False,H,17.1428571428571
d_C,0.4103448275862069,1,True,H,17.1428571428571
d_C,0.43448275862068964,0,False,H,17.1428571428571
d_C,0.43448275862068964,1,True,H,17.1428571428571
d_C,0.43448275862068964,2,False,H,104.929870129870
d_C,0.43448275862068964,3,True,H,104.929870129870
d_C,0.4586206896551724,0,False,H,17.1428571428571
d_C,0.4586206896551724,1,True,H,17.1428571428571
d_C,0.4586206896551724,2,False,H,104.929870129870
d_C,0.4586206896551724,3,True,H,104.929870129870
d_C,0.48275862068965514,0,False,H,17.1428571428571
d_C,0.48275862068965514,1,True,H,17.1428571428571
d_C,0.48275862068965514,2,False,H,104.929870129870
d_C,0.48275862068965514,3,True,H,104.929870129870
d_C,0.506896551724138,0,False,H,17.1428571428571
d_C,0.506896551724138,1,True,H,17.1428571428571
d_C,0.506896551724138,2,False,H,104.929870129870
d_C,0.506896551724138,3,True,H,104.929870129870
d_C,0.5310344827586206,0,False,H,17.1428571428571
d_C,0.5310344827586206,1,True,H,17.1428571428571
d_C,0.5310344827586206,2,False,H,104.929870129870
d_C,0.5310344827586206,3,True,H,104.929870129870
d_C,0.5551724137931034,0,False,H,17.1428571428571
d_C,0.5551724137931034,1,True,H,17.1428571428571
d_C,0.5551724137931034,2,False,H,104.929870129870
d_C,0.5551724137931034,3,True,H,104.929870129870
d_C,0.5793103448275863,0,False,H,17.1428571428571
d_C,0.5793103448275863,1,True,H,17.1428571428571
d_C,0.5793103448275863,2,False,H,104.929870129870
d_C,0.5793103448275863,3,True,H,104.929870129870
d_C,0.603448275862069,0,False,H,17.1428571428571
d_C,0.603448275862069,1,True,H,17.1428571428571
d_C,0.603448275862069,2,False,H,104.929870129870
d_C,0.603448275862069,3,True,H,104.929870129870
d_C,0.6275862068965518,0,False,H,17.1428571428571
d_C,0.6275862068965518,1,True,H,17.1428571428571
d_C,0.6275862068965518,2,False,H,104.929870129870
d_C,0.6275862068965518,3,True,H,104.929870129870
d_C,0.6517241379310345,0,False,H,17.1428571428571
d_C,0.6517241379310345,1,True,H,17.1428571428571
d_C,0.6517241379310345,2,False,H,104.929870129870
d_C,0.6517241379310345,3,True,H,104.929870129870
d_C,0.6758620689655173,0,False,H,17.1428571428571
d_C,0.6758620689655173,1,True,H,17.1428571428571
d_C,0.6758620689655173,2,False,H,104.929870129870
d_C,0.6758620689655173,3,True,H,104.929870129870
d_C,0.7,0,False,H,17.1428571428571
d_C,0.7,1,True,H,17.1428571428571
d_C,0.7,2,False,H,104.929870129870
d_C,0.7,3,True,H,104.929870129870
C_I,0.0,0,False,H,17.1428571428571
C_I,0.0,1,True,H,17.1428571428571
C_I,0.005172413793103448,0,False,H,17.1428571428571
C_I,0.005172413793103448,1,True,H,17.1428571428571
C_I,0.010344827586206896,0,False,H,17.1428571428571
C_I,0.010344827586206896,1,True,H,17.1428571428571
C_I,0.015517241379310345,0,False,H,17.1428571428571
C_I,0.015517241379310345,1,True,H,17.1428571428571
C_I,0.020689655172413793,0,False,H,17.1428571428571
C_I,0.020689655172413793,1,True,H,17.1428571428571
C_I,0.02586206896551724,0,False,H,17.1428571428571
C_I,0.02586206896551724,1,True,H,17.1428571428571
C_I,0.03103448275862069,0,False,H,17.1428571428571
C_I,0.03103448275862069,1,True,H,17.1428571428571
C_I,0.03620689655172414,0,False,H,17.1428571428571
C_I,0.03620689655172414,1,True,H,17.1428571428571
C_I,0.041379310344827586,0,False,H,17.1428571428571
C_I,0.041379310344827586,1,True,H,17.1428571428571
C_I,0.04655172413793103,0,False,H,17.1428571428571
C_I,0.04655172413793103,1,True,H,17.1428571428571
C_I,0.05172413793103448,0,False,H,17.1428571428571
C_I,0.05172413793103448,1,True,H,17.1428571428571
C_I,0.056896551724137934,0,False,H,17.1428571428571
C_I,0.056896551724137934,1,True,H,17.1428571428571
C_I,0.06206896551724138,0,False,H,17.1428571428571
C_I,0.06206896551724138,1,True,H,17.1428571428571
C_I,0.06724137931034482,0,False,H,17.1428571428571
C_I,0.06724137931034482,1,True,H,17.1428571428571
C_I,0.07241379310344828,0,False,H,17.1428571428571
C_I,0.07241379310344828,1,True,H,17.1428571428571
C_I,0.07758620689655173,0,False,H,17.1428571428571
C_I,0.07758620689655173,1,True,H,17.1428571428571
C_I,0.07758620689655173,2,False,H,104.929870129870
C_I,0.07758620689655173,3,True,H,104.929870129870
C_I,0.08275862068965517,0,False,H,17.1428571428571
C_I,0.08275862068965517,1,True,H,17.1428571428571
C_I,0.08275862068965517,2,False,H,104.929870129870
C_I,0.08275862068965517,3,True,H,104.929870129870
C_I,0.08793103448275862,0,False,H,17.1428571428571
C_I,0.08793103448275862,1,True,H,17.1428571428571
C_I,0.08793103448275862,2,False,H,104.929870129870
C_I,0.08793103448275862,3,True,H,104.929870129870
C_I,0.09310344827586206,0,False,H,17.1428571428571
C_I,0.09310344827586206,1,True,H,17.1428571428571
C_I,0.09310344827586206,2,False,H,104.929870129870
C_I,0.09310344827586206,3,True,H,104.929870129870
C_I,0.09827586206896552,0,False,H,17.1428571428571
C_I,0.09827586206896552,1,True,H,17.1428571428571
C_I,0.09827586206896552,2,False,H,104.929870129870
C_I,0.09827586206896552,3,True,H,104.929870129870
C_I,0.10344827586206896,0,False,H,17.1428571428571
C_I,0.10344827586206896,1,True,H,17.1428571428571
C_I,0.10344827586206896,2,False,H,104.929870129870
C_I,0.10344827586206896,3,True,H,104.929870129870
C_I,0.10862068965517241,0,False,H,17.1428571428571
C_I,0.10862068965517241,1,True,H,17.1428571428571
C_I,0.10862068965517241,2,False,H,104.929870129870
C_I,0.10862068965517241,3,True,H,104.929870129870
C_I,0.11379310344827587,0,False,H,17.1428571428571
C_I,0.11379310344827587,1,True,H,17.1428571428571
C_I,0.11379310344827587,2,False,H,104.929870129870
C_I,0.11379310344827587,3,True,H,104.929870129870
C_I,0.11896551724137931,0,False,H,17.1428571428571
C_I,0.11896551724137931,1,True,H,17.1428571428571
C_I,0.11896551724137931,2,False,H,104.929870129870
C_I,0.11896551724137931,3,True,H,104.929870129870
C_I,0.12413793103448276,0,False,H,17.1428571428571
C_I,0.12413793103448276,1,True,H,17.1428571428571
C_I,0.12413793103448276,2,False,H,104.929870129870
C_I,0.12413793103448276,3,True,H,104.929870129870
C_I,0.12931034482758622,0,False,H,17.1428571428571
C_I,0.12931034482758622,1,True,H,17.1428571428571
C_I,0.12931034482758622,2,False,H,104.929870129870
C_I,0.12931034482758622,3,True,H,104.929870129870
C_I,0.13448275862068965,0,False,H,17.1428571428571
C_I,0.13448275862068965,1,True,H,17.1428571428571
C_I,0.13448275862068965,2,False,H,104.929870129870
C_I,0.13448275862068965,3,True,H,104.929870129870
C_I,0.1396551724137931,0,False,H,17.1428571428571
C_I,0.1396551724137931,1,True,H,17.1428571428571
C_I,0.1396551724137931,2,False,H,104.929870129870
C_I,0.1396551724137931,3,True,H,104.929870129870
C_I,0.14482758620689656,0,False,H,17.1428571428571
C_I,0.14482758620689656,1,True,H,17.1428571428571
C_I,0.14482758620689656,2,False,H,104.929870129870
C_I,0.14482758620689656,3,True,H,104.929870129870
C_I,0.15,0,False,H,17.1428571428571
C_I,0.15,1,True,H,17.1428571428571
C_I,0.15,2,False,H,104.929870129870
C_I,0.15,3,True,H,104.929870129870
d_N,0.017241379310344827,0,False,H,17.1428571428571
d_N,0.017241379310344827,1,True,H,17.1428571428571
d_N,0.034482758620689655,0,False,H,17.1428571428571
d_N,0.034482758620689655,1,True,H,17.1428571428571
d_N,0.05172413793103448,0,False,H,17.1428571428571
d_N,0.05172413793103448,1,True,H,17.1428571428571
d_N,0.06896551724137931,0,False,H,17.1428571428571
d_N,0.06896551724137931,1,True,H,17.1428571428571
d_N,0.08620689655172414,0,False,H,17.1428571428571
d_N,0.08620689655172414,1,True,H,17.1428571428571
d_N,0.10344827586206896,0,False,H,17.1428571428571
d_N,0.10344827586206896,1,True,H,17.1428571428571
d_N,0.12068965517241378,0,False,H,17.1428571428571
d_N,0.12068965517241378,1,True,H,17.1428571428571
d_N,0.13793103448275862,0,False,H,17.1428571428571
d_N,0.13793103448275862,1,True,H,17.1428571428571
d_N,0.15517241379310345,0,False,H,17.1428571428571
d_N,0.15517241379310345,1,True,H,17.1428571428571
d_N,0.1724137931034483,0,False,H,17.1428571428571
d_N,0.1724137931034483,1,True,H,17.1428571428571
d_N,0.1896551724137931,0,False,H,17.1428571428571
d_N,0.1896551724137931,1,True,H,17.1428571428571
d_N,0.20689655172413793,0,False,H,17.1428571428571
d_N,0.20689655172413793,1,True,H,17.1428571428571
d_N,0.20689655172413793,2,False,H,113.764084191670
d_N,0.20689655172413793,3,True,H,113.764084191670
d_N,0.22413793103448276,0,False,H,17.1428571428571
d_N,0.22413793103448276,1,True,H,17.1428571428571
d_N,0.22413793103448276,2,False,H,113.244424540976
d_N,0.22413793103448276,3,True,H,113.244424540976
d_N,0.24137931034482757,0,False,H,17.1428571428571
d_N,0.24137931034482757,1,True,H,17.1428571428571
d_N,0.24137931034482757,2,False,H,112.724764890282
d_N,0.24137931034482757,3,True,H,112.724764890282
d_N,0.25862068965517243,0,False,H,17.1428571428571
d_N,0.25862068965517243,1,True,H,17.1428571428571
d_N,0.25862068965517243,2,False,H,112.205105239588
d_N,0.25862068965517243,3,True,H,112.205105239588
d_N,0.27586206896551724,0,False,H,17.1428571428571
d_N,0.27586206896551724,1,True,H,17.1428571428571
d_N,0.27586206896551724,2,False,H,111.685445588894
d_N,0.27586206896551724,3,True,H,111.685445588894
d_N,0.29310344827586204,0,False,H,17.1428571428571
d_N,0.29310344827586204,1,True,H,17.1428571428571
d_N,0.29310344827586204,2,False,H,111.165785938200
d_N,0.29310344827586204,3,True,H,111.165785938200
d_N,0.3103448275862069,0,False,H,17.1428571428571
d_N,0.3103448275862069,1,True,H,17.1428571428571
d_N,0.3103448275862069,2,False,H,110.646126287506
d_N,0.3103448275862069,3,True,H,110.646126287506
d_N,0.3275862068965517,0,False,H,17.1428571428571
d_N,0.3275862068965517,1,True,H,17.1428571428571
d_N,0.3275862068965517,2,False,H,110.126466636811
d_N,0.3275862068965517,3,True,H,110.126466636811
d_N,0.3448275862068966,0,False,H,17.1428571428571
d_N,0.3448275862068966,1,True,H,17.1428571428571
d_N,0.3448275862068966,2,False,H,109.606806986117
d_N,0.3448275862068966,3,True,H,109.606806986117
d_N,0.3620689655172414,0,False,H,17.1428571428571
d_N,0.3620689655172414,1,True,H,17.1428571428571
d_N,0.3620689655172414,2,False,H,109.087147335423
d_N,0.3620689655172414,3,True,H,109.087147335423
d_N,0.3793103448275862,0,False,H,17.1428571428571
d_N,0.3793103448275862,1,True,H,17.1428571428571
d_N,0.3793103448275862,2,False,H,108.567487684729
d_N,0.3793103448275862,3,True,H,108.567487684729
d_N,0.39655172413793105,0,False,H,17.1428571428571
d_N,0.39655172413793105,1,True,H,17.1428571428571
d_N,0.39655172413793105,2,False,H,108.047828034035
d_N,0.39655172413793105,3,True,H,108.047828034035
d_N,0.41379310344827586,0,False,H,17.1428571428571
d_N,0.41379310344827586,1,True,H,17.1428571428571
d_N,0.41379310344827586,2,False,H,107.528168383341
d_N,0.41379310344827586,3,True,H,107.528168383341
d_N,0.43103448275862066,0,False,H,17.1428571428571
d_N,0.43103448275862066,1,True,H,17.1428571428571
d_N,0.43103448275862066,2,False,H,107.008508732647
d_N,0.43103448275862066,3,True,H,107.008508732647
d_N,0.4482758620689655,0,False,H,17.1428571428571
d_N,0.4482758620689655,1,True,H,17.1428571428571
d_N,0.4482758620689655,2,False,H,106.488849081953
d_N,0.4482758620689655,3,True,H,106.488849081953
d_N,0.46551724137931033,0,False,H,17.1428571428571
d_N,0.46551724137931033,1,True,H,17.1428571428571
d_N,0.46551724137931033,2,False,H,105.969189431258
d_N,0.46551724137931033,3,True,H,105.969189431258
d_N,0.48275862068965514,0,False,H,17.1428571428571
d_N,0.48275862068965514,1,True,H,17.1428571428571
d_N,0.48275862068965514,2,False,H,105.449529780564
d_N,0.48275862068965514,3,True,H,105.449529780564
d_N,0.5,0,False,H,17.1428571428571
d_N,0.5,1,True,H,17.1428571428571
d_N,0.5,2,False,H,104.929870129870
d_N,0.5,3,True,H,104.929870129870
N_I,0.0,0,False,H,17.1428571428571
N_I,0.0,1,True,H,17.1428571428571
N_I,0.0,2,False,H,104.415584415584
N_I,0.0,3,True,H,104.415584415584
N_I,6.896551724137931e-05,0,False,H,17.1428571428571
N_I,6.896551724137931e-05,1,True,H,17.1428571428571
N_I,6.896551724137931e-05,2,False,H,104.809673085535
N_I,6.896551724137931e-05,3,True,H,104.809673085535
N_I,0.00013793103448275863,0,False,H,17.1428571428571
N_I,0.00013793103448275863,1,True,H,17.1428571428571
N_I,0.00013793103448275863,2,False,H,105.203761755486
N_I,0.00013793103448275863,3,True,H,105.203761755486
N_I,0.00020689655172413793,0,False,H,17.1428571428571
N_I,0.00020689655172413793,1,True,H,17.1428571428571
N_I,0.00020689655172413793,2,False,H,105.597850425437
N_I,0.00020689655172413793,3,True,H,105.597850425437
N_I,0.00027586206896551725,0,False,H,17.1428571428571
N_I,0.00027586206896551725,1,True,H,17.1428571428571
N_I,0.00027586206896551725,2,False,H,105.991939095387
N_I,0.00027586206896551725,3,True,H,105.991939095387
N_I,0.0003448275862068966,0,False,H,17.1428571428571
N_I,0.0003448275862068966,1,True,H,17.1428571428571
N_I,0.0003448275862068966,2,False,H,106.386027765338
N_I,0.0003448275862068966,3,True,H,106.386027765338
N_I,0.00041379310344827585,0,False,H,17.1428571428571
N_I,0.00041379310344827585,1,True,H,17.1428571428571
N_I,0.00041379310344827585,2,False,H,106.780116435289
N_I,0.00041379310344827585,3,True,H,106.780116435289
N_I,0.0004827586206896552,0,False,H,17.1428571428571
N_I,0.0004827586206896552,1,True,H,17.1428571428571
N_I,0.0004827586206896552,2,False,H,107.174205105240
N_I,0.0004827586206896552,3,True,H,107.174205105240
N_I,0.0005517241379310345,0,False,H,17.1428571428571
N_I,0.0005517241379310345,1,True,H,17.1428571428571
N_I,0.0005517241379310345,2,False,H,107.568293775190
N_I,0.0005517241379310345,3,True,H,107.568293775190
N_I,0.0006206896551724138,0,False,H,17.1428571428571
N_I,0.0006206896551724138,1,True,H,17.1428571428571
N_I,0.0006206896551724138,2,False,H,107.962382445141
N_I,0.0006206896551724138,3,True,H,107.962382445141
N_I,0.0006896551724137932,0,False,H,17.1428571428571
N_I,0.0006896551724137932,1,True,H,17.1428571428571
N_I,0.0006896551724137932,2,False,H,108.356471115092
N_I,0.0006896551724137932,3,True,H,108.356471115092
N_I,0.0007586206896551725,0,False,H,17.1428571428571
N_I,0.0007586206896551725,1,True,H,17.1428571428571
N_I,0.0007586206896551725,2,False,H,108.750559785043
N_I,0.0007586206896551725,3,True,H,108.750559785043
N_I,0.0008275862068965517,0,False,H,17.1428571428571
N_I,0.0008275862068965517,1,True,H,17.1428571428571
N_I,0.0008275862068965517,2,False,H,109.144648454993
N_I,0.0008275862068965517,3,True,H,109.144648454993
N_I,0.000896551724137931,0,False,H,17.1428571428571
N_I,0.000896551724137931,1,True,H,17.1428571428571
N_I,0.000896551724137931,2,False,H,109.538737124944
N_I,0.000896551724137931,3,True,H,109.538737124944
N_I,0.0009655172413793104,0,False,H,17.1428571428571
N_I,0.0009655172413793104,1,True,H,17.1428571428571
N_I,0.0009655172413793104,2,False,H,109.932825794895
N_I,0.0009655172413793104,3,True,H,109.932825794895
N_I,0.0010344827586206897,0,False,H,17.1428571428571
N_I,0.0010344827586206897,1,True,H,17.1428571428571
N_I,0.0010344827586206897,2,False,H,110.326914464845
N_I,0.0010344827586206897,3,True,H,110.326914464845
N_I,0.001103448275862069,0,False,H,17.1428571428571
N_I,0.001103448275862069,1,True,H,17.1428571428571
N_I,0.001103448275862069,2,False,H,110.721003134796
N_I,0.001103448275862069,3,True,H,110.721003134796
N_I,0.0011724137931034483,0,False,H,17.1428571428571
N_I,0.0011724137931034483,1,True,H,17.1428571428571
N_I,0.0011724137931034483,2,False,H,111.115091804747
N_I,0.0011724137931034483,3,True,H,111.115091804747
N_I,0.0012413793103448277,0,False,H,17.1428571428571
N_I,0.0012413793103448277,1,True,H,17.1428571428571
N_I,0.0012413793103448277,2,False,H,111.509180474698
N_I,0.0012413793103448277,3,True,H,111.509180474698
N_I,0.001310344827586207,0,False,H,17.1428571428571
N_I,0.001310344827586207,1,True,H,17.1428571428571
N_I,0.001310344827586207,2,False,H,111.903269144648
N_I,0.001310344827586207,3,True,H,111.903269144648
N_I,0.0013793103448275863,0,False,H,17.1428571428571
N_I,0.0013793103448275863,1,True,H,17.1428571428571
N_I,0.0013793103448275863,2,False,H,112.297357814599
N_I,0.0013793103448275863,3,True,H,112.297357814599
N_I,0.0014482758620689656,0,False,H,17.1428571428571
N_I,0.0014482758620689656,1,True,H,17.1428571428571
N_I,0.0014482758620689656,2,False,H,112.691446484550
N_I,0.0014482758620689656,3,True,H,112.691446484550
N_I,0.001517241379310345,0,False,H,17.1428571428571
N_I,0.001517241379310345,1,True,H,17.1428571428571
N_I,0.001517241379310345,2,False,H,113.085535154501
N_I,0.001517241379310345,3,True,H,113.085535154501
N_I,0.0015862068965517243,0,False,H,17.1428571428571
N_I,0.0015862068965517243,1,True,H,17.1428571428571
N_I,0.0015862068965517243,2,False,H,113.479623824451
N_I,0.0015862068965517243,3,True,H,113.479623824451
N_I,0.0016551724137931034,0,False,H,17.1428571428571
N_I,0.0016551724137931034,1,True,H,17.1428571428571
N_I,0.0016551724137931034,2,False,H,113.873712494402
N_I,0.0016551724137931034,3,True,H,113.873712494402
N_I,0.0017241379310344827,0,False,H,17.1428571428571
N_I,0.0017241379310344827,1,True,H,17.1428571428571
N_I,0.001793103448275862,0,False,H,17.1428571428571
N_I,0.001793103448275862,1,True,H,17.1428571428571
N_I,0.0018620689655172414,0,False,H,17.1428571428571
N_I,0.0018620689655172414,1,True,H,17.1428571428571
N_I,0.0019310344827586207,0,False,H,17.1428571428571
N_I,0.0019310344827586207,1,True,H,17.1428571428571
N_I,0.002,0,False,H,17.1428571428571
N_I,0.002,1,True,H,17.1428571428571
m_H,0.01,0,False,H,85.7142857142857
m_H,0.01,1,True,H,85.7142857142857
m_H,0.01,2,False,H,104.929870129870
m_H,0.01,3,True,H,104.929870129870
m_H,0.011379310344827587,0,False,H,80.9852216748768
m_H,0.011379310344827587,1,True,H,80.9852216748768
m_H,0.011379310344827587,2,False,H,104.929870129870
m_H,0.011379310344827587,3,True,H,104.929870129870
m_H,0.012758620689655173,0,False,H,76.2561576354679
m_H,0.012758620689655173,1,True,H,76.2561576354679
m_H,0.012758620689655173,2,False,H,104.929870129870
m_H,0.012758620689655173,3,True,H,104.929870129870
m_H,0.01413793103448276,0,False,H,71.5270935960590
m_H,0.01413793103448276,1,True,H,71.5270935960590
m_H,0.01413793103448276,2,False,H,104.929870129870
m_H,0.01413793103448276,3,True,H,104.929870129870
m_H,0.015517241379310345,0,False,H,66.7980295566504
m_H,0.015517241379310345,1,True,H,66.7980295566504
m_H,0.015517241379310345,2,False,H,104.929870129870
m_H,0.015517241379310345,3,True,H,104.929870129870
m_H,0.016896551724137933,0,False,H,62.0689655172415
m_H,0.016896551724137933,1,True,H,62.0689655172415
m_H,0.016896551724137933,2,False,H,104.929870129870
m_H,0.016896551724137933,3,True,H,104.929870129870
m_H,0.018275862068965518,0,False,H,57.3399014778326
m_H,0.018275862068965518,1,True,H,57.3399014778326
m_H,0.018275862068965518,2,False,H,104.929870129870
m_H,0.018275862068965518,3,True,H,104.929870129870
m_H,0.019655172413793102,0,False,H,52.6108374384237
m_H,0.019655172413793102,1,True,H,52.6108374384237
m_H,0.019655172413793102,2,False,H,104.929870129870
m_H,0.019655172413793102,3,True,H,104.929870129870
m_H,0.02103448275862069,0,False,H,47.8817733990147
m_H,0.02103448275862069,1,True,H,47.8817733990147
m_H,0.02103448275862069,2,False,H,104.929870129870
m_H,0.02103448275862069,3,True,H,104.929870129870
m_H,0.02241379310344828,0,False,H,43.1527093596058
m_H,0.02241379310344828,1,True,H,43.1527093596058
m_H,0.02241379310344828,2,False,H,104.929870129870
m_H,0.02241379310344828,3,True,H,104.929870129870
m_H,0.023793103448275864,0,False,H,38.4236453201969
m_H,0.023793103448275864,1,True,H,38.4236453201969
m_H,0.023793103448275864,2,False,H,104.929870129870
m_H,0.023793103448275864,3,True,H,104.929870129870
m_H,0.02517241379310345,0,False,H,33.6945812807882
m_H,0.02517241379310345,1,True,H,33.6945812807882
m_H,0.02517241379310345,2,False,H,104.929870129870
m_H,0.02517241379310345,3,True,H,104.929870129870
m_H,0.026551724137931033,0,False,H,28.9655172413793
m_H,0.026551724137931033,1,True,H,28.9655172413793
m_H,0.026551724137931033,2,False,H,104.929870129870
m_H,0.026551724137931033,3,True,H,104.929870129870
m_H,0.027931034482758625,0,False,H,24.2364532019704
m_H,0.027931034482758625,1,True,H,24.2364532019704
m_H,0.027931034482758625,2,False,H,104.929870129870
m_H,0.027931034482758625,3,True,H,104.929870129870
m_H,0.02931034482758621,0,False,H,19.5073891625616
m_H,0.02931034482758621,1,True,H,19.5073891625616
m_H,0.02931034482758621,2,False,H,104.929870129870
m_H,0.02931034482758621,3,True,H,104.929870129870
m_H,0.030689655172413795,0,False,H,14.7783251231527
m_H,0.030689655172413795,1,True,H,14.7783251231527
m_H,0.030689655172413795,2,False,H,104.929870129870
m_H,0.030689655172413795,3,True,H,104.929870129870
m_H,0.03206896551724138,0,False,H,10.0492610837438
m_H,0.03206896551724138,1,True,H,10.0492610837438
m_H,0.03206896551724138,2,False,H,104.929870129870
m_H,0.03206896551724138,3,True,H,104.929870129870
m_H,0.033448275862068964,0,False,H,5.32019704433499
m_H,0.033448275862068964,1,True,H,5.32019704433499
m_H,0.033448275862068964,2,False,H,104.929870129870
m_H,0.033448275862068964,3,True,H,104.929870129870
m_H,0.034827586206896556,0,False,H,0.591133004926104
m_H,0.034827586206896556,1,True,H,0.591133004926104
m_S,0.03,0,False,H,17.1428571428571
m_S,0.03,1,True,H,17.1428571428571
m_S,0.03,2,False,H,104.929870129870
m_S,0.03,3,True,H,104.929870129870
m_S,0.03586206896551724,0,False,H,17.1428571428571
m_S,0.03586206896551724,1,True,H,17.1428571428571
m_S,0.03586206896551724,2,False,H,101.374649183345
m_S,0.03586206896551724,3,True,H,101.374649183345
m_S,0.04172413793103448,0,False,H,17.1428571428571
m_S,0.04172413793103448,1,True,H,17.1428571428571
m_S,0.04172413793103448,2,False,H,97.6192999053926
m_S,0.04172413793103448,3,True,H,97.6192999053926
m_S,0.04758620689655173,0,False,H,17.1428571428571
m_S,0.04758620689655173,1,True,H,17.1428571428571
m_S,0.04758620689655173,2,False,H,93.6464346556340
m_S,0.04758620689655173,3,True,H,93.6464346556340
m_S,0.05344827586206896,0,False,H,17.1428571428571
m_S,0.05344827586206896,1,True,H,17.1428571428571
m_S,0.05344827586206896,2,False,H,89.4365914786967
m_S,0.05344827586206896,3,True,H,89.4365914786967
m_S,0.05931034482758621,0,False,H,17.1428571428571
m_S,0.05931034482758621,1,True,H,17.1428571428571
m_S,0.05931034482758621,2,False,H,84.9679152673728
m_S,0.05931034482758621,3,True,H,84.9679152673728
m_S,0.06517241379310346,0,False,H,17.1428571428571
m_S,0.06517241379310346,1,True,H,17.1428571428571
m_S,0.06517241379310346,2,False,H,80.2157782515991
m_S,0.06517241379310346,3,True,H,80.2157782515991
m_S,0.07103448275862069,0,False,H,17.1428571428571
m_S,0.07103448275862069,1,True,H,17.1428571428571
m_S,0.07103448275862069,2,False,H,75.1523259014588
m_S,0.07103448275862069,3,True,H,75.1523259014588
m_S,0.07689655172413792,0,False,H,17.1428571428571
m_S,0.07689655172413792,1,True,H,17.1428571428571
m_S,0.07689655172413792,2,False,H,69.7459305634606
m_S,0.07689655172413792,3,True,H,69.7459305634605
m_S,0.08275862068965517,0,False,H,17.1428571428571
m_S,0.08275862068965517,1,True,H,17.1428571428571
m_S,0.08275862068965517,2,False,H,63.9605301914580
m_S,0.08275862068965517,3,True,H,63.9605301914580
m_S,0.08862068965517242,0,False,H,17.1428571428571
m_S,0.08862068965517242,1,True,H,17.1428571428571
m_S,0.08862068965517242,2,False,H,57.7548229548232
m_S,0.08862068965517242,3,True,H,57.7548229548230
m_S,0.09448275862068965,0,False,H,17.1428571428571
m_S,0.09448275862068965,1,True,H,17.1428571428571
m_S,0.09448275862068965,2,False,H,51.0812796959137
m_S,0.09448275862068965,3,True,H,51.0812796959139
m_S,0.1003448275862069,0,False,H,17.1428571428571
m_S,0.1003448275862069,1,True,H,17.1428571428571
m_S,0.1003448275862069,2,False,H,43.8849242922971
m_S,0.1003448275862069,3,True,H,43.8849242922974
m_S,0.10620689655172413,0,False,H,17.1428571428571
m_S,0.10620689655172413,1,True,H,17.1428571428571
m_S,0.10620689655172413,2,False,H,36.1018156903048
m_S,0.10620689655172413,3,True,H,36.1018156903049
m_S,0.11206896551724138,0,False,H,17.1428571428571
m_S,0.11206896551724138,1,True,H,17.1428571428571
m_S,0.11206896551724138,2,False,H,27.6571428571428
m_S,0.11206896551724138,3,True,H,27.6571428571429
m_S,0.11793103448275861,0,False,H,17.1428571428571
m_S,0.11793103448275861,1,True,H,17.1428571428571
m_S,0.11793103448275861,2,False,H,18.4628123834381
m_S,0.11793103448275861,3,True,H,18.4628123834384
m_S,0.12379310344827586,0,True,H,17.1428571428571
m_S,0.1296551724137931,0,True,H,17.1428571428571
m_S,0.13551724137931034,0,True,H,17.1428571428571
m_S,0.1413793103448276,0,True,H,17.1428571428571
m_S,0.1472413793103448,0,True,H,17.1428571428571
m_S,0.1531034482758621,0,True,H,17.1428571428571
m_S,0.1589655172413793,0,True,H,17.1428571428571
m_S,0.16482758620689655,0,True,H,17.1428571428571
m_S,0.1706896551724138,0,True,H,17.1428571428571
m_S,0.17655172413793105,0,True,H,17.1428571428571
m_S,0.18241379310344827,0,True,H,17.1428571428571
m_S,0.18827586206896552,0,True,H,17.1428571428571
m_S,0.19413793103448276,0,True,H,17.1428571428571
m_S,0.2,0,True,H,17.1428571428571
K_C,0.0001,0,False,H,17.1428571428571
K_C,0.0001,1,True,H,17.1428571428571
K_C,0.0001,2,False,H,104.929870129870
K_C,0.0001,3,True,H,104.929870129870
K_C,0.00216551724137931,0,False,H,17.1428571428571
K_C,0.00216551724137931,1,True,H,17.1428571428571
K_C,0.00216551724137931,2,False,H,104.929870129870
K_C,0.00216551724137931,3,True,H,104.929870129870
K_C,0.00423103448275862,0,False,H,17.1428571428571
K_C,0.00423103448275862,1,True,H,17.1428571428571
K_C,0.00423103448275862,2,False,H,104.929870129870
K_C,0.00423103448275862,3,True,H,104.929870129870
K_C,0.00629655172413793,0,False,H,17.1428571428571
K_C,0.00629655172413793,1,True,H,17.1428571428571
K_C,0.00629655172413793,2,False,H,104.929870129870
K_C,0.00629655172413793,3,True,H,104.929870129870
K_C,0.00836206896551724,0,False,H,17.1428571428571
K_C,0.00836206896551724,1,True,H,17.1428571428571
K_C,0.00836206896551724,2,False,H,104.929870129870
K_C,0.00836206896551724,3,True,H,104.929870129870
K_C,0.01042758620689655,0,False,H,17.1428571428571
K_C,0.01042758620689655,1,True,H,17.1428571428571
K_C,0.01042758620689655,2,False,H,104.929870129870
K_C,0.01042758620689655,3,True,H,104.929870129870
K_C,0.01249310344827586,0,False,H,17.1428571428571
K_C,0.01249310344827586,1,True,H,17.1428571428571
K_C,0.01249310344827586,2,False,H,104.929870129870
K_C,0.01249310344827586,3,True,H,104.929870129870
K_C,0.01455862068965517,0,False,H,17.1428571428571
K_C,0.01455862068965517,1,True,H,17.1428571428571
K_C,0.01455862068965517,2,False,H,104.929870129870
K_C,0.01455862068965517,3,True,H,104.929870129870
K_C,0.01662413793103448,0,False,H,17.1428571428571
K_C,0.01662413793103448,1,True,H,17.1428571428571
K_C,0.01662413793103448,2,False,H,104.929870129870
K_C,0.01662413793103448,3,True,H,104.929870129870
K_C,0.018689655172413788,0,False,H,17.1428571428571
K_C,0.018689655172413788,1,True,H,17.1428571428571
K_C,0.018689655172413788,2,False,H,104.929870129870
K_C,0.018689655172413788,3,True,H,104.929870129870
K_C,0.0207551724137931,0,False,H,17.1428571428571
K_C,0.0207551724137931,1,True,H,17.1428571428571
K_C,0.0207551724137931,2,False,H,104.929870129870
K_C,0.0207551724137931,3,True,H,104.929870129870
K_C,0.02282068965517241,0,False,H,17.1428571428571
K_C,0.02282068965517241,1,True,H,17.1428571428571
K_C,0.02282068965517241,2,False,H,104.929870129870
K_C,0.02282068965517241,3,True,H,104.929870129870
K_C,0.02488620689655172,0,False,H,17.1428571428571
K_C,0.02488620689655172,1,True,H,17.1428571428571
K_C,0.02488620689655172,2,False,H,104.929870129870
K_C,0.02488620689655172,3,True,H,104.929870129870
K_C,0.026951724137931028,0,False,H,17.1428571428571
K_C,0.026951724137931028,1,True,H,17.1428571428571
K_C,0.026951724137931028,2,False,H,104.929870129870
K_C,0.026951724137931028,3,True,H,104.929870129870
K_C,0.02901724137931034,0,False,H,17.1428571428571
K_C,0.02901724137931034,1,True,H,17.1428571428571
K_C,0.02901724137931034,2,False,H,104.929870129870
K_C,0.02901724137931034,3,True,H,104.929870129870
K_C,0.03108275862068965,0,False,H,17.1428571428571
K_C,0.03108275862068965,1,True,H,17.1428571428571
K_C,0.03108275862068965,2,False,H,104.929870129870
K_C,0.03108275862068965,3,True,H,104.929870129870
K_C,0.03314827586206896,0,False,H,17.1428571428571
K_C,0.03314827586206896,1,True,H,17.1428571428571
K_C,0.03314827586206896,2,False,H,104.929870129870
K_C,0.03314827586206896,3,True,H,104.929870129870
K_C,0.03521379310344827,0,False,H,17.1428571428571
K_C,0.03521379310344827,1,True,H,17.1428571428571
K_C,0.03521379310344827,2,False,H,104.929870129870
K_C,0.03521379310344827,3,True,H,104.929870129870
K_C,0.03727931034482758,0,False,H,17.1428571428571
K_C,0.03727931034482758,1,True,H,17.1428571428571
K_C,0.03727931034482758,2,False,H,104.929870129870
K_C,0.03727931034482758,3,True,H,104.929870129870
K_C,0.039344827586206894,0,False,H,17.1428571428571
K_C,0.039344827586206894,1,True,H,17.1428571428571
K_C,0.0414103448275862,0,False,H,17.1428571428571
K_C,0.0414103448275862,1,True,H,17.1428571428571
K_C,0.04347586206896551,0,False,H,17.1428571428571
K_C,0.04347586206896551,1,True,H,17.1428571428571
K_C,0.045541379310344826,0,False,H,17.1428571428571
K_C,0.045541379310344826,1,True,H,17.1428571428571
K_C,0.047606896551724134,0,False,H,17.1428571428571
K_C,0.047606896551724134,1,True,H,17.1428571428571
K_C,0.04967241379310344,0,False,H,17.1428571428571
K_C,0.04967241379310344,1,True,H,17.1428571428571
K_C,0.05173793103448275,0,False,H,17.1428571428571
K_C,0.05173793103448275,1,True,H,17.1428571428571
K_C,0.05380344827586206,0,False,H,17.1428571428571
K_C,0.05380344827586206,1,True,H,17.1428571428571
K_C,0.055868965517241374,0,False,H,17.1428571428571
K_C,0.055868965517241374,1,True,H,17.1428571428571
K_C,0.05793448275862068,0,False,H,17.1428571428571
K_C,0.05793448275862068,1,True,H,17.1428571428571
K_C,0.06,0,False,H,17.1428571428571
K_C,0.06,1,True,H,17.1428571428571
f_{\max},0.010344827586206898,2,False,H,18.0254545454542
f_{\max},0.010344827586206898,3,True,H,18.0254545454542
f_{\max},0.013793103448275864,2,False,H,43.5190909090907
f_{\max},0.013793103448275864,3,True,H,43.5190909090907
f_{\max},0.01724137931034483,2,False,H,58.8152727272725
f_{\max},0.01724137931034483,3,True,H,58.8152727272725
f_{\max},0.020689655172413796,2,False,H,69.0127272727274
f_{\max},0.020689655172413796,3,True,H,69.0127272727274
f_{\max},0.024137931034482762,2,False,H,76.2966233766234
f_{\max},0.024137931034482762,3,True,H,76.2966233766234
f_{\max},0.027586206896551727,2,False,H,81.7595454545455
f_{\max},0.027586206896551727,3,True,H,81.7595454545455
f_{\max},0.031034482758620693,2,False,H,86.0084848484845
f_{\max},0.031034482758620693,3,True,H,86.0084848484845
f_{\max},0.03448275862068966,2,False,H,89.4076363636362
f_{\max},0.03448275862068966,3,True,H,89.4076363636362
f_{\max},0.03793103448275863,2,False,H,92.1887603305785
f_{\max},0.03793103448275863,3,True,H,92.1887603305785
f_{\max},0.04137931034482759,2,False,H,94.5063636363638
f_{\max},0.04137931034482759,3,True,H,94.5063636363638
f_{\max},0.04482758620689656,2,False,H,96.4674125874127
f_{\max},0.04482758620689656,3,True,H,96.4674125874127
f_{\max},0.048275862068965524,2,False,H,98.1483116883118
f_{\max},0.048275862068965524,3,True,H,98.1483116883118
f_{\max},0.05172413793103449,2,False,H,99.6050909090910
f_{\max},0.05172413793103449,3,True,H,99.6050909090910
f_{\max},0.055172413793103454,2,False,H,100.879772727273
f_{\max},0.055172413793103454,3,True,H,100.879772727273
f_{\max},0.05862068965517242,2,False,H,102.004491978610
f_{\max},0.05862068965517242,3,True,H,102.004491978610
f_{\max},0.062068965517241385,0,False,H,4.00000000000001
f_{\max},0.062068965517241385,1,True,H,4.00000000000001
f_{\max},0.062068965517241385,2,False,H,103.004242424243
f_{\max},0.062068965517241385,3,True,H,103.004242424243
f_{\max},0.06551724137931035,0,False,H,10.1052631578948
f_{\max},0.06551724137931035,1,True,H,10.1052631578948
f_{\max},0.06551724137931035,2,False,H,103.898755980861
f_{\max},0.06551724137931035,3,True,H,103.898755980861
f_{\max},0.06896551724137932,0,False,H,15.6000000000000
f_{\max},0.06896551724137932,1,True,H,15.6000000000000
f_{\max},0.06896551724137932,2,False,H,104.703818181818
f_{\max},0.06896551724137932,3,True,H,104.703818181818
f_{\max},0.07241379310344828,0,False,H,20.5714285714286
f_{\max},0.07241379310344828,1,True,H,20.5714285714286
f_{\max},0.07241379310344828,2,False,H,105.432207792207
f_{\max},0.07241379310344828,3,True,H,105.432207792207
f_{\max},0.07586206896551725,0,False,H,25.0909090909091
f_{\max},0.07586206896551725,1,True,H,25.0909090909091
f_{\max},0.07586206896551725,2,False,H,106.094380165289
f_{\max},0.07586206896551725,3,True,H,106.094380165289
f_{\max},0.07931034482758621,0,False,H,29.2173913043478
f_{\max},0.07931034482758621,1,True,H,29.2173913043478
f_{\max},0.07931034482758621,2,False,H,106.698972332015
f_{\max},0.07931034482758621,3,True,H,106.698972332015
f_{\max},0.08275862068965519,0,False,H,33.0000000000000
f_{\max},0.08275862068965519,1,True,H,33.0000000000000
f_{\max},0.08275862068965519,2,False,H,107.253181818182
f_{\max},0.08275862068965519,3,True,H,107.253181818182
f_{\max},0.08620689655172414,0,False,H,36.4800000000000
f_{\max},0.08620689655172414,1,True,H,36.4800000000000
f_{\max},0.08620689655172414,2,False,H,107.763054545455
f_{\max},0.08620689655172414,3,True,H,107.763054545455
f_{\max},0.08965517241379312,0,False,H,39.6923076923078
f_{\max},0.08965517241379312,1,True,H,39.6923076923078
f_{\max},0.08965517241379312,2,False,H,108.233706293707
f_{\max},0.08965517241379312,3,True,H,108.233706293707
f_{\max},0.09310344827586207,0,False,H,42.6666666666666
f_{\max},0.09310344827586207,1,True,H,42.6666666666666
f_{\max},0.09310344827586207,2,False,H,108.669494949494
f_{\max},0.09310344827586207,3,True,H,108.669494949494
f_{\max},0.09655172413793105,0,False,H,45.4285714285713
f_{\max},0.09655172413793105,1,True,H,45.4285714285713
f_{\max},0.09655172413793105,2,False,H,109.074155844156
f_{\max},0.09655172413793105,3,True,H,109.074155844156
f_{\max},0.1,0,False,H,48.0000000000000
f_{\max},0.1,1,True,H,48.0000000000000
f_{\max},0.1,2,False,H,109.450909090909
f_{\max},0.1,3,True,H,109.450909090909
Q_{food},0.013793103448275864,0,True,H,17.1428571428571
Q_{food},0.020689655172413796,0,True,H,17.1428571428571
Q_{food},0.027586206896551727,0,False,H,17.1428571428571
Q_{food},0.027586206896551727,1,True,H,17.1428571428571
Q_{food},0.027586206896551727,2,False,H,38.0561688311688
Q_{food},0.027586206896551727,3,True,H,38.0561688311688
Q_{food},0.03448275862068966,0,False,H,17.1428571428571
Q_{food},0.03448275862068966,1,True,H,17.1428571428571
Q_{food},0.03448275862068966,2,False,H,54.4449350649354
Q_{food},0.03448275862068966,3,True,H,54.4449350649354
Q_{food},0.04137931034482759,0,False,H,17.1428571428571
Q_{food},0.04137931034482759,1,True,H,17.1428571428571
Q_{food},0.04137931034482759,2,False,H,65.3707792207791
Q_{food},0.04137931034482759,3,True,H,65.3707792207791
Q_{food},0.048275862068965524,0,False,H,17.1428571428571
Q_{food},0.048275862068965524,1,True,H,17.1428571428571
Q_{food},0.048275862068965524,2,False,H,73.1749536178109
Q_{food},0.048275862068965524,3,True,H,73.1749536178109
Q_{food},0.055172413793103454,0,False,H,17.1428571428571
Q_{food},0.055172413793103454,1,True,H,17.1428571428571
Q_{food},0.055172413793103454,2,False,H,79.0280844155844
Q_{food},0.055172413793103454,3,True,H,79.0280844155844
Q_{food},0.062068965517241385,0,False,H,17.1428571428571
Q_{food},0.062068965517241385,1,True,H,17.1428571428571
Q_{food},0.062068965517241385,2,False,H,83.5805194805197
Q_{food},0.062068965517241385,3,True,H,83.5805194805197
Q_{food},0.06896551724137932,0,False,H,17.1428571428571
Q_{food},0.06896551724137932,1,True,H,17.1428571428571
Q_{food},0.06896551724137932,2,False,H,87.2224675324674
Q_{food},0.06896551724137932,3,True,H,87.2224675324674
Q_{food},0.07586206896551725,0,False,H,17.1428571428571
Q_{food},0.07586206896551725,1,True,H,17.1428571428571
Q_{food},0.07586206896551725,2,False,H,90.2022432113342
Q_{food},0.07586206896551725,3,True,H,90.2022432113342
Q_{food},0.08275862068965519,0,False,H,17.1428571428571
Q_{food},0.08275862068965519,1,True,H,17.1428571428571
Q_{food},0.08275862068965519,2,False,H,92.6853896103896
Q_{food},0.08275862068965519,3,True,H,92.6853896103896
Q_{food},0.08965517241379312,0,False,H,17.1428571428571
Q_{food},0.08965517241379312,1,True,H,17.1428571428571
Q_{food},0.08965517241379312,2,False,H,94.7865134865134
Q_{food},0.08965517241379312,3,True,H,94.7865134865134
Q_{food},0.09655172413793105,0,False,H,17.1428571428571
Q_{food},0.09655172413793105,1,True,H,17.1428571428571
Q_{food},0.09655172413793105,2,False,H,96.5874768089053
Q_{food},0.09655172413793105,3,True,H,96.5874768089053
Q_{food},0.10344827586206898,0,False,H,17.1428571428571
Q_{food},0.10344827586206898,1,True,H,17.1428571428571
Q_{food},0.10344827586206898,2,False,H,98.1483116883117
Q_{food},0.10344827586206898,3,True,H,98.1483116883117
Q_{food},0.11034482758620691,0,False,H,17.1428571428571
Q_{food},0.11034482758620691,1,True,H,17.1428571428571
Q_{food},0.11034482758620691,2,False,H,99.5140422077922
Q_{food},0.11034482758620691,3,True,H,99.5140422077922
Q_{food},0.11724137931034484,0,False,H,17.1428571428571
Q_{food},0.11724137931034484,1,True,H,17.1428571428571
Q_{food},0.11724137931034484,2,False,H,100.719098548510
Q_{food},0.11724137931034484,3,True,H,100.719098548510
Q_{food},0.12413793103448277,0,False,H,17.1428571428571
Q_{food},0.12413793103448277,1,True,H,17.1428571428571
Q_{food},0.12413793103448277,2,False,H,101.790259740260
Q_{food},0.12413793103448277,3,True,H,101.790259740260
Q_{food},0.1310344827586207,0,False,H,17.1428571428571
Q_{food},0.1310344827586207,1,True,H,17.1428571428571
Q_{food},0.1310344827586207,2,False,H,102.748667122351
Q_{food},0.1310344827586207,3,True,H,102.748667122351
Q_{food},0.13793103448275865,0,False,H,17.1428571428571
Q_{food},0.13793103448275865,1,True,H,17.1428571428571
Q_{food},0.13793103448275865,2,False,H,103.611233766234
Q_{food},0.13793103448275865,3,True,H,103.611233766234
Q_{food},0.14482758620689656,0,False,H,17.1428571428571
Q_{food},0.14482758620689656,1,True,H,17.1428571428571
Q_{food},0.14482758620689656,2,False,H,104.391651205937
Q_{food},0.14482758620689656,3,True,H,104.391651205937
Q_{food},0.1517241379310345,0,False,H,17.1428571428571
Q_{food},0.1517241379310345,1,True,H,17.1428571428571
Q_{food},0.1517241379310345,2,False,H,105.101121605667
Q_{food},0.1517241379310345,3,True,H,105.101121605667
Q_{food},0.15862068965517243,0,False,H,17.1428571428571
Q_{food},0.15862068965517243,1,True,H,17.1428571428571
Q_{food},0.15862068965517243,2,False,H,105.748898927160
Q_{food},0.15862068965517243,3,True,H,105.748898927160
Q_{food},0.16551724137931037,0,False,H,17.1428571428571
Q_{food},0.16551724137931037,1,True,H,17.1428571428571
Q_{food},0.16551724137931037,2,False,H,106.342694805194
Q_{food},0.16551724137931037,3,True,H,106.342694805194
Q_{food},0.1724137931034483,0,False,H,17.1428571428571
Q_{food},0.1724137931034483,1,True,H,17.1428571428571
Q_{food},0.1724137931034483,2,False,H,106.888987012987
Q_{food},0.1724137931034483,3,True,H,106.888987012987
Q_{food},0.17931034482758623,0,False,H,17.1428571428571
Q_{food},0.17931034482758623,1,True,H,17.1428571428571
Q_{food},0.17931034482758623,2,False,H,107.393256743257
Q_{food},0.17931034482758623,3,True,H,107.393256743257
Q_{food},0.18620689655172415,0,False,H,17.1428571428571
Q_{food},0.18620689655172415,1,True,H,17.1428571428571
Q_{food},0.18620689655172415,2,False,H,107.860173160174
Q_{food},0.18620689655172415,3,True,H,107.860173160174
Q_{food},0.1931034482758621,0,False,H,17.1428571428571
Q_{food},0.1931034482758621,1,True,H,17.1428571428571
Q_{food},0.1931034482758621,2,False,H,108.293738404452
Q_{food},0.1931034482758621,3,True,H,108.293738404452
Q_{food},0.2,0,False,H,17.1428571428571
Q_{food},0.2,1,True,H,17.1428571428571
Q_{food},0.2,2,False,H,108.697402597403
Q_{food},0.2,3,True,H,108.697402597403
Q_S,0.01,0,False,H,17.1428571428571
Q_S,0.01,1,True,H,17.1428571428571
Q_S,0.016551724137931035,0,False,H,17.1428571428571
Q_S,0.016551724137931035,1,True,H,17.1428571428571
Q_S,0.023103448275862068,0,False,H,17.1428571428571
Q_S,0.023103448275862068,1,True,H,17.1428571428571
Q_S,0.029655172413793104,0,False,H,17.1428571428571
Q_S,0.029655172413793104,1,True,H,17.1428571428571
Q_S,0.03620689655172414,0,False,H,17.1428571428571
Q_S,0.03620689655172414,1,True,H,17.1428571428571
Q_S,0.04275862068965518,0,False,H,17.1428571428571
Q_S,0.04275862068965518,1,True,H,17.1428571428571
Q_S,0.04931034482758621,0,False,H,17.1428571428571
Q_S,0.04931034482758621,1,True,H,17.1428571428571
Q_S,0.05586206896551724,0,False,H,17.1428571428571
Q_S,0.05586206896551724,1,True,H,17.1428571428571
Q_S,0.06241379310344828,0,False,H,17.1428571428571
Q_S,0.06241379310344828,1,True,H,17.1428571428571
Q_S,0.06896551724137931,0,False,H,17.1428571428571
Q_S,0.06896551724137931,1,True,H,17.1428571428571
Q_S,0.07551724137931035,0,False,H,17.1428571428571
Q_S,0.07551724137931035,1,True,H,17.1428571428571
Q_S,0.08206896551724138,0,False,H,17.1428571428571
Q_S,0.08206896551724138,1,True,H,17.1428571428571
Q_S,0.08206896551724138,2,False,H,112.483580075077
Q_S,0.08206896551724138,3,True,H,112.483580075077
Q_S,0.0886206896551724,0,False,H,17.1428571428571
Q_S,0.0886206896551724,1,True,H,17.1428571428571
Q_S,0.0886206896551724,2,False,H,111.793552765524
Q_S,0.0886206896551724,3,True,H,111.793552765524
Q_S,0.09517241379310344,0,False,H,17.1428571428571
Q_S,0.09517241379310344,1,True,H,17.1428571428571
Q_S,0.09517241379310344,2,False,H,111.095695943352
Q_S,0.09517241379310344,3,True,H,111.095695943352
Q_S,0.10172413793103448,0,False,H,17.1428571428571
Q_S,0.10172413793103448,1,True,H,17.1428571428571
Q_S,0.10172413793103448,2,False,H,110.389875589876
Q_S,0.10172413793103448,3,True,H,110.389875589876
Q_S,0.10827586206896551,0,False,H,17.1428571428571
Q_S,0.10827586206896551,1,True,H,17.1428571428571
Q_S,0.10827586206896551,2,False,H,109.675954610174
Q_S,0.10827586206896551,3,True,H,109.675954610174
Q_S,0.11482758620689655,0,False,H,17.1428571428571
Q_S,0.11482758620689655,1,True,H,17.1428571428571
Q_S,0.11482758620689655,2,False,H,108.953792744315
Q_S,0.11482758620689655,3,True,H,108.953792744315
Q_S,0.12137931034482759,0,False,H,17.1428571428571
Q_S,0.12137931034482759,1,True,H,17.1428571428571
Q_S,0.12137931034482759,2,False,H,108.223246475492
Q_S,0.12137931034482759,3,True,H,108.223246475492
Q_S,0.12793103448275864,0,False,H,17.1428571428571
Q_S,0.12793103448275864,1,True,H,17.1428571428571
Q_S,0.12793103448275864,2,False,H,107.484168934937
Q_S,0.12793103448275864,3,True,H,107.484168934937
Q_S,0.13448275862068967,0,False,H,17.1428571428571
Q_S,0.13448275862068967,1,True,H,17.1428571428571
Q_S,0.13448275862068967,2,False,H,106.736409803489
Q_S,0.13448275862068967,3,True,H,106.736409803489
Q_S,0.1410344827586207,0,False,H,17.1428571428571
Q_S,0.1410344827586207,1,True,H,17.1428571428571
Q_S,0.1410344827586207,2,False,H,105.979815209666
Q_S,0.1410344827586207,3,True,H,105.979815209666
Q_S,0.14758620689655175,0,False,H,17.1428571428571
Q_S,0.14758620689655175,1,True,H,17.1428571428571
Q_S,0.14758620689655175,2,False,H,105.214227624112
Q_S,0.14758620689655175,3,True,H,105.214227624112
Q_S,0.15413793103448278,0,False,H,17.1428571428571
Q_S,0.15413793103448278,1,True,H,17.1428571428571
Q_S,0.15413793103448278,2,False,H,104.439485750247
Q_S,0.15413793103448278,3,True,H,104.439485750247
Q_S,0.16068965517241382,0,False,H,17.1428571428571
Q_S,0.16068965517241382,1,True,H,17.1428571428571
Q_S,0.16068965517241382,2,False,H,103.655424410980
Q_S,0.16068965517241382,3,True,H,103.655424410980
Q_S,0.16724137931034483,0,False,H,17.1428571428571
Q_S,0.16724137931034483,1,True,H,17.1428571428571
Q_S,0.16724137931034483,2,False,H,102.861874431301
Q_S,0.16724137931034483,3,True,H,102.861874431301
Q_S,0.17379310344827587,0,False,H,17.1428571428571
Q_S,0.17379310344827587,1,True,H,17.1428571428571
Q_S,0.17379310344827587,2,False,H,102.058662516593
Q_S,0.17379310344827587,3,True,H,102.058662516593
Q_S,0.1803448275862069,0,False,H,17.1428571428571
Q_S,0.1803448275862069,1,True,H,17.1428571428571
Q_S,0.1803448275862069,2,False,H,101.245611126462
Q_S,0.1803448275862069,3,True,H,101.245611126462
Q_S,0.18689655172413794,0,False,H,17.1428571428571
Q_S,0.18689655172413794,1,True,H,17.1428571428571
Q_S,0.18689655172413794,2,False,H,100.422538343914
Q_S,0.18689655172413794,3,True,H,100.422538343914
Q_S,0.19344827586206897,0,False,H,17.1428571428571
Q_S,0.19344827586206897,1,True,H,17.1428571428571
Q_S,0.19344827586206897,2,False,H,99.5892577396493
Q_S,0.19344827586206897,3,True,H,99.5892577396494
Q_S,0.2,0,False,H,17.1428571428571
Q_S,0.2,1,True,H,17.1428571428571
Q_S,0.2,2,False,H,98.7455782312925
Q_S,0.2,3,True,H,98.7455782312925
Q_H,0.01,0,False,H,17.1428571428571
Q_H,0.01,1,True,H,17.1428571428571
Q_H,0.01,2,False,H,104.929870129870
Q_H,0.01,3,True,H,104.929870129870
Q_H,0.016551724137931035,0,False,H,17.1428571428571
Q_H,0.016551724137931035,1,True,H,17.1428571428571
Q_H,0.016551724137931035,2,False,H,104.929870129870
Q_H,0.016551724137931035,3,True,H,104.929870129870
Q_H,0.023103448275862068,0,False,H,17.1428571428571
Q_H,0.023103448275862068,1,True,H,17.1428571428571
Q_H,0.023103448275862068,2,False,H,104.929870129870
Q_H,0.023103448275862068,3,True,H,104.929870129870
Q_H,0.029655172413793104,0,False,H,17.1428571428571
Q_H,0.029655172413793104,1,True,H,17.1428571428571
Q_H,0.029655172413793104,2,False,H,104.929870129870
Q_H,0.029655172413793104,3,True,H,104.929870129870
Q_H,0.03620689655172414,0,False,H,17.1428571428571
Q_H,0.03620689655172414,1,True,H,17.1428571428571
Q_H,0.03620689655172414,2,False,H,104.929870129870
Q_H,0.03620689655172414,3,True,H,104.929870129870
Q_H,0.04275862068965518,0,False,H,17.1428571428571
Q_H,0.04275862068965518,1,True,H,17.1428571428571
Q_H,0.04275862068965518,2,False,H,104.929870129870
Q_H,0.04275862068965518,3,True,H,104.929870129870
Q_H,0.04931034482758621,0,False,H,17.1428571428571
Q_H,0.04931034482758621,1,True,H,17.1428571428571
Q_H,0.04931034482758621,2,False,H,104.929870129870
Q_H,0.04931034482758621,3,True,H,104.929870129870
Q_H,0.05586206896551724,0,False,H,17.1428571428571
Q_H,0.05586206896551724,1,True,H,17.1428571428571
Q_H,0.05586206896551724,2,False,H,104.929870129870
Q_H,0.05586206896551724,3,True,H,104.929870129870
Q_H,0.06241379310344828,0,False,H,17.1428571428571
Q_H,0.06241379310344828,1,True,H,17.1428571428571
Q_H,0.06241379310344828,2,False,H,104.929870129870
Q_H,0.06241379310344828,3,True,H,104.929870129870
Q_H,0.06896551724137931,0,False,H,17.1428571428571
Q_H,0.06896551724137931,1,True,H,17.1428571428571
Q_H,0.06896551724137931,2,False,H,104.929870129870
Q_H,0.06896551724137931,3,True,H,104.929870129870
Q_H,0.07551724137931035,0,False,H,17.1428571428571
Q_H,0.07551724137931035,1,True,H,17.1428571428571
Q_H,0.07551724137931035,2,False,H,104.929870129870
Q_H,0.07551724137931035,3,True,H,104.929870129870
Q_H,0.08206896551724138,0,False,H,17.1428571428571
Q_H,0.08206896551724138,1,True,H,17.1428571428571
Q_H,0.08206896551724138,2,False,H,104.929870129870
Q_H,0.08206896551724138,3,True,H,104.929870129870
Q_H,0.0886206896551724,0,False,H,17.1428571428571
Q_H,0.0886206896551724,1,True,H,17.1428571428571
Q_H,0.0886206896551724,2,False,H,104.929870129870
Q_H,0.0886206896551724,3,True,H,104.929870129870
Q_H,0.09517241379310344,0,False,H,17.1428571428571
Q_H,0.09517241379310344,1,True,H,17.1428571428571
Q_H,0.09517241379310344,2,False,H,104.929870129870
Q_H,0.09517241379310344,3,True,H,104.929870129870
Q_H,0.10172413793103448,0,False,H,17.1428571428571
Q_H,0.10172413793103448,1,True,H,17.1428571428571
Q_H,0.10172413793103448,2,False,H,104.929870129870
Q_H,0.10172413793103448,3,True,H,104.929870129870
Q_H,0.10827586206896551,0,False,H,17.1428571428571
Q_H,0.10827586206896551,1,True,H,17.1428571428571
Q_H,0.10827586206896551,2,False,H,104.929870129870
Q_H,0.10827586206896551,3,True,H,104.929870129870
Q_H,0.11482758620689655,0,False,H,17.1428571428571
Q_H,0.11482758620689655,1,True,H,17.1428571428571
Q_H,0.11482758620689655,2,False,H,104.929870129870
Q_H,0.11482758620689655,3,True,H,104.929870129870
Q_H,0.12137931034482759,0,False,H,17.1428571428571
Q_H,0.12137931034482759,1,True,H,17.1428571428571
Q_H,0.12137931034482759,2,False,H,104.929870129870
Q_H,0.12137931034482759,3,True,H,104.929870129870
Q_H,0.12793103448275864,0,False,H,17.1428571428571
Q_H,0.12793103448275864,1,True,H,17.1428571428571
Q_H,0.12793103448275864,2,False,H,104.929870129870
Q_H,0.12793103448275864,3,True,H,104.929870129870
Q_H,0.13448275862068967,0,False,H,17.1428571428571
Q_H,0.13448275862068967,1,True,H,17.1428571428571
Q_H,0.13448275862068967,2,False,H,104.929870129870
Q_H,0.13448275862068967,3,True,H,104.929870129870
Q_H,0.1410344827586207,0,False,H,17.1428571428571
Q_H,0.1410344827586207,1,True,H,17.1428571428571
Q_H,0.1410344827586207,2,False,H,104.929870129870
Q_H,0.1410344827586207,3,True,H,104.929870129870
Q_H,0.14758620689655175,0,False,H,17.1428571428571
Q_H,0.14758620689655175,1,True,H,17.1428571428571
Q_H,0.14758620689655175,2,False,H,104.929870129870
Q_H,0.14758620689655175,3,True,H,104.929870129870
Q_H,0.15413793103448278,0,False,H,17.1428571428571
Q_H,0.15413793103448278,1,True,H,17.1428571428571
Q_H,0.15413793103448278,2,False,H,104.929870129870
Q_H,0.15413793103448278,3,True,H,104.929870129870
Q_H,0.16068965517241382,0,False,H,17.1428571428571
Q_H,0.16068965517241382,1,True,H,17.1428571428571
Q_H,0.16068965517241382,2,False,H,104.929870129870
Q_H,0.16068965517241382,3,True,H,104.929870129870
Q_H,0.16724137931034483,0,False,H,17.1428571428571
Q_H,0.16724137931034483,1,True,H,17.1428571428571
Q_H,0.16724137931034483,2,False,H,104.929870129870
Q_H,0.16724137931034483,3,True,H,104.929870129870
Q_H,0.17379310344827587,0,False,H,17.1428571428571
Q_H,0.17379310344827587,1,True,H,17.1428571428571
Q_H,0.17379310344827587,2,False,H,104.929870129870
Q_H,0.17379310344827587,3,True,H,104.929870129870
Q_H,0.1803448275862069,0,False,H,17.1428571428571
Q_H,0.1803448275862069,1,True,H,17.1428571428571
Q_H,0.1803448275862069,2,False,H,104.929870129870
Q_H,0.1803448275862069,3,True,H,104.929870129870
Q_H,0.18689655172413794,0,False,H,17.1428571428571
Q_H,0.18689655172413794,1,True,H,17.1428571428571
Q_H,0.19344827586206897,0,False,H,17.1428571428571
Q_H,0.19344827586206897,1,True,H,17.1428571428571
Q_H,0.2,0,False,H,17.1428571428571
Q_H,0.2,1,True,H,17.1428571428571
\gamma,0.01,0,False,H,17.1428571428571
\gamma,0.01,1,True,H,17.1428571428571
\gamma,0.04413793103448276,0,False,H,17.1428571428571
\gamma,0.04413793103448276,1,True,H,17.1428571428571
\gamma,0.07827586206896552,0,False,H,17.1428571428571
\gamma,0.07827586206896552,1,True,H,17.1428571428571
\gamma,0.11241379310344828,0,False,H,17.1428571428571
\gamma,0.11241379310344828,1,True,H,17.1428571428571
\gamma,0.14655172413793105,0,False,H,17.1428571428571
\gamma,0.14655172413793105,1,True,H,17.1428571428571
\gamma,0.1806896551724138,0,False,H,17.1428571428571
\gamma,0.1806896551724138,1,True,H,17.1428571428571
\gamma,0.21482758620689657,0,False,H,17.1428571428571
\gamma,0.21482758620689657,1,True,H,17.1428571428571
\gamma,0.24896551724137933,0,False,H,17.1428571428571
\gamma,0.24896551724137933,1,True,H,17.1428571428571
\gamma,0.2831034482758621,0,False,H,17.1428571428571
\gamma,0.2831034482758621,1,True,H,17.1428571428571
\gamma,0.31724137931034485,0,False,H,17.1428571428571
\gamma,0.31724137931034485,1,True,H,17.1428571428571
\gamma,0.3513793103448276,0,False,H,17.1428571428571
\gamma,0.3513793103448276,1,True,H,17.1428571428571
\gamma,0.38551724137931037,0,False,H,17.1428571428571
\gamma,0.38551724137931037,1,True,H,17.1428571428571
\gamma,0.41965517241379313,0,False,H,17.1428571428571
\gamma,0.41965517241379313,1,True,H,17.1428571428571
\gamma,0.4537931034482759,0,False,H,17.1428571428571
\gamma,0.4537931034482759,1,True,H,17.1428571428571
\gamma,0.4537931034482759,2,False,H,104.929870129870
\gamma,0.4537931034482759,3,True,H,104.929870129870
\gamma,0.48793103448275865,0,False,H,17.1428571428571
\gamma,0.48793103448275865,1,True,H,17.1428571428571
\gamma,0.48793103448275865,2,False,H,104.929870129870
\gamma,0.48793103448275865,3,True,H,104.929870129870
\gamma,0.5220689655172415,0,False,H,17.1428571428571
\gamma,0.5220689655172415,1,True,H,17.1428571428571
\gamma,0.5220689655172415,2,False,H,104.929870129870
\gamma,0.5220689655172415,3,True,H,104.929870129870
\gamma,0.5562068965517242,0,False,H,17.1428571428571
\gamma,0.5562068965517242,1,True,H,17.1428571428571
\gamma,0.5562068965517242,2,False,H,104.929870129870
\gamma,0.5562068965517242,3,True,H,104.929870129870
\gamma,0.5903448275862069,0,False,H,17.1428571428571
\gamma,0.5903448275862069,1,True,H,17.1428571428571
\gamma,0.5903448275862069,2,False,H,104.929870129870
\gamma,0.5903448275862069,3,True,H,104.929870129870
\gamma,0.6244827586206897,0,False,H,17.1428571428571
\gamma,0.6244827586206897,1,True,H,17.1428571428571
\gamma,0.6244827586206897,2,False,H,104.929870129870
\gamma,0.6244827586206897,3,True,H,104.929870129870
\gamma,0.6586206896551725,0,False,H,17.1428571428571
\gamma,0.6586206896551725,1,True,H,17.1428571428571
\gamma,0.6586206896551725,2,False,H,104.929870129870
\gamma,0.6586206896551725,3,True,H,104.929870129870
\gamma,0.6927586206896552,0,False,H,17.1428571428571
\gamma,0.6927586206896552,1,True,H,17.1428571428571
\gamma,0.6927586206896552,2,False,H,104.929870129870
\gamma,0.6927586206896552,3,True,H,104.929870129870
\gamma,0.7268965517241379,0,False,H,17.1428571428571
\gamma,0.7268965517241379,1,True,H,17.1428571428571
\gamma,0.7268965517241379,2,False,H,104.929870129870
\gamma,0.7268965517241379,3,True,H,104.929870129870
\gamma,0.7610344827586207,0,False,H,17.1428571428571
\gamma,0.7610344827586207,1,True,H,17.1428571428571
\gamma,0.7610344827586207,2,False,H,104.929870129870
\gamma,0.7610344827586207,3,True,H,104.929870129870
\gamma,0.7951724137931035,0,False,H,17.1428571428571
\gamma,0.7951724137931035,1,True,H,17.1428571428571
\gamma,0.7951724137931035,2,False,H,104.929870129870
\gamma,0.7951724137931035,3,True,H,104.929870129870
\gamma,0.8293103448275863,0,False,H,17.1428571428571
\gamma,0.8293103448275863,1,True,H,17.1428571428571
\gamma,0.8293103448275863,2,False,H,104.929870129870
\gamma,0.8293103448275863,3,True,H,104.929870129870
\gamma,0.863448275862069,0,False,H,17.1428571428571
\gamma,0.863448275862069,1,True,H,17.1428571428571
\gamma,0.863448275862069,2,False,H,104.929870129870
\gamma,0.863448275862069,3,True,H,104.929870129870
\gamma,0.8975862068965518,0,False,H,17.1428571428571
\gamma,0.8975862068965518,1,True,H,17.1428571428571
\gamma,0.8975862068965518,2,False,H,104.929870129870
\gamma,0.8975862068965518,3,True,H,104.929870129870
\gamma,0.9317241379310346,0,False,H,17.1428571428571
\gamma,0.9317241379310346,1,True,H,17.1428571428571
\gamma,0.9317241379310346,2,False,H,104.929870129870
\gamma,0.9317241379310346,3,True,H,104.929870129870
\gamma,0.9658620689655173,0,False,H,17.1428571428571
\gamma,0.9658620689655173,1,True,H,17.1428571428571
\gamma,0.9658620689655173,2,False,H,104.929870129870
\gamma,0.9658620689655173,3,True,H,104.929870129870
\gamma,1.0,0,False,H,17.1428571428571
\gamma,1.0,2,True,H,104.929870129870
\iota,0.0,0,False,H,17.1428571428571
\iota,0.0,1,True,H,17.1428571428571
\iota,0.0,2,False,H,104.929870129870
\iota,0.0,3,True,H,104.929870129870
\iota,0.003448275862068966,0,False,H,17.1428571428571
\iota,0.003448275862068966,1,True,H,17.1428571428571
\iota,0.003448275862068966,2,False,H,98.9170269295284
\iota,0.003448275862068966,3,True,H,101.742584924994
\iota,0.006896551724137932,0,False,H,17.1428571428571
\iota,0.006896551724137932,1,True,H,17.1428571428571
\iota,0.006896551724137932,2,False,H,92.8234948048698
\iota,0.006896551724137932,3,True,H,98.5696670845068
\iota,0.010344827586206898,0,False,H,17.1428571428571
\iota,0.010344827586206898,1,True,H,17.1428571428571
\iota,0.010344827586206898,2,False,H,86.6239356892950
\iota,0.010344827586206898,3,True,H,95.4056658378918
\iota,0.013793103448275864,0,False,H,17.1428571428571
\iota,0.013793103448275864,1,True,H,17.1428571428571
\iota,0.013793103448275864,2,False,H,80.2961308599060
\iota,0.013793103448275864,3,True,H,92.2454027993798
\iota,0.01724137931034483,0,False,H,17.1428571428571
\iota,0.01724137931034483,1,True,H,17.1428571428571
\iota,0.01724137931034483,2,False,H,73.8200184761378
\iota,0.01724137931034483,3,True,H,89.0839941599784
\iota,0.020689655172413796,0,False,H,17.1428571428571
\iota,0.020689655172413796,1,True,H,17.1428571428571
\iota,0.020689655172413796,2,False,H,67.1769754329974
\iota,0.020689655172413796,3,True,H,85.9168518788275
\iota,0.024137931034482762,0,False,H,17.1428571428571
\iota,0.024137931034482762,1,True,H,17.1428571428571
\iota,0.024137931034482762,2,False,H,60.3492694902144
\iota,0.024137931034482762,3,True,H,82.7396717695563
\iota,0.027586206896551727,0,False,H,17.1428571428571
\iota,0.027586206896551727,1,True,H,17.1428571428571
\iota,0.027586206896551727,2,True,H,79.5484139563706
\iota,0.027586206896551727,3,False,H,53.3196306074300
\iota,0.031034482758620693,0,False,H,17.1428571428571
\iota,0.031034482758620693,1,True,H,17.1428571428571
\iota,0.031034482758620693,2,True,H,76.3392793802082
\iota,0.031034482758620693,3,False,H,46.0709057080261
\iota,0.03448275862068966,0,False,H,17.1428571428571
\iota,0.03448275862068966,1,True,H,17.1428571428571
\iota,0.03448275862068966,2,True,H,73.1086847529524
\iota,0.03448275862068966,3,False,H,38.5857713897078
\iota,0.03793103448275863,0,False,H,17.1428571428571
\iota,0.03793103448275863,1,True,H,17.1428571428571
\iota,0.03793103448275863,2,True,H,69.8532374660126
\iota,0.03793103448275863,3,False,H,30.8464860897302
\iota,0.04137931034482759,0,False,H,17.1428571428571
\iota,0.04137931034482759,1,True,H,17.1428571428571
\iota,0.04137931034482759,2,True,H,66.5697113533774
\iota,0.04137931034482759,3,False,H,22.8346679824716
\iota,0.04482758620689656,0,False,H,17.1428571428571
\iota,0.04482758620689656,2,True,H,63.2550238056284
\iota,0.048275862068965524,0,False,H,17.1428571428571
\iota,0.048275862068965524,2,True,H,59.9062144684751
\iota,0.05172413793103449,0,False,H,17.1428571428571
\iota,0.05172413793103449,2,True,H,56.5204255924973
\iota,0.055172413793103454,0,False,H,17.1428571428571
\iota,0.055172413793103454,2,True,H,53.0948839984776
\iota,0.05862068965517242,0,False,H,17.1428571428571
\iota,0.05862068965517242,2,True,H,49.6268845631942
\iota,0.062068965517241385,0,False,H,17.1428571428571
\iota,0.062068965517241385,2,True,H,46.1137750989058
\iota,0.06551724137931035,0,False,H,17.1428571428571
\iota,0.06551724137931035,2,True,H,42.5529424859062
\iota,0.06896551724137932,0,False,H,17.1428571428571
\iota,0.06896551724137932,2,True,H,38.9417999147267
\iota,0.07241379310344828,0,False,H,17.1428571428571
\iota,0.07241379310344828,2,True,H,35.2777750983255
\iota,0.07586206896551725,0,False,H,17.1428571428571
\iota,0.07586206896551725,2,True,H,31.5582993220105
\iota,0.07931034482758621,0,False,H,17.1428571428571
\iota,0.07931034482758621,2,True,H,27.7807972080259
\iota,0.08275862068965519,0,False,H,17.1428571428571
\iota,0.08275862068965519,2,True,H,23.9426770814550
\iota,0.08620689655172414,0,False,H,17.1428571428571
\iota,0.08620689655172414,2,True,H,20.0413218336963
\iota,0.08965517241379312,0,True,H,17.1428571428571
\iota,0.09310344827586207,0,True,H,17.1428571428571
\iota,0.09655172413793105,0,True,H,17.1428571428571
\iota,0.1,0,True,H,17.1428571428571
\epsilon,1.0,0,False,S,0.0
\epsilon,1.0,1,True,S,42.0779220779221
\epsilon,1.0,2,False,S,70.0509435356206
\epsilon,1.0,3,True,S,20.6042728430420
\epsilon,1.013793103448276,0,False,S,0.0
\epsilon,1.013793103448276,1,True,S,40.1672262305071
\epsilon,1.013793103448276,2,False,S,68.4801273559379
\epsilon,1.013793103448276,3,True,S,20.9922211594394
\epsilon,1.0275862068965518,0,False,S,0.0
\epsilon,1.0275862068965518,1,True,S,38.2733636514734
\epsilon,1.0275862068965518,2,False,S,66.9097998289153
\epsilon,1.0275862068965518,3,True,S,21.3974127652955
\epsilon,1.0413793103448277,0,False,S,0.0
\epsilon,1.0413793103448277,1,True,S,36.3959944988574
\epsilon,1.0413793103448277,2,False,S,65.3375583938388
\epsilon,1.0413793103448277,3,True,S,21.8218953945540
\epsilon,1.0551724137931033,0,False,S,0.0
\epsilon,1.0551724137931033,1,True,S,34.5347880591189
\epsilon,1.0551724137931033,2,False,S,63.7606038234545
\epsilon,1.0551724137931033,3,True,S,22.2681229905188
\epsilon,1.0689655172413792,0,False,S,0.0
\epsilon,1.0689655172413792,1,True,S,32.6894224428844
\epsilon,1.0689655172413792,2,False,S,62.1756204911392
\epsilon,1.0689655172413792,3,True,S,22.7390751206698
\epsilon,1.0827586206896551,0,False,S,0.0
\epsilon,1.0827586206896551,1,True,S,30.8595842927807
\epsilon,1.0827586206896551,2,False,S,60.5786078571290
\epsilon,1.0827586206896551,3,True,S,23.2384251850603
\epsilon,1.096551724137931,0,False,S,0.0
\epsilon,1.096551724137931,1,True,S,29.0449685028013
\epsilon,1.096551724137931,2,False,S,58.9646364853822
\epsilon,1.096551724137931,3,True,S,23.7707841061299
\epsilon,1.110344827586207,0,False,S,0.0
\epsilon,1.110344827586207,1,True,S,27.2452779486770
\epsilon,1.110344827586207,2,False,S,57.3274827800281
\epsilon,1.110344827586207,3,True,S,24.3420653104402
\epsilon,1.1241379310344828,0,False,S,0.0
\epsilon,1.1241379310344828,1,True,S,25.4602232287538
\epsilon,1.1241379310344828,2,False,S,55.6590597436162
\epsilon,1.1241379310344828,3,True,S,24.9600536995863
\epsilon,1.1379310344827587,0,False,S,0.0
\epsilon,1.1379310344827587,1,True,S,23.6895224148994
\epsilon,1.1379310344827587,2,False,S,53.9484850434722
\epsilon,1.1379310344827587,3,True,S,25.6353373234868
\epsilon,1.1517241379310343,0,False,S,0.0
\epsilon,1.1517241379310343,1,True,S,21.9329008129922
\epsilon,1.1517241379310343,2,False,S,52.1804576404216
\epsilon,1.1517241379310343,3,True,S,26.3829305013227
\epsilon,1.1655172413793102,0,False,S,0.0
\epsilon,1.1655172413793102,1,True,S,20.1900907325619
\epsilon,1.1655172413793102,2,False,S,50.3321918922940
\epsilon,1.1655172413793102,3,True,S,27.2253394772591
\epsilon,1.1793103448275861,0,False,S,0.0
\epsilon,1.1793103448275861,1,True,S,18.4608312651795
\epsilon,1.1793103448275861,2,False,S,48.3669514760718
\epsilon,1.1793103448275861,3,True,S,28.1990282666713
\epsilon,1.193103448275862,0,False,S,0.0
\epsilon,1.193103448275862,1,True,S,16.7448680712098
\epsilon,1.193103448275862,2,False,S,46.2180176494498
\epsilon,1.193103448275862,3,True,S,29.3704501716979
\epsilon,1.206896551724138,0,False,S,0.0
\epsilon,1.206896551724138,1,True,S,15.0419531745596
\epsilon,1.206896551724138,2,False,S,43.7367320580587
\epsilon,1.206896551724138,3,True,S,30.8880047594848
\epsilon,1.2206896551724138,0,False,S,0.0
\epsilon,1.2206896551724138,1,True,S,13.3518447650778
\epsilon,1.2206896551724138,2,False,S,40.3860003199771
\epsilon,1.2206896551724138,3,True,S,33.2885340711473
\epsilon,1.2344827586206897,0,False,S,0.0
\epsilon,1.2344827586206897,1,True,S,11.6743070082702
\epsilon,1.2482758620689656,0,False,S,0.0
\epsilon,1.2482758620689656,1,True,S,10.0091098620234
\epsilon,1.2620689655172412,0,False,S,0.0
\epsilon,1.2620689655172412,1,True,S,8.35602890003011
\epsilon,1.2758620689655171,0,False,S,0.0
\epsilon,1.2758620689655171,1,True,S,6.71484514163822
\epsilon,1.289655172413793,0,False,S,0.0
\epsilon,1.289655172413793,1,True,S,5.08534488784798
\epsilon,1.303448275862069,0,False,S,0.0
\epsilon,1.303448275862069,1,True,S,3.46731956320362
\epsilon,1.3172413793103448,0,False,S,0.0
\epsilon,1.3172413793103448,1,True,S,1.86056556332993
\epsilon,1.3310344827586205,0,False,S,0.0
\epsilon,1.3310344827586205,1,True,S,0.264884107883567
TO,1.0,0,False,S,0.0
TO,1.0,1,True,S,42.0779220779221
TO,1.0,2,False,S,70.0509435356206
TO,1.0,3,True,S,20.6042728430420
TO,1.0086206896551724,0,False,S,0.0
TO,1.0086206896551724,1,True,S,39.6921959008511
TO,1.0086206896551724,2,False,S,68.3756924451048
TO,1.0086206896551724,3,True,S,20.9613027399072
TO,1.0172413793103448,0,False,S,0.0
TO,1.0172413793103448,1,True,S,37.3326382767811
TO,1.0172413793103448,2,False,S,66.7116947203122
TO,1.0172413793103448,3,True,S,21.3331184312673
TO,1.0258620689655173,0,False,S,0.0
TO,1.0258620689655173,1,True,S,34.9985921660622
TO,1.0258620689655173,2,False,S,65.0565492927157
TO,1.0258620689655173,3,True,S,21.7214638007457
TO,1.0344827586206897,0,False,S,0.0
TO,1.0344827586206897,1,True,S,32.6894224428843
TO,1.0344827586206897,2,False,S,63.4075407996733
TO,1.0344827586206897,3,True,S,22.1284188729353
TO,1.043103448275862,0,False,S,0.0
TO,1.043103448275862,1,True,S,30.4045149898186
TO,1.043103448275862,2,False,S,61.7615432496532
TO,1.043103448275862,3,True,S,22.5564952447819
TO,1.0517241379310345,0,False,S,0.0
TO,1.0517241379310345,1,True,S,28.1432758368925
TO,1.0517241379310345,2,False,S,60.1148862592281
TO,1.0517241379310345,3,True,S,23.0087689896268
TO,1.0603448275862069,0,False,S,0.0
TO,1.0603448275862069,1,True,S,25.9051303426601
TO,1.0603448275862069,2,False,S,58.4631642619634
TO,1.0603448275862069,3,True,S,23.4890706312456
TO,1.0689655172413792,0,False,S,0.0
TO,1.0689655172413792,1,True,S,23.6895224148995
TO,1.0689655172413792,2,False,S,56.8009557384873
TO,1.0689655172413792,3,True,S,24.0022651362380
TO,1.0775862068965518,0,False,S,0.0
TO,1.0775862068965518,1,True,S,21.4959137687168
TO,1.0775862068965518,2,False,S,55.1213944531601
TO,1.0775862068965518,3,True,S,24.5546799371329
TO,1.0862068965517242,0,False,S,0.0
TO,1.0862068965517242,1,True,S,19.3237832199795
TO,1.0862068965517242,2,False,S,53.4154847136174
TO,1.0862068965517242,3,True,S,25.1547889678614
TO,1.0948275862068966,0,False,S,0.0
TO,1.0948275862068966,1,True,S,17.1726260121305
TO,1.0948275862068966,2,False,S,51.6709454333226
TO,1.0948275862068966,3,True,S,25.8143679295232
TO,1.103448275862069,0,False,S,0.0
TO,1.103448275862069,1,True,S,15.0419531745596
TO,1.103448275862069,2,False,S,49.8701152995671
TO,1.103448275862069,3,True,S,26.5505884821821
TO,1.1120689655172413,0,False,S,0.0
TO,1.1120689655172413,1,True,S,12.9312909108175
TO,1.1120689655172413,2,False,S,47.9857805095089
TO,1.1120689655172413,3,True,S,27.3901898983950
TO,1.1206896551724137,0,False,S,0.0
TO,1.1206896551724137,1,True,S,10.8401800150667
TO,1.1206896551724137,2,False,S,45.9716814551740
TO,1.1206896551724137,3,True,S,28.3789717959448
TO,1.1293103448275863,0,False,S,0.0
TO,1.1293103448275863,1,True,S,8.76817531526179
TO,1.1293103448275863,2,False,S,43.7359775139077
TO,1.1293103448275863,3,True,S,29.6083287917877
TO,1.1379310344827587,0,False,S,0.0
TO,1.1379310344827587,1,True,S,6.71484514163814
TO,1.1379310344827587,2,False,S,41.0326805268706
TO,1.1379310344827587,3,True,S,31.3238164932025
TO,1.146551724137931,0,False,S,0.0
TO,1.146551724137931,1,True,S,4.67977081918081
TO,1.1551724137931034,0,False,S,0.0
TO,1.1551724137931034,1,True,S,2.66254618281791
TO,1.1637931034482758,0,False,S,0.0
TO,1.1637931034482758,1,True,S,0.662777114162719
p_{\max},0.01,0,True,S,0.0
p_{\max},0.04413793103448276,0,True,S,0.0
p_{\max},0.07827586206896552,0,False,S,0.0
p_{\max},0.07827586206896552,1,True,S,24.0970350404314
p_{\max},0.11241379310344828,0,False,S,0.0
p_{\max},0.11241379310344828,1,True,S,36.3157894736843
p_{\max},0.14655172413793105,0,False,S,0.0
p_{\max},0.14655172413793105,1,True,S,38.8958451906659
p_{\max},0.1806896551724138,0,False,S,0.0
p_{\max},0.1806896551724138,1,True,S,40.0163265306122
p_{\max},0.21482758620689657,0,False,S,0.0
p_{\max},0.21482758620689657,1,True,S,40.6426980591787
p_{\max},0.24896551724137933,0,False,S,0.0
p_{\max},0.24896551724137933,1,True,S,41.0427528675707
p_{\max},0.2831034482758621,0,False,S,0.0
p_{\max},0.2831034482758621,1,True,S,41.3203797747847
p_{\max},0.31724137931034485,0,False,S,0.0
p_{\max},0.31724137931034485,1,True,S,41.5243201838376
p_{\max},0.3513793103448276,0,False,S,0.0
p_{\max},0.3513793103448276,1,True,S,41.6804733727811
p_{\max},0.3513793103448276,2,False,S,54.3478596388796
p_{\max},0.3513793103448276,3,True,S,40.1035484663018
p_{\max},0.38551724137931037,0,False,S,0.0
p_{\max},0.38551724137931037,1,True,S,41.8038740920097
p_{\max},0.38551724137931037,2,False,S,61.6024974451011
p_{\max},0.38551724137931037,3,True,S,31.6702609794483
p_{\max},0.41965517241379313,0,False,S,0.0
p_{\max},0.41965517241379313,1,True,S,41.9038487878375
p_{\max},0.41965517241379313,2,False,S,65.2603052990425
p_{\max},0.41965517241379313,3,True,S,27.0575547744680
p_{\max},0.4537931034482759,0,False,S,0.0
p_{\max},0.4537931034482759,1,True,S,41.9864898674006
p_{\max},0.4537931034482759,2,False,S,67.7109958921802
p_{\max},0.4537931034482759,3,True,S,23.8175261398392
p_{\max},0.48793103448275865,0,False,S,0.0
p_{\max},0.48793103448275865,1,True,S,42.0559456659374
p_{\max},0.48793103448275865,2,False,S,69.5170369823257
p_{\max},0.48793103448275865,3,True,S,21.3480849068464
p_{\max},0.5220689655172415,0,False,S,0.0
p_{\max},0.5220689655172415,1,True,S,42.1151385927507
p_{\max},0.5220689655172415,2,False,S,70.9199792631487
p_{\max},0.5220689655172415,3,True,S,19.3797672804030
p_{\max},0.5562068965517242,0,False,S,0.0
p_{\max},0.5562068965517242,1,True,S,42.1661868360965
p_{\max},0.5562068965517242,2,False,S,72.0483012853762
p_{\max},0.5562068965517242,3,True,S,17.7638630455863
p_{\max},0.5903448275862069,0,False,S,0.0
p_{\max},0.5903448275862069,1,True,S,42.2106631989595
p_{\max},0.5903448275862069,2,False,S,72.9788670610742
p_{\max},0.5903448275862069,3,True,S,16.4084857192579
p_{\max},0.6244827586206897,0,False,S,0.0
p_{\max},0.6244827586206897,1,True,S,42.2497600139628
p_{\max},0.6244827586206897,2,False,S,73.7612926689342
p_{\max},0.6244827586206897,3,True,S,15.2526307764212
p_{\max},0.6586206896551725,0,False,S,0.0
p_{\max},0.6586206896551725,1,True,S,42.2843976300196
p_{\max},0.6586206896551725,2,False,S,74.4293781322528
p_{\max},0.6586206896551725,3,True,S,14.2537075727835
p_{\max},0.6927586206896552,0,False,S,0.0
p_{\max},0.6927586206896552,1,True,S,42.3152977812380
p_{\max},0.6927586206896552,2,False,S,75.0071022279672
p_{\max},0.6927586206896552,3,True,S,13.3808437599565
p_{\max},0.7268965517241379,0,False,S,0.0
p_{\max},0.7268965517241379,1,True,S,42.3430344216280
p_{\max},0.7268965517241379,2,False,S,75.5120271267823
p_{\max},0.7268965517241379,3,True,S,12.6109951026568
p_{\max},0.7610344827586207,0,False,S,0.0
p_{\max},0.7610344827586207,1,True,S,42.3680697069776
p_{\max},0.7610344827586207,2,False,S,75.9573522064300
p_{\max},0.7610344827586207,3,True,S,11.9265479881745
p_{\max},0.7951724137931035,0,False,S,0.0
p_{\max},0.7951724137931035,1,True,S,42.3907799517556
p_{\max},0.7951724137931035,2,False,S,76.3532131629088
p_{\max},0.7951724137931035,3,True,S,11.3137723903404
p_{\max},0.8293103448275863,0,False,S,0.0
p_{\max},0.8293103448275863,1,True,S,42.4114746750336
p_{\max},0.8293103448275863,2,False,S,76.7075359226547
p_{\max},0.8293103448275863,3,True,S,10.7617860421252
p_{\max},0.863448275862069,0,False,S,0.0
p_{\max},0.863448275862069,1,True,S,42.4304107909258
p_{\max},0.863448275862069,2,False,S,77.0266160846215
p_{\max},0.863448275862069,3,True,S,10.2618394550007
p_{\max},0.8975862068965518,0,False,S,0.0
p_{\max},0.8975862068965518,1,True,S,42.4478033288243
p_{\max},0.8975862068965518,2,False,S,77.3155228353754
p_{\max},0.8975862068965518,3,True,S,9.80680961057618
p_{\max},0.9317241379310346,0,False,S,0.0
p_{\max},0.9317241379310346,1,True,S,42.4638336347196
p_{\max},0.9317241379310346,2,False,S,77.5783870821299
p_{\max},0.9317241379310346,3,True,S,9.39083349346817
p_{\max},0.9658620689655173,0,False,S,0.0
p_{\max},0.9658620689655173,1,True,S,42.4786557180924
p_{\max},0.9658620689655173,2,False,S,77.8186111562661
p_{\max},0.9658620689655173,3,True,S,9.00903776608201
p_{\max},1.0,0,False,S,0.0
p_{\max},1.0,1,True,S,42.4924012158055
p_{\max},1.0,2,False,S,78.0390241483471
p_{\max},1.0,3,True,S,8.65733602146373
"u_{S,\max}",0.005,0,True,S,0.0
"u_{S,\max}",0.007931034482758621,0,True,S,0.0
"u_{S,\max}",0.010862068965517242,0,False,S,0.0
"u_{S,\max}",0.010862068965517242,1,True,S,42.0779220779221
"u_{S,\max}",0.010862068965517242,2,False,S,79.7785843729886
"u_{S,\max}",0.010862068965517242,3,True,S,1.41212195862070
"u_{S,\max}",0.013793103448275862,0,False,S,0.0
"u_{S,\max}",0.013793103448275862,1,True,S,42.0779220779221
"u_{S,\max}",0.013793103448275862,2,False,S,98.0124125206118
"u_{S,\max}",0.013793103448275862,3,True,S,5.24160921968576
"u_{S,\max}",0.016724137931034482,0,False,S,0.0
"u_{S,\max}",0.016724137931034482,1,True,S,42.0779220779221
"u_{S,\max}",0.016724137931034482,2,False,S,96.9506983824134
"u_{S,\max}",0.016724137931034482,3,True,S,8.46629228534037
"u_{S,\max}",0.019655172413793102,0,False,S,0.0
"u_{S,\max}",0.019655172413793102,1,True,S,42.0779220779221
"u_{S,\max}",0.019655172413793102,2,False,S,92.5260632833212
"u_{S,\max}",0.019655172413793102,3,True,S,11.0614730658379
"u_{S,\max}",0.022586206896551723,0,False,S,0.0
"u_{S,\max}",0.022586206896551723,1,True,S,42.0779220779221
"u_{S,\max}",0.022586206896551723,2,False,S,87.7872547199023
"u_{S,\max}",0.022586206896551723,3,True,S,13.2050560917867
"u_{S,\max}",0.025517241379310343,0,False,S,0.0
"u_{S,\max}",0.025517241379310343,1,True,S,42.0779220779221
"u_{S,\max}",0.025517241379310343,2,False,S,83.4122144738101
"u_{S,\max}",0.025517241379310343,3,True,S,15.0286629767322
"u_{S,\max}",0.028448275862068963,0,False,S,0.0
"u_{S,\max}",0.028448275862068963,1,True,S,42.0779220779221
"u_{S,\max}",0.028448275862068963,2,False,S,79.5165005203216
"u_{S,\max}",0.028448275862068963,3,True,S,16.6197942360861
"u_{S,\max}",0.031379310344827584,0,False,S,0.0
"u_{S,\max}",0.031379310344827584,1,True,S,42.0779220779221
"u_{S,\max}",0.031379310344827584,2,False,S,76.0705473898787
"u_{S,\max}",0.031379310344827584,3,True,S,18.0373443092619
"u_{S,\max}",0.0343103448275862,0,False,S,0.0
"u_{S,\max}",0.0343103448275862,1,True,S,42.0779220779221
"u_{S,\max}",0.0343103448275862,2,False,S,73.0121416722134
"u_{S,\max}",0.0343103448275862,3,True,S,19.3222833472328
"u_{S,\max}",0.03724137931034482,0,False,S,0.0
"u_{S,\max}",0.03724137931034482,1,True,S,42.0779220779221
"u_{S,\max}",0.03724137931034482,2,False,S,70.2784679047620
"u_{S,\max}",0.03724137931034482,3,True,S,20.5041567340055
"u_{S,\max}",0.04017241379310344,0,False,S,0.0
"u_{S,\max}",0.04017241379310344,1,True,S,42.0779220779221
"u_{S,\max}",0.04017241379310344,2,False,S,67.8144997594001
"u_{S,\max}",0.04017241379310344,3,True,S,21.6050381208945
"u_{S,\max}",0.043103448275862065,0,False,S,0.0
"u_{S,\max}",0.043103448275862065,1,True,S,42.0779220779221
"u_{S,\max}",0.043103448275862065,2,False,S,65.5741312491768
"u_{S,\max}",0.043103448275862065,3,True,S,22.6420023306181
"u_{S,\max}",0.04603448275862068,0,False,S,0.0
"u_{S,\max}",0.04603448275862068,1,True,S,42.0779220779221
"u_{S,\max}",0.04603448275862068,2,False,S,63.5191817774130
"u_{S,\max}",0.04603448275862068,3,True,S,23.6287326403129
"u_{S,\max}",0.0489655172413793,0,False,S,0.0
"u_{S,\max}",0.0489655172413793,1,True,S,42.0779220779221
"u_{S,\max}",0.0489655172413793,2,False,S,61.6179347373128
"u_{S,\max}",0.0489655172413793,3,True,S,24.5766149449196
"u_{S,\max}",0.05189655172413792,0,False,S,0.0
"u_{S,\max}",0.05189655172413792,1,True,S,42.0779220779221
"u_{S,\max}",0.05189655172413792,2,False,S,59.8437238275174
"u_{S,\max}",0.05189655172413792,3,True,S,25.4955281411720
"u_{S,\max}",0.054827586206896546,0,False,S,0.0
"u_{S,\max}",0.054827586206896546,1,True,S,42.0779220779221
"u_{S,\max}",0.054827586206896546,2,False,S,58.1736888986212
"u_{S,\max}",0.054827586206896546,3,True,S,26.3944639332078
"u_{S,\max}",0.05775862068965516,0,False,S,0.0
"u_{S,\max}",0.05775862068965516,1,True,S,42.0779220779221
"u_{S,\max}",0.05775862068965516,2,False,S,56.5876850346387
"u_{S,\max}",0.05775862068965516,3,True,S,27.2820724288592
"u_{S,\max}",0.06068965517241378,0,False,S,0.0
"u_{S,\max}",0.06068965517241378,1,True,S,42.0779220779221
"u_{S,\max}",0.06068965517241378,2,False,S,55.0672729098196
"u_{S,\max}",0.06068965517241378,3,True,S,28.1672206319811
"u_{S,\max}",0.06362068965517241,0,False,S,0.0
"u_{S,\max}",0.06362068965517241,1,True,S,42.0779220779221
"u_{S,\max}",0.06362068965517241,2,False,S,53.5946768535389
"u_{S,\max}",0.06362068965517241,3,True,S,29.0596699502931
"u_{S,\max}",0.06655172413793103,0,False,S,0.0
"u_{S,\max}",0.06655172413793103,1,True,S,42.0779220779221
"u_{S,\max}",0.06655172413793103,2,False,S,52.1515258705401
"u_{S,\max}",0.06655172413793103,3,True,S,29.9710437531697
"u_{S,\max}",0.06948275862068964,0,False,S,0.0
"u_{S,\max}",0.06948275862068964,1,True,S,42.0779220779221
"u_{S,\max}",0.06948275862068964,2,False,S,50.7170249082483
"u_{S,\max}",0.06948275862068964,3,True,S,30.9164237659594
"u_{S,\max}",0.07241379310344827,0,False,S,0.0
"u_{S,\max}",0.07241379310344827,1,True,S,42.0779220779221
"u_{S,\max}",0.07241379310344827,2,False,S,49.2647553088979
"u_{S,\max}",0.07241379310344827,3,True,S,31.9173642323256
"u_{S,\max}",0.07534482758620689,0,False,S,0.0
"u_{S,\max}",0.07534482758620689,1,True,S,42.0779220779221
"u_{S,\max}",0.07827586206896552,0,False,S,0.0
"u_{S,\max}",0.07827586206896552,1,True,S,42.0779220779221
"u_{S,\max}",0.08120689655172414,0,False,S,0.0
"u_{S,\max}",0.08120689655172414,1,True,S,42.0779220779221
"u_{S,\max}",0.08413793103448275,0,False,S,0.0
"u_{S,\max}",0.08413793103448275,1,True,S,42.0779220779221
"u_{S,\max}",0.08706896551724137,0,False,S,0.0
"u_{S,\max}",0.08706896551724137,1,True,S,42.0779220779221
"u_{S,\max}",0.09,0,False,S,0.0
"u_{S,\max}",0.09,1,True,S,42.0779220779221
"u_{H,\max}",0.0,0,False,S,0.0
"u_{H,\max}",0.0,1,True,S,42.0779220779221
"u_{H,\max}",0.0003448275862068966,0,False,S,0.0
"u_{H,\max}",0.0003448275862068966,1,True,S,42.0779220779221
"u_{H,\max}",0.0006896551724137932,0,False,S,0.0
"u_{H,\max}",0.0006896551724137932,1,True,S,42.0779220779221
"u_{H,\max}",0.0010344827586206897,0,False,S,0.0
"u_{H,\max}",0.0010344827586206897,1,True,S,42.0779220779221
"u_{H,\max}",0.0013793103448275863,0,False,S,0.0
"u_{H,\max}",0.0013793103448275863,1,True,S,42.0779220779221
"u_{H,\max}",0.001724137931034483,0,False,S,0.0
"u_{H,\max}",0.001724137931034483,1,True,S,42.0779220779221
"u_{H,\max}",0.0020689655172413794,0,False,S,0.0
"u_{H,\max}",0.0020689655172413794,1,True,S,42.0779220779221
"u_{H,\max}",0.002413793103448276,0,False,S,0.0
"u_{H,\max}",0.002413793103448276,1,True,S,42.0779220779221
"u_{H,\max}",0.0027586206896551726,0,False,S,0.0
"u_{H,\max}",0.0027586206896551726,1,True,S,42.0779220779221
"u_{H,\max}",0.0031034482758620693,0,False,S,0.0
"u_{H,\max}",0.0031034482758620693,1,True,S,42.0779220779221
"u_{H,\max}",0.003448275862068966,0,False,S,0.0
"u_{H,\max}",0.003448275862068966,1,True,S,42.0779220779221
"u_{H,\max}",0.003448275862068966,2,False,S,70.0509435356206
"u_{H,\max}",0.003448275862068966,3,True,S,20.6042728430420
"u_{H,\max}",0.0037931034482758625,0,False,S,0.0
"u_{H,\max}",0.0037931034482758625,1,True,S,42.0779220779221
"u_{H,\max}",0.0037931034482758625,2,False,S,70.0509435356206
"u_{H,\max}",0.0037931034482758625,3,True,S,20.6042728430420
"u_{H,\max}",0.004137931034482759,0,False,S,0.0
"u_{H,\max}",0.004137931034482759,1,True,S,42.0779220779221
"u_{H,\max}",0.004137931034482759,2,False,S,70.0509435356206
"u_{H,\max}",0.004137931034482759,3,True,S,20.6042728430420
"u_{H,\max}",0.004482758620689656,0,False,S,0.0
"u_{H,\max}",0.004482758620689656,1,True,S,42.0779220779221
"u_{H,\max}",0.004482758620689656,2,False,S,70.0509435356206
"u_{H,\max}",0.004482758620689656,3,True,S,20.6042728430420
"u_{H,\max}",0.004827586206896552,0,False,S,0.0
"u_{H,\max}",0.004827586206896552,1,True,S,42.0779220779221
"u_{H,\max}",0.004827586206896552,2,False,S,70.0509435356206
"u_{H,\max}",0.004827586206896552,3,True,S,20.6042728430420
"u_{H,\max}",0.005172413793103449,0,False,S,0.0
"u_{H,\max}",0.005172413793103449,1,True,S,42.0779220779221
"u_{H,\max}",0.005172413793103449,2,False,S,70.0509435356206
"u_{H,\max}",0.005172413793103449,3,True,S,20.6042728430420
"u_{H,\max}",0.005517241379310345,0,False,S,0.0
"u_{H,\max}",0.005517241379310345,1,True,S,42.0779220779221
"u_{H,\max}",0.005517241379310345,2,False,S,70.0509435356206
"u_{H,\max}",0.005517241379310345,3,True,S,20.6042728430420
"u_{H,\max}",0.0058620689655172415,0,False,S,0.0
"u_{H,\max}",0.0058620689655172415,1,True,S,42.0779220779221
"u_{H,\max}",0.0058620689655172415,2,False,S,70.0509435356206
"u_{H,\max}",0.0058620689655172415,3,True,S,20.6042728430420
"u_{H,\max}",0.0062068965517241385,0,False,S,0.0
"u_{H,\max}",0.0062068965517241385,1,True,S,42.0779220779221
"u_{H,\max}",0.0062068965517241385,2,False,S,70.0509435356206
"u_{H,\max}",0.0062068965517241385,3,True,S,20.6042728430420
"u_{H,\max}",0.006551724137931035,0,False,S,0.0
"u_{H,\max}",0.006551724137931035,1,True,S,42.0779220779221
"u_{H,\max}",0.006551724137931035,2,False,S,70.0509435356206
"u_{H,\max}",0.006551724137931035,3,True,S,20.6042728430420
"u_{H,\max}",0.006896551724137932,0,False,S,0.0
"u_{H,\max}",0.006896551724137932,1,True,S,42.0779220779221
"u_{H,\max}",0.006896551724137932,2,False,S,70.0509435356206
"u_{H,\max}",0.006896551724137932,3,True,S,20.6042728430420
"u_{H,\max}",0.007241379310344828,0,False,S,0.0
"u_{H,\max}",0.007241379310344828,1,True,S,42.0779220779221
"u_{H,\max}",0.007241379310344828,2,False,S,70.0509435356206
"u_{H,\max}",0.007241379310344828,3,True,S,20.6042728430420
"u_{H,\max}",0.007586206896551725,0,False,S,0.0
"u_{H,\max}",0.007586206896551725,1,True,S,42.0779220779221
"u_{H,\max}",0.007586206896551725,2,False,S,70.0509435356206
"u_{H,\max}",0.007586206896551725,3,True,S,20.6042728430420
"u_{H,\max}",0.007931034482758621,0,False,S,0.0
"u_{H,\max}",0.007931034482758621,1,True,S,42.0779220779221
"u_{H,\max}",0.007931034482758621,2,False,S,70.0509435356206
"u_{H,\max}",0.007931034482758621,3,True,S,20.6042728430420
"u_{H,\max}",0.008275862068965517,0,False,S,0.0
"u_{H,\max}",0.008275862068965517,1,True,S,42.0779220779221
"u_{H,\max}",0.008275862068965517,2,False,S,70.0509435356206
"u_{H,\max}",0.008275862068965517,3,True,S,20.6042728430420
"u_{H,\max}",0.008620689655172414,0,False,S,0.0
"u_{H,\max}",0.008620689655172414,1,True,S,42.0779220779221
"u_{H,\max}",0.008620689655172414,2,False,S,70.0509435356206
"u_{H,\max}",0.008620689655172414,3,True,S,20.6042728430420
"u_{H,\max}",0.008965517241379312,0,False,S,0.0
"u_{H,\max}",0.008965517241379312,1,True,S,42.0779220779221
"u_{H,\max}",0.008965517241379312,2,False,S,70.0509435356206
"u_{H,\max}",0.008965517241379312,3,True,S,20.6042728430420
"u_{H,\max}",0.009310344827586208,0,False,S,0.0
"u_{H,\max}",0.009310344827586208,1,True,S,42.0779220779221
"u_{H,\max}",0.009310344827586208,2,False,S,70.0509435356206
"u_{H,\max}",0.009310344827586208,3,True,S,20.6042728430420
"u_{H,\max}",0.009655172413793104,0,False,S,0.0
"u_{H,\max}",0.009655172413793104,1,True,S,42.0779220779221
"u_{H,\max}",0.009655172413793104,2,False,S,70.0509435356206
"u_{H,\max}",0.009655172413793104,3,True,S,20.6042728430420
"u_{H,\max}",0.01,0,False,S,0.0
"u_{H,\max}",0.01,1,True,S,42.0779220779221
"u_{H,\max}",0.01,2,False,S,70.0509435356206
"u_{H,\max}",0.01,3,True,S,20.6042728430420
K_S,0.0001,0,False,S,0.0
K_S,0.0001,1,True,S,42.0779220779221
K_S,0.00423448275862069,0,False,S,0.0
K_S,0.00423448275862069,1,True,S,42.0779220779221
K_S,0.008368965517241379,0,False,S,0.0
K_S,0.008368965517241379,1,True,S,42.0779220779221
K_S,0.01250344827586207,0,False,S,0.0
K_S,0.01250344827586207,1,True,S,42.0779220779221
K_S,0.01250344827586207,2,False,S,56.8388180323808
K_S,0.01250344827586207,3,True,S,27.1391837983668
K_S,0.01663793103448276,0,False,S,0.0
K_S,0.01663793103448276,1,True,S,42.0779220779221
K_S,0.01663793103448276,2,False,S,64.8078427661828
K_S,0.01663793103448276,3,True,S,23.0056866452966
K_S,0.020772413793103447,0,False,S,0.0
K_S,0.020772413793103447,1,True,S,42.0779220779221
K_S,0.020772413793103447,2,False,S,71.1493787586605
K_S,0.020772413793103447,3,True,S,20.1235636822281
K_S,0.02490689655172414,0,False,S,0.0
K_S,0.02490689655172414,1,True,S,42.0779220779221
K_S,0.02490689655172414,2,False,S,76.4947510755783
K_S,0.02490689655172414,3,True,S,17.8614898433970
K_S,0.02904137931034483,0,False,S,0.0
K_S,0.02904137931034483,1,True,S,42.0779220779221
K_S,0.02904137931034483,2,False,S,81.0830664225012
K_S,0.02904137931034483,3,True,S,15.9803584232380
K_S,0.03317586206896552,0,False,S,0.0
K_S,0.03317586206896552,1,True,S,42.0779220779221
K_S,0.03317586206896552,2,False,S,85.0332229389754
K_S,0.03317586206896552,3,True,S,14.3612712822052
K_S,0.03731034482758621,0,False,S,0.0
K_S,0.03731034482758621,1,True,S,42.0779220779221
K_S,0.03731034482758621,2,False,S,88.4134391569831
K_S,0.03731034482758621,3,True,S,12.9360098883162
K_S,0.0414448275862069,0,False,S,0.0
K_S,0.0414448275862069,1,True,S,42.0779220779221
K_S,0.0414448275862069,2,False,S,91.2665541785921
K_S,0.0414448275862069,3,True,S,11.6617351395032
K_S,0.04557931034482759,0,False,S,0.0
K_S,0.04557931034482759,1,True,S,42.0779220779221
K_S,0.04557931034482759,2,False,S,93.6212131132026
K_S,0.04557931034482759,3,True,S,10.5098019263662
K_S,0.049713793103448284,0,False,S,0.0
K_S,0.049713793103448284,1,True,S,42.0779220779221
K_S,0.049713793103448284,2,False,S,95.4974815201398
K_S,0.049713793103448284,3,True,S,9.46014468957974
K_S,0.05384827586206897,0,False,S,0.0
K_S,0.05384827586206897,1,True,S,42.0779220779221
K_S,0.05384827586206897,2,False,S,96.9099297979145
K_S,0.05384827586206897,3,True,S,8.49819303063327
K_S,0.05798275862068966,0,False,S,0.0
K_S,0.05798275862068966,1,True,S,42.0779220779221
K_S,0.05798275862068966,2,False,S,97.8694466688590
K_S,0.05798275862068966,3,True,S,7.61305822719419
K_S,0.06211724137931035,0,False,S,0.0
K_S,0.06211724137931035,1,True,S,42.0779220779221
K_S,0.06211724137931035,2,False,S,98.3843635570069
K_S,0.06211724137931035,3,True,S,6.79640885522921
K_S,0.06625172413793104,0,False,S,0.0
K_S,0.06625172413793104,1,True,S,42.0779220779221
K_S,0.06625172413793104,2,False,S,98.4611821586143
K_S,0.06625172413793104,3,True,S,6.04174321848205
K_S,0.07038620689655173,0,False,S,0.0
K_S,0.07038620689655173,1,True,S,42.0779220779221
K_S,0.07038620689655173,2,False,S,98.1050621220736
K_S,0.07038620689655173,3,True,S,5.34390166856036
K_S,0.07452068965517242,0,False,S,0.0
K_S,0.07452068965517242,1,True,S,42.0779220779221
K_S,0.07452068965517242,2,False,S,97.3201577418246
K_S,0.07452068965517242,3,True,S,4.69872991102428
K_S,0.0786551724137931,0,False,S,0.0
K_S,0.0786551724137931,1,True,S,42.0779220779221
K_S,0.0786551724137931,2,False,S,96.1098563443238
K_S,0.0786551724137931,3,True,S,4.10284061941746
K_S,0.0827896551724138,0,False,S,0.0
K_S,0.0827896551724138,1,True,S,42.0779220779221
K_S,0.0827896551724138,2,False,S,94.4769507829329
K_S,0.0827896551724138,3,True,S,3.55344094037799
K_S,0.08692413793103448,0,False,S,0.0
K_S,0.08692413793103448,1,True,S,42.0779220779221
K_S,0.08692413793103448,2,False,S,92.4237666478979
K_S,0.08692413793103448,3,True,S,3.04820528366012
K_S,0.09105862068965517,0,False,S,0.0
K_S,0.09105862068965517,1,True,S,42.0779220779221
K_S,0.09105862068965517,2,False,S,89.9522576636039
K_S,0.09105862068965517,3,True,S,2.58517992487847
K_S,0.09519310344827586,0,False,S,0.0
K_S,0.09519310344827586,1,True,S,42.0779220779221
K_S,0.09519310344827586,2,False,S,87.0640783008621
K_S,0.09519310344827586,3,True,S,2.16271039322210
K_S,0.09932758620689656,0,False,S,0.0
K_S,0.09932758620689656,1,True,S,42.0779220779221
K_S,0.09932758620689656,2,False,S,83.7606397869268
K_S,0.09932758620689656,3,True,S,1.77938546143650
K_S,0.10346206896551725,0,False,S,0.0
K_S,0.10346206896551725,1,True,S,42.0779220779221
K_S,0.10346206896551725,2,False,S,80.0431538304221
K_S,0.10346206896551725,3,True,S,1.43399342089801
K_S,0.10759655172413794,0,False,S,0.0
K_S,0.10759655172413794,1,True,S,42.0779220779221
K_S,0.10759655172413794,2,False,S,75.9126671285982
K_S,0.10759655172413794,3,True,S,1.12548757435545
K_S,0.11173103448275863,0,False,S,0.0
K_S,0.11173103448275863,1,True,S,42.0779220779221
K_S,0.11173103448275863,2,False,S,71.3700888708453
K_S,0.11173103448275863,3,True,S,0.852958732419195
K_S,0.11586551724137932,0,False,S,0.0
K_S,0.11586551724137932,1,True,S,42.0779220779221
K_S,0.11586551724137932,2,False,S,66.4162128592617
K_S,0.11586551724137932,3,True,S,0.615613092992289
K_S,0.12,0,False,S,0.0
K_S,0.12,1,True,S,42.0779220779221
K_S,0.12,2,False,S,61.0517354483549
K_S,0.12,3,True,S,0.412754301564622
K_H,0.0,0,False,S,0.0
K_H,0.0,1,True,S,42.0779220779221
K_H,0.0,2,False,S,70.0509435356206
K_H,0.0,3,True,S,20.6042728430420
K_H,6.896551724137931e-05,0,False,S,0.0
K_H,6.896551724137931e-05,1,True,S,42.0779220779221
K_H,6.896551724137931e-05,2,False,S,70.0509435356206
K_H,6.896551724137931e-05,3,True,S,20.6042728430420
K_H,0.00013793103448275863,0,False,S,0.0
K_H,0.00013793103448275863,1,True,S,42.0779220779221
K_H,0.00013793103448275863,2,False,S,70.0509435356206
K_H,0.00013793103448275863,3,True,S,20.6042728430420
K_H,0.00020689655172413793,0,False,S,0.0
K_H,0.00020689655172413793,1,True,S,42.0779220779221
K_H,0.00020689655172413793,2,False,S,70.0509435356206
K_H,0.00020689655172413793,3,True,S,20.6042728430420
K_H,0.00027586206896551725,0,False,S,0.0
K_H,0.00027586206896551725,1,True,S,42.0779220779221
K_H,0.00027586206896551725,2,False,S,70.0509435356206
K_H,0.00027586206896551725,3,True,S,20.6042728430420
K_H,0.0003448275862068966,0,False,S,0.0
K_H,0.0003448275862068966,1,True,S,42.0779220779221
K_H,0.0003448275862068966,2,False,S,70.0509435356206
K_H,0.0003448275862068966,3,True,S,20.6042728430420
K_H,0.00041379310344827585,0,False,S,0.0
K_H,0.00041379310344827585,1,True,S,42.0779220779221
K_H,0.00041379310344827585,2,False,S,70.0509435356206
K_H,0.00041379310344827585,3,True,S,20.6042728430420
K_H,0.0004827586206896552,0,False,S,0.0
K_H,0.0004827586206896552,1,True,S,42.0779220779221
K_H,0.0004827586206896552,2,False,S,70.0509435356206
K_H,0.0004827586206896552,3,True,S,20.6042728430420
K_H,0.0005517241379310345,0,False,S,0.0
K_H,0.0005517241379310345,1,True,S,42.0779220779221
K_H,0.0005517241379310345,2,False,S,70.0509435356206
K_H,0.0005517241379310345,3,True,S,20.6042728430420
K_H,0.0006206896551724138,0,False,S,0.0
K_H,0.0006206896551724138,1,True,S,42.0779220779221
K_H,0.0006206896551724138,2,False,S,70.0509435356206
K_H,0.0006206896551724138,3,True,S,20.6042728430420
K_H,0.0006896551724137932,0,False,S,0.0
K_H,0.0006896551724137932,1,True,S,42.0779220779221
K_H,0.0006896551724137932,2,False,S,70.0509435356206
K_H,0.0006896551724137932,3,True,S,20.6042728430420
K_H,0.0007586206896551725,0,False,S,0.0
K_H,0.0007586206896551725,1,True,S,42.0779220779221
K_H,0.0007586206896551725,2,False,S,70.0509435356206
K_H,0.0007586206896551725,3,True,S,20.6042728430420
K_H,0.0008275862068965517,0,False,S,0.0
K_H,0.0008275862068965517,1,True,S,42.0779220779221
K_H,0.0008275862068965517,2,False,S,70.0509435356206
K_H,0.0008275862068965517,3,True,S,20.6042728430420
K_H,0.000896551724137931,0,False,S,0.0
K_H,0.000896551724137931,1,True,S,42.0779220779221
K_H,0.000896551724137931,2,False,S,70.0509435356206
K_H,0.000896551724137931,3,True,S,20.6042728430420
K_H,0.0009655172413793104,0,False,S,0.0
K_H,0.0009655172413793104,1,True,S,42.0779220779221
K_H,0.0009655172413793104,2,False,S,70.0509435356206
K_H,0.0009655172413793104,3,True,S,20.6042728430420
K_H,0.0010344827586206897,0,False,S,0.0
K_H,0.0010344827586206897,1,True,S,42.0779220779221
K_H,0.0010344827586206897,2,False,S,70.0509435356206
K_H,0.0010344827586206897,3,True,S,20.6042728430420
K_H,0.001103448275862069,0,False,S,0.0
K_H,0.001103448275862069,1,True,S,42.0779220779221
K_H,0.001103448275862069,2,False,S,70.0509435356206
K_H,0.001103448275862069,3,True,S,20.6042728430420
K_H,0.0011724137931034483,0,False,S,0.0
K_H,0.0011724137931034483,1,True,S,42.0779220779221
K_H,0.0012413793103448277,0,False,S,0.0
K_H,0.0012413793103448277,1,True,S,42.0779220779221
K_H,0.001310344827586207,0,False,S,0.0
K_H,0.001310344827586207,1,True,S,42.0779220779221
K_H,0.0013793103448275863,0,False,S,0.0
K_H,0.0013793103448275863,1,True,S,42.0779220779221
K_H,0.0014482758620689656,0,False,S,0.0
K_H,0.0014482758620689656,1,True,S,42.0779220779221
K_H,0.001517241379310345,0,False,S,0.0
K_H,0.001517241379310345,1,True,S,42.0779220779221
K_H,0.0015862068965517243,0,False,S,0.0
K_H,0.0015862068965517243,1,True,S,42.0779220779221
K_H,0.0016551724137931034,0,False,S,0.0
K_H,0.0016551724137931034,1,True,S,42.0779220779221
K_H,0.0017241379310344827,0,False,S,0.0
K_H,0.0017241379310344827,1,True,S,42.0779220779221
K_H,0.001793103448275862,0,False,S,0.0
K_H,0.001793103448275862,1,True,S,42.0779220779221
K_H,0.0018620689655172414,0,False,S,0.0
K_H,0.0018620689655172414,1,True,S,42.0779220779221
K_H,0.0019310344827586207,0,False,S,0.0
K_H,0.0019310344827586207,1,True,S,42.0779220779221
K_H,0.002,0,False,S,0.0
K_H,0.002,1,True,S,42.0779220779221
d_C,0.0,1,True,S,17.1428571428571
d_C,0.02413793103448276,0,False,S,0.0
d_C,0.02413793103448276,1,True,S,18.3466188983430
d_C,0.04827586206896552,0,False,S,0.0
d_C,0.04827586206896552,1,True,S,19.5503806538289
d_C,0.07241379310344828,0,False,S,0.0
d_C,0.07241379310344828,1,True,S,20.7541424093148
d_C,0.09655172413793103,0,False,S,0.0
d_C,0.09655172413793103,1,True,S,21.9579041648007
d_C,0.12068965517241378,0,False,S,0.0
d_C,0.12068965517241378,1,True,S,23.1616659202866
d_C,0.14482758620689656,0,False,S,0.0
d_C,0.14482758620689656,1,True,S,24.3654276757725
d_C,0.16896551724137931,0,False,S,0.0
d_C,0.16896551724137931,1,True,S,25.5691894312584
d_C,0.19310344827586207,0,False,S,0.0
d_C,0.19310344827586207,1,True,S,26.7729511867443
d_C,0.21724137931034482,0,False,S,0.0
d_C,0.21724137931034482,1,True,S,27.9767129422302
d_C,0.24137931034482757,0,False,S,0.0
d_C,0.24137931034482757,1,True,S,29.1804746977161
d_C,0.2655172413793103,0,False,S,0.0
d_C,0.2655172413793103,1,True,S,30.3842364532020
d_C,0.2896551724137931,0,False,S,0.0
d_C,0.2896551724137931,1,True,S,31.5879982086879
d_C,0.3137931034482759,0,False,S,0.0
d_C,0.3137931034482759,1,True,S,32.7917599641737
d_C,0.33793103448275863,0,False,S,0.0
d_C,0.33793103448275863,1,True,S,33.9955217196597
d_C,0.3620689655172414,0,False,S,0.0
d_C,0.3620689655172414,1,True,S,35.1992834751455
d_C,0.38620689655172413,0,False,S,0.0
d_C,0.38620689655172413,1,True,S,36.4030452306315
d_C,0.4103448275862069,0,False,S,0.0
d_C,0.4103448275862069,1,True,S,37.6068069861173
d_C,0.43448275862068964,0,False,S,0.0
d_C,0.43448275862068964,1,True,S,38.8105687416032
d_C,0.43448275862068964,2,False,S,45.9372901869018
d_C,0.43448275862068964,3,True,S,24.7187534522747
d_C,0.4586206896551724,0,False,S,0.0
d_C,0.4586206896551724,1,True,S,40.0143304970891
d_C,0.4586206896551724,2,False,S,55.5352907239826
d_C,0.4586206896551724,3,True,S,22.4888691876361
d_C,0.48275862068965514,0,False,S,0.0
d_C,0.48275862068965514,1,True,S,41.2180922525750
d_C,0.48275862068965514,2,False,S,64.1582205071034
d_C,0.48275862068965514,3,True,S,21.2340556769574
d_C,0.506896551724138,0,False,S,0.0
d_C,0.506896551724138,1,True,S,42.4218540080609
d_C,0.506896551724138,2,False,S,72.3680787467529
d_C,0.506896551724138,3,True,S,20.3923137097504
d_C,0.5310344827586206,0,False,S,0.0
d_C,0.5310344827586206,1,True,S,43.6256157635468
d_C,0.5310344827586206,2,False,S,80.3506153657809
d_C,0.5310344827586206,3,True,S,19.7778933631645
d_C,0.5551724137931034,0,False,S,0.0
d_C,0.5551724137931034,1,True,S,44.8293775190327
d_C,0.5551724137931034,2,False,S,88.1910454977984
d_C,0.5551724137931034,3,True,S,19.3055795035895
d_C,0.5793103448275863,0,False,S,0.0
d_C,0.5793103448275863,1,True,S,46.0331392745186
d_C,0.5793103448275863,2,False,S,95.9354175114186
d_C,0.5793103448275863,3,True,S,18.9293237624117
d_C,0.603448275862069,0,False,S,0.0
d_C,0.603448275862069,1,True,S,47.2369010300045
d_C,0.603448275862069,2,False,S,103.611274926907
d_C,0.603448275862069,3,True,S,18.6215826193650
d_C,0.6275862068965518,0,False,S,0.0
d_C,0.6275862068965518,1,True,S,48.4406627854903
d_C,0.6275862068965518,2,False,S,111.236290437963
d_C,0.6275862068965518,3,True,S,18.3646833807515
d_C,0.6517241379310345,0,False,S,0.0
d_C,0.6517241379310345,1,True,S,49.6444245409763
d_C,0.6517241379310345,2,False,S,118.822406718121
d_C,0.6517241379310345,3,True,S,18.1466833730362
d_C,0.6758620689655173,0,False,S,0.0
d_C,0.6758620689655173,1,True,S,50.8481862964622
d_C,0.6758620689655173,2,False,S,126.378024455992
d_C,0.6758620689655173,3,True,S,17.9591819076075
d_C,0.7,0,False,S,0.0
d_C,0.7,1,True,S,52.0519480519481
d_C,0.7,2,False,S,133.909245446815
d_C,0.7,3,True,S,17.7960771892264
C_I,0.0,0,False,S,0.0
C_I,0.0,1,True,S,16.3636363636364
C_I,0.005172413793103448,0,False,S,0.0
C_I,0.005172413793103448,1,True,S,17.8414688759516
C_I,0.010344827586206896,0,False,S,0.0
C_I,0.010344827586206896,1,True,S,19.3193013882669
C_I,0.015517241379310345,0,False,S,0.0
C_I,0.015517241379310345,1,True,S,20.7971339005822
C_I,0.020689655172413793,0,False,S,0.0
C_I,0.020689655172413793,1,True,S,22.2749664128974
C_I,0.02586206896551724,0,False,S,0.0
C_I,0.02586206896551724,1,True,S,23.7527989252127
C_I,0.03103448275862069,0,False,S,0.0
C_I,0.03103448275862069,1,True,S,25.2306314375280
C_I,0.03620689655172414,0,False,S,0.0
C_I,0.03620689655172414,1,True,S,26.7084639498433
C_I,0.041379310344827586,0,False,S,0.0
C_I,0.041379310344827586,1,True,S,28.1862964621585
C_I,0.04655172413793103,0,False,S,0.0
C_I,0.04655172413793103,1,True,S,29.6641289744738
C_I,0.05172413793103448,0,False,S,0.0
C_I,0.05172413793103448,1,True,S,31.1419614867891
C_I,0.056896551724137934,0,False,S,0.0
C_I,0.056896551724137934,1,True,S,32.6197939991044
C_I,0.06206896551724138,0,False,S,0.0
C_I,0.06206896551724138,1,True,S,34.0976265114196
C_I,0.06724137931034482,0,False,S,0.0
C_I,0.06724137931034482,1,True,S,35.5754590237349
C_I,0.07241379310344828,0,False,S,0.0
C_I,0.07241379310344828,1,True,S,37.0532915360501
C_I,0.07758620689655173,0,False,S,0.0
C_I,0.07758620689655173,1,True,S,38.5311240483654
C_I,0.07758620689655173,2,False,S,37.6582083091676
C_I,0.07758620689655173,3,True,S,31.2873797667634
C_I,0.08275862068965517,0,False,S,0.0
C_I,0.08275862068965517,1,True,S,40.0089565606807
C_I,0.08275862068965517,2,False,S,54.2260374723741
C_I,0.08275862068965517,3,True,S,23.7652290630284
C_I,0.08793103448275862,0,False,S,0.0
C_I,0.08793103448275862,1,True,S,41.4867890729960
C_I,0.08793103448275862,2,False,S,65.7602284935882
C_I,0.08793103448275862,3,True,S,21.2767165012858
C_I,0.09310344827586206,0,False,S,0.0
C_I,0.09310344827586206,1,True,S,42.9646215853112
C_I,0.09310344827586206,2,False,S,76.2961937255640
C_I,0.09310344827586206,3,True,S,19.7864297287815
C_I,0.09827586206896552,0,False,S,0.0
C_I,0.09827586206896552,1,True,S,44.4424540976265
C_I,0.09827586206896552,2,False,S,86.3708537403773
C_I,0.09827586206896552,3,True,S,18.7574481734400
C_I,0.10344827586206896,0,False,S,0.0
C_I,0.10344827586206896,1,True,S,45.9202866099418
C_I,0.10344827586206896,2,False,S,96.1812365514565
C_I,0.10344827586206896,3,True,S,17.9927438218323
C_I,0.10862068965517241,0,False,S,0.0
C_I,0.10862068965517241,1,True,S,47.3981191222571
C_I,0.10862068965517241,2,False,S,105.822261988809
C_I,0.10862068965517241,3,True,S,17.3973968439517
C_I,0.11379310344827587,0,False,S,0.0
C_I,0.11379310344827587,1,True,S,48.8759516345723
C_I,0.11379310344827587,2,False,S,115.346797090156
C_I,0.11379310344827587,3,True,S,16.9185402020754
C_I,0.11896551724137931,0,False,S,0.0
C_I,0.11896551724137931,1,True,S,50.3537841468876
C_I,0.11896551724137931,2,False,S,124.787142179995
C_I,0.11896551724137931,3,True,S,16.5238735717078
C_I,0.12413793103448276,0,False,S,0.0
C_I,0.12413793103448276,1,True,S,51.8316166592029
C_I,0.12413793103448276,2,False,S,134.164357105966
C_I,0.12413793103448276,3,True,S,16.1923371052094
C_I,0.12931034482758622,0,False,S,0.0
C_I,0.12931034482758622,1,True,S,53.3094491715181
C_I,0.12931034482758622,2,False,S,143.492855607164
C_I,0.12931034482758622,3,True,S,15.9095170634825
C_I,0.13448275862068965,0,False,S,0.0
C_I,0.13448275862068965,1,True,S,54.7872816838334
C_I,0.13448275862068965,2,False,S,152.782882838260
C_I,0.13448275862068965,3,True,S,15.6651682918577
C_I,0.1396551724137931,0,False,S,0.0
C_I,0.1396551724137931,1,True,S,56.2651141961489
C_I,0.1396551724137931,2,False,S,162.041945817485
C_I,0.1396551724137931,3,True,S,15.4517837721058
C_I,0.14482758620689656,0,False,S,0.0
C_I,0.14482758620689656,1,True,S,57.7429467084638
C_I,0.14482758620689656,2,False,S,171.275684840323
C_I,0.14482758620689656,3,True,S,15.2637232087369
C_I,0.15,0,False,S,0.0
C_I,0.15,1,True,S,59.2207792207792
C_I,0.15,2,False,S,180.488427875821
C_I,0.15,3,True,S,15.0966586327118
d_N,0.017241379310344827,0,False,S,0.0
d_N,0.017241379310344827,1,True,S,42.0779220779221
d_N,0.034482758620689655,0,False,S,0.0
d_N,0.034482758620689655,1,True,S,42.0779220779221
d_N,0.05172413793103448,0,False,S,0.0
d_N,0.05172413793103448,1,True,S,42.0779220779221
d_N,0.06896551724137931,0,False,S,0.0
d_N,0.06896551724137931,1,True,S,42.0779220779221
d_N,0.08620689655172414,0,False,S,0.0
d_N,0.08620689655172414,1,True,S,42.0779220779221
d_N,0.10344827586206896,0,False,S,0.0
d_N,0.10344827586206896,1,True,S,42.0779220779221
d_N,0.12068965517241378,0,False,S,0.0
d_N,0.12068965517241378,1,True,S,42.0779220779221
d_N,0.13793103448275862,0,False,S,0.0
d_N,0.13793103448275862,1,True,S,42.0779220779221
d_N,0.15517241379310345,0,False,S,0.0
d_N,0.15517241379310345,1,True,S,42.0779220779221
d_N,0.1724137931034483,0,False,S,0.0
d_N,0.1724137931034483,1,True,S,42.0779220779221
d_N,0.1896551724137931,0,False,S,0.0
d_N,0.1896551724137931,1,True,S,42.0779220779221
d_N,0.20689655172413793,0,False,S,0.0
d_N,0.20689655172413793,1,True,S,42.0779220779221
d_N,0.20689655172413793,2,False,S,44.5727344312758
d_N,0.20689655172413793,3,True,S,35.5053148793256
d_N,0.22413793103448276,0,False,S,0.0
d_N,0.22413793103448276,1,True,S,42.0779220779221
d_N,0.22413793103448276,2,False,S,47.8103444753105
d_N,0.22413793103448276,3,True,S,32.9681772402653
d_N,0.24137931034482757,0,False,S,0.0
d_N,0.24137931034482757,1,True,S,42.0779220779221
d_N,0.24137931034482757,2,False,S,50.2053959121842
d_N,0.24137931034482757,3,True,S,31.2638124450093
d_N,0.25862068965517243,0,False,S,0.0
d_N,0.25862068965517243,1,True,S,42.0779220779221
d_N,0.25862068965517243,2,False,S,52.2289205602688
d_N,0.25862068965517243,3,True,S,29.9211886751857
d_N,0.27586206896551724,0,False,S,0.0
d_N,0.27586206896551724,1,True,S,42.0779220779221
d_N,0.27586206896551724,2,False,S,54.0278669538770
d_N,0.27586206896551724,3,True,S,28.7933573964820
d_N,0.29310344827586204,0,False,S,0.0
d_N,0.29310344827586204,1,True,S,42.0779220779221
d_N,0.29310344827586204,2,False,S,55.6710798202075
d_N,0.29310344827586204,3,True,S,27.8114738816993
d_N,0.3103448275862069,0,False,S,0.0
d_N,0.3103448275862069,1,True,S,42.0779220779221
d_N,0.3103448275862069,2,False,S,57.1973536221727
d_N,0.3103448275862069,3,True,S,26.9367436679252
d_N,0.3275862068965517,0,False,S,0.0
d_N,0.3275862068965517,1,True,S,42.0779220779221
d_N,0.3275862068965517,2,False,S,58.6310795338280
d_N,0.3275862068965517,3,True,S,26.1447755811046
d_N,0.3448275862068966,0,False,S,0.0
d_N,0.3448275862068966,1,True,S,42.0779220779221
d_N,0.3448275862068966,2,False,S,59.9887591461472
d_N,0.3448275862068966,3,True,S,25.4190680302633
d_N,0.3620689655172414,0,False,S,0.0
d_N,0.3620689655172414,1,True,S,42.0779220779221
d_N,0.3620689655172414,2,False,S,61.2821608638623
d_N,0.3620689655172414,3,True,S,24.7478526106694
d_N,0.3793103448275862,0,False,S,0.0
d_N,0.3793103448275862,1,True,S,42.0779220779221
d_N,0.3793103448275862,2,False,S,62.5200186432701
d_N,0.3793103448275862,3,True,S,24.1223953660262
d_N,0.39655172413793105,0,False,S,0.0
d_N,0.39655172413793105,1,True,S,42.0779220779221
d_N,0.39655172413793105,2,False,S,63.7090198234044
d_N,0.39655172413793105,3,True,S,23.5360089572999
d_N,0.41379310344827586,0,False,S,0.0
d_N,0.41379310344827586,1,True,S,42.0779220779221
d_N,0.41379310344827586,2,False,S,64.8544149019509
d_N,0.41379310344827586,3,True,S,22.9834428868047
d_N,0.43103448275862066,0,False,S,0.0
d_N,0.43103448275862066,1,True,S,42.0779220779221
d_N,0.43103448275862066,2,False,S,65.9604122784543
d_N,0.43103448275862066,3,True,S,22.4604887549960
d_N,0.4482758620689655,0,False,S,0.0
d_N,0.4482758620689655,1,True,S,42.0779220779221
d_N,0.4482758620689655,2,False,S,67.0304439147043
d_N,0.4482758620689655,3,True,S,21.9637146000840
d_N,0.46551724137931033,0,False,S,0.0
d_N,0.46551724137931033,1,True,S,42.0779220779221
d_N,0.46551724137931033,2,False,S,68.0673500002651
d_N,0.46551724137931033,3,True,S,21.4902802325046
d_N,0.48275862068965514,0,False,S,0.0
d_N,0.48275862068965514,1,True,S,42.0779220779221
d_N,0.48275862068965514,2,False,S,69.0735108788200
d_N,0.48275862068965514,3,True,S,21.0378053085745
d_N,0.5,0,False,S,0.0
d_N,0.5,1,True,S,42.0779220779221
d_N,0.5,2,False,S,70.0509435356206
d_N,0.5,3,True,S,20.6042728430420
N_I,0.0,0,False,S,0.0
N_I,0.0,1,True,S,42.0779220779221
N_I,0.0,2,False,S,70.9916779146289
N_I,0.0,3,True,S,20.1921795502203
N_I,6.896551724137931e-05,0,False,S,0.0
N_I,6.896551724137931e-05,1,True,S,42.0779220779221
N_I,6.896551724137931e-05,2,False,S,70.2731203085211
N_I,6.896551724137931e-05,3,True,S,20.5065064526704
N_I,0.00013793103448275863,0,False,S,0.0
N_I,0.00013793103448275863,1,True,S,42.0779220779221
N_I,0.00013793103448275863,2,False,S,69.5392470464121
N_I,0.00013793103448275863,3,True,S,20.8305211339122
N_I,0.00020689655172413793,0,False,S,0.0
N_I,0.00020689655172413793,1,True,S,42.0779220779221
N_I,0.00020689655172413793,2,False,S,68.7893453938317
N_I,0.00020689655172413793,3,True,S,21.1649363284162
N_I,0.00027586206896551725,0,False,S,0.0
N_I,0.00027586206896551725,1,True,S,42.0779220779221
N_I,0.00027586206896551725,2,False,S,68.0226157581329
N_I,0.00027586206896551725,3,True,S,21.5105516288291
N_I,0.0003448275862068966,0,False,S,0.0
N_I,0.0003448275862068966,1,True,S,42.0779220779221
N_I,0.0003448275862068966,2,False,S,67.2381564951496
N_I,0.0003448275862068966,3,True,S,21.8682686793173
N_I,0.00041379310344827585,0,False,S,0.0
N_I,0.00041379310344827585,1,True,S,42.0779220779221
N_I,0.00041379310344827585,2,False,S,66.4349451439552
N_I,0.00041379310344827585,3,True,S,22.2391099408073
N_I,0.0004827586206896552,0,False,S,0.0
N_I,0.0004827586206896552,1,True,S,42.0779220779221
N_I,0.0004827586206896552,2,False,S,65.6118150090856
N_I,0.0004827586206896552,3,True,S,22.6242421087632
N_I,0.0005517241379310345,0,False,S,0.0
N_I,0.0005517241379310345,1,True,S,42.0779220779221
N_I,0.0005517241379310345,2,False,S,64.7674256009760
N_I,0.0005517241379310345,3,True,S,23.0250056727496
N_I,0.0006206896551724138,0,False,S,0.0
N_I,0.0006206896551724138,1,True,S,42.0779220779221
N_I,0.0006206896551724138,2,False,S,63.9002248474761
N_I,0.0006206896551724138,3,True,S,23.4429527049171
N_I,0.0006896551724137932,0,False,S,0.0
N_I,0.0006896551724137932,1,True,S,42.0779220779221
N_I,0.0006896551724137932,2,False,S,63.0084000962186
N_I,0.0006896551724137932,3,True,S,23.8798958576329
N_I,0.0007586206896551725,0,False,S,0.0
N_I,0.0007586206896551725,1,True,S,42.0779220779221
N_I,0.0007586206896551725,2,False,S,62.0898135624366
N_I,0.0007586206896551725,3,True,S,24.3379729156638
N_I,0.0008275862068965517,0,False,S,0.0
N_I,0.0008275862068965517,1,True,S,42.0779220779221
N_I,0.0008275862068965517,2,False,S,61.1419157351555
N_I,0.0008275862068965517,3,True,S,24.8197333899845
N_I,0.000896551724137931,0,False,S,0.0
N_I,0.000896551724137931,1,True,S,42.0779220779221
N_I,0.000896551724137931,2,False,S,60.1616267946023
N_I,0.000896551724137931,3,True,S,25.3282571003681
N_I,0.0009655172413793104,0,False,S,0.0
N_I,0.0009655172413793104,1,True,S,42.0779220779221
N_I,0.0009655172413793104,2,False,S,59.1451703123605
N_I,0.0009655172413793104,3,True,S,25.8673204752309
N_I,0.0010344827586206897,0,False,S,0.0
N_I,0.0010344827586206897,1,True,S,42.0779220779221
N_I,0.0010344827586206897,2,False,S,58.0878334631923
N_I,0.0010344827586206897,3,True,S,26.4416363398107
N_I,0.001103448275862069,0,False,S,0.0
N_I,0.001103448275862069,1,True,S,42.0779220779221
N_I,0.001103448275862069,2,False,S,56.9836097209804
N_I,0.001103448275862069,3,True,S,27.0572112202248
N_I,0.0011724137931034483,0,False,S,0.0
N_I,0.0011724137931034483,1,True,S,42.0779220779221
N_I,0.0011724137931034483,2,False,S,55.8246449813221
N_I,0.0011724137931034483,3,True,S,27.7218992208761
N_I,0.0012413793103448277,0,False,S,0.0
N_I,0.0012413793103448277,1,True,S,42.0779220779221
N_I,0.0012413793103448277,2,False,S,54.6003363027185
N_I,0.0012413793103448277,3,True,S,28.4463032832633
N_I,0.001310344827586207,0,False,S,0.0
N_I,0.001310344827586207,1,True,S,42.0779220779221
N_I,0.001310344827586207,2,False,S,53.2957731215534
N_I,0.001310344827586207,3,True,S,29.2453339710028
N_I,0.0013793103448275863,0,False,S,0.0
N_I,0.0013793103448275863,1,True,S,42.0779220779221
N_I,0.0013793103448275863,2,False,S,51.8888185162927
N_I,0.0013793103448275863,3,True,S,30.1411282056284
N_I,0.0014482758620689656,0,False,S,0.0
N_I,0.0014482758620689656,1,True,S,42.0779220779221
N_I,0.0014482758620689656,2,False,S,50.3440202221460
N_I,0.0014482758620689656,3,True,S,31.1691382519308
N_I,0.001517241379310345,0,False,S,0.0
N_I,0.001517241379310345,1,True,S,42.0779220779221
N_I,0.001517241379310345,2,False,S,48.5977395177598
N_I,0.001517241379310345,3,True,S,32.3930028312633
N_I,0.0015862068965517243,0,False,S,0.0
N_I,0.0015862068965517243,1,True,S,42.0779220779221
N_I,0.0015862068965517243,2,False,S,46.5111209581118
N_I,0.0015862068965517243,3,True,S,33.9515773886482
N_I,0.0016551724137931034,0,False,S,0.0
N_I,0.0016551724137931034,1,True,S,42.0779220779221
N_I,0.0016551724137931034,2,False,S,43.6097225001946
N_I,0.0016551724137931034,3,True,S,36.3193039670931
N_I,0.0017241379310344827,0,False,S,0.0
N_I,0.0017241379310344827,1,True,S,42.0779220779221
N_I,0.001793103448275862,0,False,S,0.0
N_I,0.001793103448275862,1,True,S,42.0779220779221
N_I,0.0018620689655172414,0,False,S,0.0
N_I,0.0018620689655172414,1,True,S,42.0779220779221
N_I,0.0019310344827586207,0,False,S,0.0
N_I,0.0019310344827586207,1,True,S,42.0779220779221
N_I,0.002,0,False,S,0.0
N_I,0.002,1,True,S,42.0779220779221
m_H,0.01,0,False,S,0.0
m_H,0.01,1,True,S,153.246753246753
m_H,0.01,2,False,S,147.663495176656
m_H,0.01,3,True,S,3.40588885253817
m_H,0.011379310344827587,0,False,S,0.0
m_H,0.011379310344827587,1,True,S,148.515218431984
m_H,0.011379310344827587,2,False,S,142.621426358814
m_H,0.011379310344827587,3,True,S,4.28146334965330
m_H,0.012758620689655173,0,False,S,0.0
m_H,0.012758620689655173,1,True,S,143.348827153821
m_H,0.012758620689655173,2,False,S,137.560613094173
m_H,0.012758620689655173,3,True,S,5.17578229356800
m_H,0.01413793103448276,0,False,S,0.0
m_H,0.01413793103448276,1,True,S,137.747579412264
m_H,0.01413793103448276,2,False,S,132.478405820726
m_H,0.01413793103448276,3,True,S,6.09149524628909
m_H,0.015517241379310345,0,False,S,0.0
m_H,0.015517241379310345,1,True,S,131.711475207314
m_H,0.015517241379310345,2,False,S,127.371605692979
m_H,0.015517241379310345,3,True,S,7.03180105331050
m_H,0.016896551724137933,0,False,S,0.0
m_H,0.016896551724137933,1,True,S,125.240514538969
m_H,0.016896551724137933,2,False,S,122.236307351005
m_H,0.016896551724137933,3,True,S,8.00060507455780
m_H,0.018275862068965518,0,False,S,0.0
m_H,0.018275862068965518,1,True,S,118.334697407230
m_H,0.018275862068965518,2,False,S,117.067681803046
m_H,0.018275862068965518,3,True,S,9.00273630178987
m_H,0.019655172413793102,0,False,S,0.0
m_H,0.019655172413793102,1,True,S,110.994023812098
m_H,0.019655172413793102,2,False,S,111.859669794452
m_H,0.019655172413793102,3,True,S,10.0442539896583
m_H,0.02103448275862069,0,False,S,0.0
m_H,0.02103448275862069,1,True,S,103.218493753571
m_H,0.02103448275862069,2,False,S,106.604537293300
m_H,0.02103448275862069,3,True,S,11.1328921700838
m_H,0.02241379310344828,0,False,S,0.0
m_H,0.02241379310344828,1,True,S,95.0081072316504
m_H,0.02241379310344828,2,False,S,101.292210957249
m_H,0.02241379310344828,3,True,S,12.2787241854086
m_H,0.023793103448275864,0,False,S,0.0
m_H,0.023793103448275864,1,True,S,86.3628642463360
m_H,0.023793103448275864,2,False,S,95.9092474504907
m_H,0.023793103448275864,3,True,S,13.4951933714400
m_H,0.02517241379310345,0,False,S,0.0
m_H,0.02517241379310345,1,True,S,77.2827647976280
m_H,0.02517241379310345,2,False,S,90.4371615662983
m_H,0.02517241379310345,3,True,S,14.8007849349062
m_H,0.026551724137931033,0,False,S,0.0
m_H,0.026551724137931033,1,True,S,67.7678088855259
m_H,0.026551724137931033,2,False,S,84.8495582422440
m_H,0.026551724137931033,3,True,S,16.2218939382344
m_H,0.027931034482758625,0,False,S,0.0
m_H,0.027931034482758625,1,True,S,57.8179965100298
m_H,0.027931034482758625,2,False,S,79.1068457616944
m_H,0.027931034482758625,3,True,S,17.7981120980577
m_H,0.02931034482758621,0,False,S,0.0
m_H,0.02931034482758621,1,True,S,47.4333276711398
m_H,0.02931034482758621,2,False,S,73.1455039931186
m_H,0.02931034482758621,3,True,S,19.5929595459072
m_H,0.030689655172413795,0,False,S,0.0
m_H,0.030689655172413795,1,True,S,36.6138023688559
m_H,0.030689655172413795,2,False,S,66.8531005514855
m_H,0.030689655172413795,3,True,S,21.7188686668140
m_H,0.03206896551724138,0,False,S,0.0
m_H,0.03206896551724138,1,True,S,25.3594206031780
m_H,0.03206896551724138,2,False,S,59.9962224684851
m_H,0.03206896551724138,3,True,S,24.4092524290881
m_H,0.033448275862068964,0,False,S,0.0
m_H,0.033448275862068964,1,True,S,13.6701823741063
m_H,0.033448275862068964,2,False,S,51.9079980721459
m_H,0.033448275862068964,3,True,S,28.3309825047012
m_H,0.034827586206896556,0,False,S,0.0
m_H,0.034827586206896556,1,True,S,1.54608768164058
m_S,0.03,0,False,S,0.0
m_S,0.03,1,True,S,42.0779220779221
m_S,0.03,2,False,S,70.0509435356206
m_S,0.03,3,True,S,20.6042728430420
m_S,0.03586206896551724,0,False,S,0.0
m_S,0.03586206896551724,1,True,S,35.0510962467484
m_S,0.03586206896551724,2,False,S,60.5311374815728
m_S,0.03586206896551724,3,True,S,19.4796906765546
m_S,0.04172413793103448,0,False,S,0.0
m_S,0.04172413793103448,1,True,S,29.9915557049813
m_S,0.04172413793103448,2,False,S,53.7199651461476
m_S,0.04172413793103448,3,True,S,18.2339726318315
m_S,0.04758620689655173,0,False,S,0.0
m_S,0.04758620689655173,1,True,S,26.1717121483065
m_S,0.04758620689655173,2,False,S,48.5879415459388
m_S,0.04758620689655173,3,True,S,16.8807381197627
m_S,0.05344827586206896,0,False,S,0.0
m_S,0.05344827586206896,1,True,S,23.1831190880427
m_S,0.05344827586206896,2,False,S,44.5391432642996
m_S,0.05344827586206896,3,True,S,15.4383170191579
m_S,0.05931034482758621,0,False,S,0.0
m_S,0.05931034482758621,1,True,S,20.7787483553916
m_S,0.05931034482758621,2,False,S,41.1962300950686
m_S,0.05931034482758621,3,True,S,13.9272711785063
m_S,0.06517241379310346,0,False,S,0.0
m_S,0.06517241379310346,1,True,S,18.8003858259722
m_S,0.06517241379310346,2,False,S,38.3024873848687
m_S,0.06517241379310346,3,True,S,12.3681870186681
m_S,0.07103448275862069,0,False,S,0.0
m_S,0.07103448275862069,1,True,S,17.1419752591536
m_S,0.07103448275862069,2,False,S,35.6723508543508
m_S,0.07103448275862069,3,True,S,10.7805387793916
m_S,0.07689655172413792,0,False,S,0.0
m_S,0.07689655172413792,1,True,S,15.7297268325800
m_S,0.07689655172413792,2,False,S,33.1637630328535
m_S,0.07689655172413792,3,True,S,9.18286185956057
m_S,0.08275862068965517,0,False,S,0.0
m_S,0.08275862068965517,1,True,S,14.5106774668630
m_S,0.08275862068965517,2,False,S,30.6611171344745
m_S,0.08275862068965517,3,True,S,7.59405931248794
m_S,0.08862068965517242,0,False,S,0.0
m_S,0.08862068965517242,1,True,S,13.4457889710808
m_S,0.08862068965517242,2,False,S,28.0637197413716
m_S,0.08862068965517242,3,True,S,6.03556880128328
m_S,0.09448275862068965,0,False,S,0.0
m_S,0.09448275862068965,1,True,S,12.5056125999690
m_S,0.09448275862068965,2,False,S,25.2772768203287
m_S,0.09448275862068965,3,True,S,4.53424957676599
m_S,0.1003448275862069,0,False,S,0.0
m_S,0.1003448275862069,1,True,S,11.6674697813944
m_S,0.1003448275862069,2,False,S,22.2070050123457
m_S,0.1003448275862069,3,True,S,3.12606584335586
m_S,0.10620689655172413,0,False,S,0.0
m_S,0.10620689655172413,1,True,S,10.9135622856075
m_S,0.10620689655172413,2,False,S,18.7514493121317
m_S,0.10620689655172413,3,True,S,1.86087312276608
m_S,0.11206896551724138,0,False,S,0.0
m_S,0.11206896551724138,1,True,S,10.2296703296703
m_S,0.11206896551724138,2,False,S,14.7962907497525
m_S,0.11206896551724138,3,True,S,0.808862070760270
m_S,0.11793103448275861,0,False,S,0.0
m_S,0.11793103448275861,1,True,S,9.60423251339834
m_S,0.11793103448275861,2,False,S,10.2074809916477
m_S,0.11793103448275861,3,True,S,0.0695282321659712
m_S,0.12379310344827586,0,True,S,0.0
m_S,0.1296551724137931,0,True,S,0.0
m_S,0.13551724137931034,0,True,S,0.0
m_S,0.1413793103448276,0,True,S,0.0
m_S,0.1472413793103448,0,True,S,0.0
m_S,0.1531034482758621,0,True,S,0.0
m_S,0.1589655172413793,0,True,S,0.0
m_S,0.16482758620689655,0,True,S,0.0
m_S,0.1706896551724138,0,True,S,0.0
m_S,0.17655172413793105,0,True,S,0.0
m_S,0.18241379310344827,0,True,S,0.0
m_S,0.18827586206896552,0,True,S,0.0
m_S,0.19413793103448276,0,True,S,0.0
m_S,0.2,0,True,S,0.0
K_C,0.0001,0,False,S,0.0
K_C,0.0001,1,True,S,42.8532467532468
K_C,0.0001,2,False,S,83.1545089863600
K_C,0.0001,3,True,S,12.2463992459036
K_C,0.00216551724137931,0,False,S,0.0
K_C,0.00216551724137931,1,True,S,42.7727720555307
K_C,0.00216551724137931,2,False,S,81.9424395821027
K_C,0.00216551724137931,3,True,S,12.9658903413224
K_C,0.00423103448275862,0,False,S,0.0
K_C,0.00423103448275862,1,True,S,42.6922973578146
K_C,0.00423103448275862,2,False,S,80.7043455098890
K_C,0.00423103448275862,3,True,S,13.7114061046976
K_C,0.00629655172413793,0,False,S,0.0
K_C,0.00629655172413793,1,True,S,42.6118226600985
K_C,0.00629655172413793,2,False,S,79.4378425250885
K_C,0.00629655172413793,3,True,S,14.4853307806596
K_C,0.00836206896551724,0,False,S,0.0
K_C,0.00836206896551724,1,True,S,42.5313479623824
K_C,0.00836206896551724,2,False,S,78.1401638484228
K_C,0.00836206896551724,3,True,S,15.2904311484868
K_C,0.01042758620689655,0,False,S,0.0
K_C,0.01042758620689655,1,True,S,42.4508732646664
K_C,0.01042758620689655,2,False,S,76.8080685048962
K_C,0.01042758620689655,3,True,S,16.1299481831749
K_C,0.01249310344827586,0,False,S,0.0
K_C,0.01249310344827586,1,True,S,42.3703985669503
K_C,0.01249310344827586,2,False,S,75.4377193516984
K_C,0.01249310344827586,3,True,S,17.0077190275342
K_C,0.01455862068965517,0,False,S,0.0
K_C,0.01455862068965517,1,True,S,42.2899238692342
K_C,0.01455862068965517,2,False,S,74.0245175670016
K_C,0.01455862068965517,3,True,S,17.9283425033925
K_C,0.01662413793103448,0,False,S,0.0
K_C,0.01662413793103448,1,True,S,42.2094491715181
K_C,0.01662413793103448,2,False,S,72.5628729557688
K_C,0.01662413793103448,3,True,S,18.8974088057869
K_C,0.018689655172413788,0,False,S,0.0
K_C,0.018689655172413788,1,True,S,42.1289744738021
K_C,0.018689655172413788,2,False,S,71.0458767580320
K_C,0.018689655172413788,3,True,S,19.9218266946852
K_C,0.0207551724137931,0,False,S,0.0
K_C,0.0207551724137931,1,True,S,42.0484997760860
K_C,0.0207551724137931,2,False,S,69.4648210533836
K_C,0.0207551724137931,3,True,S,21.0103040904950
K_C,0.02282068965517241,0,False,S,0.0
K_C,0.02282068965517241,1,True,S,41.9680250783699
K_C,0.02282068965517241,2,False,S,67.8084664970533
K_C,0.02282068965517241,3,True,S,22.1740803379868
K_C,0.02488620689655172,0,False,S,0.0
K_C,0.02488620689655172,1,True,S,41.8875503806538
K_C,0.02488620689655172,2,False,S,66.0618757631732
K_C,0.02488620689655172,3,True,S,23.4280927630285
K_C,0.026951724137931028,0,False,S,0.0
K_C,0.026951724137931028,1,True,S,41.8070756829378
K_C,0.026951724137931028,2,False,S,64.2044491698227
K_C,0.026951724137931028,3,True,S,24.7929410475404
K_C,0.02901724137931034,0,False,S,0.0
K_C,0.02901724137931034,1,True,S,41.7266009852217
K_C,0.02901724137931034,2,False,S,62.2063731956738
K_C,0.02901724137931034,3,True,S,26.2984387128509
K_C,0.03108275862068965,0,False,S,0.0
K_C,0.03108275862068965,1,True,S,41.6461262875056
K_C,0.03108275862068965,2,False,S,60.0215610018731
K_C,0.03108275862068965,3,True,S,27.9906725978130
K_C,0.03314827586206896,0,False,S,0.0
K_C,0.03314827586206896,1,True,S,41.5656515897895
K_C,0.03314827586206896,2,False,S,57.5716082317988
K_C,0.03314827586206896,3,True,S,29.9480470590488
K_C,0.03521379310344827,0,False,S,0.0
K_C,0.03521379310344827,1,True,S,41.4851768920734
K_C,0.03521379310344827,2,False,S,54.7009166306389
K_C,0.03521379310344827,3,True,S,32.3261603513703
K_C,0.03727931034482758,0,False,S,0.0
K_C,0.03727931034482758,1,True,S,41.4047021943574
K_C,0.03727931034482758,2,False,S,50.9919430526712
K_C,0.03727931034482758,3,True,S,35.5425556204994
K_C,0.039344827586206894,0,False,S,0.0
K_C,0.039344827586206894,1,True,S,41.3242274966413
K_C,0.0414103448275862,0,False,S,0.0
K_C,0.0414103448275862,1,True,S,41.2437527989252
K_C,0.04347586206896551,0,False,S,0.0
K_C,0.04347586206896551,1,True,S,41.1632781012091
K_C,0.045541379310344826,0,False,S,0.0
K_C,0.045541379310344826,1,True,S,41.0828034034931
K_C,0.047606896551724134,0,False,S,0.0
K_C,0.047606896551724134,1,True,S,41.0023287057770
K_C,0.04967241379310344,0,False,S,0.0
K_C,0.04967241379310344,1,True,S,40.9218540080609
K_C,0.05173793103448275,0,False,S,0.0
K_C,0.05173793103448275,1,True,S,40.8413793103448
K_C,0.05380344827586206,0,False,S,0.0
K_C,0.05380344827586206,1,True,S,40.7609046126287
K_C,0.055868965517241374,0,False,S,0.0
K_C,0.055868965517241374,1,True,S,40.6804299149127
K_C,0.05793448275862068,0,False,S,0.0
K_C,0.05793448275862068,1,True,S,40.5999552171966
K_C,0.06,0,False,S,0.0
K_C,0.06,1,True,S,40.5194805194805
f_{\max},0.010344827586206898,2,False,S,12.0337526102404
f_{\max},0.010344827586206898,3,True,S,3.53952009198823
f_{\max},0.013793103448275864,2,False,S,29.0532464799690
f_{\max},0.013793103448275864,3,True,S,8.54550969959507
f_{\max},0.01724137931034483,2,False,S,39.2649428018061
f_{\max},0.01724137931034483,3,True,S,11.5491034641591
f_{\max},0.020689655172413796,2,False,S,46.0727403496979
f_{\max},0.020689655172413796,3,True,S,13.5514993072019
f_{\max},0.024137931034482762,2,False,S,50.9354528839059
f_{\max},0.024137931034482762,3,True,S,14.9817820522324
f_{\max},0.027586206896551727,2,False,S,54.5824872845621
f_{\max},0.027586206896551727,3,True,S,16.0544941110053
f_{\max},0.031034482758620693,2,False,S,57.4190695961834
f_{\max},0.031034482758620693,3,True,S,16.8888257122730
f_{\max},0.03448275862068966,2,False,S,59.6883354454805
f_{\max},0.03448275862068966,3,True,S,17.5562909932873
f_{\max},0.03793103448275863,2,False,S,61.5450075039966
f_{\max},0.03793103448275863,3,True,S,18.1023989504808
f_{\max},0.04137931034482759,2,False,S,63.0922342194263
f_{\max},0.04137931034482759,3,True,S,18.5574889148087
f_{\max},0.04482758620689656,2,False,S,64.4014260555591
f_{\max},0.04482758620689656,3,True,S,18.9425650384708
f_{\max},0.048275862068965524,2,False,S,65.5235904865305
f_{\max},0.048275862068965524,3,True,S,19.2726302873240
f_{\max},0.05172413793103449,2,False,S,66.4961329933720
f_{\max},0.05172413793103449,3,True,S,19.5586868363301
f_{\max},0.055172413793103454,2,False,S,67.3471076868587
f_{\max},0.055172413793103454,3,True,S,19.8089863167104
f_{\max},0.05862068965517242,2,False,S,68.0979677105230
f_{\max},0.05862068965517242,3,True,S,20.0298387993989
f_{\max},0.062068965517241385,0,False,S,0.0
f_{\max},0.062068965517241385,1,True,S,9.81818181818183
f_{\max},0.062068965517241385,2,False,S,68.7653988426690
f_{\max},0.062068965517241385,3,True,S,20.2261521173444
f_{\max},0.06551724137931035,0,False,S,0.0
f_{\max},0.06551724137931035,1,True,S,24.8038277511962
f_{\max},0.06551724137931035,2,False,S,69.3625740661685
f_{\max},0.06551724137931035,3,True,S,20.4018008755059
f_{\max},0.06896551724137932,0,False,S,0.0
f_{\max},0.06896551724137932,1,True,S,38.2909090909092
f_{\max},0.06896551724137932,2,False,S,69.9000317673178
f_{\max},0.06896551724137932,3,True,S,20.5598847578514
f_{\max},0.07241379310344828,0,False,S,0.0
f_{\max},0.07241379310344828,1,True,S,50.4935064935066
f_{\max},0.07241379310344828,2,False,S,70.3863030207396
f_{\max},0.07241379310344828,3,True,S,20.7029130323541
f_{\max},0.07586206896551725,0,False,S,0.0
f_{\max},0.07586206896551725,1,True,S,61.5867768595041
f_{\max},0.07586206896551725,2,False,S,70.8283677965753
f_{\max},0.07586206896551725,3,True,S,20.8329387364483
f_{\max},0.07931034482758621,0,False,S,0.0
f_{\max},0.07931034482758621,1,True,S,71.7154150197627
f_{\max},0.07931034482758621,2,False,S,71.2319921571230
f_{\max},0.07931034482758621,3,True,S,20.9516578575769
f_{\max},0.08275862068965519,0,False,S,0.0
f_{\max},0.08275862068965519,1,True,S,81.0000000000000
f_{\max},0.08275862068965519,2,False,S,71.6019811542906
f_{\max},0.08275862068965519,3,True,S,21.0604837186121
f_{\max},0.08620689655172414,0,False,S,0.0
f_{\max},0.08620689655172414,1,True,S,89.5418181818182
f_{\max},0.08620689655172414,2,False,S,71.9423710316846
f_{\max},0.08620689655172414,3,True,S,21.1606035107644
f_{\max},0.08965517241379312,0,False,S,0.0
f_{\max},0.08965517241379312,1,True,S,97.4265734265737
f_{\max},0.08965517241379312,2,False,S,72.2565770723554
f_{\max},0.08965517241379312,3,True,S,21.2530217804438
f_{\max},0.09310344827586207,0,False,S,0.0
f_{\max},0.09310344827586207,1,True,S,104.727272727273
f_{\max},0.09310344827586207,2,False,S,72.5475085914989
f_{\max},0.09310344827586207,3,True,S,21.3385942523675
f_{\max},0.09655172413793105,0,False,S,0.0
f_{\max},0.09655172413793105,1,True,S,111.506493506493
f_{\max},0.09655172413793105,2,False,S,72.8176592878420
f_{\max},0.09655172413793105,3,True,S,21.4180544048699
f_{\max},0.1,0,False,S,0.0
f_{\max},0.1,1,True,S,117.818181818182
f_{\max},0.1,2,False,S,73.0691789016809
f_{\max},0.1,3,True,S,21.4920345468541
Q_{food},0.013793103448275864,0,True,S,0.0
Q_{food},0.020689655172413796,0,True,S,0.0
Q_{food},0.027586206896551727,0,False,S,0.0
Q_{food},0.027586206896551727,1,True,S,42.0779220779221
Q_{food},0.027586206896551727,2,False,S,77.7367873108051
Q_{food},0.027586206896551727,3,True,S,1.25349897660967
Q_{food},0.03448275862068966,0,False,S,0.0
Q_{food},0.03448275862068966,1,True,S,42.0779220779221
Q_{food},0.03448275862068966,2,False,S,93.5364258859439
Q_{food},0.03448275862068966,3,True,S,3.30373396137839
Q_{food},0.04137931034482759,0,False,S,0.0
Q_{food},0.04137931034482759,1,True,S,42.0779220779221
Q_{food},0.04137931034482759,2,False,S,98.0505679523871
Q_{food},0.04137931034482759,3,True,S,5.28225409165869
Q_{food},0.048275862068965524,0,False,S,0.0
Q_{food},0.048275862068965524,1,True,S,42.0779220779221
Q_{food},0.048275862068965524,2,False,S,98.2630835609833
Q_{food},0.048275862068965524,3,True,S,7.05890363914789
Q_{food},0.055172413793103454,0,False,S,0.0
Q_{food},0.055172413793103454,1,True,S,42.0779220779221
Q_{food},0.055172413793103454,2,False,S,96.7309607593960
Q_{food},0.055172413793103454,3,True,S,8.63452883193819
Q_{food},0.062068965517241385,0,False,S,0.0
Q_{food},0.062068965517241385,1,True,S,42.0779220779221
Q_{food},0.062068965517241385,2,False,S,94.5046764585894
Q_{food},0.062068965517241385,3,True,S,10.0363541179851
Q_{food},0.06896551724137932,0,False,S,0.0
Q_{food},0.06896551724137932,1,True,S,42.0779220779221
Q_{food},0.06896551724137932,2,False,S,92.0475432473086
Q_{food},0.06896551724137932,3,True,S,11.2931947664700
Q_{food},0.07586206896551725,0,False,S,0.0
Q_{food},0.07586206896551725,1,True,S,42.0779220779221
Q_{food},0.07586206896551725,2,False,S,89.5713139107470
Q_{food},0.07586206896551725,3,True,S,12.4298621873634
Q_{food},0.08275862068965519,0,False,S,0.0
Q_{food},0.08275862068965519,1,True,S,42.0779220779221
Q_{food},0.08275862068965519,2,False,S,87.1725389948101
Q_{food},0.08275862068965519,3,True,S,13.4665512564611
Q_{food},0.08965517241379312,0,False,S,0.0
Q_{food},0.08965517241379312,1,True,S,42.0779220779221
Q_{food},0.08965517241379312,2,False,S,84.8925828183639
Q_{food},0.08965517241379312,3,True,S,14.4194518935469
Q_{food},0.09655172413793105,0,False,S,0.0
Q_{food},0.09655172413793105,1,True,S,42.0779220779221
Q_{food},0.09655172413793105,2,False,S,82.7456869450044
Q_{food},0.09655172413793105,3,True,S,15.3015422297965
Q_{food},0.10344827586206898,0,False,S,0.0
Q_{food},0.10344827586206898,1,True,S,42.0779220779221
Q_{food},0.10344827586206898,2,False,S,80.7327022530531
Q_{food},0.10344827586206898,3,True,S,16.1232895337345
Q_{food},0.11034482758620691,0,False,S,0.0
Q_{food},0.11034482758620691,1,True,S,42.0779220779221
Q_{food},0.11034482758620691,2,False,S,78.8480308250200
Q_{food},0.11034482758620691,3,True,S,16.8932096734629
Q_{food},0.11724137931034484,0,False,S,0.0
Q_{food},0.11724137931034484,1,True,S,42.0779220779221
Q_{food},0.11724137931034484,2,False,S,77.0832076111554
Q_{food},0.11724137931034484,3,True,S,17.6182981501395
Q_{food},0.12413793103448277,0,False,S,0.0
Q_{food},0.12413793103448277,1,True,S,42.0779220779221
Q_{food},0.12413793103448277,2,False,S,75.4287616396349
Q_{food},0.12413793103448277,3,True,S,18.3043585586213
Q_{food},0.1310344827586207,0,False,S,0.0
Q_{food},0.1310344827586207,1,True,S,42.0779220779221
Q_{food},0.1310344827586207,2,False,S,73.8751735092440
Q_{food},0.1310344827586207,3,True,S,18.9562528211547
Q_{food},0.13793103448275865,0,False,S,0.0
Q_{food},0.13793103448275865,1,True,S,42.0779220779221
Q_{food},0.13793103448275865,2,False,S,72.4133498582816
Q_{food},0.13793103448275865,3,True,S,19.5780927620461
Q_{food},0.14482758620689656,0,False,S,0.0
Q_{food},0.14482758620689656,1,True,S,42.0779220779221
Q_{food},0.14482758620689656,2,False,S,71.0348374583315
Q_{food},0.14482758620689656,3,True,S,20.1733878768300
Q_{food},0.1517241379310345,0,False,S,0.0
Q_{food},0.1517241379310345,1,True,S,42.0779220779221
Q_{food},0.1517241379310345,2,False,S,69.7318972802882
Q_{food},0.1517241379310345,3,True,S,20.7451603215714
Q_{food},0.15862068965517243,0,False,S,0.0
Q_{food},0.15862068965517243,1,True,S,42.0779220779221
Q_{food},0.15862068965517243,2,False,S,68.4975045761871
Q_{food},0.15862068965517243,3,True,S,21.2960352491653
Q_{food},0.16551724137931037,0,False,S,0.0
Q_{food},0.16551724137931037,1,True,S,42.0779220779221
Q_{food},0.16551724137931037,2,False,S,67.3253115371746
Q_{food},0.16551724137931037,3,True,S,21.8283124866825
Q_{food},0.1724137931034483,0,False,S,0.0
Q_{food},0.1724137931034483,1,True,S,42.0779220779221
Q_{food},0.1724137931034483,2,False,S,66.2095927871129
Q_{food},0.1724137931034483,3,True,S,22.3440239963902
Q_{food},0.17931034482758623,0,False,S,0.0
Q_{food},0.17931034482758623,1,True,S,42.0779220779221
Q_{food},0.17931034482758623,2,False,S,65.1451848335910
Q_{food},0.17931034482758623,3,True,S,22.8449804377933
Q_{food},0.18620689655172415,0,False,S,0.0
Q_{food},0.18620689655172415,1,True,S,42.0779220779221
Q_{food},0.18620689655172415,2,False,S,64.1274254274897
Q_{food},0.18620689655172415,3,True,S,23.3328093311382
Q_{food},0.1931034482758621,0,False,S,0.0
Q_{food},0.1931034482758621,1,True,S,42.0779220779221
Q_{food},0.1931034482758621,2,False,S,63.1520958438951
Q_{food},0.1931034482758621,3,True,S,23.8089867280993
Q_{food},0.2,0,False,S,0.0
Q_{food},0.2,1,True,S,42.0779220779221
Q_{food},0.2,2,False,S,62.2153674292338
Q_{food},0.2,3,True,S,24.2748638616860
Q_S,0.01,0,False,S,0.0
Q_S,0.01,1,True,S,42.0779220779221
Q_S,0.016551724137931035,0,False,S,0.0
Q_S,0.016551724137931035,1,True,S,42.0779220779221
Q_S,0.023103448275862068,0,False,S,0.0
Q_S,0.023103448275862068,1,True,S,42.0779220779221
Q_S,0.029655172413793104,0,False,S,0.0
Q_S,0.029655172413793104,1,True,S,42.0779220779221
Q_S,0.03620689655172414,0,False,S,0.0
Q_S,0.03620689655172414,1,True,S,42.0779220779221
Q_S,0.04275862068965518,0,False,S,0.0
Q_S,0.04275862068965518,1,True,S,42.0779220779221
Q_S,0.04931034482758621,0,False,S,0.0
Q_S,0.04931034482758621,1,True,S,42.0779220779221
Q_S,0.05586206896551724,0,False,S,0.0
Q_S,0.05586206896551724,1,True,S,42.0779220779221
Q_S,0.06241379310344828,0,False,S,0.0
Q_S,0.06241379310344828,1,True,S,42.0779220779221
Q_S,0.06896551724137931,0,False,S,0.0
Q_S,0.06896551724137931,1,True,S,42.0779220779221
Q_S,0.07551724137931035,0,False,S,0.0
Q_S,0.07551724137931035,1,True,S,42.0779220779221
Q_S,0.08206896551724138,0,False,S,0.0
Q_S,0.08206896551724138,1,True,S,42.0779220779221
Q_S,0.08206896551724138,2,False,S,51.1789743853928
Q_S,0.08206896551724138,3,True,S,30.6074711045746
Q_S,0.0886206896551724,0,False,S,0.0
Q_S,0.0886206896551724,1,True,S,42.0779220779221
Q_S,0.0886206896551724,2,False,S,53.6681318216201
Q_S,0.0886206896551724,3,True,S,29.0142835109394
Q_S,0.09517241379310344,0,False,S,0.0
Q_S,0.09517241379310344,1,True,S,42.0779220779221
Q_S,0.09517241379310344,2,False,S,55.8831139597719
Q_S,0.09517241379310344,3,True,S,27.6878887372164
Q_S,0.10172413793103448,0,False,S,0.0
Q_S,0.10172413793103448,1,True,S,42.0779220779221
Q_S,0.10172413793103448,2,False,S,57.9147436218976
Q_S,0.10172413793103448,3,True,S,26.5370354966514
Q_S,0.10827586206896551,0,False,S,0.0
Q_S,0.10827586206896551,1,True,S,42.0779220779221
Q_S,0.10827586206896551,2,False,S,59.8120293461890
Q_S,0.10827586206896551,3,True,S,25.5122699773729
Q_S,0.11482758620689655,0,False,S,0.0
Q_S,0.11482758620689655,1,True,S,42.0779220779221
Q_S,0.11482758620689655,2,False,S,61.6048197253350
Q_S,0.11482758620689655,3,True,S,24.5832808165509
Q_S,0.12137931034482759,0,False,S,0.0
Q_S,0.12137931034482759,1,True,S,42.0779220779221
Q_S,0.12137931034482759,2,False,S,63.3127681986450
Q_S,0.12137931034482759,3,True,S,23.7299335897430
Q_S,0.12793103448275864,0,False,S,0.0
Q_S,0.12793103448275864,1,True,S,42.0779220779221
Q_S,0.12793103448275864,2,False,S,64.9495334036272
Q_S,0.12793103448275864,3,True,S,22.9380697081953
Q_S,0.13448275862068967,0,False,S,0.0
Q_S,0.13448275862068967,1,True,S,42.0779220779221
Q_S,0.13448275862068967,2,False,S,66.5249851357677
Q_S,0.13448275862068967,3,True,S,22.1972996736970
Q_S,0.1410344827586207,0,False,S,0.0
Q_S,0.1410344827586207,1,True,S,42.0779220779221
Q_S,0.1410344827586207,2,False,S,68.0464631328455
Q_S,0.1410344827586207,3,True,S,21.4997434729156
Q_S,0.14758620689655175,0,False,S,0.0
Q_S,0.14758620689655175,1,True,S,42.0779220779221
Q_S,0.14758620689655175,2,False,S,69.5195423188836
Q_S,0.14758620689655175,3,True,S,20.8392644742712
Q_S,0.15413793103448278,0,False,S,0.0
Q_S,0.15413793103448278,1,True,S,42.0779220779221
Q_S,0.15413793103448278,2,False,S,70.9485218468523
Q_S,0.15413793103448278,3,True,S,20.2109794862974
Q_S,0.16068965517241382,0,False,S,0.0
Q_S,0.16068965517241382,1,True,S,42.0779220779221
Q_S,0.16068965517241382,2,False,S,72.3367505244268
Q_S,0.16068965517241382,3,True,S,19.6109323911333
Q_S,0.16724137931034483,0,False,S,0.0
Q_S,0.16724137931034483,1,True,S,42.0779220779221
Q_S,0.16724137931034483,2,False,S,73.6868507046001
Q_S,0.16724137931034483,3,True,S,19.0358692691708
Q_S,0.17379310344827587,0,False,S,0.0
Q_S,0.17379310344827587,1,True,S,42.0779220779221
Q_S,0.17379310344827587,2,False,S,75.0008766762422
Q_S,0.17379310344827587,3,True,S,18.4830789774712
Q_S,0.1803448275862069,0,False,S,0.0
Q_S,0.1803448275862069,1,True,S,42.0779220779221
Q_S,0.1803448275862069,2,False,S,76.2804293879813
Q_S,0.1803448275862069,3,True,S,17.9502773461491
Q_S,0.18689655172413794,0,False,S,0.0
Q_S,0.18689655172413794,1,True,S,42.0779220779221
Q_S,0.18689655172413794,2,False,S,77.5267412252471
Q_S,0.18689655172413794,3,True,S,17.4355212703104
Q_S,0.19344827586206897,0,False,S,0.0
Q_S,0.19344827586206897,1,True,S,42.0779220779221
Q_S,0.19344827586206897,2,False,S,78.7407397366589
Q_S,0.19344827586206897,3,True,S,16.9371437986376
Q_S,0.2,0,False,S,0.0
Q_S,0.2,1,True,S,42.0779220779221
Q_S,0.2,2,False,S,79.9230962377982
Q_S,0.2,3,True,S,16.4537042877030
Q_H,0.01,0,False,S,0.0
Q_H,0.01,1,True,S,42.0779220779221
Q_H,0.01,2,False,S,70.0509435356206
Q_H,0.01,3,True,S,20.6042728430420
Q_H,0.016551724137931035,0,False,S,0.0
Q_H,0.016551724137931035,1,True,S,42.0779220779221
Q_H,0.016551724137931035,2,False,S,70.0509435356206
Q_H,0.016551724137931035,3,True,S,20.6042728430420
Q_H,0.023103448275862068,0,False,S,0.0
Q_H,0.023103448275862068,1,True,S,42.0779220779221
Q_H,0.023103448275862068,2,False,S,70.0509435356206
Q_H,0.023103448275862068,3,True,S,20.6042728430421
Q_H,0.029655172413793104,0,False,S,0.0
Q_H,0.029655172413793104,1,True,S,42.0779220779221
Q_H,0.029655172413793104,2,False,S,70.0509435356207
Q_H,0.029655172413793104,3,True,S,20.6042728430420
Q_H,0.03620689655172414,0,False,S,0.0
Q_H,0.03620689655172414,1,True,S,42.0779220779221
Q_H,0.03620689655172414,2,False,S,70.0509435356208
Q_H,0.03620689655172414,3,True,S,20.6042728430420
Q_H,0.04275862068965518,0,False,S,0.0
Q_H,0.04275862068965518,1,True,S,42.0779220779221
Q_H,0.04275862068965518,2,False,S,70.0509435356205
Q_H,0.04275862068965518,3,True,S,20.6042728430421
Q_H,0.04931034482758621,0,False,S,0.0
Q_H,0.04931034482758621,1,True,S,42.0779220779221
Q_H,0.04931034482758621,2,False,S,70.0509435356205
Q_H,0.04931034482758621,3,True,S,20.6042728430421
Q_H,0.05586206896551724,0,False,S,0.0
Q_H,0.05586206896551724,1,True,S,42.0779220779221
Q_H,0.05586206896551724,2,False,S,70.0509435356205
Q_H,0.05586206896551724,3,True,S,20.6042728430421
Q_H,0.06241379310344828,0,False,S,0.0
Q_H,0.06241379310344828,1,True,S,42.0779220779221
Q_H,0.06241379310344828,2,False,S,70.0509435356205
Q_H,0.06241379310344828,3,True,S,20.6042728430421
Q_H,0.06896551724137931,0,False,S,0.0
Q_H,0.06896551724137931,1,True,S,42.0779220779221
Q_H,0.06896551724137931,2,False,S,70.0509435356206
Q_H,0.06896551724137931,3,True,S,20.6042728430420
Q_H,0.07551724137931035,0,False,S,0.0
Q_H,0.07551724137931035,1,True,S,42.0779220779221
Q_H,0.07551724137931035,2,False,S,70.0509435356207
Q_H,0.07551724137931035,3,True,S,20.6042728430420
Q_H,0.08206896551724138,0,False,S,0.0
Q_H,0.08206896551724138,1,True,S,42.0779220779221
Q_H,0.08206896551724138,2,False,S,70.0509435356207
Q_H,0.08206896551724138,3,True,S,20.6042728430420
Q_H,0.0886206896551724,0,False,S,0.0
Q_H,0.0886206896551724,1,True,S,42.0779220779221
Q_H,0.0886206896551724,2,False,S,70.0509435356207
Q_H,0.0886206896551724,3,True,S,20.6042728430420
Q_H,0.09517241379310344,0,False,S,0.0
Q_H,0.09517241379310344,1,True,S,42.0779220779221
Q_H,0.09517241379310344,2,False,S,70.0509435356207
Q_H,0.09517241379310344,3,True,S,20.6042728430420
Q_H,0.10172413793103448,0,False,S,0.0
Q_H,0.10172413793103448,1,True,S,42.0779220779221
Q_H,0.10172413793103448,2,False,S,70.0509435356207
Q_H,0.10172413793103448,3,True,S,20.6042728430420
Q_H,0.10827586206896551,0,False,S,0.0
Q_H,0.10827586206896551,1,True,S,42.0779220779221
Q_H,0.10827586206896551,2,False,S,70.0509435356206
Q_H,0.10827586206896551,3,True,S,20.6042728430421
Q_H,0.11482758620689655,0,False,S,0.0
Q_H,0.11482758620689655,1,True,S,42.0779220779221
Q_H,0.11482758620689655,2,False,S,70.0509435356206
Q_H,0.11482758620689655,3,True,S,20.6042728430421
Q_H,0.12137931034482759,0,False,S,0.0
Q_H,0.12137931034482759,1,True,S,42.0779220779221
Q_H,0.12137931034482759,2,False,S,70.0509435356206
Q_H,0.12137931034482759,3,True,S,20.6042728430421
Q_H,0.12793103448275864,0,False,S,0.0
Q_H,0.12793103448275864,1,True,S,42.0779220779221
Q_H,0.12793103448275864,2,False,S,70.0509435356206
Q_H,0.12793103448275864,3,True,S,20.6042728430421
Q_H,0.13448275862068967,0,False,S,0.0
Q_H,0.13448275862068967,1,True,S,42.0779220779221
Q_H,0.13448275862068967,2,False,S,70.0509435356206
Q_H,0.13448275862068967,3,True,S,20.6042728430420
Q_H,0.1410344827586207,0,False,S,0.0
Q_H,0.1410344827586207,1,True,S,42.0779220779221
Q_H,0.1410344827586207,2,False,S,70.0509435356206
Q_H,0.1410344827586207,3,True,S,20.6042728430421
Q_H,0.14758620689655175,0,False,S,0.0
Q_H,0.14758620689655175,1,True,S,42.0779220779221
Q_H,0.14758620689655175,2,False,S,70.0509435356207
Q_H,0.14758620689655175,3,True,S,20.6042728430420
Q_H,0.15413793103448278,0,False,S,0.0
Q_H,0.15413793103448278,1,True,S,42.0779220779221
Q_H,0.15413793103448278,2,False,S,70.0509435356207
Q_H,0.15413793103448278,3,True,S,20.6042728430420
Q_H,0.16068965517241382,0,False,S,0.0
Q_H,0.16068965517241382,1,True,S,42.0779220779221
Q_H,0.16068965517241382,2,False,S,70.0509435356207
Q_H,0.16068965517241382,3,True,S,20.6042728430420
Q_H,0.16724137931034483,0,False,S,0.0
Q_H,0.16724137931034483,1,True,S,42.0779220779221
Q_H,0.16724137931034483,2,False,S,70.0509435356207
Q_H,0.16724137931034483,3,True,S,20.6042728430420
Q_H,0.17379310344827587,0,False,S,0.0
Q_H,0.17379310344827587,1,True,S,42.0779220779221
Q_H,0.17379310344827587,2,False,S,70.0509435356207
Q_H,0.17379310344827587,3,True,S,20.6042728430420
Q_H,0.1803448275862069,0,False,S,0.0
Q_H,0.1803448275862069,1,True,S,42.0779220779221
Q_H,0.1803448275862069,2,False,S,70.0509435356205
Q_H,0.1803448275862069,3,True,S,20.6042728430421
Q_H,0.18689655172413794,0,False,S,0.0
Q_H,0.18689655172413794,1,True,S,42.0779220779221
Q_H,0.19344827586206897,0,False,S,0.0
Q_H,0.19344827586206897,1,True,S,42.0779220779221
Q_H,0.2,0,False,S,0.0
Q_H,0.2,1,True,S,42.0779220779221
\gamma,0.01,0,False,S,0.0
\gamma,0.01,1,True,S,12.7666273120819
\gamma,0.04413793103448276,0,False,S,0.0
\gamma,0.04413793103448276,1,True,S,13.8348231854725
\gamma,0.07827586206896552,0,False,S,0.0
\gamma,0.07827586206896552,1,True,S,14.9821446791144
\gamma,0.11241379310344828,0,False,S,0.0
\gamma,0.11241379310344828,1,True,S,16.2177216722671
\gamma,0.14655172413793105,0,False,S,0.0
\gamma,0.14655172413793105,1,True,S,17.5521448248721
\gamma,0.1806896551724138,0,False,S,0.0
\gamma,0.1806896551724138,1,True,S,18.9977699068608
\gamma,0.21482758620689657,0,False,S,0.0
\gamma,0.21482758620689657,1,True,S,20.5691015177181
\gamma,0.24896551724137933,0,False,S,0.0
\gamma,0.24896551724137933,1,True,S,22.2832814568351
\gamma,0.2831034482758621,0,False,S,0.0
\gamma,0.2831034482758621,1,True,S,24.1607166282491
\gamma,0.31724137931034485,0,False,S,0.0
\gamma,0.31724137931034485,1,True,S,26.2258953168044
\gamma,0.3513793103448276,0,False,S,0.0
\gamma,0.3513793103448276,1,True,S,28.5084612357340
\gamma,0.38551724137931037,0,False,S,0.0
\gamma,0.38551724137931037,1,True,S,31.0446455901001
\gamma,0.41965517241379313,0,False,S,0.0
\gamma,0.41965517241379313,1,True,S,33.8792045743918
\gamma,0.4537931034482759,0,False,S,0.0
\gamma,0.4537931034482759,1,True,S,37.0680834317198
\gamma,0.4537931034482759,2,False,S,51.6694939651832
\gamma,0.4537931034482759,3,True,S,23.4731162038031
\gamma,0.48793103448275865,0,False,S,0.0
\gamma,0.48793103448275865,1,True,S,40.6821461366916
\gamma,0.48793103448275865,2,False,S,65.1718969537194
\gamma,0.48793103448275865,3,True,S,21.1613992869239
\gamma,0.5220689655172415,0,False,S,0.0
\gamma,0.5220689655172415,1,True,S,44.8125035138022
\gamma,0.5220689655172415,2,False,S,79.3465078103758
\gamma,0.5220689655172415,3,True,S,19.7761439407326
\gamma,0.5562068965517242,0,False,S,0.0
\gamma,0.5562068965517242,1,True,S,49.5783004873914
\gamma,0.5562068965517242,2,False,S,95.0671739371944
\gamma,0.5562068965517242,3,True,S,18.8124264798358
\gamma,0.5903448275862069,0,False,S,0.0
\gamma,0.5903448275862069,1,True,S,55.1383969565788
\gamma,0.5903448275862069,2,False,S,113.006174842257
\gamma,0.5903448275862069,3,True,S,18.0898656850156
\gamma,0.6244827586206897,0,False,S,0.0
\gamma,0.6244827586206897,1,True,S,61.7094200565275
\gamma,0.6244827586206897,2,False,S,133.920375416022
\gamma,0.6244827586206897,3,True,S,17.5223670597172
\gamma,0.6586206896551725,0,False,S,0.0
\gamma,0.6586206896551725,1,True,S,69.5946477764661
\gamma,0.6586206896551725,2,False,S,158.796687641295
\gamma,0.6586206896551725,3,True,S,17.0620971726057
\gamma,0.6927586206896552,0,False,S,0.0
\gamma,0.6927586206896552,1,True,S,79.2321483230574
\gamma,0.6927586206896552,2,False,S,189.020811649523
\gamma,0.6927586206896552,3,True,S,16.6798026887969
\gamma,0.7268965517241379,0,False,S,0.0
\gamma,0.7268965517241379,1,True,S,91.2790240062968
\gamma,0.7268965517241379,2,False,S,226.646545618705
\gamma,0.7268965517241379,3,True,S,16.3563556251376
\gamma,0.7610344827586207,0,False,S,0.0
\gamma,0.7610344827586207,1,True,S,106.767864170462
\gamma,0.7610344827586207,2,False,S,274.884371713485
\gamma,0.7610344827586207,3,True,S,16.0786126946035
\gamma,0.7951724137931035,0,False,S,0.0
\gamma,0.7951724137931035,1,True,S,127.419651056015
\gamma,0.7951724137931035,2,False,S,339.072572788612
\gamma,0.7951724137931035,3,True,S,15.8371891718032
\gamma,0.8293103448275863,0,False,S,0.0
\gamma,0.8293103448275863,1,True,S,156.332152695789
\gamma,0.8293103448275863,2,False,S,428.810075563329
\gamma,0.8293103448275863,3,True,S,15.6251749703430
\gamma,0.863448275862069,0,False,S,0.0
\gamma,0.863448275862069,1,True,S,199.700905155450
\gamma,0.863448275862069,2,False,S,563.286131129004
\gamma,0.863448275862069,3,True,S,15.4373522645476
\gamma,0.8975862068965518,0,False,S,0.0
\gamma,0.8975862068965518,1,True,S,271.982159254888
\gamma,0.8975862068965518,2,False,S,787.267507718851
\gamma,0.8975862068965518,3,True,S,15.2696971078543
\gamma,0.9317241379310346,0,False,S,0.0
\gamma,0.9317241379310346,1,True,S,416.544667453761
\gamma,0.9317241379310346,2,False,S,1235.04559757051
\gamma,0.9317241379310346,3,True,S,15.1190501224835
\gamma,0.9658620689655173,0,False,S,0.0
\gamma,0.9658620689655173,1,True,S,850.232192050371
\gamma,0.9658620689655173,2,False,S,2578.06408418584
\gamma,0.9658620689655173,3,True,S,14.9828921060029
\gamma,1.0,0,False,S,0.0
\gamma,1.0,2,True,S,14.8591870616962
\iota,0.0,0,False,S,0.0
\iota,0.0,1,True,S,42.0779220779221
\iota,0.0,2,False,S,70.0509435356206
\iota,0.0,3,True,S,20.6042728430420
\iota,0.003448275862068966,0,False,S,0.0
\iota,0.003448275862068966,1,True,S,35.8017984263769
\iota,0.003448275862068966,2,False,S,66.0109625607030
\iota,0.003448275862068966,3,True,S,19.2645997943157
\iota,0.006896551724137932,0,False,S,0.0
\iota,0.006896551724137932,1,True,S,31.1324489965267
\iota,0.006896551724137932,2,False,S,62.0525865557271
\iota,0.006896551724137932,3,True,S,17.9860524489876
\iota,0.010344827586206898,0,False,S,0.0
\iota,0.010344827586206898,1,True,S,27.5220010252905
\iota,0.010344827586206898,2,False,S,58.1166570572370
\iota,0.010344827586206898,3,True,S,16.7642635695719
\iota,0.013793103448275864,0,False,S,0.0
\iota,0.013793103448275864,1,True,S,24.6461967491248
\iota,0.013793103448275864,2,False,S,54.1529675278544
\iota,0.013793103448275864,3,True,S,15.5951025548648
\iota,0.01724137931034483,0,False,S,0.0
\iota,0.01724137931034483,1,True,S,22.3008674369219
\iota,0.01724137931034483,2,False,S,50.1175679487360
\iota,0.01724137931034483,3,True,S,14.4747683775705
\iota,0.020689655172413796,0,False,S,0.0
\iota,0.020689655172413796,1,True,S,20.3510476972444
\iota,0.020689655172413796,2,False,S,45.9707714375105
\iota,0.020689655172413796,3,True,S,13.3998433806710
\iota,0.024137931034482762,0,False,S,0.0
\iota,0.024137931034482762,1,True,S,18.7039424044265
\iota,0.024137931034482762,2,False,S,41.6756410064880
\iota,0.024137931034482762,3,True,S,12.3673210967676
\iota,0.027586206896551727,0,False,S,0.0
\iota,0.027586206896551727,1,True,S,17.2936470832684
\iota,0.027586206896551727,2,True,S,11.3746176953950
\iota,0.027586206896551727,3,False,S,37.1968063302141
\iota,0.031034482758620693,0,False,S,0.0
\iota,0.031034482758620693,1,True,S,16.0720626779021
\iota,0.031034482758620693,2,True,S,10.4195738931922
\iota,0.031034482758620693,3,False,S,32.4995067378094
\iota,0.03448275862068966,0,False,S,0.0
\iota,0.03448275862068966,1,True,S,15.0032603507734
\iota,0.03448275862068966,2,True,S,9.50045210617011
\iota,0.03448275862068966,3,False,S,27.5487870129381
\iota,0.03793103448275863,0,False,S,0.0
\iota,0.03793103448275863,1,True,S,14.0598587920017
\iota,0.03793103448275863,2,True,S,8.61593214985547
\iota,0.03793103448275863,3,False,S,22.3087926733220
\iota,0.04137931034482759,0,False,S,0.0
\iota,0.04137931034482759,1,True,S,13.2206225946194
\iota,0.04137931034482759,2,True,S,7.76510776721893
\iota,0.04137931034482759,3,False,S,16.7421247328596
\iota,0.04482758620689656,0,False,S,0.0
\iota,0.04482758620689656,2,True,S,6.94748557083046
\iota,0.048275862068965524,0,False,S,0.0
\iota,0.048275862068965524,2,True,S,6.16298753415801
\iota,0.05172413793103449,0,False,S,0.0
\iota,0.05172413793103449,2,True,S,5.41195788994143
\iota,0.055172413793103454,0,False,S,0.0
\iota,0.055172413793103454,2,True,S,4.69517514279274
\iota,0.05862068965517242,0,False,S,0.0
\iota,0.05862068965517242,2,True,S,4.01386984512338
\iota,0.062068965517241385,0,False,S,0.0
\iota,0.062068965517241385,2,True,S,3.36974879795293
\iota,0.06551724137931035,0,False,S,0.0
\iota,0.06551724137931035,2,True,S,2.76502640732212
\iota,0.06896551724137932,0,False,S,0.0
\iota,0.06896551724137932,2,True,S,2.20246404555374
\iota,0.07241379310344828,0,False,S,0.0
\iota,0.07241379310344828,2,True,S,1.68541843216013
\iota,0.07586206896551725,0,False,S,0.0
\iota,0.07586206896551725,2,True,S,1.21790026371659
\iota,0.07931034482758621,0,False,S,0.0
\iota,0.07931034482758621,2,True,S,0.804644591314656
\iota,0.08275862068965519,0,False,S,0.0
\iota,0.08275862068965519,2,True,S,0.451194778004022
\iota,0.08620689655172414,0,False,S,0.0
\iota,0.08620689655172414,2,True,S,0.164002281005052
\iota,0.08965517241379312,0,True,S,0.0
\iota,0.09310344827586207,0,True,S,0.0
\iota,0.09655172413793105,0,True,S,0.0
\iota,0.1,0,True,S,0.0
\epsilon,1.0,0,False,N,0.0180900000000000
\epsilon,1.0,1,True,N,0.0180900000000000
\epsilon,1.0,2,False,N,0.00272727272727273
\epsilon,1.0,3,True,N,0.00272727272727273
\epsilon,1.013793103448276,0,False,N,0.0182141379310345
\epsilon,1.013793103448276,1,True,N,0.0182141379310345
\epsilon,1.013793103448276,2,False,N,0.00272727272727273
\epsilon,1.013793103448276,3,True,N,0.00272727272727273
\epsilon,1.0275862068965518,0,False,N,0.0183382758620690
\epsilon,1.0275862068965518,1,True,N,0.0183382758620690
\epsilon,1.0275862068965518,2,False,N,0.00272727272727273
\epsilon,1.0275862068965518,3,True,N,0.00272727272727273
\epsilon,1.0413793103448277,0,False,N,0.0184624137931035
\epsilon,1.0413793103448277,1,True,N,0.0184624137931034
\epsilon,1.0413793103448277,2,False,N,0.00272727272727273
\epsilon,1.0413793103448277,3,True,N,0.00272727272727273
\epsilon,1.0551724137931033,0,False,N,0.0185865517241379
\epsilon,1.0551724137931033,1,True,N,0.0185865517241380
\epsilon,1.0551724137931033,2,False,N,0.00272727272727273
\epsilon,1.0551724137931033,3,True,N,0.00272727272727273
\epsilon,1.0689655172413792,0,False,N,0.0187106896551724
\epsilon,1.0689655172413792,1,True,N,0.0187106896551724
\epsilon,1.0689655172413792,2,False,N,0.00272727272727273
\epsilon,1.0689655172413792,3,True,N,0.00272727272727273
\epsilon,1.0827586206896551,0,False,N,0.0188348275862069
\epsilon,1.0827586206896551,1,True,N,0.0188348275862069
\epsilon,1.0827586206896551,2,False,N,0.00272727272727273
\epsilon,1.0827586206896551,3,True,N,0.00272727272727273
\epsilon,1.096551724137931,0,False,N,0.0189589655172414
\epsilon,1.096551724137931,1,True,N,0.0189589655172413
\epsilon,1.096551724137931,2,False,N,0.00272727272727273
\epsilon,1.096551724137931,3,True,N,0.00272727272727273
\epsilon,1.110344827586207,0,False,N,0.0190831034482759
\epsilon,1.110344827586207,1,True,N,0.0190831034482758
\epsilon,1.110344827586207,2,False,N,0.00272727272727273
\epsilon,1.110344827586207,3,True,N,0.00272727272727273
\epsilon,1.1241379310344828,0,False,N,0.0192072413793103
\epsilon,1.1241379310344828,1,True,N,0.0192072413793103
\epsilon,1.1241379310344828,2,False,N,0.00272727272727273
\epsilon,1.1241379310344828,3,True,N,0.00272727272727273
\epsilon,1.1379310344827587,0,False,N,0.0193313793103448
\epsilon,1.1379310344827587,1,True,N,0.0193313793103449
\epsilon,1.1379310344827587,2,False,N,0.00272727272727273
\epsilon,1.1379310344827587,3,True,N,0.00272727272727273
\epsilon,1.1517241379310343,0,False,N,0.0194555172413793
\epsilon,1.1517241379310343,1,True,N,0.0194555172413793
\epsilon,1.1517241379310343,2,False,N,0.00272727272727273
\epsilon,1.1517241379310343,3,True,N,0.00272727272727273
\epsilon,1.1655172413793102,0,False,N,0.0195796551724138
\epsilon,1.1655172413793102,1,True,N,0.0195796551724138
\epsilon,1.1655172413793102,2,False,N,0.00272727272727273
\epsilon,1.1655172413793102,3,True,N,0.00272727272727273
\epsilon,1.1793103448275861,0,False,N,0.0197037931034483
\epsilon,1.1793103448275861,1,True,N,0.0197037931034483
\epsilon,1.1793103448275861,2,False,N,0.00272727272727273
\epsilon,1.1793103448275861,3,True,N,0.00272727272727273
\epsilon,1.193103448275862,0,False,N,0.0198279310344828
\epsilon,1.193103448275862,1,True,N,0.0198279310344828
\epsilon,1.193103448275862,2,False,N,0.00272727272727273
\epsilon,1.193103448275862,3,True,N,0.00272727272727273
\epsilon,1.206896551724138,0,False,N,0.0199520689655172
\epsilon,1.206896551724138,1,True,N,0.0199520689655172
\epsilon,1.206896551724138,2,False,N,0.00272727272727273
\epsilon,1.206896551724138,3,True,N,0.00272727272727273
\epsilon,1.2206896551724138,0,False,N,0.0200762068965517
\epsilon,1.2206896551724138,1,True,N,0.0200762068965518
\epsilon,1.2206896551724138,2,False,N,0.00272727272727273
\epsilon,1.2206896551724138,3,True,N,0.00272727272727273
\epsilon,1.2344827586206897,0,False,N,0.0202003448275862
\epsilon,1.2344827586206897,1,True,N,0.0202003448275862
\epsilon,1.2482758620689656,0,False,N,0.0203244827586207
\epsilon,1.2482758620689656,1,True,N,0.0203244827586207
\epsilon,1.2620689655172412,0,False,N,0.0204486206896552
\epsilon,1.2620689655172412,1,True,N,0.0204486206896552
\epsilon,1.2758620689655171,0,False,N,0.0205727586206897
\epsilon,1.2758620689655171,1,True,N,0.0205727586206897
\epsilon,1.289655172413793,0,False,N,0.0206968965517241
\epsilon,1.289655172413793,1,True,N,0.0206968965517242
\epsilon,1.303448275862069,0,False,N,0.0208210344827586
\epsilon,1.303448275862069,1,True,N,0.0208210344827586
\epsilon,1.3172413793103448,0,False,N,0.0209451724137931
\epsilon,1.3172413793103448,1,True,N,0.0209451724137931
\epsilon,1.3310344827586205,0,False,N,0.0210693103448276
\epsilon,1.3310344827586205,1,True,N,0.0210693103448276
TO,1.0,0,False,N,0.0180900000000000
TO,1.0,1,True,N,0.0180900000000000
TO,1.0,2,False,N,0.00272727272727273
TO,1.0,3,True,N,0.00272727272727273
TO,1.0086206896551724,0,False,N,0.0182451724137931
TO,1.0086206896551724,1,True,N,0.0182451724137931
TO,1.0086206896551724,2,False,N,0.00275402118477835
TO,1.0086206896551724,3,True,N,0.00275402118477835
TO,1.0172413793103448,0,False,N,0.0184003448275862
TO,1.0172413793103448,1,True,N,0.0184003448275862
TO,1.0172413793103448,2,False,N,0.00278083267871170
TO,1.0172413793103448,3,True,N,0.00278083267871170
TO,1.0258620689655173,0,False,N,0.0185555172413793
TO,1.0258620689655173,1,True,N,0.0185555172413793
TO,1.0258620689655173,2,False,N,0.00280770743216673
TO,1.0258620689655173,3,True,N,0.00280770743216673
TO,1.0344827586206897,0,False,N,0.0187106896551724
TO,1.0344827586206897,1,True,N,0.0187106896551724
TO,1.0344827586206897,2,False,N,0.00283464566929134
TO,1.0344827586206897,3,True,N,0.00283464566929134
TO,1.043103448275862,0,False,N,0.0188658620689655
TO,1.043103448275862,1,True,N,0.0188658620689655
TO,1.043103448275862,2,False,N,0.00286164761529366
TO,1.043103448275862,3,True,N,0.00286164761529366
TO,1.0517241379310345,0,False,N,0.0190210344827586
TO,1.0517241379310345,1,True,N,0.0190210344827586
TO,1.0517241379310345,2,False,N,0.00288871349644830
TO,1.0517241379310345,3,True,N,0.00288871349644830
TO,1.0603448275862069,0,False,N,0.0191762068965517
TO,1.0603448275862069,1,True,N,0.0191762068965517
TO,1.0603448275862069,2,False,N,0.00291584354010273
TO,1.0603448275862069,3,True,N,0.00291584354010273
TO,1.0689655172413792,0,False,N,0.0193313793103448
TO,1.0689655172413792,1,True,N,0.0193313793103448
TO,1.0689655172413792,2,False,N,0.00294303797468355
TO,1.0689655172413792,3,True,N,0.00294303797468355
TO,1.0775862068965518,0,False,N,0.0194865517241379
TO,1.0775862068965518,1,True,N,0.0194865517241379
TO,1.0775862068965518,2,False,N,0.00297029702970297
TO,1.0775862068965518,3,True,N,0.00297029702970297
TO,1.0862068965517242,0,False,N,0.0196417241379310
TO,1.0862068965517242,1,True,N,0.0196417241379311
TO,1.0862068965517242,2,False,N,0.00299762093576526
TO,1.0862068965517242,3,True,N,0.00299762093576526
TO,1.0948275862068966,0,False,N,0.0197968965517241
TO,1.0948275862068966,1,True,N,0.0197968965517241
TO,1.0948275862068966,2,False,N,0.00302500992457324
TO,1.0948275862068966,3,True,N,0.00302500992457324
TO,1.103448275862069,0,False,N,0.0199520689655172
TO,1.103448275862069,1,True,N,0.0199520689655172
TO,1.103448275862069,2,False,N,0.00305246422893482
TO,1.103448275862069,3,True,N,0.00305246422893482
TO,1.1120689655172413,0,False,N,0.0201072413793103
TO,1.1120689655172413,1,True,N,0.0201072413793103
TO,1.1120689655172413,2,False,N,0.00307998408276959
TO,1.1120689655172413,3,True,N,0.00307998408276959
TO,1.1206896551724137,0,False,N,0.0202624137931034
TO,1.1206896551724137,1,True,N,0.0202624137931034
TO,1.1206896551724137,2,False,N,0.00310756972111554
TO,1.1206896551724137,3,True,N,0.00310756972111554
TO,1.1293103448275863,0,False,N,0.0204175862068966
TO,1.1293103448275863,1,True,N,0.0204175862068966
TO,1.1293103448275863,2,False,N,0.00313522138013562
TO,1.1293103448275863,3,True,N,0.00313522138013562
TO,1.1379310344827587,0,False,N,0.0205727586206896
TO,1.1379310344827587,1,True,N,0.0205727586206896
TO,1.1379310344827587,2,False,N,0.00316293929712460
TO,1.1379310344827587,3,True,N,0.00316293929712460
TO,1.146551724137931,0,False,N,0.0207279310344828
TO,1.146551724137931,1,True,N,0.0207279310344828
TO,1.1551724137931034,0,False,N,0.0208831034482759
TO,1.1551724137931034,1,True,N,0.0208831034482759
TO,1.1637931034482758,0,False,N,0.0210382758620690
TO,1.1637931034482758,1,True,N,0.0210382758620689
p_{\max},0.01,0,True,N,0.0180900000000000
p_{\max},0.04413793103448276,0,True,N,0.0180900000000000
p_{\max},0.07827586206896552,0,False,N,0.0180900000000000
p_{\max},0.07827586206896552,1,True,N,0.0180900000000000
p_{\max},0.11241379310344828,0,False,N,0.0180900000000000
p_{\max},0.11241379310344828,1,True,N,0.0180900000000000
p_{\max},0.14655172413793105,0,False,N,0.0180900000000000
p_{\max},0.14655172413793105,1,True,N,0.0180900000000001
p_{\max},0.1806896551724138,0,False,N,0.0180900000000000
p_{\max},0.1806896551724138,1,True,N,0.0180900000000001
p_{\max},0.21482758620689657,0,False,N,0.0180900000000000
p_{\max},0.21482758620689657,1,True,N,0.0180900000000000
p_{\max},0.24896551724137933,0,False,N,0.0180900000000000
p_{\max},0.24896551724137933,1,True,N,0.0180900000000001
p_{\max},0.2831034482758621,0,False,N,0.0180900000000000
p_{\max},0.2831034482758621,1,True,N,0.0180899999999999
p_{\max},0.31724137931034485,0,False,N,0.0180900000000000
p_{\max},0.31724137931034485,1,True,N,0.0180900000000000
p_{\max},0.3513793103448276,0,False,N,0.0180900000000000
p_{\max},0.3513793103448276,1,True,N,0.0180900000000000
p_{\max},0.3513793103448276,2,False,N,0.00272727272727273
p_{\max},0.3513793103448276,3,True,N,0.00272727272727273
p_{\max},0.38551724137931037,0,False,N,0.0180900000000000
p_{\max},0.38551724137931037,1,True,N,0.0180900000000000
p_{\max},0.38551724137931037,2,False,N,0.00272727272727273
p_{\max},0.38551724137931037,3,True,N,0.00272727272727273
p_{\max},0.41965517241379313,0,False,N,0.0180900000000000
p_{\max},0.41965517241379313,1,True,N,0.0180900000000000
p_{\max},0.41965517241379313,2,False,N,0.00272727272727273
p_{\max},0.41965517241379313,3,True,N,0.00272727272727273
p_{\max},0.4537931034482759,0,False,N,0.0180900000000000
p_{\max},0.4537931034482759,1,True,N,0.0180900000000000
p_{\max},0.4537931034482759,2,False,N,0.00272727272727273
p_{\max},0.4537931034482759,3,True,N,0.00272727272727273
p_{\max},0.48793103448275865,0,False,N,0.0180900000000000
p_{\max},0.48793103448275865,1,True,N,0.0180900000000000
p_{\max},0.48793103448275865,2,False,N,0.00272727272727273
p_{\max},0.48793103448275865,3,True,N,0.00272727272727273
p_{\max},0.5220689655172415,0,False,N,0.0180900000000000
p_{\max},0.5220689655172415,1,True,N,0.0180900000000000
p_{\max},0.5220689655172415,2,False,N,0.00272727272727273
p_{\max},0.5220689655172415,3,True,N,0.00272727272727273
p_{\max},0.5562068965517242,0,False,N,0.0180900000000000
p_{\max},0.5562068965517242,1,True,N,0.0180900000000000
p_{\max},0.5562068965517242,2,False,N,0.00272727272727273
p_{\max},0.5562068965517242,3,True,N,0.00272727272727273
p_{\max},0.5903448275862069,0,False,N,0.0180900000000000
p_{\max},0.5903448275862069,1,True,N,0.0180900000000000
p_{\max},0.5903448275862069,2,False,N,0.00272727272727273
p_{\max},0.5903448275862069,3,True,N,0.00272727272727273
p_{\max},0.6244827586206897,0,False,N,0.0180900000000000
p_{\max},0.6244827586206897,1,True,N,0.0180900000000000
p_{\max},0.6244827586206897,2,False,N,0.00272727272727273
p_{\max},0.6244827586206897,3,True,N,0.00272727272727273
p_{\max},0.6586206896551725,0,False,N,0.0180900000000000
p_{\max},0.6586206896551725,1,True,N,0.0180900000000000
p_{\max},0.6586206896551725,2,False,N,0.00272727272727273
p_{\max},0.6586206896551725,3,True,N,0.00272727272727273
p_{\max},0.6927586206896552,0,False,N,0.0180900000000000
p_{\max},0.6927586206896552,1,True,N,0.0180900000000000
p_{\max},0.6927586206896552,2,False,N,0.00272727272727273
p_{\max},0.6927586206896552,3,True,N,0.00272727272727273
p_{\max},0.7268965517241379,0,False,N,0.0180900000000000
p_{\max},0.7268965517241379,1,True,N,0.0180900000000000
p_{\max},0.7268965517241379,2,False,N,0.00272727272727273
p_{\max},0.7268965517241379,3,True,N,0.00272727272727273
p_{\max},0.7610344827586207,0,False,N,0.0180900000000000
p_{\max},0.7610344827586207,1,True,N,0.0180900000000000
p_{\max},0.7610344827586207,2,False,N,0.00272727272727273
p_{\max},0.7610344827586207,3,True,N,0.00272727272727273
p_{\max},0.7951724137931035,0,False,N,0.0180900000000000
p_{\max},0.7951724137931035,1,True,N,0.0180900000000000
p_{\max},0.7951724137931035,2,False,N,0.00272727272727273
p_{\max},0.7951724137931035,3,True,N,0.00272727272727273
p_{\max},0.8293103448275863,0,False,N,0.0180900000000000
p_{\max},0.8293103448275863,1,True,N,0.0180900000000000
p_{\max},0.8293103448275863,2,False,N,0.00272727272727273
p_{\max},0.8293103448275863,3,True,N,0.00272727272727273
p_{\max},0.863448275862069,0,False,N,0.0180900000000000
p_{\max},0.863448275862069,1,True,N,0.0180900000000000
p_{\max},0.863448275862069,2,False,N,0.00272727272727273
p_{\max},0.863448275862069,3,True,N,0.00272727272727273
p_{\max},0.8975862068965518,0,False,N,0.0180900000000000
p_{\max},0.8975862068965518,1,True,N,0.0180900000000000
p_{\max},0.8975862068965518,2,False,N,0.00272727272727273
p_{\max},0.8975862068965518,3,True,N,0.00272727272727273
p_{\max},0.9317241379310346,0,False,N,0.0180900000000000
p_{\max},0.9317241379310346,1,True,N,0.0180900000000000
p_{\max},0.9317241379310346,2,False,N,0.00272727272727273
p_{\max},0.9317241379310346,3,True,N,0.00272727272727273
p_{\max},0.9658620689655173,0,False,N,0.0180900000000000
p_{\max},0.9658620689655173,1,True,N,0.0180900000000000
p_{\max},0.9658620689655173,2,False,N,0.00272727272727273
p_{\max},0.9658620689655173,3,True,N,0.00272727272727273
p_{\max},1.0,0,False,N,0.0180900000000000
p_{\max},1.0,1,True,N,0.0180900000000000
p_{\max},1.0,2,False,N,0.00272727272727273
p_{\max},1.0,3,True,N,0.00272727272727273
"u_{S,\max}",0.005,0,True,N,0.0180900000000000
"u_{S,\max}",0.007931034482758621,0,True,N,0.0180900000000000
"u_{S,\max}",0.010862068965517242,0,False,N,0.0180900000000000
"u_{S,\max}",0.010862068965517242,1,True,N,0.0180900000000000
"u_{S,\max}",0.010862068965517242,2,False,N,0.0141463414634146
"u_{S,\max}",0.010862068965517242,3,True,N,0.0141463414634146
"u_{S,\max}",0.013793103448275862,0,False,N,0.0180900000000000
"u_{S,\max}",0.013793103448275862,1,True,N,0.0180900000000000
"u_{S,\max}",0.013793103448275862,2,False,N,0.00968460111317254
"u_{S,\max}",0.013793103448275862,3,True,N,0.00968460111317254
"u_{S,\max}",0.016724137931034482,0,False,N,0.0180900000000000
"u_{S,\max}",0.016724137931034482,1,True,N,0.0180900000000000
"u_{S,\max}",0.016724137931034482,2,False,N,0.00736248236953456
"u_{S,\max}",0.016724137931034482,3,True,N,0.00736248236953456
"u_{S,\max}",0.019655172413793102,0,False,N,0.0180900000000000
"u_{S,\max}",0.019655172413793102,1,True,N,0.0180900000000000
"u_{S,\max}",0.019655172413793102,2,False,N,0.00593856655290102
"u_{S,\max}",0.019655172413793102,3,True,N,0.00593856655290102
"u_{S,\max}",0.022586206896551723,0,False,N,0.0180900000000000
"u_{S,\max}",0.022586206896551723,1,True,N,0.0180900000000000
"u_{S,\max}",0.022586206896551723,2,False,N,0.00497616777883699
"u_{S,\max}",0.022586206896551723,3,True,N,0.00497616777883699
"u_{S,\max}",0.025517241379310343,0,False,N,0.0180900000000000
"u_{S,\max}",0.025517241379310343,1,True,N,0.0180900000000000
"u_{S,\max}",0.025517241379310343,2,False,N,0.00428219852337982
"u_{S,\max}",0.025517241379310343,3,True,N,0.00428219852337982
"u_{S,\max}",0.028448275862068963,0,False,N,0.0180900000000000
"u_{S,\max}",0.028448275862068963,1,True,N,0.0180900000000000
"u_{S,\max}",0.028448275862068963,2,False,N,0.00375809935205184
"u_{S,\max}",0.028448275862068963,3,True,N,0.00375809935205184
"u_{S,\max}",0.031379310344827584,0,False,N,0.0180900000000000
"u_{S,\max}",0.031379310344827584,1,True,N,0.0180900000000000
"u_{S,\max}",0.031379310344827584,2,False,N,0.00334830019243104
"u_{S,\max}",0.031379310344827584,3,True,N,0.00334830019243104
"u_{S,\max}",0.0343103448275862,0,False,N,0.0180900000000000
"u_{S,\max}",0.0343103448275862,1,True,N,0.0180900000000000
"u_{S,\max}",0.0343103448275862,2,False,N,0.00301908617698091
"u_{S,\max}",0.0343103448275862,3,True,N,0.00301908617698091
"u_{S,\max}",0.03724137931034482,0,False,N,0.0180900000000000
"u_{S,\max}",0.03724137931034482,1,True,N,0.0180900000000000
"u_{S,\max}",0.03724137931034482,2,False,N,0.00274881516587678
"u_{S,\max}",0.03724137931034482,3,True,N,0.00274881516587678
"u_{S,\max}",0.04017241379310344,0,False,N,0.0180900000000000
"u_{S,\max}",0.04017241379310344,1,True,N,0.0180900000000000
"u_{S,\max}",0.04017241379310344,2,False,N,0.00252295795070082
"u_{S,\max}",0.04017241379310344,3,True,N,0.00252295795070082
"u_{S,\max}",0.043103448275862065,0,False,N,0.0180900000000000
"u_{S,\max}",0.043103448275862065,1,True,N,0.0180900000000000
"u_{S,\max}",0.043103448275862065,2,False,N,0.00233139794551139
"u_{S,\max}",0.043103448275862065,3,True,N,0.00233139794551139
"u_{S,\max}",0.04603448275862068,0,False,N,0.0180900000000000
"u_{S,\max}",0.04603448275862068,1,True,N,0.0180900000000000
"u_{S,\max}",0.04603448275862068,2,False,N,0.00216687422166874
"u_{S,\max}",0.04603448275862068,3,True,N,0.00216687422166874
"u_{S,\max}",0.0489655172413793,0,False,N,0.0180900000000000
"u_{S,\max}",0.0489655172413793,1,True,N,0.0180900000000000
"u_{S,\max}",0.0489655172413793,2,False,N,0.00202404032570764
"u_{S,\max}",0.0489655172413793,3,True,N,0.00202404032570764
"u_{S,\max}",0.05189655172413792,0,False,N,0.0180900000000000
"u_{S,\max}",0.05189655172413792,1,True,N,0.0180900000000000
"u_{S,\max}",0.05189655172413792,2,False,N,0.00189887231720626
"u_{S,\max}",0.05189655172413792,3,True,N,0.00189887231720626
"u_{S,\max}",0.054827586206896546,0,False,N,0.0180900000000000
"u_{S,\max}",0.054827586206896546,1,True,N,0.0180900000000000
"u_{S,\max}",0.054827586206896546,2,False,N,0.00178828365878726
"u_{S,\max}",0.054827586206896546,3,True,N,0.00178828365878726
"u_{S,\max}",0.05775862068965516,0,False,N,0.0180900000000000
"u_{S,\max}",0.05775862068965516,1,True,N,0.0180900000000000
"u_{S,\max}",0.05775862068965516,2,False,N,0.00168986727096148
"u_{S,\max}",0.05775862068965516,3,True,N,0.00168986727096148
"u_{S,\max}",0.06068965517241378,0,False,N,0.0180900000000000
"u_{S,\max}",0.06068965517241378,1,True,N,0.0180900000000000
"u_{S,\max}",0.06068965517241378,2,False,N,0.00160171831850261
"u_{S,\max}",0.06068965517241378,3,True,N,0.00160171831850261
"u_{S,\max}",0.06362068965517241,0,False,N,0.0180900000000000
"u_{S,\max}",0.06362068965517241,1,True,N,0.0180900000000000
"u_{S,\max}",0.06362068965517241,2,False,N,0.00152230971128609
"u_{S,\max}",0.06362068965517241,3,True,N,0.00152230971128609
"u_{S,\max}",0.06655172413793103,0,False,N,0.0180900000000000
"u_{S,\max}",0.06655172413793103,1,True,N,0.0180900000000000
"u_{S,\max}",0.06655172413793103,2,False,N,0.00145040288969158
"u_{S,\max}",0.06655172413793103,3,True,N,0.00145040288969158
"u_{S,\max}",0.06948275862068964,0,False,N,0.0180900000000000
"u_{S,\max}",0.06948275862068964,1,True,N,0.0180900000000000
"u_{S,\max}",0.06948275862068964,2,False,N,0.00138498275404617
"u_{S,\max}",0.06948275862068964,3,True,N,0.00138498275404617
"u_{S,\max}",0.07241379310344827,0,False,N,0.0180900000000000
"u_{S,\max}",0.07241379310344827,1,True,N,0.0180900000000000
"u_{S,\max}",0.07241379310344827,2,False,N,0.00132520944402133
"u_{S,\max}",0.07241379310344827,3,True,N,0.00132520944402133
"u_{S,\max}",0.07534482758620689,0,False,N,0.0180900000000000
"u_{S,\max}",0.07534482758620689,1,True,N,0.0180900000000000
"u_{S,\max}",0.07827586206896552,0,False,N,0.0180900000000000
"u_{S,\max}",0.07827586206896552,1,True,N,0.0180900000000000
"u_{S,\max}",0.08120689655172414,0,False,N,0.0180900000000000
"u_{S,\max}",0.08120689655172414,1,True,N,0.0180900000000000
"u_{S,\max}",0.08413793103448275,0,False,N,0.0180900000000000
"u_{S,\max}",0.08413793103448275,1,True,N,0.0180900000000000
"u_{S,\max}",0.08706896551724137,0,False,N,0.0180900000000000
"u_{S,\max}",0.08706896551724137,1,True,N,0.0180900000000000
"u_{S,\max}",0.09,0,False,N,0.0180900000000000
"u_{S,\max}",0.09,1,True,N,0.0180900000000000
"u_{H,\max}",0.0,0,False,N,0.0180900000000000
"u_{H,\max}",0.0,1,True,N,0.0180900000000000
"u_{H,\max}",0.0003448275862068966,0,False,N,0.0180900000000000
"u_{H,\max}",0.0003448275862068966,1,True,N,0.0180900000000000
"u_{H,\max}",0.0006896551724137932,0,False,N,0.0180900000000000
"u_{H,\max}",0.0006896551724137932,1,True,N,0.0180900000000000
"u_{H,\max}",0.0010344827586206897,0,False,N,0.0180900000000000
"u_{H,\max}",0.0010344827586206897,1,True,N,0.0180900000000000
"u_{H,\max}",0.0013793103448275863,0,False,N,0.0180900000000000
"u_{H,\max}",0.0013793103448275863,1,True,N,0.0180900000000000
"u_{H,\max}",0.001724137931034483,0,False,N,0.0180900000000000
"u_{H,\max}",0.001724137931034483,1,True,N,0.0180900000000000
"u_{H,\max}",0.0020689655172413794,0,False,N,0.0180900000000000
"u_{H,\max}",0.0020689655172413794,1,True,N,0.0180900000000000
"u_{H,\max}",0.002413793103448276,0,False,N,0.0180900000000000
"u_{H,\max}",0.002413793103448276,1,True,N,0.0180900000000000
"u_{H,\max}",0.0027586206896551726,0,False,N,0.0180900000000000
"u_{H,\max}",0.0027586206896551726,1,True,N,0.0180900000000000
"u_{H,\max}",0.0031034482758620693,0,False,N,0.0180900000000000
"u_{H,\max}",0.0031034482758620693,1,True,N,0.0180900000000000
"u_{H,\max}",0.003448275862068966,0,False,N,0.0180900000000000
"u_{H,\max}",0.003448275862068966,1,True,N,0.0180900000000000
"u_{H,\max}",0.003448275862068966,2,False,N,0.00272727272727273
"u_{H,\max}",0.003448275862068966,3,True,N,0.00272727272727273
"u_{H,\max}",0.0037931034482758625,0,False,N,0.0180900000000000
"u_{H,\max}",0.0037931034482758625,1,True,N,0.0180900000000000
"u_{H,\max}",0.0037931034482758625,2,False,N,0.00272727272727273
"u_{H,\max}",0.0037931034482758625,3,True,N,0.00272727272727273
"u_{H,\max}",0.004137931034482759,0,False,N,0.0180900000000000
"u_{H,\max}",0.004137931034482759,1,True,N,0.0180900000000000
"u_{H,\max}",0.004137931034482759,2,False,N,0.00272727272727273
"u_{H,\max}",0.004137931034482759,3,True,N,0.00272727272727273
"u_{H,\max}",0.004482758620689656,0,False,N,0.0180900000000000
"u_{H,\max}",0.004482758620689656,1,True,N,0.0180900000000000
"u_{H,\max}",0.004482758620689656,2,False,N,0.00272727272727273
"u_{H,\max}",0.004482758620689656,3,True,N,0.00272727272727273
"u_{H,\max}",0.004827586206896552,0,False,N,0.0180900000000000
"u_{H,\max}",0.004827586206896552,1,True,N,0.0180900000000000
"u_{H,\max}",0.004827586206896552,2,False,N,0.00272727272727273
"u_{H,\max}",0.004827586206896552,3,True,N,0.00272727272727273
"u_{H,\max}",0.005172413793103449,0,False,N,0.0180900000000000
"u_{H,\max}",0.005172413793103449,1,True,N,0.0180900000000000
"u_{H,\max}",0.005172413793103449,2,False,N,0.00272727272727273
"u_{H,\max}",0.005172413793103449,3,True,N,0.00272727272727273
"u_{H,\max}",0.005517241379310345,0,False,N,0.0180900000000000
"u_{H,\max}",0.005517241379310345,1,True,N,0.0180900000000000
"u_{H,\max}",0.005517241379310345,2,False,N,0.00272727272727273
"u_{H,\max}",0.005517241379310345,3,True,N,0.00272727272727273
"u_{H,\max}",0.0058620689655172415,0,False,N,0.0180900000000000
"u_{H,\max}",0.0058620689655172415,1,True,N,0.0180900000000000
"u_{H,\max}",0.0058620689655172415,2,False,N,0.00272727272727273
"u_{H,\max}",0.0058620689655172415,3,True,N,0.00272727272727273
"u_{H,\max}",0.0062068965517241385,0,False,N,0.0180900000000000
"u_{H,\max}",0.0062068965517241385,1,True,N,0.0180900000000000
"u_{H,\max}",0.0062068965517241385,2,False,N,0.00272727272727273
"u_{H,\max}",0.0062068965517241385,3,True,N,0.00272727272727273
"u_{H,\max}",0.006551724137931035,0,False,N,0.0180900000000000
"u_{H,\max}",0.006551724137931035,1,True,N,0.0180900000000000
"u_{H,\max}",0.006551724137931035,2,False,N,0.00272727272727273
"u_{H,\max}",0.006551724137931035,3,True,N,0.00272727272727273
"u_{H,\max}",0.006896551724137932,0,False,N,0.0180900000000000
"u_{H,\max}",0.006896551724137932,1,True,N,0.0180900000000000
"u_{H,\max}",0.006896551724137932,2,False,N,0.00272727272727273
"u_{H,\max}",0.006896551724137932,3,True,N,0.00272727272727273
"u_{H,\max}",0.007241379310344828,0,False,N,0.0180900000000000
"u_{H,\max}",0.007241379310344828,1,True,N,0.0180900000000000
"u_{H,\max}",0.007241379310344828,2,False,N,0.00272727272727273
"u_{H,\max}",0.007241379310344828,3,True,N,0.00272727272727273
"u_{H,\max}",0.007586206896551725,0,False,N,0.0180900000000000
"u_{H,\max}",0.007586206896551725,1,True,N,0.0180900000000000
"u_{H,\max}",0.007586206896551725,2,False,N,0.00272727272727273
"u_{H,\max}",0.007586206896551725,3,True,N,0.00272727272727273
"u_{H,\max}",0.007931034482758621,0,False,N,0.0180900000000000
"u_{H,\max}",0.007931034482758621,1,True,N,0.0180900000000000
"u_{H,\max}",0.007931034482758621,2,False,N,0.00272727272727273
"u_{H,\max}",0.007931034482758621,3,True,N,0.00272727272727273
"u_{H,\max}",0.008275862068965517,0,False,N,0.0180900000000000
"u_{H,\max}",0.008275862068965517,1,True,N,0.0180900000000000
"u_{H,\max}",0.008275862068965517,2,False,N,0.00272727272727273
"u_{H,\max}",0.008275862068965517,3,True,N,0.00272727272727273
"u_{H,\max}",0.008620689655172414,0,False,N,0.0180900000000000
"u_{H,\max}",0.008620689655172414,1,True,N,0.0180900000000000
"u_{H,\max}",0.008620689655172414,2,False,N,0.00272727272727273
"u_{H,\max}",0.008620689655172414,3,True,N,0.00272727272727273
"u_{H,\max}",0.008965517241379312,0,False,N,0.0180900000000000
"u_{H,\max}",0.008965517241379312,1,True,N,0.0180900000000000
"u_{H,\max}",0.008965517241379312,2,False,N,0.00272727272727273
"u_{H,\max}",0.008965517241379312,3,True,N,0.00272727272727273
"u_{H,\max}",0.009310344827586208,0,False,N,0.0180900000000000
"u_{H,\max}",0.009310344827586208,1,True,N,0.0180900000000000
"u_{H,\max}",0.009310344827586208,2,False,N,0.00272727272727273
"u_{H,\max}",0.009310344827586208,3,True,N,0.00272727272727273
"u_{H,\max}",0.009655172413793104,0,False,N,0.0180900000000000
"u_{H,\max}",0.009655172413793104,1,True,N,0.0180900000000000
"u_{H,\max}",0.009655172413793104,2,False,N,0.00272727272727273
"u_{H,\max}",0.009655172413793104,3,True,N,0.00272727272727273
"u_{H,\max}",0.01,0,False,N,0.0180900000000000
"u_{H,\max}",0.01,1,True,N,0.0180900000000000
"u_{H,\max}",0.01,2,False,N,0.00272727272727273
"u_{H,\max}",0.01,3,True,N,0.00272727272727273
K_S,0.0001,0,False,N,0.0180900000000000
K_S,0.0001,1,True,N,0.0180900000000000
K_S,0.00423448275862069,0,False,N,0.0180900000000000
K_S,0.00423448275862069,1,True,N,0.0180900000000000
K_S,0.008368965517241379,0,False,N,0.0180900000000000
K_S,0.008368965517241379,1,True,N,0.0180900000000000
K_S,0.01250344827586207,0,False,N,0.0180900000000000
K_S,0.01250344827586207,1,True,N,0.0180900000000000
K_S,0.01250344827586207,2,False,N,0.00170501567398120
K_S,0.01250344827586207,3,True,N,0.00170501567398120
K_S,0.01663793103448276,0,False,N,0.0180900000000000
K_S,0.01663793103448276,1,True,N,0.0180900000000000
K_S,0.01663793103448276,2,False,N,0.00226880877742947
K_S,0.01663793103448276,3,True,N,0.00226880877742947
K_S,0.020772413793103447,0,False,N,0.0180900000000000
K_S,0.020772413793103447,1,True,N,0.0180900000000000
K_S,0.020772413793103447,2,False,N,0.00283260188087774
K_S,0.020772413793103447,3,True,N,0.00283260188087774
K_S,0.02490689655172414,0,False,N,0.0180900000000000
K_S,0.02490689655172414,1,True,N,0.0180900000000000
K_S,0.02490689655172414,2,False,N,0.00339639498432601
K_S,0.02490689655172414,3,True,N,0.00339639498432601
K_S,0.02904137931034483,0,False,N,0.0180900000000000
K_S,0.02904137931034483,1,True,N,0.0180900000000000
K_S,0.02904137931034483,2,False,N,0.00396018808777429
K_S,0.02904137931034483,3,True,N,0.00396018808777429
K_S,0.03317586206896552,0,False,N,0.0180900000000000
K_S,0.03317586206896552,1,True,N,0.0180900000000000
K_S,0.03317586206896552,2,False,N,0.00452398119122257
K_S,0.03317586206896552,3,True,N,0.00452398119122257
K_S,0.03731034482758621,0,False,N,0.0180900000000000
K_S,0.03731034482758621,1,True,N,0.0180900000000000
K_S,0.03731034482758621,2,False,N,0.00508777429467085
K_S,0.03731034482758621,3,True,N,0.00508777429467085
K_S,0.0414448275862069,0,False,N,0.0180900000000000
K_S,0.0414448275862069,1,True,N,0.0180900000000000
K_S,0.0414448275862069,2,False,N,0.00565156739811912
K_S,0.0414448275862069,3,True,N,0.00565156739811912
K_S,0.04557931034482759,0,False,N,0.0180900000000000
K_S,0.04557931034482759,1,True,N,0.0180900000000000
K_S,0.04557931034482759,2,False,N,0.00621536050156740
K_S,0.04557931034482759,3,True,N,0.00621536050156740
K_S,0.049713793103448284,0,False,N,0.0180900000000000
K_S,0.049713793103448284,1,True,N,0.0180900000000000
K_S,0.049713793103448284,2,False,N,0.00677915360501568
K_S,0.049713793103448284,3,True,N,0.00677915360501568
K_S,0.05384827586206897,0,False,N,0.0180900000000000
K_S,0.05384827586206897,1,True,N,0.0180900000000000
K_S,0.05384827586206897,2,False,N,0.00734294670846395
K_S,0.05384827586206897,3,True,N,0.00734294670846395
K_S,0.05798275862068966,0,False,N,0.0180900000000000
K_S,0.05798275862068966,1,True,N,0.0180900000000000
K_S,0.05798275862068966,2,False,N,0.00790673981191223
K_S,0.05798275862068966,3,True,N,0.00790673981191223
K_S,0.06211724137931035,0,False,N,0.0180900000000000
K_S,0.06211724137931035,1,True,N,0.0180900000000000
K_S,0.06211724137931035,2,False,N,0.00847053291536051
K_S,0.06211724137931035,3,True,N,0.00847053291536051
K_S,0.06625172413793104,0,False,N,0.0180900000000000
K_S,0.06625172413793104,1,True,N,0.0180900000000000
K_S,0.06625172413793104,2,False,N,0.00903432601880877
K_S,0.06625172413793104,3,True,N,0.00903432601880877
K_S,0.07038620689655173,0,False,N,0.0180900000000000
K_S,0.07038620689655173,1,True,N,0.0180900000000000
K_S,0.07038620689655173,2,False,N,0.00959811912225705
K_S,0.07038620689655173,3,True,N,0.00959811912225705
K_S,0.07452068965517242,0,False,N,0.0180900000000000
K_S,0.07452068965517242,1,True,N,0.0180900000000000
K_S,0.07452068965517242,2,False,N,0.0101619122257053
K_S,0.07452068965517242,3,True,N,0.0101619122257053
K_S,0.0786551724137931,0,False,N,0.0180900000000000
K_S,0.0786551724137931,1,True,N,0.0180900000000000
K_S,0.0786551724137931,2,False,N,0.0107257053291536
K_S,0.0786551724137931,3,True,N,0.0107257053291536
K_S,0.0827896551724138,0,False,N,0.0180900000000000
K_S,0.0827896551724138,1,True,N,0.0180900000000000
K_S,0.0827896551724138,2,False,N,0.0112894984326019
K_S,0.0827896551724138,3,True,N,0.0112894984326019
K_S,0.08692413793103448,0,False,N,0.0180900000000000
K_S,0.08692413793103448,1,True,N,0.0180900000000000
K_S,0.08692413793103448,2,False,N,0.0118532915360502
K_S,0.08692413793103448,3,True,N,0.0118532915360502
K_S,0.09105862068965517,0,False,N,0.0180900000000000
K_S,0.09105862068965517,1,True,N,0.0180900000000000
K_S,0.09105862068965517,2,False,N,0.0124170846394984
K_S,0.09105862068965517,3,True,N,0.0124170846394984
K_S,0.09519310344827586,0,False,N,0.0180900000000000
K_S,0.09519310344827586,1,True,N,0.0180900000000000
K_S,0.09519310344827586,2,False,N,0.0129808777429467
K_S,0.09519310344827586,3,True,N,0.0129808777429467
K_S,0.09932758620689656,0,False,N,0.0180900000000000
K_S,0.09932758620689656,1,True,N,0.0180900000000000
K_S,0.09932758620689656,2,False,N,0.0135446708463950
K_S,0.09932758620689656,3,True,N,0.0135446708463950
K_S,0.10346206896551725,0,False,N,0.0180900000000000
K_S,0.10346206896551725,1,True,N,0.0180900000000000
K_S,0.10346206896551725,2,False,N,0.0141084639498432
K_S,0.10346206896551725,3,True,N,0.0141084639498432
K_S,0.10759655172413794,0,False,N,0.0180900000000000
K_S,0.10759655172413794,1,True,N,0.0180900000000000
K_S,0.10759655172413794,2,False,N,0.0146722570532915
K_S,0.10759655172413794,3,True,N,0.0146722570532915
K_S,0.11173103448275863,0,False,N,0.0180900000000000
K_S,0.11173103448275863,1,True,N,0.0180900000000000
K_S,0.11173103448275863,2,False,N,0.0152360501567399
K_S,0.11173103448275863,3,True,N,0.0152360501567399
K_S,0.11586551724137932,0,False,N,0.0180900000000000
K_S,0.11586551724137932,1,True,N,0.0180900000000000
K_S,0.11586551724137932,2,False,N,0.0157998432601880
K_S,0.11586551724137932,3,True,N,0.0157998432601880
K_S,0.12,0,False,N,0.0180900000000000
K_S,0.12,1,True,N,0.0180900000000000
K_S,0.12,2,False,N,0.0163636363636364
K_S,0.12,3,True,N,0.0163636363636364
K_H,0.0,0,False,N,0.0180900000000000
K_H,0.0,1,True,N,0.0180900000000000
K_H,0.0,2,False,N,0.00272727272727273
K_H,0.0,3,True,N,0.00272727272727273
K_H,6.896551724137931e-05,0,False,N,0.0180900000000000
K_H,6.896551724137931e-05,1,True,N,0.0180900000000000
K_H,6.896551724137931e-05,2,False,N,0.00272727272727273
K_H,6.896551724137931e-05,3,True,N,0.00272727272727273
K_H,0.00013793103448275863,0,False,N,0.0180900000000000
K_H,0.00013793103448275863,1,True,N,0.0180900000000000
K_H,0.00013793103448275863,2,False,N,0.00272727272727273
K_H,0.00013793103448275863,3,True,N,0.00272727272727273
K_H,0.00020689655172413793,0,False,N,0.0180900000000000
K_H,0.00020689655172413793,1,True,N,0.0180900000000000
K_H,0.00020689655172413793,2,False,N,0.00272727272727273
K_H,0.00020689655172413793,3,True,N,0.00272727272727273
K_H,0.00027586206896551725,0,False,N,0.0180900000000000
K_H,0.00027586206896551725,1,True,N,0.0180900000000000
K_H,0.00027586206896551725,2,False,N,0.00272727272727273
K_H,0.00027586206896551725,3,True,N,0.00272727272727273
K_H,0.0003448275862068966,0,False,N,0.0180900000000000
K_H,0.0003448275862068966,1,True,N,0.0180900000000000
K_H,0.0003448275862068966,2,False,N,0.00272727272727273
K_H,0.0003448275862068966,3,True,N,0.00272727272727273
K_H,0.00041379310344827585,0,False,N,0.0180900000000000
K_H,0.00041379310344827585,1,True,N,0.0180900000000000
K_H,0.00041379310344827585,2,False,N,0.00272727272727273
K_H,0.00041379310344827585,3,True,N,0.00272727272727273
K_H,0.0004827586206896552,0,False,N,0.0180900000000000
K_H,0.0004827586206896552,1,True,N,0.0180900000000000
K_H,0.0004827586206896552,2,False,N,0.00272727272727273
K_H,0.0004827586206896552,3,True,N,0.00272727272727273
K_H,0.0005517241379310345,0,False,N,0.0180900000000000
K_H,0.0005517241379310345,1,True,N,0.0180900000000000
K_H,0.0005517241379310345,2,False,N,0.00272727272727273
K_H,0.0005517241379310345,3,True,N,0.00272727272727273
K_H,0.0006206896551724138,0,False,N,0.0180900000000000
K_H,0.0006206896551724138,1,True,N,0.0180900000000000
K_H,0.0006206896551724138,2,False,N,0.00272727272727273
K_H,0.0006206896551724138,3,True,N,0.00272727272727273
K_H,0.0006896551724137932,0,False,N,0.0180900000000000
K_H,0.0006896551724137932,1,True,N,0.0180900000000000
K_H,0.0006896551724137932,2,False,N,0.00272727272727273
K_H,0.0006896551724137932,3,True,N,0.00272727272727273
K_H,0.0007586206896551725,0,False,N,0.0180900000000000
K_H,0.0007586206896551725,1,True,N,0.0180900000000000
K_H,0.0007586206896551725,2,False,N,0.00272727272727273
K_H,0.0007586206896551725,3,True,N,0.00272727272727273
K_H,0.0008275862068965517,0,False,N,0.0180900000000000
K_H,0.0008275862068965517,1,True,N,0.0180900000000000
K_H,0.0008275862068965517,2,False,N,0.00272727272727273
K_H,0.0008275862068965517,3,True,N,0.00272727272727273
K_H,0.000896551724137931,0,False,N,0.0180900000000000
K_H,0.000896551724137931,1,True,N,0.0180900000000000
K_H,0.000896551724137931,2,False,N,0.00272727272727273
K_H,0.000896551724137931,3,True,N,0.00272727272727273
K_H,0.0009655172413793104,0,False,N,0.0180900000000000
K_H,0.0009655172413793104,1,True,N,0.0180900000000000
K_H,0.0009655172413793104,2,False,N,0.00272727272727273
K_H,0.0009655172413793104,3,True,N,0.00272727272727273
K_H,0.0010344827586206897,0,False,N,0.0180900000000000
K_H,0.0010344827586206897,1,True,N,0.0180900000000000
K_H,0.0010344827586206897,2,False,N,0.00272727272727273
K_H,0.0010344827586206897,3,True,N,0.00272727272727273
K_H,0.001103448275862069,0,False,N,0.0180900000000000
K_H,0.001103448275862069,1,True,N,0.0180900000000000
K_H,0.001103448275862069,2,False,N,0.00272727272727273
K_H,0.001103448275862069,3,True,N,0.00272727272727273
K_H,0.0011724137931034483,0,False,N,0.0180900000000000
K_H,0.0011724137931034483,1,True,N,0.0180900000000000
K_H,0.0012413793103448277,0,False,N,0.0180900000000000
K_H,0.0012413793103448277,1,True,N,0.0180900000000000
K_H,0.001310344827586207,0,False,N,0.0180900000000000
K_H,0.001310344827586207,1,True,N,0.0180900000000000
K_H,0.0013793103448275863,0,False,N,0.0180900000000000
K_H,0.0013793103448275863,1,True,N,0.0180900000000000
K_H,0.0014482758620689656,0,False,N,0.0180900000000000
K_H,0.0014482758620689656,1,True,N,0.0180900000000000
K_H,0.001517241379310345,0,False,N,0.0180900000000000
K_H,0.001517241379310345,1,True,N,0.0180900000000000
K_H,0.0015862068965517243,0,False,N,0.0180900000000000
K_H,0.0015862068965517243,1,True,N,0.0180900000000000
K_H,0.0016551724137931034,0,False,N,0.0180900000000000
K_H,0.0016551724137931034,1,True,N,0.0180900000000000
K_H,0.0017241379310344827,0,False,N,0.0180900000000000
K_H,0.0017241379310344827,1,True,N,0.0180900000000000
K_H,0.001793103448275862,0,False,N,0.0180900000000000
K_H,0.001793103448275862,1,True,N,0.0180900000000000
K_H,0.0018620689655172414,0,False,N,0.0180900000000000
K_H,0.0018620689655172414,1,True,N,0.0180900000000000
K_H,0.0019310344827586207,0,False,N,0.0180900000000000
K_H,0.0019310344827586207,1,True,N,0.0180900000000000
K_H,0.002,0,False,N,0.0180900000000000
K_H,0.002,1,True,N,0.0180900000000000
d_C,0.0,1,True,N,0.0180900000000000
d_C,0.02413793103448276,0,False,N,0.0180900000000000
d_C,0.02413793103448276,1,True,N,0.0180900000000000
d_C,0.04827586206896552,0,False,N,0.0180900000000000
d_C,0.04827586206896552,1,True,N,0.0180900000000000
d_C,0.07241379310344828,0,False,N,0.0180900000000000
d_C,0.07241379310344828,1,True,N,0.0180900000000000
d_C,0.09655172413793103,0,False,N,0.0180900000000000
d_C,0.09655172413793103,1,True,N,0.0180900000000000
d_C,0.12068965517241378,0,False,N,0.0180900000000000
d_C,0.12068965517241378,1,True,N,0.0180900000000000
d_C,0.14482758620689656,0,False,N,0.0180900000000000
d_C,0.14482758620689656,1,True,N,0.0180900000000000
d_C,0.16896551724137931,0,False,N,0.0180900000000000
d_C,0.16896551724137931,1,True,N,0.0180900000000000
d_C,0.19310344827586207,0,False,N,0.0180900000000000
d_C,0.19310344827586207,1,True,N,0.0180900000000000
d_C,0.21724137931034482,0,False,N,0.0180900000000000
d_C,0.21724137931034482,1,True,N,0.0180900000000000
d_C,0.24137931034482757,0,False,N,0.0180900000000000
d_C,0.24137931034482757,1,True,N,0.0180900000000000
d_C,0.2655172413793103,0,False,N,0.0180900000000000
d_C,0.2655172413793103,1,True,N,0.0180900000000000
d_C,0.2896551724137931,0,False,N,0.0180900000000000
d_C,0.2896551724137931,1,True,N,0.0180900000000000
d_C,0.3137931034482759,0,False,N,0.0180900000000000
d_C,0.3137931034482759,1,True,N,0.0180900000000000
d_C,0.33793103448275863,0,False,N,0.0180900000000000
d_C,0.33793103448275863,1,True,N,0.0180900000000000
d_C,0.3620689655172414,0,False,N,0.0180900000000000
d_C,0.3620689655172414,1,True,N,0.0180900000000000
d_C,0.38620689655172413,0,False,N,0.0180900000000000
d_C,0.38620689655172413,1,True,N,0.0180900000000000
d_C,0.4103448275862069,0,False,N,0.0180900000000000
d_C,0.4103448275862069,1,True,N,0.0180900000000000
d_C,0.43448275862068964,0,False,N,0.0180900000000000
d_C,0.43448275862068964,1,True,N,0.0180900000000000
d_C,0.43448275862068964,2,False,N,0.00272727272727273
d_C,0.43448275862068964,3,True,N,0.00272727272727273
d_C,0.4586206896551724,0,False,N,0.0180900000000000
d_C,0.4586206896551724,1,True,N,0.0180900000000000
d_C,0.4586206896551724,2,False,N,0.00272727272727273
d_C,0.4586206896551724,3,True,N,0.00272727272727273
d_C,0.48275862068965514,0,False,N,0.0180900000000000
d_C,0.48275862068965514,1,True,N,0.0180900000000000
d_C,0.48275862068965514,2,False,N,0.00272727272727273
d_C,0.48275862068965514,3,True,N,0.00272727272727273
d_C,0.506896551724138,0,False,N,0.0180900000000000
d_C,0.506896551724138,1,True,N,0.0180900000000000
d_C,0.506896551724138,2,False,N,0.00272727272727273
d_C,0.506896551724138,3,True,N,0.00272727272727273
d_C,0.5310344827586206,0,False,N,0.0180900000000000
d_C,0.5310344827586206,1,True,N,0.0180900000000000
d_C,0.5310344827586206,2,False,N,0.00272727272727273
d_C,0.5310344827586206,3,True,N,0.00272727272727273
d_C,0.5551724137931034,0,False,N,0.0180900000000000
d_C,0.5551724137931034,1,True,N,0.0180900000000000
d_C,0.5551724137931034,2,False,N,0.00272727272727273
d_C,0.5551724137931034,3,True,N,0.00272727272727273
d_C,0.5793103448275863,0,False,N,0.0180900000000000
d_C,0.5793103448275863,1,True,N,0.0180900000000000
d_C,0.5793103448275863,2,False,N,0.00272727272727273
d_C,0.5793103448275863,3,True,N,0.00272727272727273
d_C,0.603448275862069,0,False,N,0.0180900000000000
d_C,0.603448275862069,1,True,N,0.0180900000000000
d_C,0.603448275862069,2,False,N,0.00272727272727273
d_C,0.603448275862069,3,True,N,0.00272727272727273
d_C,0.6275862068965518,0,False,N,0.0180900000000000
d_C,0.6275862068965518,1,True,N,0.0180900000000000
d_C,0.6275862068965518,2,False,N,0.00272727272727273
d_C,0.6275862068965518,3,True,N,0.00272727272727273
d_C,0.6517241379310345,0,False,N,0.0180900000000000
d_C,0.6517241379310345,1,True,N,0.0180900000000000
d_C,0.6517241379310345,2,False,N,0.00272727272727273
d_C,0.6517241379310345,3,True,N,0.00272727272727273
d_C,0.6758620689655173,0,False,N,0.0180900000000000
d_C,0.6758620689655173,1,True,N,0.0180900000000000
d_C,0.6758620689655173,2,False,N,0.00272727272727273
d_C,0.6758620689655173,3,True,N,0.00272727272727273
d_C,0.7,0,False,N,0.0180900000000000
d_C,0.7,1,True,N,0.0180900000000000
d_C,0.7,2,False,N,0.00272727272727273
d_C,0.7,3,True,N,0.00272727272727273
C_I,0.0,0,False,N,0.0180900000000000
C_I,0.0,1,True,N,0.0180900000000000
C_I,0.005172413793103448,0,False,N,0.0180900000000000
C_I,0.005172413793103448,1,True,N,0.0180900000000000
C_I,0.010344827586206896,0,False,N,0.0180900000000000
C_I,0.010344827586206896,1,True,N,0.0180900000000000
C_I,0.015517241379310345,0,False,N,0.0180900000000000
C_I,0.015517241379310345,1,True,N,0.0180900000000000
C_I,0.020689655172413793,0,False,N,0.0180900000000000
C_I,0.020689655172413793,1,True,N,0.0180900000000000
C_I,0.02586206896551724,0,False,N,0.0180900000000000
C_I,0.02586206896551724,1,True,N,0.0180900000000000
C_I,0.03103448275862069,0,False,N,0.0180900000000000
C_I,0.03103448275862069,1,True,N,0.0180900000000000
C_I,0.03620689655172414,0,False,N,0.0180900000000000
C_I,0.03620689655172414,1,True,N,0.0180900000000000
C_I,0.041379310344827586,0,False,N,0.0180900000000000
C_I,0.041379310344827586,1,True,N,0.0180900000000000
C_I,0.04655172413793103,0,False,N,0.0180900000000000
C_I,0.04655172413793103,1,True,N,0.0180900000000000
C_I,0.05172413793103448,0,False,N,0.0180900000000000
C_I,0.05172413793103448,1,True,N,0.0180900000000000
C_I,0.056896551724137934,0,False,N,0.0180900000000000
C_I,0.056896551724137934,1,True,N,0.0180900000000000
C_I,0.06206896551724138,0,False,N,0.0180900000000000
C_I,0.06206896551724138,1,True,N,0.0180900000000000
C_I,0.06724137931034482,0,False,N,0.0180900000000000
C_I,0.06724137931034482,1,True,N,0.0180900000000000
C_I,0.07241379310344828,0,False,N,0.0180900000000000
C_I,0.07241379310344828,1,True,N,0.0180900000000000
C_I,0.07758620689655173,0,False,N,0.0180900000000000
C_I,0.07758620689655173,1,True,N,0.0180900000000000
C_I,0.07758620689655173,2,False,N,0.00272727272727273
C_I,0.07758620689655173,3,True,N,0.00272727272727273
C_I,0.08275862068965517,0,False,N,0.0180900000000000
C_I,0.08275862068965517,1,True,N,0.0180900000000000
C_I,0.08275862068965517,2,False,N,0.00272727272727273
C_I,0.08275862068965517,3,True,N,0.00272727272727273
C_I,0.08793103448275862,0,False,N,0.0180900000000000
C_I,0.08793103448275862,1,True,N,0.0180900000000000
C_I,0.08793103448275862,2,False,N,0.00272727272727273
C_I,0.08793103448275862,3,True,N,0.00272727272727273
C_I,0.09310344827586206,0,False,N,0.0180900000000000
C_I,0.09310344827586206,1,True,N,0.0180900000000000
C_I,0.09310344827586206,2,False,N,0.00272727272727273
C_I,0.09310344827586206,3,True,N,0.00272727272727273
C_I,0.09827586206896552,0,False,N,0.0180900000000000
C_I,0.09827586206896552,1,True,N,0.0180900000000000
C_I,0.09827586206896552,2,False,N,0.00272727272727273
C_I,0.09827586206896552,3,True,N,0.00272727272727273
C_I,0.10344827586206896,0,False,N,0.0180900000000000
C_I,0.10344827586206896,1,True,N,0.0180900000000000
C_I,0.10344827586206896,2,False,N,0.00272727272727273
C_I,0.10344827586206896,3,True,N,0.00272727272727273
C_I,0.10862068965517241,0,False,N,0.0180900000000000
C_I,0.10862068965517241,1,True,N,0.0180900000000000
C_I,0.10862068965517241,2,False,N,0.00272727272727273
C_I,0.10862068965517241,3,True,N,0.00272727272727273
C_I,0.11379310344827587,0,False,N,0.0180900000000000
C_I,0.11379310344827587,1,True,N,0.0180900000000000
C_I,0.11379310344827587,2,False,N,0.00272727272727273
C_I,0.11379310344827587,3,True,N,0.00272727272727273
C_I,0.11896551724137931,0,False,N,0.0180900000000000
C_I,0.11896551724137931,1,True,N,0.0180900000000000
C_I,0.11896551724137931,2,False,N,0.00272727272727273
C_I,0.11896551724137931,3,True,N,0.00272727272727273
C_I,0.12413793103448276,0,False,N,0.0180900000000000
C_I,0.12413793103448276,1,True,N,0.0180900000000000
C_I,0.12413793103448276,2,False,N,0.00272727272727273
C_I,0.12413793103448276,3,True,N,0.00272727272727273
C_I,0.12931034482758622,0,False,N,0.0180900000000000
C_I,0.12931034482758622,1,True,N,0.0180900000000000
C_I,0.12931034482758622,2,False,N,0.00272727272727273
C_I,0.12931034482758622,3,True,N,0.00272727272727273
C_I,0.13448275862068965,0,False,N,0.0180900000000000
C_I,0.13448275862068965,1,True,N,0.0180900000000000
C_I,0.13448275862068965,2,False,N,0.00272727272727273
C_I,0.13448275862068965,3,True,N,0.00272727272727273
C_I,0.1396551724137931,0,False,N,0.0180900000000000
C_I,0.1396551724137931,1,True,N,0.0180900000000000
C_I,0.1396551724137931,2,False,N,0.00272727272727273
C_I,0.1396551724137931,3,True,N,0.00272727272727273
C_I,0.14482758620689656,0,False,N,0.0180900000000000
C_I,0.14482758620689656,1,True,N,0.0180900000000000
C_I,0.14482758620689656,2,False,N,0.00272727272727273
C_I,0.14482758620689656,3,True,N,0.00272727272727273
C_I,0.15,0,False,N,0.0180900000000000
C_I,0.15,1,True,N,0.0180900000000000
C_I,0.15,2,False,N,0.00272727272727273
C_I,0.15,3,True,N,0.00272727272727273
d_N,0.017241379310344827,0,False,N,0.522090000000000
d_N,0.017241379310344827,1,True,N,0.522090000000000
d_N,0.034482758620689655,0,False,N,0.261090000000000
d_N,0.034482758620689655,1,True,N,0.261090000000000
d_N,0.05172413793103448,0,False,N,0.174090000000000
d_N,0.05172413793103448,1,True,N,0.174090000000000
d_N,0.06896551724137931,0,False,N,0.130590000000000
d_N,0.06896551724137931,1,True,N,0.130590000000000
d_N,0.08620689655172414,0,False,N,0.104490000000000
d_N,0.08620689655172414,1,True,N,0.104490000000000
d_N,0.10344827586206896,0,False,N,0.0870900000000000
d_N,0.10344827586206896,1,True,N,0.0870900000000000
d_N,0.12068965517241378,0,False,N,0.0746614285714286
d_N,0.12068965517241378,1,True,N,0.0746614285714286
d_N,0.13793103448275862,0,False,N,0.0653400000000000
d_N,0.13793103448275862,1,True,N,0.0653400000000000
d_N,0.15517241379310345,0,False,N,0.0580900000000000
d_N,0.15517241379310345,1,True,N,0.0580900000000000
d_N,0.1724137931034483,0,False,N,0.0522900000000000
d_N,0.1724137931034483,1,True,N,0.0522900000000000
d_N,0.1896551724137931,0,False,N,0.0475445454545455
d_N,0.1896551724137931,1,True,N,0.0475445454545455
d_N,0.20689655172413793,0,False,N,0.0435900000000000
d_N,0.20689655172413793,1,True,N,0.0435900000000000
d_N,0.20689655172413793,2,False,N,0.00272727272727273
d_N,0.20689655172413793,3,True,N,0.00272727272727273
d_N,0.22413793103448276,0,False,N,0.0402438461538461
d_N,0.22413793103448276,1,True,N,0.0402438461538461
d_N,0.22413793103448276,2,False,N,0.00272727272727273
d_N,0.22413793103448276,3,True,N,0.00272727272727273
d_N,0.24137931034482757,0,False,N,0.0373757142857143
d_N,0.24137931034482757,1,True,N,0.0373757142857143
d_N,0.24137931034482757,2,False,N,0.00272727272727273
d_N,0.24137931034482757,3,True,N,0.00272727272727273
d_N,0.25862068965517243,0,False,N,0.0348900000000000
d_N,0.25862068965517243,1,True,N,0.0348900000000000
d_N,0.25862068965517243,2,False,N,0.00272727272727273
d_N,0.25862068965517243,3,True,N,0.00272727272727273
d_N,0.27586206896551724,0,False,N,0.0327150000000000
d_N,0.27586206896551724,1,True,N,0.0327150000000000
d_N,0.27586206896551724,2,False,N,0.00272727272727273
d_N,0.27586206896551724,3,True,N,0.00272727272727273
d_N,0.29310344827586204,0,False,N,0.0307958823529412
d_N,0.29310344827586204,1,True,N,0.0307958823529412
d_N,0.29310344827586204,2,False,N,0.00272727272727273
d_N,0.29310344827586204,3,True,N,0.00272727272727273
d_N,0.3103448275862069,0,False,N,0.0290900000000000
d_N,0.3103448275862069,1,True,N,0.0290900000000000
d_N,0.3103448275862069,2,False,N,0.00272727272727273
d_N,0.3103448275862069,3,True,N,0.00272727272727273
d_N,0.3275862068965517,0,False,N,0.0275636842105263
d_N,0.3275862068965517,1,True,N,0.0275636842105263
d_N,0.3275862068965517,2,False,N,0.00272727272727273
d_N,0.3275862068965517,3,True,N,0.00272727272727273
d_N,0.3448275862068966,0,False,N,0.0261900000000000
d_N,0.3448275862068966,1,True,N,0.0261900000000000
d_N,0.3448275862068966,2,False,N,0.00272727272727273
d_N,0.3448275862068966,3,True,N,0.00272727272727273
d_N,0.3620689655172414,0,False,N,0.0249471428571429
d_N,0.3620689655172414,1,True,N,0.0249471428571429
d_N,0.3620689655172414,2,False,N,0.00272727272727273
d_N,0.3620689655172414,3,True,N,0.00272727272727273
d_N,0.3793103448275862,0,False,N,0.0238172727272727
d_N,0.3793103448275862,1,True,N,0.0238172727272727
d_N,0.3793103448275862,2,False,N,0.00272727272727273
d_N,0.3793103448275862,3,True,N,0.00272727272727273
d_N,0.39655172413793105,0,False,N,0.0227856521739130
d_N,0.39655172413793105,1,True,N,0.0227856521739130
d_N,0.39655172413793105,2,False,N,0.00272727272727273
d_N,0.39655172413793105,3,True,N,0.00272727272727273
d_N,0.41379310344827586,0,False,N,0.0218400000000000
d_N,0.41379310344827586,1,True,N,0.0218400000000000
d_N,0.41379310344827586,2,False,N,0.00272727272727273
d_N,0.41379310344827586,3,True,N,0.00272727272727273
d_N,0.43103448275862066,0,False,N,0.0209700000000000
d_N,0.43103448275862066,1,True,N,0.0209700000000000
d_N,0.43103448275862066,2,False,N,0.00272727272727273
d_N,0.43103448275862066,3,True,N,0.00272727272727273
d_N,0.4482758620689655,0,False,N,0.0201669230769231
d_N,0.4482758620689655,1,True,N,0.0201669230769231
d_N,0.4482758620689655,2,False,N,0.00272727272727273
d_N,0.4482758620689655,3,True,N,0.00272727272727273
d_N,0.46551724137931033,0,False,N,0.0194233333333333
d_N,0.46551724137931033,1,True,N,0.0194233333333333
d_N,0.46551724137931033,2,False,N,0.00272727272727273
d_N,0.46551724137931033,3,True,N,0.00272727272727273
d_N,0.48275862068965514,0,False,N,0.0187328571428571
d_N,0.48275862068965514,1,True,N,0.0187328571428571
d_N,0.48275862068965514,2,False,N,0.00272727272727273
d_N,0.48275862068965514,3,True,N,0.00272727272727273
d_N,0.5,0,False,N,0.0180900000000000
d_N,0.5,1,True,N,0.0180900000000000
d_N,0.5,2,False,N,0.00272727272727273
d_N,0.5,3,True,N,0.00272727272727273
N_I,0.0,0,False,N,0.0180000000000000
N_I,0.0,1,True,N,0.0180000000000000
N_I,0.0,2,False,N,0.00272727272727273
N_I,0.0,3,True,N,0.00272727272727273
N_I,6.896551724137931e-05,0,False,N,0.0180689655172414
N_I,6.896551724137931e-05,1,True,N,0.0180689655172414
N_I,6.896551724137931e-05,2,False,N,0.00272727272727273
N_I,6.896551724137931e-05,3,True,N,0.00272727272727273
N_I,0.00013793103448275863,0,False,N,0.0181379310344828
N_I,0.00013793103448275863,1,True,N,0.0181379310344828
N_I,0.00013793103448275863,2,False,N,0.00272727272727273
N_I,0.00013793103448275863,3,True,N,0.00272727272727273
N_I,0.00020689655172413793,0,False,N,0.0182068965517241
N_I,0.00020689655172413793,1,True,N,0.0182068965517241
N_I,0.00020689655172413793,2,False,N,0.00272727272727273
N_I,0.00020689655172413793,3,True,N,0.00272727272727273
N_I,0.00027586206896551725,0,False,N,0.0182758620689655
N_I,0.00027586206896551725,1,True,N,0.0182758620689655
N_I,0.00027586206896551725,2,False,N,0.00272727272727273
N_I,0.00027586206896551725,3,True,N,0.00272727272727273
N_I,0.0003448275862068966,0,False,N,0.0183448275862069
N_I,0.0003448275862068966,1,True,N,0.0183448275862069
N_I,0.0003448275862068966,2,False,N,0.00272727272727273
N_I,0.0003448275862068966,3,True,N,0.00272727272727273
N_I,0.00041379310344827585,0,False,N,0.0184137931034483
N_I,0.00041379310344827585,1,True,N,0.0184137931034483
N_I,0.00041379310344827585,2,False,N,0.00272727272727273
N_I,0.00041379310344827585,3,True,N,0.00272727272727273
N_I,0.0004827586206896552,0,False,N,0.0184827586206897
N_I,0.0004827586206896552,1,True,N,0.0184827586206897
N_I,0.0004827586206896552,2,False,N,0.00272727272727273
N_I,0.0004827586206896552,3,True,N,0.00272727272727273
N_I,0.0005517241379310345,0,False,N,0.0185517241379310
N_I,0.0005517241379310345,1,True,N,0.0185517241379310
N_I,0.0005517241379310345,2,False,N,0.00272727272727273
N_I,0.0005517241379310345,3,True,N,0.00272727272727273
N_I,0.0006206896551724138,0,False,N,0.0186206896551724
N_I,0.0006206896551724138,1,True,N,0.0186206896551724
N_I,0.0006206896551724138,2,False,N,0.00272727272727273
N_I,0.0006206896551724138,3,True,N,0.00272727272727273
N_I,0.0006896551724137932,0,False,N,0.0186896551724138
N_I,0.0006896551724137932,1,True,N,0.0186896551724138
N_I,0.0006896551724137932,2,False,N,0.00272727272727273
N_I,0.0006896551724137932,3,True,N,0.00272727272727273
N_I,0.0007586206896551725,0,False,N,0.0187586206896552
N_I,0.0007586206896551725,1,True,N,0.0187586206896552
N_I,0.0007586206896551725,2,False,N,0.00272727272727273
N_I,0.0007586206896551725,3,True,N,0.00272727272727273
N_I,0.0008275862068965517,0,False,N,0.0188275862068966
N_I,0.0008275862068965517,1,True,N,0.0188275862068966
N_I,0.0008275862068965517,2,False,N,0.00272727272727273
N_I,0.0008275862068965517,3,True,N,0.00272727272727273
N_I,0.000896551724137931,0,False,N,0.0188965517241379
N_I,0.000896551724137931,1,True,N,0.0188965517241379
N_I,0.000896551724137931,2,False,N,0.00272727272727273
N_I,0.000896551724137931,3,True,N,0.00272727272727273
N_I,0.0009655172413793104,0,False,N,0.0189655172413793
N_I,0.0009655172413793104,1,True,N,0.0189655172413793
N_I,0.0009655172413793104,2,False,N,0.00272727272727273
N_I,0.0009655172413793104,3,True,N,0.00272727272727273
N_I,0.0010344827586206897,0,False,N,0.0190344827586207
N_I,0.0010344827586206897,1,True,N,0.0190344827586207
N_I,0.0010344827586206897,2,False,N,0.00272727272727273
N_I,0.0010344827586206897,3,True,N,0.00272727272727273
N_I,0.001103448275862069,0,False,N,0.0191034482758621
N_I,0.001103448275862069,1,True,N,0.0191034482758621
N_I,0.001103448275862069,2,False,N,0.00272727272727273
N_I,0.001103448275862069,3,True,N,0.00272727272727273
N_I,0.0011724137931034483,0,False,N,0.0191724137931034
N_I,0.0011724137931034483,1,True,N,0.0191724137931034
N_I,0.0011724137931034483,2,False,N,0.00272727272727273
N_I,0.0011724137931034483,3,True,N,0.00272727272727273
N_I,0.0012413793103448277,0,False,N,0.0192413793103448
N_I,0.0012413793103448277,1,True,N,0.0192413793103448
N_I,0.0012413793103448277,2,False,N,0.00272727272727273
N_I,0.0012413793103448277,3,True,N,0.00272727272727273
N_I,0.001310344827586207,0,False,N,0.0193103448275862
N_I,0.001310344827586207,1,True,N,0.0193103448275862
N_I,0.001310344827586207,2,False,N,0.00272727272727273
N_I,0.001310344827586207,3,True,N,0.00272727272727273
N_I,0.0013793103448275863,0,False,N,0.0193793103448276
N_I,0.0013793103448275863,1,True,N,0.0193793103448276
N_I,0.0013793103448275863,2,False,N,0.00272727272727273
N_I,0.0013793103448275863,3,True,N,0.00272727272727273
N_I,0.0014482758620689656,0,False,N,0.0194482758620690
N_I,0.0014482758620689656,1,True,N,0.0194482758620690
N_I,0.0014482758620689656,2,False,N,0.00272727272727273
N_I,0.0014482758620689656,3,True,N,0.00272727272727273
N_I,0.001517241379310345,0,False,N,0.0195172413793103
N_I,0.001517241379310345,1,True,N,0.0195172413793103
N_I,0.001517241379310345,2,False,N,0.00272727272727273
N_I,0.001517241379310345,3,True,N,0.00272727272727273
N_I,0.0015862068965517243,0,False,N,0.0195862068965517
N_I,0.0015862068965517243,1,True,N,0.0195862068965517
N_I,0.0015862068965517243,2,False,N,0.00272727272727273
N_I,0.0015862068965517243,3,True,N,0.00272727272727273
N_I,0.0016551724137931034,0,False,N,0.0196551724137931
N_I,0.0016551724137931034,1,True,N,0.0196551724137931
N_I,0.0016551724137931034,2,False,N,0.00272727272727273
N_I,0.0016551724137931034,3,True,N,0.00272727272727273
N_I,0.0017241379310344827,0,False,N,0.0197241379310345
N_I,0.0017241379310344827,1,True,N,0.0197241379310345
N_I,0.001793103448275862,0,False,N,0.0197931034482759
N_I,0.001793103448275862,1,True,N,0.0197931034482759
N_I,0.0018620689655172414,0,False,N,0.0198620689655172
N_I,0.0018620689655172414,1,True,N,0.0198620689655172
N_I,0.0019310344827586207,0,False,N,0.0199310344827586
N_I,0.0019310344827586207,1,True,N,0.0199310344827586
N_I,0.002,0,False,N,0.0200000000000000
N_I,0.002,1,True,N,0.0200000000000000
m_H,0.01,0,False,N,0.00609000000000000
m_H,0.01,1,True,N,0.00609000000000000
m_H,0.01,2,False,N,0.00272727272727273
m_H,0.01,3,True,N,0.00272727272727273
m_H,0.011379310344827587,0,False,N,0.00691758620689656
m_H,0.011379310344827587,1,True,N,0.00691758620689656
m_H,0.011379310344827587,2,False,N,0.00272727272727273
m_H,0.011379310344827587,3,True,N,0.00272727272727273
m_H,0.012758620689655173,0,False,N,0.00774517241379312
m_H,0.012758620689655173,1,True,N,0.00774517241379312
m_H,0.012758620689655173,2,False,N,0.00272727272727273
m_H,0.012758620689655173,3,True,N,0.00272727272727273
m_H,0.01413793103448276,0,False,N,0.00857275862068966
m_H,0.01413793103448276,1,True,N,0.00857275862068966
m_H,0.01413793103448276,2,False,N,0.00272727272727273
m_H,0.01413793103448276,3,True,N,0.00272727272727273
m_H,0.015517241379310345,0,False,N,0.00940034482758619
m_H,0.015517241379310345,1,True,N,0.00940034482758619
m_H,0.015517241379310345,2,False,N,0.00272727272727273
m_H,0.015517241379310345,3,True,N,0.00272727272727273
m_H,0.016896551724137933,0,False,N,0.0102279310344828
m_H,0.016896551724137933,1,True,N,0.0102279310344828
m_H,0.016896551724137933,2,False,N,0.00272727272727273
m_H,0.016896551724137933,3,True,N,0.00272727272727273
m_H,0.018275862068965518,0,False,N,0.0110555172413793
m_H,0.018275862068965518,1,True,N,0.0110555172413793
m_H,0.018275862068965518,2,False,N,0.00272727272727273
m_H,0.018275862068965518,3,True,N,0.00272727272727273
m_H,0.019655172413793102,0,False,N,0.0118831034482759
m_H,0.019655172413793102,1,True,N,0.0118831034482759
m_H,0.019655172413793102,2,False,N,0.00272727272727273
m_H,0.019655172413793102,3,True,N,0.00272727272727273
m_H,0.02103448275862069,0,False,N,0.0127106896551724
m_H,0.02103448275862069,1,True,N,0.0127106896551724
m_H,0.02103448275862069,2,False,N,0.00272727272727273
m_H,0.02103448275862069,3,True,N,0.00272727272727273
m_H,0.02241379310344828,0,False,N,0.0135382758620690
m_H,0.02241379310344828,1,True,N,0.0135382758620690
m_H,0.02241379310344828,2,False,N,0.00272727272727273
m_H,0.02241379310344828,3,True,N,0.00272727272727273
m_H,0.023793103448275864,0,False,N,0.0143658620689655
m_H,0.023793103448275864,1,True,N,0.0143658620689655
m_H,0.023793103448275864,2,False,N,0.00272727272727273
m_H,0.023793103448275864,3,True,N,0.00272727272727273
m_H,0.02517241379310345,0,False,N,0.0151934482758621
m_H,0.02517241379310345,1,True,N,0.0151934482758621
m_H,0.02517241379310345,2,False,N,0.00272727272727273
m_H,0.02517241379310345,3,True,N,0.00272727272727273
m_H,0.026551724137931033,0,False,N,0.0160210344827586
m_H,0.026551724137931033,1,True,N,0.0160210344827586
m_H,0.026551724137931033,2,False,N,0.00272727272727273
m_H,0.026551724137931033,3,True,N,0.00272727272727273
m_H,0.027931034482758625,0,False,N,0.0168486206896552
m_H,0.027931034482758625,1,True,N,0.0168486206896552
m_H,0.027931034482758625,2,False,N,0.00272727272727273
m_H,0.027931034482758625,3,True,N,0.00272727272727273
m_H,0.02931034482758621,0,False,N,0.0176762068965517
m_H,0.02931034482758621,1,True,N,0.0176762068965517
m_H,0.02931034482758621,2,False,N,0.00272727272727273
m_H,0.02931034482758621,3,True,N,0.00272727272727273
m_H,0.030689655172413795,0,False,N,0.0185037931034483
m_H,0.030689655172413795,1,True,N,0.0185037931034483
m_H,0.030689655172413795,2,False,N,0.00272727272727273
m_H,0.030689655172413795,3,True,N,0.00272727272727273
m_H,0.03206896551724138,0,False,N,0.0193313793103448
m_H,0.03206896551724138,1,True,N,0.0193313793103448
m_H,0.03206896551724138,2,False,N,0.00272727272727273
m_H,0.03206896551724138,3,True,N,0.00272727272727273
m_H,0.033448275862068964,0,False,N,0.0201589655172414
m_H,0.033448275862068964,1,True,N,0.0201589655172414
m_H,0.033448275862068964,2,False,N,0.00272727272727273
m_H,0.033448275862068964,3,True,N,0.00272727272727273
m_H,0.034827586206896556,0,False,N,0.0209865517241379
m_H,0.034827586206896556,1,True,N,0.0209865517241379
m_S,0.03,0,False,N,0.0180900000000000
m_S,0.03,1,True,N,0.0180900000000000
m_S,0.03,2,False,N,0.00272727272727273
m_S,0.03,3,True,N,0.00272727272727273
m_S,0.03586206896551724,0,False,N,0.0180900000000000
m_S,0.03586206896551724,1,True,N,0.0180900000000000
m_S,0.03586206896551724,2,False,N,0.00334943639291465
m_S,0.03586206896551724,3,True,N,0.00334943639291465
m_S,0.04172413793103448,0,False,N,0.0180900000000000
m_S,0.04172413793103448,1,True,N,0.0180900000000000
m_S,0.04172413793103448,2,False,N,0.00400662251655629
m_S,0.04172413793103448,3,True,N,0.00400662251655629
m_S,0.04758620689655173,0,False,N,0.0180900000000000
m_S,0.04758620689655173,1,True,N,0.0180900000000000
m_S,0.04758620689655173,2,False,N,0.00470187393526405
m_S,0.04758620689655173,3,True,N,0.00470187393526405
m_S,0.05344827586206896,0,False,N,0.0180900000000000
m_S,0.05344827586206896,1,True,N,0.0180900000000000
m_S,0.05344827586206896,2,False,N,0.00543859649122807
m_S,0.05344827586206896,3,True,N,0.00543859649122807
m_S,0.05931034482758621,0,False,N,0.0180900000000000
m_S,0.05931034482758621,1,True,N,0.0180900000000000
m_S,0.05931034482758621,2,False,N,0.00622061482820976
m_S,0.05931034482758621,3,True,N,0.00622061482820976
m_S,0.06517241379310346,0,False,N,0.0180900000000000
m_S,0.06517241379310346,1,True,N,0.0180900000000000
m_S,0.06517241379310346,2,False,N,0.00705223880597016
m_S,0.06517241379310346,3,True,N,0.00705223880597016
m_S,0.07103448275862069,0,False,N,0.0180900000000000
m_S,0.07103448275862069,1,True,N,0.0180900000000000
m_S,0.07103448275862069,2,False,N,0.00793834296724470
m_S,0.07103448275862069,3,True,N,0.00793834296724470
m_S,0.07689655172413792,0,False,N,0.0180900000000000
m_S,0.07689655172413792,1,True,N,0.0180900000000000
m_S,0.07689655172413792,2,False,N,0.00888446215139442
m_S,0.07689655172413792,3,True,N,0.00888446215139442
m_S,0.08275862068965517,0,False,N,0.0180900000000000
m_S,0.08275862068965517,1,True,N,0.0180900000000000
m_S,0.08275862068965517,2,False,N,0.00989690721649484
m_S,0.08275862068965517,3,True,N,0.00989690721649484
m_S,0.08862068965517242,0,False,N,0.0180900000000000
m_S,0.08862068965517242,1,True,N,0.0180900000000001
m_S,0.08862068965517242,2,False,N,0.0109829059829060
m_S,0.08862068965517242,3,True,N,0.0109829059829060
m_S,0.09448275862068965,0,False,N,0.0180900000000000
m_S,0.09448275862068965,1,True,N,0.0180899999999999
m_S,0.09448275862068965,2,False,N,0.0121507760532151
m_S,0.09448275862068965,3,True,N,0.0121507760532151
m_S,0.1003448275862069,0,False,N,0.0180900000000000
m_S,0.1003448275862069,1,True,N,0.0180899999999999
m_S,0.1003448275862069,2,False,N,0.0134101382488479
m_S,0.1003448275862069,3,True,N,0.0134101382488479
m_S,0.10620689655172413,0,False,N,0.0180900000000000
m_S,0.10620689655172413,1,True,N,0.0180900000000000
m_S,0.10620689655172413,2,False,N,0.0147721822541966
m_S,0.10620689655172413,3,True,N,0.0147721822541966
m_S,0.11206896551724138,0,False,N,0.0180900000000000
m_S,0.11206896551724138,1,True,N,0.0180900000000000
m_S,0.11206896551724138,2,False,N,0.0162500000000000
m_S,0.11206896551724138,3,True,N,0.0162500000000000
m_S,0.11793103448275861,0,False,N,0.0180900000000000
m_S,0.11793103448275861,1,True,N,0.0180899999999999
m_S,0.11793103448275861,2,False,N,0.0178590078328983
m_S,0.11793103448275861,3,True,N,0.0178590078328983
m_S,0.12379310344827586,0,True,N,0.0180900000000000
m_S,0.1296551724137931,0,True,N,0.0180900000000000
m_S,0.13551724137931034,0,True,N,0.0180900000000000
m_S,0.1413793103448276,0,True,N,0.0180900000000000
m_S,0.1472413793103448,0,True,N,0.0180900000000000
m_S,0.1531034482758621,0,True,N,0.0180900000000000
m_S,0.1589655172413793,0,True,N,0.0180900000000000
m_S,0.16482758620689655,0,True,N,0.0180900000000000
m_S,0.1706896551724138,0,True,N,0.0180900000000000
m_S,0.17655172413793105,0,True,N,0.0180900000000000
m_S,0.18241379310344827,0,True,N,0.0180900000000000
m_S,0.18827586206896552,0,True,N,0.0180900000000000
m_S,0.19413793103448276,0,True,N,0.0180900000000000
m_S,0.2,0,True,N,0.0180900000000000
K_C,0.0001,0,False,N,0.0180900000000000
K_C,0.0001,1,True,N,0.0180900000000000
K_C,0.0001,2,False,N,0.00272727272727273
K_C,0.0001,3,True,N,0.00272727272727273
K_C,0.00216551724137931,0,False,N,0.0180900000000000
K_C,0.00216551724137931,1,True,N,0.0180900000000000
K_C,0.00216551724137931,2,False,N,0.00272727272727273
K_C,0.00216551724137931,3,True,N,0.00272727272727273
K_C,0.00423103448275862,0,False,N,0.0180900000000000
K_C,0.00423103448275862,1,True,N,0.0180900000000000
K_C,0.00423103448275862,2,False,N,0.00272727272727273
K_C,0.00423103448275862,3,True,N,0.00272727272727273
K_C,0.00629655172413793,0,False,N,0.0180900000000000
K_C,0.00629655172413793,1,True,N,0.0180900000000000
K_C,0.00629655172413793,2,False,N,0.00272727272727273
K_C,0.00629655172413793,3,True,N,0.00272727272727273
K_C,0.00836206896551724,0,False,N,0.0180900000000000
K_C,0.00836206896551724,1,True,N,0.0180900000000000
K_C,0.00836206896551724,2,False,N,0.00272727272727273
K_C,0.00836206896551724,3,True,N,0.00272727272727273
K_C,0.01042758620689655,0,False,N,0.0180900000000000
K_C,0.01042758620689655,1,True,N,0.0180900000000000
K_C,0.01042758620689655,2,False,N,0.00272727272727273
K_C,0.01042758620689655,3,True,N,0.00272727272727273
K_C,0.01249310344827586,0,False,N,0.0180900000000000
K_C,0.01249310344827586,1,True,N,0.0180900000000000
K_C,0.01249310344827586,2,False,N,0.00272727272727273
K_C,0.01249310344827586,3,True,N,0.00272727272727273
K_C,0.01455862068965517,0,False,N,0.0180900000000000
K_C,0.01455862068965517,1,True,N,0.0180900000000000
K_C,0.01455862068965517,2,False,N,0.00272727272727273
K_C,0.01455862068965517,3,True,N,0.00272727272727273
K_C,0.01662413793103448,0,False,N,0.0180900000000000
K_C,0.01662413793103448,1,True,N,0.0180900000000000
K_C,0.01662413793103448,2,False,N,0.00272727272727273
K_C,0.01662413793103448,3,True,N,0.00272727272727273
K_C,0.018689655172413788,0,False,N,0.0180900000000000
K_C,0.018689655172413788,1,True,N,0.0180900000000000
K_C,0.018689655172413788,2,False,N,0.00272727272727273
K_C,0.018689655172413788,3,True,N,0.00272727272727273
K_C,0.0207551724137931,0,False,N,0.0180900000000000
K_C,0.0207551724137931,1,True,N,0.0180900000000000
K_C,0.0207551724137931,2,False,N,0.00272727272727273
K_C,0.0207551724137931,3,True,N,0.00272727272727273
K_C,0.02282068965517241,0,False,N,0.0180900000000000
K_C,0.02282068965517241,1,True,N,0.0180900000000000
K_C,0.02282068965517241,2,False,N,0.00272727272727273
K_C,0.02282068965517241,3,True,N,0.00272727272727273
K_C,0.02488620689655172,0,False,N,0.0180900000000000
K_C,0.02488620689655172,1,True,N,0.0180900000000000
K_C,0.02488620689655172,2,False,N,0.00272727272727273
K_C,0.02488620689655172,3,True,N,0.00272727272727273
K_C,0.026951724137931028,0,False,N,0.0180900000000000
K_C,0.026951724137931028,1,True,N,0.0180900000000000
K_C,0.026951724137931028,2,False,N,0.00272727272727273
K_C,0.026951724137931028,3,True,N,0.00272727272727273
K_C,0.02901724137931034,0,False,N,0.0180900000000000
K_C,0.02901724137931034,1,True,N,0.0180900000000000
K_C,0.02901724137931034,2,False,N,0.00272727272727273
K_C,0.02901724137931034,3,True,N,0.00272727272727273
K_C,0.03108275862068965,0,False,N,0.0180900000000000
K_C,0.03108275862068965,1,True,N,0.0180900000000000
K_C,0.03108275862068965,2,False,N,0.00272727272727273
K_C,0.03108275862068965,3,True,N,0.00272727272727273
K_C,0.03314827586206896,0,False,N,0.0180900000000000
K_C,0.03314827586206896,1,True,N,0.0180900000000000
K_C,0.03314827586206896,2,False,N,0.00272727272727273
K_C,0.03314827586206896,3,True,N,0.00272727272727273
K_C,0.03521379310344827,0,False,N,0.0180900000000000
K_C,0.03521379310344827,1,True,N,0.0180900000000000
K_C,0.03521379310344827,2,False,N,0.00272727272727273
K_C,0.03521379310344827,3,True,N,0.00272727272727273
K_C,0.03727931034482758,0,False,N,0.0180900000000000
K_C,0.03727931034482758,1,True,N,0.0180900000000000
K_C,0.03727931034482758,2,False,N,0.00272727272727273
K_C,0.03727931034482758,3,True,N,0.00272727272727273
K_C,0.039344827586206894,0,False,N,0.0180900000000000
K_C,0.039344827586206894,1,True,N,0.0180900000000000
K_C,0.0414103448275862,0,False,N,0.0180900000000000
K_C,0.0414103448275862,1,True,N,0.0180900000000000
K_C,0.04347586206896551,0,False,N,0.0180900000000000
K_C,0.04347586206896551,1,True,N,0.0180900000000000
K_C,0.045541379310344826,0,False,N,0.0180900000000000
K_C,0.045541379310344826,1,True,N,0.0180900000000000
K_C,0.047606896551724134,0,False,N,0.0180900000000000
K_C,0.047606896551724134,1,True,N,0.0180900000000000
K_C,0.04967241379310344,0,False,N,0.0180900000000000
K_C,0.04967241379310344,1,True,N,0.0180900000000000
K_C,0.05173793103448275,0,False,N,0.0180900000000000
K_C,0.05173793103448275,1,True,N,0.0180900000000000
K_C,0.05380344827586206,0,False,N,0.0180900000000000
K_C,0.05380344827586206,1,True,N,0.0180900000000000
K_C,0.055868965517241374,0,False,N,0.0180900000000000
K_C,0.055868965517241374,1,True,N,0.0180900000000000
K_C,0.05793448275862068,0,False,N,0.0180900000000000
K_C,0.05793448275862068,1,True,N,0.0180900000000000
K_C,0.06,0,False,N,0.0180900000000000
K_C,0.06,1,True,N,0.0180900000000000
f_{\max},0.010344827586206898,2,False,N,0.00272727272727273
f_{\max},0.010344827586206898,3,True,N,0.00272727272727273
f_{\max},0.013793103448275864,2,False,N,0.00272727272727273
f_{\max},0.013793103448275864,3,True,N,0.00272727272727273
f_{\max},0.01724137931034483,2,False,N,0.00272727272727273
f_{\max},0.01724137931034483,3,True,N,0.00272727272727273
f_{\max},0.020689655172413796,2,False,N,0.00272727272727273
f_{\max},0.020689655172413796,3,True,N,0.00272727272727273
f_{\max},0.024137931034482762,2,False,N,0.00272727272727273
f_{\max},0.024137931034482762,3,True,N,0.00272727272727273
f_{\max},0.027586206896551727,2,False,N,0.00272727272727273
f_{\max},0.027586206896551727,3,True,N,0.00272727272727273
f_{\max},0.031034482758620693,2,False,N,0.00272727272727273
f_{\max},0.031034482758620693,3,True,N,0.00272727272727273
f_{\max},0.03448275862068966,2,False,N,0.00272727272727273
f_{\max},0.03448275862068966,3,True,N,0.00272727272727273
f_{\max},0.03793103448275863,2,False,N,0.00272727272727273
f_{\max},0.03793103448275863,3,True,N,0.00272727272727273
f_{\max},0.04137931034482759,2,False,N,0.00272727272727273
f_{\max},0.04137931034482759,3,True,N,0.00272727272727273
f_{\max},0.04482758620689656,2,False,N,0.00272727272727273
f_{\max},0.04482758620689656,3,True,N,0.00272727272727273
f_{\max},0.048275862068965524,2,False,N,0.00272727272727273
f_{\max},0.048275862068965524,3,True,N,0.00272727272727273
f_{\max},0.05172413793103449,2,False,N,0.00272727272727273
f_{\max},0.05172413793103449,3,True,N,0.00272727272727273
f_{\max},0.055172413793103454,2,False,N,0.00272727272727273
f_{\max},0.055172413793103454,3,True,N,0.00272727272727273
f_{\max},0.05862068965517242,2,False,N,0.00272727272727273
f_{\max},0.05862068965517242,3,True,N,0.00272727272727273
f_{\max},0.062068965517241385,0,False,N,0.0180900000000000
f_{\max},0.062068965517241385,1,True,N,0.0180900000000000
f_{\max},0.062068965517241385,2,False,N,0.00272727272727273
f_{\max},0.062068965517241385,3,True,N,0.00272727272727273
f_{\max},0.06551724137931035,0,False,N,0.0180900000000000
f_{\max},0.06551724137931035,1,True,N,0.0180900000000000
f_{\max},0.06551724137931035,2,False,N,0.00272727272727273
f_{\max},0.06551724137931035,3,True,N,0.00272727272727273
f_{\max},0.06896551724137932,0,False,N,0.0180900000000000
f_{\max},0.06896551724137932,1,True,N,0.0180900000000000
f_{\max},0.06896551724137932,2,False,N,0.00272727272727273
f_{\max},0.06896551724137932,3,True,N,0.00272727272727273
f_{\max},0.07241379310344828,0,False,N,0.0180899999999999
f_{\max},0.07241379310344828,1,True,N,0.0180899999999999
f_{\max},0.07241379310344828,2,False,N,0.00272727272727273
f_{\max},0.07241379310344828,3,True,N,0.00272727272727273
f_{\max},0.07586206896551725,0,False,N,0.0180900000000000
f_{\max},0.07586206896551725,1,True,N,0.0180900000000000
f_{\max},0.07586206896551725,2,False,N,0.00272727272727273
f_{\max},0.07586206896551725,3,True,N,0.00272727272727273
f_{\max},0.07931034482758621,0,False,N,0.0180899999999999
f_{\max},0.07931034482758621,1,True,N,0.0180899999999999
f_{\max},0.07931034482758621,2,False,N,0.00272727272727273
f_{\max},0.07931034482758621,3,True,N,0.00272727272727273
f_{\max},0.08275862068965519,0,False,N,0.0180900000000000
f_{\max},0.08275862068965519,1,True,N,0.0180900000000000
f_{\max},0.08275862068965519,2,False,N,0.00272727272727273
f_{\max},0.08275862068965519,3,True,N,0.00272727272727273
f_{\max},0.08620689655172414,0,False,N,0.0180900000000000
f_{\max},0.08620689655172414,1,True,N,0.0180900000000000
f_{\max},0.08620689655172414,2,False,N,0.00272727272727273
f_{\max},0.08620689655172414,3,True,N,0.00272727272727273
f_{\max},0.08965517241379312,0,False,N,0.0180900000000001
f_{\max},0.08965517241379312,1,True,N,0.0180900000000001
f_{\max},0.08965517241379312,2,False,N,0.00272727272727273
f_{\max},0.08965517241379312,3,True,N,0.00272727272727273
f_{\max},0.09310344827586207,0,False,N,0.0180899999999999
f_{\max},0.09310344827586207,1,True,N,0.0180899999999999
f_{\max},0.09310344827586207,2,False,N,0.00272727272727273
f_{\max},0.09310344827586207,3,True,N,0.00272727272727273
f_{\max},0.09655172413793105,0,False,N,0.0180900000000001
f_{\max},0.09655172413793105,1,True,N,0.0180900000000001
f_{\max},0.09655172413793105,2,False,N,0.00272727272727273
f_{\max},0.09655172413793105,3,True,N,0.00272727272727273
f_{\max},0.1,0,False,N,0.0180900000000000
f_{\max},0.1,1,True,N,0.0180900000000000
f_{\max},0.1,2,False,N,0.00272727272727273
f_{\max},0.1,3,True,N,0.00272727272727273
Q_{food},0.013793103448275864,0,True,N,0.00174517241379310
Q_{food},0.020689655172413796,0,True,N,0.00257275862068966
Q_{food},0.027586206896551727,0,False,N,0.00340034482758621
Q_{food},0.027586206896551727,1,True,N,0.00340034482758621
Q_{food},0.027586206896551727,2,False,N,0.00272727272727273
Q_{food},0.027586206896551727,3,True,N,0.00272727272727273
Q_{food},0.03448275862068966,0,False,N,0.00422793103448277
Q_{food},0.03448275862068966,1,True,N,0.00422793103448277
Q_{food},0.03448275862068966,2,False,N,0.00272727272727273
Q_{food},0.03448275862068966,3,True,N,0.00272727272727273
Q_{food},0.04137931034482759,0,False,N,0.00505551724137931
Q_{food},0.04137931034482759,1,True,N,0.00505551724137931
Q_{food},0.04137931034482759,2,False,N,0.00272727272727273
Q_{food},0.04137931034482759,3,True,N,0.00272727272727273
Q_{food},0.048275862068965524,0,False,N,0.00588310344827587
Q_{food},0.048275862068965524,1,True,N,0.00588310344827587
Q_{food},0.048275862068965524,2,False,N,0.00272727272727273
Q_{food},0.048275862068965524,3,True,N,0.00272727272727273
Q_{food},0.055172413793103454,0,False,N,0.00671068965517241
Q_{food},0.055172413793103454,1,True,N,0.00671068965517241
Q_{food},0.055172413793103454,2,False,N,0.00272727272727273
Q_{food},0.055172413793103454,3,True,N,0.00272727272727273
Q_{food},0.062068965517241385,0,False,N,0.00753827586206897
Q_{food},0.062068965517241385,1,True,N,0.00753827586206897
Q_{food},0.062068965517241385,2,False,N,0.00272727272727273
Q_{food},0.062068965517241385,3,True,N,0.00272727272727273
Q_{food},0.06896551724137932,0,False,N,0.00836586206896551
Q_{food},0.06896551724137932,1,True,N,0.00836586206896551
Q_{food},0.06896551724137932,2,False,N,0.00272727272727273
Q_{food},0.06896551724137932,3,True,N,0.00272727272727273
Q_{food},0.07586206896551725,0,False,N,0.00919344827586207
Q_{food},0.07586206896551725,1,True,N,0.00919344827586207
Q_{food},0.07586206896551725,2,False,N,0.00272727272727273
Q_{food},0.07586206896551725,3,True,N,0.00272727272727273
Q_{food},0.08275862068965519,0,False,N,0.0100210344827586
Q_{food},0.08275862068965519,1,True,N,0.0100210344827586
Q_{food},0.08275862068965519,2,False,N,0.00272727272727273
Q_{food},0.08275862068965519,3,True,N,0.00272727272727273
Q_{food},0.08965517241379312,0,False,N,0.0108486206896552
Q_{food},0.08965517241379312,1,True,N,0.0108486206896552
Q_{food},0.08965517241379312,2,False,N,0.00272727272727273
Q_{food},0.08965517241379312,3,True,N,0.00272727272727273
Q_{food},0.09655172413793105,0,False,N,0.0116762068965517
Q_{food},0.09655172413793105,1,True,N,0.0116762068965517
Q_{food},0.09655172413793105,2,False,N,0.00272727272727273
Q_{food},0.09655172413793105,3,True,N,0.00272727272727273
Q_{food},0.10344827586206898,0,False,N,0.0125037931034483
Q_{food},0.10344827586206898,1,True,N,0.0125037931034483
Q_{food},0.10344827586206898,2,False,N,0.00272727272727273
Q_{food},0.10344827586206898,3,True,N,0.00272727272727273
Q_{food},0.11034482758620691,0,False,N,0.0133313793103448
Q_{food},0.11034482758620691,1,True,N,0.0133313793103448
Q_{food},0.11034482758620691,2,False,N,0.00272727272727273
Q_{food},0.11034482758620691,3,True,N,0.00272727272727273
Q_{food},0.11724137931034484,0,False,N,0.0141589655172414
Q_{food},0.11724137931034484,1,True,N,0.0141589655172414
Q_{food},0.11724137931034484,2,False,N,0.00272727272727273
Q_{food},0.11724137931034484,3,True,N,0.00272727272727273
Q_{food},0.12413793103448277,0,False,N,0.0149865517241379
Q_{food},0.12413793103448277,1,True,N,0.0149865517241379
Q_{food},0.12413793103448277,2,False,N,0.00272727272727273
Q_{food},0.12413793103448277,3,True,N,0.00272727272727273
Q_{food},0.1310344827586207,0,False,N,0.0158141379310345
Q_{food},0.1310344827586207,1,True,N,0.0158141379310345
Q_{food},0.1310344827586207,2,False,N,0.00272727272727273
Q_{food},0.1310344827586207,3,True,N,0.00272727272727273
Q_{food},0.13793103448275865,0,False,N,0.0166417241379310
Q_{food},0.13793103448275865,1,True,N,0.0166417241379310
Q_{food},0.13793103448275865,2,False,N,0.00272727272727273
Q_{food},0.13793103448275865,3,True,N,0.00272727272727273
Q_{food},0.14482758620689656,0,False,N,0.0174693103448277
Q_{food},0.14482758620689656,1,True,N,0.0174693103448277
Q_{food},0.14482758620689656,2,False,N,0.00272727272727273
Q_{food},0.14482758620689656,3,True,N,0.00272727272727273
Q_{food},0.1517241379310345,0,False,N,0.0182968965517241
Q_{food},0.1517241379310345,1,True,N,0.0182968965517241
Q_{food},0.1517241379310345,2,False,N,0.00272727272727273
Q_{food},0.1517241379310345,3,True,N,0.00272727272727273
Q_{food},0.15862068965517243,0,False,N,0.0191244827586208
Q_{food},0.15862068965517243,1,True,N,0.0191244827586208
Q_{food},0.15862068965517243,2,False,N,0.00272727272727273
Q_{food},0.15862068965517243,3,True,N,0.00272727272727273
Q_{food},0.16551724137931037,0,False,N,0.0199520689655172
Q_{food},0.16551724137931037,1,True,N,0.0199520689655172
Q_{food},0.16551724137931037,2,False,N,0.00272727272727273
Q_{food},0.16551724137931037,3,True,N,0.00272727272727273
Q_{food},0.1724137931034483,0,False,N,0.0207796551724138
Q_{food},0.1724137931034483,1,True,N,0.0207796551724138
Q_{food},0.1724137931034483,2,False,N,0.00272727272727273
Q_{food},0.1724137931034483,3,True,N,0.00272727272727273
Q_{food},0.17931034482758623,0,False,N,0.0216072413793103
Q_{food},0.17931034482758623,1,True,N,0.0216072413793103
Q_{food},0.17931034482758623,2,False,N,0.00272727272727273
Q_{food},0.17931034482758623,3,True,N,0.00272727272727273
Q_{food},0.18620689655172415,0,False,N,0.0224348275862069
Q_{food},0.18620689655172415,1,True,N,0.0224348275862069
Q_{food},0.18620689655172415,2,False,N,0.00272727272727273
Q_{food},0.18620689655172415,3,True,N,0.00272727272727273
Q_{food},0.1931034482758621,0,False,N,0.0232624137931033
Q_{food},0.1931034482758621,1,True,N,0.0232624137931033
Q_{food},0.1931034482758621,2,False,N,0.00272727272727273
Q_{food},0.1931034482758621,3,True,N,0.00272727272727273
Q_{food},0.2,0,False,N,0.0240900000000000
Q_{food},0.2,1,True,N,0.0240900000000000
Q_{food},0.2,2,False,N,0.00272727272727273
Q_{food},0.2,3,True,N,0.00272727272727273
Q_S,0.01,0,False,N,0.0180900000000000
Q_S,0.01,1,True,N,0.0180900000000000
Q_S,0.016551724137931035,0,False,N,0.0180900000000000
Q_S,0.016551724137931035,1,True,N,0.0180900000000000
Q_S,0.023103448275862068,0,False,N,0.0180900000000000
Q_S,0.023103448275862068,1,True,N,0.0180900000000000
Q_S,0.029655172413793104,0,False,N,0.0180900000000000
Q_S,0.029655172413793104,1,True,N,0.0180900000000000
Q_S,0.03620689655172414,0,False,N,0.0180900000000000
Q_S,0.03620689655172414,1,True,N,0.0180900000000000
Q_S,0.04275862068965518,0,False,N,0.0180900000000000
Q_S,0.04275862068965518,1,True,N,0.0180900000000000
Q_S,0.04931034482758621,0,False,N,0.0180900000000000
Q_S,0.04931034482758621,1,True,N,0.0180900000000000
Q_S,0.05586206896551724,0,False,N,0.0180900000000000
Q_S,0.05586206896551724,1,True,N,0.0180900000000000
Q_S,0.06241379310344828,0,False,N,0.0180900000000000
Q_S,0.06241379310344828,1,True,N,0.0180900000000000
Q_S,0.06896551724137931,0,False,N,0.0180900000000000
Q_S,0.06896551724137931,1,True,N,0.0180900000000000
Q_S,0.07551724137931035,0,False,N,0.0180900000000000
Q_S,0.07551724137931035,1,True,N,0.0180900000000000
Q_S,0.08206896551724138,0,False,N,0.0180900000000000
Q_S,0.08206896551724138,1,True,N,0.0180900000000000
Q_S,0.08206896551724138,2,False,N,0.00140537348686153
Q_S,0.08206896551724138,3,True,N,0.00140537348686153
Q_S,0.0886206896551724,0,False,N,0.0180900000000000
Q_S,0.0886206896551724,1,True,N,0.0180900000000000
Q_S,0.0886206896551724,2,False,N,0.00152612826603325
Q_S,0.0886206896551724,3,True,N,0.00152612826603325
Q_S,0.09517241379310344,0,False,N,0.0180900000000000
Q_S,0.09517241379310344,1,True,N,0.0180900000000000
Q_S,0.09517241379310344,2,False,N,0.00164825320991341
Q_S,0.09517241379310344,3,True,N,0.00164825320991341
Q_S,0.10172413793103448,0,False,N,0.0180900000000000
Q_S,0.10172413793103448,1,True,N,0.0180900000000000
Q_S,0.10172413793103448,2,False,N,0.00177177177177177
Q_S,0.10172413793103448,3,True,N,0.00177177177177177
Q_S,0.10827586206896551,0,False,N,0.0180900000000000
Q_S,0.10827586206896551,1,True,N,0.0180900000000000
Q_S,0.10827586206896551,2,False,N,0.00189670794321957
Q_S,0.10827586206896551,3,True,N,0.00189670794321957
Q_S,0.11482758620689655,0,False,N,0.0180900000000000
Q_S,0.11482758620689655,1,True,N,0.0180900000000000
Q_S,0.11482758620689655,2,False,N,0.00202308626974484
Q_S,0.11482758620689655,3,True,N,0.00202308626974484
Q_S,0.12137931034482759,0,False,N,0.0180900000000000
Q_S,0.12137931034482759,1,True,N,0.0180900000000000
Q_S,0.12137931034482759,2,False,N,0.00215093186678888
Q_S,0.12137931034482759,3,True,N,0.00215093186678888
Q_S,0.12793103448275864,0,False,N,0.0180900000000000
Q_S,0.12793103448275864,1,True,N,0.0180900000000000
Q_S,0.12793103448275864,2,False,N,0.00228027043638598
Q_S,0.12793103448275864,3,True,N,0.00228027043638598
Q_S,0.13448275862068967,0,False,N,0.0180900000000000
Q_S,0.13448275862068967,1,True,N,0.0180900000000000
Q_S,0.13448275862068967,2,False,N,0.00241112828438949
Q_S,0.13448275862068967,3,True,N,0.00241112828438949
Q_S,0.1410344827586207,0,False,N,0.0180900000000000
Q_S,0.1410344827586207,1,True,N,0.0180900000000000
Q_S,0.1410344827586207,2,False,N,0.00254353233830846
Q_S,0.1410344827586207,3,True,N,0.00254353233830846
Q_S,0.14758620689655175,0,False,N,0.0180900000000000
Q_S,0.14758620689655175,1,True,N,0.0180900000000000
Q_S,0.14758620689655175,2,False,N,0.00267751016578042
Q_S,0.14758620689655175,3,True,N,0.00267751016578042
Q_S,0.15413793103448278,0,False,N,0.0180900000000000
Q_S,0.15413793103448278,1,True,N,0.0180900000000000
Q_S,0.15413793103448278,2,False,N,0.00281308999370673
Q_S,0.15413793103448278,3,True,N,0.00281308999370673
Q_S,0.16068965517241382,0,False,N,0.0180900000000000
Q_S,0.16068965517241382,1,True,N,0.0180899999999999
Q_S,0.16068965517241382,2,False,N,0.00295030072807851
Q_S,0.16068965517241382,3,True,N,0.00295030072807851
Q_S,0.16724137931034483,0,False,N,0.0180900000000000
Q_S,0.16724137931034483,1,True,N,0.0180900000000000
Q_S,0.16724137931034483,2,False,N,0.00308917197452229
Q_S,0.16724137931034483,3,True,N,0.00308917197452229
Q_S,0.17379310344827587,0,False,N,0.0180900000000000
Q_S,0.17379310344827587,1,True,N,0.0180900000000000
Q_S,0.17379310344827587,2,False,N,0.00322973405959628
Q_S,0.17379310344827587,3,True,N,0.00322973405959628
Q_S,0.1803448275862069,0,False,N,0.0180900000000000
Q_S,0.1803448275862069,1,True,N,0.0180900000000000
Q_S,0.1803448275862069,2,False,N,0.00337201805286911
Q_S,0.1803448275862069,3,True,N,0.00337201805286911
Q_S,0.18689655172413794,0,False,N,0.0180900000000000
Q_S,0.18689655172413794,1,True,N,0.0180900000000000
Q_S,0.18689655172413794,2,False,N,0.00351605578981511
Q_S,0.18689655172413794,3,True,N,0.00351605578981511
Q_S,0.19344827586206897,0,False,N,0.0180900000000000
Q_S,0.19344827586206897,1,True,N,0.0180900000000000
Q_S,0.19344827586206897,2,False,N,0.00366187989556136
Q_S,0.19344827586206897,3,True,N,0.00366187989556136
Q_S,0.2,0,False,N,0.0180900000000000
Q_S,0.2,1,True,N,0.0180900000000000
Q_S,0.2,2,False,N,0.00380952380952381
Q_S,0.2,3,True,N,0.00380952380952381
Q_H,0.01,0,False,N,0.0180900000000000
Q_H,0.01,1,True,N,0.0180900000000000
Q_H,0.01,2,False,N,0.00272727272727273
Q_H,0.01,3,True,N,0.00272727272727273
Q_H,0.016551724137931035,0,False,N,0.0180900000000000
Q_H,0.016551724137931035,1,True,N,0.0180900000000000
Q_H,0.016551724137931035,2,False,N,0.00272727272727273
Q_H,0.016551724137931035,3,True,N,0.00272727272727273
Q_H,0.023103448275862068,0,False,N,0.0180900000000000
Q_H,0.023103448275862068,1,True,N,0.0180900000000000
Q_H,0.023103448275862068,2,False,N,0.00272727272727273
Q_H,0.023103448275862068,3,True,N,0.00272727272727273
Q_H,0.029655172413793104,0,False,N,0.0180900000000000
Q_H,0.029655172413793104,1,True,N,0.0180900000000000
Q_H,0.029655172413793104,2,False,N,0.00272727272727273
Q_H,0.029655172413793104,3,True,N,0.00272727272727273
Q_H,0.03620689655172414,0,False,N,0.0180900000000000
Q_H,0.03620689655172414,1,True,N,0.0180900000000000
Q_H,0.03620689655172414,2,False,N,0.00272727272727273
Q_H,0.03620689655172414,3,True,N,0.00272727272727273
Q_H,0.04275862068965518,0,False,N,0.0180900000000000
Q_H,0.04275862068965518,1,True,N,0.0180900000000000
Q_H,0.04275862068965518,2,False,N,0.00272727272727273
Q_H,0.04275862068965518,3,True,N,0.00272727272727273
Q_H,0.04931034482758621,0,False,N,0.0180900000000000
Q_H,0.04931034482758621,1,True,N,0.0180900000000000
Q_H,0.04931034482758621,2,False,N,0.00272727272727273
Q_H,0.04931034482758621,3,True,N,0.00272727272727273
Q_H,0.05586206896551724,0,False,N,0.0180900000000000
Q_H,0.05586206896551724,1,True,N,0.0180900000000000
Q_H,0.05586206896551724,2,False,N,0.00272727272727273
Q_H,0.05586206896551724,3,True,N,0.00272727272727273
Q_H,0.06241379310344828,0,False,N,0.0180900000000000
Q_H,0.06241379310344828,1,True,N,0.0180900000000000
Q_H,0.06241379310344828,2,False,N,0.00272727272727273
Q_H,0.06241379310344828,3,True,N,0.00272727272727273
Q_H,0.06896551724137931,0,False,N,0.0180900000000000
Q_H,0.06896551724137931,1,True,N,0.0180900000000000
Q_H,0.06896551724137931,2,False,N,0.00272727272727273
Q_H,0.06896551724137931,3,True,N,0.00272727272727273
Q_H,0.07551724137931035,0,False,N,0.0180900000000000
Q_H,0.07551724137931035,1,True,N,0.0180900000000000
Q_H,0.07551724137931035,2,False,N,0.00272727272727273
Q_H,0.07551724137931035,3,True,N,0.00272727272727273
Q_H,0.08206896551724138,0,False,N,0.0180900000000000
Q_H,0.08206896551724138,1,True,N,0.0180900000000000
Q_H,0.08206896551724138,2,False,N,0.00272727272727273
Q_H,0.08206896551724138,3,True,N,0.00272727272727273
Q_H,0.0886206896551724,0,False,N,0.0180900000000000
Q_H,0.0886206896551724,1,True,N,0.0180900000000000
Q_H,0.0886206896551724,2,False,N,0.00272727272727273
Q_H,0.0886206896551724,3,True,N,0.00272727272727273
Q_H,0.09517241379310344,0,False,N,0.0180900000000000
Q_H,0.09517241379310344,1,True,N,0.0180900000000000
Q_H,0.09517241379310344,2,False,N,0.00272727272727273
Q_H,0.09517241379310344,3,True,N,0.00272727272727273
Q_H,0.10172413793103448,0,False,N,0.0180900000000000
Q_H,0.10172413793103448,1,True,N,0.0180900000000000
Q_H,0.10172413793103448,2,False,N,0.00272727272727273
Q_H,0.10172413793103448,3,True,N,0.00272727272727273
Q_H,0.10827586206896551,0,False,N,0.0180900000000000
Q_H,0.10827586206896551,1,True,N,0.0180900000000000
Q_H,0.10827586206896551,2,False,N,0.00272727272727273
Q_H,0.10827586206896551,3,True,N,0.00272727272727273
Q_H,0.11482758620689655,0,False,N,0.0180900000000000
Q_H,0.11482758620689655,1,True,N,0.0180900000000000
Q_H,0.11482758620689655,2,False,N,0.00272727272727273
Q_H,0.11482758620689655,3,True,N,0.00272727272727273
Q_H,0.12137931034482759,0,False,N,0.0180900000000000
Q_H,0.12137931034482759,1,True,N,0.0180900000000000
Q_H,0.12137931034482759,2,False,N,0.00272727272727273
Q_H,0.12137931034482759,3,True,N,0.00272727272727273
Q_H,0.12793103448275864,0,False,N,0.0180900000000000
Q_H,0.12793103448275864,1,True,N,0.0180900000000000
Q_H,0.12793103448275864,2,False,N,0.00272727272727273
Q_H,0.12793103448275864,3,True,N,0.00272727272727273
Q_H,0.13448275862068967,0,False,N,0.0180900000000000
Q_H,0.13448275862068967,1,True,N,0.0180900000000000
Q_H,0.13448275862068967,2,False,N,0.00272727272727273
Q_H,0.13448275862068967,3,True,N,0.00272727272727273
Q_H,0.1410344827586207,0,False,N,0.0180900000000000
Q_H,0.1410344827586207,1,True,N,0.0180900000000000
Q_H,0.1410344827586207,2,False,N,0.00272727272727273
Q_H,0.1410344827586207,3,True,N,0.00272727272727273
Q_H,0.14758620689655175,0,False,N,0.0180900000000000
Q_H,0.14758620689655175,1,True,N,0.0180900000000000
Q_H,0.14758620689655175,2,False,N,0.00272727272727273
Q_H,0.14758620689655175,3,True,N,0.00272727272727273
Q_H,0.15413793103448278,0,False,N,0.0180900000000000
Q_H,0.15413793103448278,1,True,N,0.0180900000000000
Q_H,0.15413793103448278,2,False,N,0.00272727272727273
Q_H,0.15413793103448278,3,True,N,0.00272727272727273
Q_H,0.16068965517241382,0,False,N,0.0180900000000000
Q_H,0.16068965517241382,1,True,N,0.0180900000000000
Q_H,0.16068965517241382,2,False,N,0.00272727272727273
Q_H,0.16068965517241382,3,True,N,0.00272727272727273
Q_H,0.16724137931034483,0,False,N,0.0180900000000000
Q_H,0.16724137931034483,1,True,N,0.0180900000000000
Q_H,0.16724137931034483,2,False,N,0.00272727272727273
Q_H,0.16724137931034483,3,True,N,0.00272727272727273
Q_H,0.17379310344827587,0,False,N,0.0180900000000000
Q_H,0.17379310344827587,1,True,N,0.0180900000000000
Q_H,0.17379310344827587,2,False,N,0.00272727272727273
Q_H,0.17379310344827587,3,True,N,0.00272727272727273
Q_H,0.1803448275862069,0,False,N,0.0180900000000000
Q_H,0.1803448275862069,1,True,N,0.0180900000000000
Q_H,0.1803448275862069,2,False,N,0.00272727272727273
Q_H,0.1803448275862069,3,True,N,0.00272727272727273
Q_H,0.18689655172413794,0,False,N,0.0180900000000000
Q_H,0.18689655172413794,1,True,N,0.0180900000000000
Q_H,0.19344827586206897,0,False,N,0.0180900000000000
Q_H,0.19344827586206897,1,True,N,0.0180900000000000
Q_H,0.2,0,False,N,0.0180900000000000
Q_H,0.2,1,True,N,0.0180900000000000
\gamma,0.01,0,False,N,0.0180900000000000
\gamma,0.01,1,True,N,0.0180900000000000
\gamma,0.04413793103448276,0,False,N,0.0180900000000000
\gamma,0.04413793103448276,1,True,N,0.0180900000000000
\gamma,0.07827586206896552,0,False,N,0.0180900000000000
\gamma,0.07827586206896552,1,True,N,0.0180900000000000
\gamma,0.11241379310344828,0,False,N,0.0180900000000000
\gamma,0.11241379310344828,1,True,N,0.0180900000000000
\gamma,0.14655172413793105,0,False,N,0.0180900000000000
\gamma,0.14655172413793105,1,True,N,0.0180900000000000
\gamma,0.1806896551724138,0,False,N,0.0180900000000000
\gamma,0.1806896551724138,1,True,N,0.0180900000000000
\gamma,0.21482758620689657,0,False,N,0.0180900000000000
\gamma,0.21482758620689657,1,True,N,0.0180900000000000
\gamma,0.24896551724137933,0,False,N,0.0180900000000000
\gamma,0.24896551724137933,1,True,N,0.0180900000000000
\gamma,0.2831034482758621,0,False,N,0.0180900000000000
\gamma,0.2831034482758621,1,True,N,0.0180900000000000
\gamma,0.31724137931034485,0,False,N,0.0180900000000000
\gamma,0.31724137931034485,1,True,N,0.0180900000000000
\gamma,0.3513793103448276,0,False,N,0.0180900000000000
\gamma,0.3513793103448276,1,True,N,0.0180900000000000
\gamma,0.38551724137931037,0,False,N,0.0180900000000000
\gamma,0.38551724137931037,1,True,N,0.0180900000000000
\gamma,0.41965517241379313,0,False,N,0.0180900000000000
\gamma,0.41965517241379313,1,True,N,0.0180900000000000
\gamma,0.4537931034482759,0,False,N,0.0180900000000000
\gamma,0.4537931034482759,1,True,N,0.0180900000000000
\gamma,0.4537931034482759,2,False,N,0.00272727272727273
\gamma,0.4537931034482759,3,True,N,0.00272727272727273
\gamma,0.48793103448275865,0,False,N,0.0180900000000000
\gamma,0.48793103448275865,1,True,N,0.0180900000000000
\gamma,0.48793103448275865,2,False,N,0.00272727272727273
\gamma,0.48793103448275865,3,True,N,0.00272727272727273
\gamma,0.5220689655172415,0,False,N,0.0180900000000000
\gamma,0.5220689655172415,1,True,N,0.0180900000000000
\gamma,0.5220689655172415,2,False,N,0.00272727272727273
\gamma,0.5220689655172415,3,True,N,0.00272727272727273
\gamma,0.5562068965517242,0,False,N,0.0180900000000000
\gamma,0.5562068965517242,1,True,N,0.0180900000000000
\gamma,0.5562068965517242,2,False,N,0.00272727272727273
\gamma,0.5562068965517242,3,True,N,0.00272727272727273
\gamma,0.5903448275862069,0,False,N,0.0180900000000000
\gamma,0.5903448275862069,1,True,N,0.0180900000000000
\gamma,0.5903448275862069,2,False,N,0.00272727272727273
\gamma,0.5903448275862069,3,True,N,0.00272727272727273
\gamma,0.6244827586206897,0,False,N,0.0180900000000000
\gamma,0.6244827586206897,1,True,N,0.0180900000000000
\gamma,0.6244827586206897,2,False,N,0.00272727272727273
\gamma,0.6244827586206897,3,True,N,0.00272727272727273
\gamma,0.6586206896551725,0,False,N,0.0180900000000000
\gamma,0.6586206896551725,1,True,N,0.0180900000000000
\gamma,0.6586206896551725,2,False,N,0.00272727272727273
\gamma,0.6586206896551725,3,True,N,0.00272727272727273
\gamma,0.6927586206896552,0,False,N,0.0180900000000000
\gamma,0.6927586206896552,1,True,N,0.0180900000000000
\gamma,0.6927586206896552,2,False,N,0.00272727272727273
\gamma,0.6927586206896552,3,True,N,0.00272727272727273
\gamma,0.7268965517241379,0,False,N,0.0180900000000000
\gamma,0.7268965517241379,1,True,N,0.0180900000000000
\gamma,0.7268965517241379,2,False,N,0.00272727272727273
\gamma,0.7268965517241379,3,True,N,0.00272727272727273
\gamma,0.7610344827586207,0,False,N,0.0180900000000000
\gamma,0.7610344827586207,1,True,N,0.0180900000000000
\gamma,0.7610344827586207,2,False,N,0.00272727272727273
\gamma,0.7610344827586207,3,True,N,0.00272727272727273
\gamma,0.7951724137931035,0,False,N,0.0180900000000000
\gamma,0.7951724137931035,1,True,N,0.0180900000000000
\gamma,0.7951724137931035,2,False,N,0.00272727272727273
\gamma,0.7951724137931035,3,True,N,0.00272727272727273
\gamma,0.8293103448275863,0,False,N,0.0180900000000000
\gamma,0.8293103448275863,1,True,N,0.0180900000000000
\gamma,0.8293103448275863,2,False,N,0.00272727272727273
\gamma,0.8293103448275863,3,True,N,0.00272727272727273
\gamma,0.863448275862069,0,False,N,0.0180900000000000
\gamma,0.863448275862069,1,True,N,0.0180900000000000
\gamma,0.863448275862069,2,False,N,0.00272727272727273
\gamma,0.863448275862069,3,True,N,0.00272727272727273
\gamma,0.8975862068965518,0,False,N,0.0180900000000000
\gamma,0.8975862068965518,1,True,N,0.0180900000000000
\gamma,0.8975862068965518,2,False,N,0.00272727272727273
\gamma,0.8975862068965518,3,True,N,0.00272727272727273
\gamma,0.9317241379310346,0,False,N,0.0180900000000000
\gamma,0.9317241379310346,1,True,N,0.0180900000000000
\gamma,0.9317241379310346,2,False,N,0.00272727272727273
\gamma,0.9317241379310346,3,True,N,0.00272727272727273
\gamma,0.9658620689655173,0,False,N,0.0180900000000000
\gamma,0.9658620689655173,1,True,N,0.0180900000000000
\gamma,0.9658620689655173,2,False,N,0.00272727272727273
\gamma,0.9658620689655173,3,True,N,0.00272727272727273
\gamma,1.0,0,False,N,0.0180900000000000
\gamma,1.0,2,True,N,0.00272727272727273
\iota,0.0,0,False,N,0.0180900000000000
\iota,0.0,1,True,N,0.0180900000000000
\iota,0.0,2,False,N,0.00272727272727273
\iota,0.0,3,True,N,0.00272727272727273
\iota,0.003448275862068966,0,False,N,0.0180900000000000
\iota,0.003448275862068966,1,True,N,0.0159295466466841
\iota,0.003448275862068966,2,False,N,0.00308917197452230
\iota,0.003448275862068966,3,True,N,0.00308917197452230
\iota,0.006896551724137932,0,False,N,0.0180900000000000
\iota,0.006896551724137932,1,True,N,0.0143326354659364
\iota,0.006896551724137932,2,False,N,0.00346278317152103
\iota,0.006896551724137932,3,True,N,0.00346278317152103
\iota,0.010344827586206898,0,False,N,0.0180900000000000
\iota,0.010344827586206898,1,True,N,0.0131075687799043
\iota,0.010344827586206898,2,False,N,0.00384868421052632
\iota,0.010344827586206898,3,True,N,0.00384868421052632
\iota,0.013793103448275864,0,False,N,0.0180900000000000
\iota,0.013793103448275864,1,True,N,0.0121409180260733
\iota,0.013793103448275864,2,False,N,0.00424749163879599
\iota,0.013793103448275864,3,True,N,0.00424749163879599
\iota,0.01724137931034483,0,False,N,0.0180900000000000
\iota,0.01724137931034483,1,True,N,0.0113612899974805
\iota,0.01724137931034483,2,False,N,0.00465986394557823
\iota,0.01724137931034483,3,True,N,0.00465986394557823
\iota,0.020689655172413796,0,False,N,0.0180900000000000
\iota,0.020689655172413796,1,True,N,0.0107215172130667
\iota,0.020689655172413796,2,False,N,0.00508650519031142
\iota,0.020689655172413796,3,True,N,0.00508650519031142
\iota,0.024137931034482762,0,False,N,0.0180900000000000
\iota,0.024137931034482762,1,True,N,0.0101891967429577
\iota,0.024137931034482762,2,False,N,0.00552816901408451
\iota,0.024137931034482762,3,True,N,0.00552816901408451
\iota,0.027586206896551727,0,False,N,0.0180900000000000
\iota,0.027586206896551727,1,True,N,0.00974134278738767
\iota,0.027586206896551727,2,True,N,0.00598566308243727
\iota,0.027586206896551727,3,False,N,0.00598566308243727
\iota,0.031034482758620693,0,False,N,0.0180900000000000
\iota,0.031034482758620693,1,True,N,0.00936120733872559
\iota,0.031034482758620693,2,True,N,0.00645985401459854
\iota,0.031034482758620693,3,False,N,0.00645985401459854
\iota,0.03448275862068966,0,False,N,0.0180900000000000
\iota,0.03448275862068966,1,True,N,0.00903630840901604
\iota,0.03448275862068966,2,True,N,0.00695167286245354
\iota,0.03448275862068966,3,False,N,0.00695167286245354
\iota,0.03793103448275863,0,False,N,0.0180900000000000
\iota,0.03793103448275863,1,True,N,0.00875716269841270
\iota,0.03793103448275863,2,True,N,0.00746212121212121
\iota,0.03793103448275863,3,False,N,0.00746212121212121
\iota,0.04137931034482759,0,False,N,0.0180900000000000
\iota,0.04137931034482759,1,True,N,0.00851644570734458
\iota,0.04137931034482759,2,True,N,0.00799227799227799
\iota,0.04137931034482759,3,False,N,0.00799227799227799
\iota,0.04482758620689656,0,False,N,0.0180900000000000
\iota,0.04482758620689656,2,True,N,0.00854330708661418
\iota,0.048275862068965524,0,False,N,0.0180900000000000
\iota,0.048275862068965524,2,True,N,0.00911646586345381
\iota,0.05172413793103449,0,False,N,0.0180900000000000
\iota,0.05172413793103449,2,True,N,0.00971311475409836
\iota,0.055172413793103454,0,False,N,0.0180900000000000
\iota,0.055172413793103454,2,True,N,0.0103347280334728
\iota,0.05862068965517242,0,False,N,0.0180900000000000
\iota,0.05862068965517242,2,True,N,0.0109829059829060
\iota,0.062068965517241385,0,False,N,0.0180900000000000
\iota,0.062068965517241385,2,True,N,0.0116593886462882
\iota,0.06551724137931035,0,False,N,0.0180900000000000
\iota,0.06551724137931035,2,True,N,0.0123660714285714
\iota,0.06896551724137932,0,False,N,0.0180900000000000
\iota,0.06896551724137932,2,True,N,0.0131050228310502
\iota,0.07241379310344828,0,False,N,0.0180900000000000
\iota,0.07241379310344828,2,True,N,0.0138785046728971
\iota,0.07586206896551725,0,False,N,0.0180900000000000
\iota,0.07586206896551725,2,True,N,0.0146889952153109
\iota,0.07931034482758621,0,False,N,0.0180900000000000
\iota,0.07931034482758621,2,True,N,0.0155392156862745
\iota,0.08275862068965519,0,False,N,0.0180900000000000
\iota,0.08275862068965519,2,True,N,0.0164321608040201
\iota,0.08620689655172414,0,False,N,0.0180900000000000
\iota,0.08620689655172414,2,True,N,0.0173711340206185
\iota,0.08965517241379312,0,True,N,0.0180900000000000
\iota,0.09310344827586207,0,True,N,0.0180900000000000
\iota,0.09655172413793105,0,True,N,0.0180900000000000
\iota,0.1,0,True,N,0.0180900000000000
\epsilon,1.0,0,False,C,0.150000000000000
\epsilon,1.0,1,True,C,0.00272727272727273
\epsilon,1.0,2,False,C,0.00752595413724081
\epsilon,1.0,3,True,C,0.0358000789206104
\epsilon,1.013793103448276,0,False,C,0.150413793103448
\epsilon,1.013793103448276,1,True,C,0.00274866645748353
\epsilon,1.013793103448276,2,False,C,0.00774031740410204
\epsilon,1.013793103448276,3,True,C,0.0350816696455600
\epsilon,1.0275862068965518,0,False,C,0.150827586206896
\epsilon,1.0275862068965518,1,True,C,0.00277010050251256
\epsilon,1.0275862068965518,2,False,C,0.00796678649212243
\epsilon,1.0275862068965518,3,True,C,0.0343502047139077
\epsilon,1.0413793103448277,0,False,C,0.151241379310345
\epsilon,1.0413793103448277,1,True,C,0.00279157497642251
\epsilon,1.0413793103448277,2,False,C,0.00820675785331843
\epsilon,1.0413793103448277,3,True,C,0.0336042849862689
\epsilon,1.0551724137931033,0,False,C,0.151655172413793
\epsilon,1.0551724137931033,1,True,C,0.00281308999370673
\epsilon,1.0551724137931033,2,False,C,0.00846189891303444
\epsilon,1.0551724137931033,3,True,C,0.0328422403397833
\epsilon,1.0689655172413792,0,False,C,0.152068965517241
\epsilon,1.0689655172413792,1,True,C,0.00283464566929134
\epsilon,1.0689655172413792,2,False,C,0.00873422671658745
\epsilon,1.0689655172413792,3,True,C,0.0320620510214227
\epsilon,1.0827586206896551,0,False,C,0.152482758620690
\epsilon,1.0827586206896551,1,True,C,0.00285624211853720
\epsilon,1.0827586206896551,2,False,C,0.00902621845659267
\epsilon,1.0827586206896551,3,True,C,0.0312612371206172
\epsilon,1.096551724137931,0,False,C,0.152896551724138
\epsilon,1.096551724137931,1,True,C,0.00287787945724203
\epsilon,1.096551724137931,2,False,C,0.00934097122499134
\epsilon,1.096551724137931,3,True,C,0.0304366988171785
\epsilon,1.110344827586207,0,False,C,0.153310344827586
\epsilon,1.110344827586207,1,True,C,0.00289955780164246
\epsilon,1.110344827586207,2,False,C,0.00968244071358325
\epsilon,1.110344827586207,3,True,C,0.0295844776807197
\epsilon,1.1241379310344828,0,False,C,0.153724137931035
\epsilon,1.1241379310344828,1,True,C,0.00292127726841607
\epsilon,1.1241379310344828,2,False,C,0.0100558124335069
\epsilon,1.1241379310344828,3,True,C,0.0286993854511250
\epsilon,1.1379310344827587,0,False,C,0.154137931034483
\epsilon,1.1379310344827587,1,True,C,0.00294303797468354
\epsilon,1.1379310344827587,2,False,C,0.0104681080974760
\epsilon,1.1379310344827587,3,True,C,0.0277743976562639
\epsilon,1.1517241379310343,0,False,C,0.154551724137931
\epsilon,1.1517241379310343,1,True,C,0.00296484003801077
\epsilon,1.1517241379310343,2,False,C,0.0109292394175875
\epsilon,1.1517241379310343,3,True,C,0.0267995998141344
\epsilon,1.1655172413793102,0,False,C,0.154965517241379
\epsilon,1.1655172413793102,1,True,C,0.00298668357641091
\epsilon,1.1655172413793102,2,False,C,0.0114539934284962
\epsilon,1.1655172413793102,3,True,C,0.0257602021096374
\epsilon,1.1793103448275861,0,False,C,0.155379310344828
\epsilon,1.1793103448275861,1,True,C,0.00300856870834656
\epsilon,1.1793103448275861,2,False,C,0.0120662089254078
\epsilon,1.1793103448275861,3,True,C,0.0246323629565343
\epsilon,1.193103448275862,0,False,C,0.155793103448276
\epsilon,1.193103448275862,1,True,C,0.00303049555273189
\epsilon,1.193103448275862,2,False,C,0.0128091037550775
\epsilon,1.193103448275862,3,True,C,0.0233728617063989
\epsilon,1.206896551724138,0,False,C,0.156206896551724
\epsilon,1.206896551724138,1,True,C,0.00305246422893482
\epsilon,1.206896551724138,2,False,C,0.0137786490787753
\epsilon,1.206896551724138,3,True,C,0.0218857243855981
\epsilon,1.2206896551724138,0,False,C,0.156620689655172
\epsilon,1.2206896551724138,1,True,C,0.00307447485677912
\epsilon,1.2206896551724138,2,False,C,0.0153197816880302
\epsilon,1.2206896551724138,3,True,C,0.0198260113795006
\epsilon,1.2344827586206897,0,False,C,0.157034482758621
\epsilon,1.2344827586206897,1,True,C,0.00309652755654667
\epsilon,1.2482758620689656,0,False,C,0.157448275862069
\epsilon,1.2482758620689656,1,True,C,0.00311862244897959
\epsilon,1.2620689655172412,0,False,C,0.157862068965517
\epsilon,1.2620689655172412,1,True,C,0.00314075965528248
\epsilon,1.2758620689655171,0,False,C,0.158275862068965
\epsilon,1.2758620689655171,1,True,C,0.00316293929712460
\epsilon,1.289655172413793,0,False,C,0.158689655172414
\epsilon,1.289655172413793,1,True,C,0.00318516149664215
\epsilon,1.303448275862069,0,False,C,0.159103448275862
\epsilon,1.303448275862069,1,True,C,0.00320742637644046
\epsilon,1.3172413793103448,0,False,C,0.159517241379310
\epsilon,1.3172413793103448,1,True,C,0.00322973405959628
\epsilon,1.3310344827586205,0,False,C,0.159931034482759
\epsilon,1.3310344827586205,1,True,C,0.00325208466966004
TO,1.0,0,False,C,0.150000000000000
TO,1.0,1,True,C,0.00272727272727273
TO,1.0,2,False,C,0.00752595413724081
TO,1.0,3,True,C,0.0358000789206104
TO,1.0086206896551724,0,False,C,0.150517241379310
TO,1.0086206896551724,1,True,C,0.00275402118477835
TO,1.0086206896551724,2,False,C,0.00775038314381148
TO,1.0086206896551724,3,True,C,0.0351360447832937
TO,1.0172413793103448,0,False,C,0.151034482758621
TO,1.0172413793103448,1,True,C,0.00278083267871170
TO,1.0172413793103448,2,False,C,0.00798674378599136
TO,1.0172413793103448,3,True,C,0.0344592823573236
TO,1.0258620689655173,0,False,C,0.151551724137931
TO,1.0258620689655173,1,True,C,0.00280770743216673
TO,1.0258620689655173,2,False,C,0.00823634118602126
TO,1.0258620689655173,3,True,C,0.0337684845490468
TO,1.0344827586206897,0,False,C,0.152068965517241
TO,1.0344827586206897,1,True,C,0.00283464566929134
TO,1.0344827586206897,2,False,C,0.00850072306253607
TO,1.0344827586206897,3,True,C,0.0330621016631133
TO,1.043103448275862,0,False,C,0.152586206896552
TO,1.043103448275862,1,True,C,0.00286164761529366
TO,1.043103448275862,2,False,C,0.00878174726118529
TO,1.043103448275862,3,True,C,0.0323382738718479
TO,1.0517241379310345,0,False,C,0.153103448275862
TO,1.0517241379310345,1,True,C,0.00288871349644830
TO,1.0517241379310345,2,False,C,0.00908167548389876
TO,1.0517241379310345,3,True,C,0.0315947374859777
TO,1.0603448275862069,0,False,C,0.153620689655172
TO,1.0603448275862069,1,True,C,0.00291584354010273
TO,1.0603448275862069,2,False,C,0.00940330680758640
TO,1.0603448275862069,3,True,C,0.0308286914359246
TO,1.0689655172413792,0,False,C,0.154137931034483
TO,1.0689655172413792,1,True,C,0.00294303797468355
TO,1.0689655172413792,2,False,C,0.00975017378844301
TO,1.0689655172413792,3,True,C,0.0300366011674935
TO,1.0775862068965518,0,False,C,0.154655172413793
TO,1.0775862068965518,1,True,C,0.00297029702970297
TO,1.0775862068965518,2,False,C,0.0101268411941296
TO,1.0775862068965518,3,True,C,0.0292138999096838
TO,1.0862068965517242,0,False,C,0.155172413793104
TO,1.0862068965517242,1,True,C,0.00299762093576526
TO,1.0862068965517242,2,False,C,0.0105393817180966
TO,1.0862068965517242,3,True,C,0.0283545129603587
TO,1.0948275862068966,0,False,C,0.155689655172414
TO,1.0948275862068966,1,True,C,0.00302500992457324
TO,1.0948275862068966,2,False,C,0.0109961765111197
TO,1.0948275862068966,3,True,C,0.0274500571547032
TO,1.103448275862069,0,False,C,0.156206896551724
TO,1.103448275862069,1,True,C,0.00305246422893482
TO,1.103448275862069,2,False,C,0.0115093609998376
TO,1.103448275862069,3,True,C,0.0264883950466793
TO,1.1120689655172413,0,False,C,0.156724137931034
TO,1.1120689655172413,1,True,C,0.00307998408276959
TO,1.1120689655172413,2,False,C,0.0120976941544145
TO,1.1120689655172413,3,True,C,0.0254507656413564
TO,1.1206896551724137,0,False,C,0.157241379310345
TO,1.1206896551724137,1,True,C,0.00310756972111554
TO,1.1206896551724137,2,False,C,0.0127930623434062
TO,1.1206896551724137,3,True,C,0.0243052805400401
TO,1.1293103448275863,0,False,C,0.157758620689655
TO,1.1293103448275863,1,True,C,0.00313522138013562
TO,1.1293103448275863,2,False,C,0.0136585856817682
TO,1.1293103448275863,3,True,C,0.0229888175922556
TO,1.1379310344827587,0,False,C,0.158275862068966
TO,1.1379310344827587,1,True,C,0.00316293929712460
TO,1.1379310344827587,2,False,C,0.0148623703368576
TO,1.1379310344827587,3,True,C,0.0213332685897418
TO,1.146551724137931,0,False,C,0.158793103448276
TO,1.146551724137931,1,True,C,0.00319072371051579
TO,1.1551724137931034,0,False,C,0.159310344827586
TO,1.1551724137931034,1,True,C,0.00321857485988791
TO,1.1637931034482758,0,False,C,0.159827586206896
TO,1.1637931034482758,1,True,C,0.00324649298597195
p_{\max},0.01,0,True,C,0.150000000000000
p_{\max},0.04413793103448276,0,True,C,0.150000000000000
p_{\max},0.07827586206896552,0,False,C,0.150000000000000
p_{\max},0.07827586206896552,1,True,C,0.0656603773584903
p_{\max},0.11241379310344828,0,False,C,0.150000000000000
p_{\max},0.11241379310344828,1,True,C,0.0228947368421053
p_{\max},0.14655172413793105,0,False,C,0.150000000000000
p_{\max},0.14655172413793105,1,True,C,0.0138645418326693
p_{\max},0.1806896551724138,0,False,C,0.150000000000000
p_{\max},0.1806896551724138,1,True,C,0.00994285714285714
p_{\max},0.21482758620689657,0,False,C,0.150000000000000
p_{\max},0.21482758620689657,1,True,C,0.00775055679287308
p_{\max},0.24896551724137933,0,False,C,0.150000000000000
p_{\max},0.24896551724137933,1,True,C,0.00635036496350363
p_{\max},0.2831034482758621,0,False,C,0.150000000000000
p_{\max},0.2831034482758621,1,True,C,0.00537867078825348
p_{\max},0.31724137931034485,0,False,C,0.150000000000000
p_{\max},0.31724137931034485,1,True,C,0.00466487935656836
p_{\max},0.3513793103448276,0,False,C,0.150000000000000
p_{\max},0.3513793103448276,1,True,C,0.00411834319526627
p_{\max},0.3513793103448276,2,False,C,0.0165051421667154
p_{\max},0.3513793103448276,3,True,C,0.0246501886563077
p_{\max},0.38551724137931037,0,False,C,0.150000000000000
p_{\max},0.38551724137931037,1,True,C,0.00368644067796611
p_{\max},0.38551724137931037,2,False,C,0.0123568641993975
p_{\max},0.38551724137931037,3,True,C,0.0294724308699400
p_{\max},0.41965517241379313,0,False,C,0.150000000000000
p_{\max},0.41965517241379313,1,True,C,0.00333652924256950
p_{\max},0.41965517241379313,2,False,C,0.0102652913139568
p_{\max},0.41965517241379313,3,True,C,0.0321100246452519
p_{\max},0.4537931034482759,0,False,C,0.150000000000000
p_{\max},0.4537931034482759,1,True,C,0.00304728546409807
p_{\max},0.4537931034482759,2,False,C,0.00886396073567301
p_{\max},0.4537931034482759,3,True,C,0.0339627069923957
p_{\max},0.48793103448275865,0,False,C,0.150000000000000
p_{\max},0.48793103448275865,1,True,C,0.00280419016921838
p_{\max},0.48793103448275865,2,False,C,0.00783124750278143
p_{\max},0.48793103448275865,3,True,C,0.0353747593831610
p_{\max},0.5220689655172415,0,False,C,0.150000000000000
p_{\max},0.5220689655172415,1,True,C,0.00259701492537313
p_{\max},0.5220689655172415,2,False,C,0.00702903039582064
p_{\max},0.5220689655172415,3,True,C,0.0365002640410858
p_{\max},0.5562068965517242,0,False,C,0.150000000000000
p_{\max},0.5562068965517242,1,True,C,0.00241834607366227
p_{\max},0.5562068965517242,2,False,C,0.00638384403230111
p_{\max},0.5562068965517242,3,True,C,0.0374242550263886
p_{\max},0.5903448275862069,0,False,C,0.150000000000000
p_{\max},0.5903448275862069,1,True,C,0.00226267880364110
p_{\max},0.5903448275862069,2,False,C,0.00585173676415349
p_{\max},0.5903448275862069,3,True,C,0.0381992739936192
p_{\max},0.6244827586206897,0,False,C,0.150000000000000
p_{\max},0.6244827586206897,1,True,C,0.00212583995113011
p_{\max},0.6244827586206897,2,False,C,0.00540433759732428
p_{\max},0.6244827586206897,3,True,C,0.0388602039698440
p_{\max},0.6586206896551725,0,False,C,0.150000000000000
p_{\max},0.6586206896551725,1,True,C,0.00200460829493088
p_{\max},0.6586206896551725,2,False,C,0.00502231932407660
p_{\max},0.6586206896551725,3,True,C,0.0394313987320607
p_{\max},0.6927586206896552,0,False,C,0.150000000000000
p_{\max},0.6927586206896552,1,True,C,0.00189645776566757
p_{\max},0.6927586206896552,2,False,C,0.00469197062832457
p_{\max},0.6927586206896552,3,True,C,0.0399305114127952
p_{\max},0.7268965517241379,0,False,C,0.150000000000000
p_{\max},0.7268965517241379,1,True,C,0.00179937952430196
p_{\max},0.7268965517241379,2,False,C,0.00440324927670718
p_{\max},0.7268965517241379,3,True,C,0.0403707189474161
p_{\max},0.7610344827586207,0,False,C,0.150000000000000
p_{\max},0.7610344827586207,1,True,C,0.00171175602557797
p_{\max},0.7610344827586207,2,False,C,0.00414860772663377
p_{\max},0.7610344827586207,3,True,C,0.0407620929843620
p_{\max},0.7951724137931035,0,False,C,0.150000000000000
p_{\max},0.7951724137931035,1,True,C,0.00163227016885553
p_{\max},0.7951724137931035,2,False,C,0.00392225028085286
p_{\max},0.7951724137931035,3,True,C,0.0411124844965648
p_{\max},0.8293103448275863,0,False,C,0.150000000000000
p_{\max},0.8293103448275863,1,True,C,0.00155983863738234
p_{\max},0.8293103448275863,2,False,C,0.00371964481151962
p_{\max},0.8293103448275863,3,True,C,0.0414281160784197
p_{\max},0.863448275862069,0,False,C,0.150000000000000
p_{\max},0.863448275862069,1,True,C,0.00149356223175966
p_{\max},0.863448275862069,2,False,C,0.00353719142913839
p_{\max},0.863448275862069,3,True,C,0.0417139907792112
p_{\max},0.8975862068965518,0,False,C,0.150000000000000
p_{\max},0.8975862068965518,1,True,C,0.00143268834911486
p_{\max},0.8975862068965518,2,False,C,0.00337199151967727
p_{\max},0.8975862068965518,3,True,C,0.0419741816155449
p_{\max},0.9317241379310346,0,False,C,0.150000000000000
p_{\max},0.9317241379310346,1,True,C,0.00137658227848101
p_{\max},0.9317241379310346,2,False,C,0.00322168298707580
p_{\max},0.9317241379310346,3,True,C,0.0422120411210945
p_{\max},0.9658620689655173,0,False,C,0.150000000000000
p_{\max},0.9658620689655173,1,True,C,0.00132470498667682
p_{\max},0.9658620689655173,2,False,C,0.00308432034257502
p_{\max},0.9658620689655173,3,True,C,0.0424303559213970
p_{\max},1.0,0,False,C,0.150000000000000
p_{\max},1.0,1,True,C,0.00127659574468085
p_{\max},1.0,2,False,C,0.00295828588252569
p_{\max},1.0,3,True,C,0.0426314626667973
"u_{S,\max}",0.005,0,True,C,0.150000000000000
"u_{S,\max}",0.007931034482758621,0,True,C,0.150000000000000
"u_{S,\max}",0.010862068965517242,0,False,C,0.150000000000000
"u_{S,\max}",0.010862068965517242,1,True,C,0.00272727272727273
"u_{S,\max}",0.010862068965517242,2,False,C,0.00307007072801545
"u_{S,\max}",0.010862068965517242,3,True,C,0.121573573026604
"u_{S,\max}",0.013793103448275862,0,False,C,0.150000000000000
"u_{S,\max}",0.013793103448275862,1,True,C,0.00272727272727273
"u_{S,\max}",0.013793103448275862,2,False,C,0.00373214953716108
"u_{S,\max}",0.013793103448275862,3,True,C,0.0891384947536131
"u_{S,\max}",0.016724137931034482,0,False,C,0.150000000000000
"u_{S,\max}",0.016724137931034482,1,True,C,0.00272727272727273
"u_{S,\max}",0.016724137931034482,2,False,C,0.00432688539407640
"u_{S,\max}",0.016724137931034482,3,True,C,0.0720074587526091
"u_{S,\max}",0.019655172413793102,0,False,C,0.150000000000000
"u_{S,\max}",0.019655172413793102,1,True,C,0.00272727272727273
"u_{S,\max}",0.019655172413793102,2,False,C,0.00486953605921794
"u_{S,\max}",0.019655172413793102,3,True,C,0.0613248015144712
"u_{S,\max}",0.022586206896551723,0,False,C,0.150000000000000
"u_{S,\max}",0.022586206896551723,1,True,C,0.00272727272727273
"u_{S,\max}",0.022586206896551723,2,False,C,0.00537104041043243
"u_{S,\max}",0.022586206896551723,3,True,C,0.0539698513479522
"u_{S,\max}",0.025517241379310343,0,False,C,0.150000000000000
"u_{S,\max}",0.025517241379310343,1,True,C,0.00272727272727273
"u_{S,\max}",0.025517241379310343,2,False,C,0.00583955389230688
"u_{S,\max}",0.025517241379310343,3,True,C,0.0485594355923676
"u_{S,\max}",0.028448275862068963,0,False,C,0.150000000000000
"u_{S,\max}",0.028448275862068963,1,True,C,0.00272727272727273
"u_{S,\max}",0.028448275862068963,2,False,C,0.00628136462143058
"u_{S,\max}",0.028448275862068963,3,True,C,0.0443854034916658
"u_{S,\max}",0.031379310344827584,0,False,C,0.150000000000000
"u_{S,\max}",0.031379310344827584,1,True,C,0.00272727272727273
"u_{S,\max}",0.031379310344827584,2,False,C,0.00670147020315345
"u_{S,\max}",0.031379310344827584,3,True,C,0.0410470311671888
"u_{S,\max}",0.0343103448275862,0,False,C,0.150000000000000
"u_{S,\max}",0.0343103448275862,1,True,C,0.00272727272727273
"u_{S,\max}",0.0343103448275862,2,False,C,0.00710395838043314
"u_{S,\max}",0.0343103448275862,3,True,C,0.0383001401526128
"u_{S,\max}",0.03724137931034482,0,False,C,0.150000000000000
"u_{S,\max}",0.03724137931034482,1,True,C,0.00272727272727273
"u_{S,\max}",0.03724137931034482,2,False,C,0.00749226958784811
"u_{S,\max}",0.03724137931034482,3,True,C,0.0359871717449108
"u_{S,\max}",0.04017241379310344,0,False,C,0.150000000000000
"u_{S,\max}",0.04017241379310344,1,True,C,0.00272727272727273
"u_{S,\max}",0.04017241379310344,2,False,C,0.00786938656049331
"u_{S,\max}",0.04017241379310344,3,True,C,0.0340016776338913
"u_{S,\max}",0.043103448275862065,0,False,C,0.150000000000000
"u_{S,\max}",0.043103448275862065,1,True,C,0.00272727272727273
"u_{S,\max}",0.043103448275862065,2,False,C,0.00823797870296529
"u_{S,\max}",0.043103448275862065,3,True,C,0.0322689460605249
"u_{S,\max}",0.04603448275862068,0,False,C,0.150000000000000
"u_{S,\max}",0.04603448275862068,1,True,C,0.00272727272727273
"u_{S,\max}",0.04603448275862068,2,False,C,0.00860051949536842
"u_{S,\max}",0.04603448275862068,3,True,C,0.0307347969316666
"u_{S,\max}",0.0489655172413793,0,False,C,0.150000000000000
"u_{S,\max}",0.0489655172413793,1,True,C,0.00272727272727273
"u_{S,\max}",0.0489655172413793,2,False,C,0.00895939031976938
"u_{S,\max}",0.0489655172413793,3,True,C,0.0293587756360275
"u_{S,\max}",0.05189655172413792,0,False,C,0.150000000000000
"u_{S,\max}",0.05189655172413792,1,True,C,0.00272727272727273
"u_{S,\max}",0.05189655172413792,2,False,C,0.00931698216277132
"u_{S,\max}",0.05189655172413792,3,True,C,0.0281098358536975
"u_{S,\max}",0.054827586206896546,0,False,C,0.150000000000000
"u_{S,\max}",0.054827586206896546,1,True,C,0.00272727272727273
"u_{S,\max}",0.054827586206896546,2,False,C,0.00967580722658064
"u_{S,\max}",0.054827586206896546,3,True,C,0.0269634854950862
"u_{S,\max}",0.05775862068965516,0,False,C,0.150000000000000
"u_{S,\max}",0.05775862068965516,1,True,C,0.00272727272727273
"u_{S,\max}",0.05775862068965516,2,False,C,0.0100386360459925
"u_{S,\max}",0.05775862068965516,3,True,C,0.0258998127017635
"u_{S,\max}",0.06068965517241378,0,False,C,0.150000000000000
"u_{S,\max}",0.06068965517241378,1,True,C,0.00272727272727273
"u_{S,\max}",0.06068965517241378,2,False,C,0.0104086840988548
"u_{S,\max}",0.06068965517241378,3,True,C,0.0249020372601789
"u_{S,\max}",0.06362068965517241,0,False,C,0.150000000000000
"u_{S,\max}",0.06362068965517241,1,True,C,0.00272727272727273
"u_{S,\max}",0.06362068965517241,2,False,C,0.0107898897333900
"u_{S,\max}",0.06362068965517241,3,True,C,0.0239553460894049
"u_{S,\max}",0.06655172413793103,0,False,C,0.150000000000000
"u_{S,\max}",0.06655172413793103,1,True,C,0.00272727272727273
"u_{S,\max}",0.06655172413793103,2,False,C,0.0111873640538280
"u_{S,\max}",0.06655172413793103,3,True,C,0.0230458080394303
"u_{S,\max}",0.06948275862068964,0,False,C,0.150000000000000
"u_{S,\max}",0.06948275862068964,1,True,C,0.00272727272727273
"u_{S,\max}",0.06948275862068964,2,False,C,0.0116081843352320
"u_{S,\max}",0.06948275862068964,3,True,C,0.0221591170950967
"u_{S,\max}",0.07241379310344827,0,False,C,0.150000000000000
"u_{S,\max}",0.07241379310344827,1,True,C,0.00272727272727273
"u_{S,\max}",0.07241379310344827,2,False,C,0.0120629404910542
"u_{S,\max}",0.07241379310344827,3,True,C,0.0212787025194007
"u_{S,\max}",0.07534482758620689,0,False,C,0.150000000000000
"u_{S,\max}",0.07534482758620689,1,True,C,0.00272727272727273
"u_{S,\max}",0.07827586206896552,0,False,C,0.150000000000000
"u_{S,\max}",0.07827586206896552,1,True,C,0.00272727272727273
"u_{S,\max}",0.08120689655172414,0,False,C,0.150000000000000
"u_{S,\max}",0.08120689655172414,1,True,C,0.00272727272727273
"u_{S,\max}",0.08413793103448275,0,False,C,0.150000000000000
"u_{S,\max}",0.08413793103448275,1,True,C,0.00272727272727273
"u_{S,\max}",0.08706896551724137,0,False,C,0.150000000000000
"u_{S,\max}",0.08706896551724137,1,True,C,0.00272727272727273
"u_{S,\max}",0.09,0,False,C,0.150000000000000
"u_{S,\max}",0.09,1,True,C,0.00272727272727273
"u_{H,\max}",0.0,0,False,C,0.150000000000000
"u_{H,\max}",0.0,1,True,C,0.00272727272727273
"u_{H,\max}",0.0003448275862068966,0,False,C,0.150000000000000
"u_{H,\max}",0.0003448275862068966,1,True,C,0.00272727272727273
"u_{H,\max}",0.0006896551724137932,0,False,C,0.150000000000000
"u_{H,\max}",0.0006896551724137932,1,True,C,0.00272727272727273
"u_{H,\max}",0.0010344827586206897,0,False,C,0.150000000000000
"u_{H,\max}",0.0010344827586206897,1,True,C,0.00272727272727273
"u_{H,\max}",0.0013793103448275863,0,False,C,0.150000000000000
"u_{H,\max}",0.0013793103448275863,1,True,C,0.00272727272727273
"u_{H,\max}",0.001724137931034483,0,False,C,0.150000000000000
"u_{H,\max}",0.001724137931034483,1,True,C,0.00272727272727273
"u_{H,\max}",0.0020689655172413794,0,False,C,0.150000000000000
"u_{H,\max}",0.0020689655172413794,1,True,C,0.00272727272727273
"u_{H,\max}",0.002413793103448276,0,False,C,0.150000000000000
"u_{H,\max}",0.002413793103448276,1,True,C,0.00272727272727273
"u_{H,\max}",0.0027586206896551726,0,False,C,0.150000000000000
"u_{H,\max}",0.0027586206896551726,1,True,C,0.00272727272727273
"u_{H,\max}",0.0031034482758620693,0,False,C,0.150000000000000
"u_{H,\max}",0.0031034482758620693,1,True,C,0.00272727272727273
"u_{H,\max}",0.003448275862068966,0,False,C,0.150000000000000
"u_{H,\max}",0.003448275862068966,1,True,C,0.00272727272727273
"u_{H,\max}",0.003448275862068966,2,False,C,0.00752595413724081
"u_{H,\max}",0.003448275862068966,3,True,C,0.0358000789206104
"u_{H,\max}",0.0037931034482758625,0,False,C,0.150000000000000
"u_{H,\max}",0.0037931034482758625,1,True,C,0.00272727272727273
"u_{H,\max}",0.0037931034482758625,2,False,C,0.00752595413724081
"u_{H,\max}",0.0037931034482758625,3,True,C,0.0358000789206104
"u_{H,\max}",0.004137931034482759,0,False,C,0.150000000000000
"u_{H,\max}",0.004137931034482759,1,True,C,0.00272727272727273
"u_{H,\max}",0.004137931034482759,2,False,C,0.00752595413724081
"u_{H,\max}",0.004137931034482759,3,True,C,0.0358000789206104
"u_{H,\max}",0.004482758620689656,0,False,C,0.150000000000000
"u_{H,\max}",0.004482758620689656,1,True,C,0.00272727272727273
"u_{H,\max}",0.004482758620689656,2,False,C,0.00752595413724081
"u_{H,\max}",0.004482758620689656,3,True,C,0.0358000789206104
"u_{H,\max}",0.004827586206896552,0,False,C,0.150000000000000
"u_{H,\max}",0.004827586206896552,1,True,C,0.00272727272727273
"u_{H,\max}",0.004827586206896552,2,False,C,0.00752595413724081
"u_{H,\max}",0.004827586206896552,3,True,C,0.0358000789206104
"u_{H,\max}",0.005172413793103449,0,False,C,0.150000000000000
"u_{H,\max}",0.005172413793103449,1,True,C,0.00272727272727273
"u_{H,\max}",0.005172413793103449,2,False,C,0.00752595413724081
"u_{H,\max}",0.005172413793103449,3,True,C,0.0358000789206104
"u_{H,\max}",0.005517241379310345,0,False,C,0.150000000000000
"u_{H,\max}",0.005517241379310345,1,True,C,0.00272727272727273
"u_{H,\max}",0.005517241379310345,2,False,C,0.00752595413724081
"u_{H,\max}",0.005517241379310345,3,True,C,0.0358000789206104
"u_{H,\max}",0.0058620689655172415,0,False,C,0.150000000000000
"u_{H,\max}",0.0058620689655172415,1,True,C,0.00272727272727273
"u_{H,\max}",0.0058620689655172415,2,False,C,0.00752595413724081
"u_{H,\max}",0.0058620689655172415,3,True,C,0.0358000789206104
"u_{H,\max}",0.0062068965517241385,0,False,C,0.150000000000000
"u_{H,\max}",0.0062068965517241385,1,True,C,0.00272727272727273
"u_{H,\max}",0.0062068965517241385,2,False,C,0.00752595413724081
"u_{H,\max}",0.0062068965517241385,3,True,C,0.0358000789206104
"u_{H,\max}",0.006551724137931035,0,False,C,0.150000000000000
"u_{H,\max}",0.006551724137931035,1,True,C,0.00272727272727273
"u_{H,\max}",0.006551724137931035,2,False,C,0.00752595413724081
"u_{H,\max}",0.006551724137931035,3,True,C,0.0358000789206104
"u_{H,\max}",0.006896551724137932,0,False,C,0.150000000000000
"u_{H,\max}",0.006896551724137932,1,True,C,0.00272727272727273
"u_{H,\max}",0.006896551724137932,2,False,C,0.00752595413724081
"u_{H,\max}",0.006896551724137932,3,True,C,0.0358000789206104
"u_{H,\max}",0.007241379310344828,0,False,C,0.150000000000000
"u_{H,\max}",0.007241379310344828,1,True,C,0.00272727272727273
"u_{H,\max}",0.007241379310344828,2,False,C,0.00752595413724081
"u_{H,\max}",0.007241379310344828,3,True,C,0.0358000789206104
"u_{H,\max}",0.007586206896551725,0,False,C,0.150000000000000
"u_{H,\max}",0.007586206896551725,1,True,C,0.00272727272727273
"u_{H,\max}",0.007586206896551725,2,False,C,0.00752595413724081
"u_{H,\max}",0.007586206896551725,3,True,C,0.0358000789206104
"u_{H,\max}",0.007931034482758621,0,False,C,0.150000000000000
"u_{H,\max}",0.007931034482758621,1,True,C,0.00272727272727273
"u_{H,\max}",0.007931034482758621,2,False,C,0.00752595413724081
"u_{H,\max}",0.007931034482758621,3,True,C,0.0358000789206104
"u_{H,\max}",0.008275862068965517,0,False,C,0.150000000000000
"u_{H,\max}",0.008275862068965517,1,True,C,0.00272727272727273
"u_{H,\max}",0.008275862068965517,2,False,C,0.00752595413724081
"u_{H,\max}",0.008275862068965517,3,True,C,0.0358000789206104
"u_{H,\max}",0.008620689655172414,0,False,C,0.150000000000000
"u_{H,\max}",0.008620689655172414,1,True,C,0.00272727272727273
"u_{H,\max}",0.008620689655172414,2,False,C,0.00752595413724081
"u_{H,\max}",0.008620689655172414,3,True,C,0.0358000789206104
"u_{H,\max}",0.008965517241379312,0,False,C,0.150000000000000
"u_{H,\max}",0.008965517241379312,1,True,C,0.00272727272727273
"u_{H,\max}",0.008965517241379312,2,False,C,0.00752595413724081
"u_{H,\max}",0.008965517241379312,3,True,C,0.0358000789206104
"u_{H,\max}",0.009310344827586208,0,False,C,0.150000000000000
"u_{H,\max}",0.009310344827586208,1,True,C,0.00272727272727273
"u_{H,\max}",0.009310344827586208,2,False,C,0.00752595413724081
"u_{H,\max}",0.009310344827586208,3,True,C,0.0358000789206104
"u_{H,\max}",0.009655172413793104,0,False,C,0.150000000000000
"u_{H,\max}",0.009655172413793104,1,True,C,0.00272727272727273
"u_{H,\max}",0.009655172413793104,2,False,C,0.00752595413724081
"u_{H,\max}",0.009655172413793104,3,True,C,0.0358000789206104
"u_{H,\max}",0.01,0,False,C,0.150000000000000
"u_{H,\max}",0.01,1,True,C,0.00272727272727273
"u_{H,\max}",0.01,2,False,C,0.00752595413724081
"u_{H,\max}",0.01,3,True,C,0.0358000789206104
K_S,0.0001,0,False,C,0.150000000000000
K_S,0.0001,1,True,C,0.00272727272727273
K_S,0.00423448275862069,0,False,C,0.150000000000000
K_S,0.00423448275862069,1,True,C,0.00272727272727273
K_S,0.008368965517241379,0,False,C,0.150000000000000
K_S,0.008368965517241379,1,True,C,0.00272727272727273
K_S,0.01250344827586207,0,False,C,0.150000000000000
K_S,0.01250344827586207,1,True,C,0.00272727272727273
K_S,0.01250344827586207,2,False,C,0.00997966402051242
K_S,0.01250344827586207,3,True,C,0.0260666597184446
K_S,0.01663793103448276,0,False,C,0.150000000000000
K_S,0.01663793103448276,1,True,C,0.00272727272727273
K_S,0.01663793103448276,2,False,C,0.00837027600176777
K_S,0.01663793103448276,3,True,C,0.0316909380193209
K_S,0.020772413793103447,0,False,C,0.150000000000000
K_S,0.020772413793103447,1,True,C,0.00272727272727273
K_S,0.020772413793103447,2,False,C,0.00736534099071943
K_S,0.020772413793103447,3,True,C,0.0367107633125008
K_S,0.02490689655172414,0,False,C,0.150000000000000
K_S,0.02490689655172414,1,True,C,0.00272727272727273
K_S,0.02490689655172414,2,False,C,0.00664799004662499
K_S,0.02490689655172414,3,True,C,0.0414430045387269
K_S,0.02904137931034483,0,False,C,0.150000000000000
K_S,0.02904137931034483,1,True,C,0.00272727272727273
K_S,0.02904137931034483,2,False,C,0.00610005452420241
K_S,0.02904137931034483,3,True,C,0.0460058303432812
K_S,0.03317586206896552,0,False,C,0.150000000000000
K_S,0.03317586206896552,1,True,C,0.00272727272727273
K_S,0.03317586206896552,2,False,C,0.00566347070052183
K_S,0.03317586206896552,3,True,C,0.0504573044490934
K_S,0.03731034482758621,0,False,C,0.150000000000000
K_S,0.03731034482758621,1,True,C,0.00272727272727273
K_S,0.03731034482758621,2,False,C,0.00530524587593547
K_S,0.03731034482758621,3,True,C,0.0548304195558115
K_S,0.0414448275862069,0,False,C,0.150000000000000
K_S,0.0414448275862069,1,True,C,0.00272727272727273
K_S,0.0414448275862069,2,False,C,0.00500482901459370
K_S,0.0414448275862069,3,True,C,0.0591457266992849
K_S,0.04557931034482759,0,False,C,0.150000000000000
K_S,0.04557931034482759,1,True,C,0.00272727272727273
K_S,0.04557931034482759,2,False,C,0.00474857283074431
K_S,0.04557931034482759,3,True,C,0.0634168731652660
K_S,0.049713793103448284,0,False,C,0.150000000000000
K_S,0.049713793103448284,1,True,C,0.00272727272727273
K_S,0.049713793103448284,2,False,C,0.00452697432834352
K_S,0.049713793103448284,3,True,C,0.0676533619497984
K_S,0.05384827586206897,0,False,C,0.150000000000000
K_S,0.05384827586206897,1,True,C,0.00272727272727273
K_S,0.05384827586206897,2,False,C,0.00433316877085372
K_S,0.05384827586206897,3,True,C,0.0718620577894199
K_S,0.05798275862068966,0,False,C,0.150000000000000
K_S,0.05798275862068966,1,True,C,0.00272727272727273
K_S,0.05798275862068966,2,False,C,0.00416204944176204
K_S,0.05798275862068966,3,True,C,0.0760480674006432
K_S,0.06211724137931035,0,False,C,0.150000000000000
K_S,0.06211724137931035,1,True,C,0.00272727272727273
K_S,0.06211724137931035,2,False,C,0.00400972481897187
K_S,0.06211724137931035,3,True,C,0.0802152823055651
K_S,0.06625172413793104,0,False,C,0.150000000000000
K_S,0.06625172413793104,1,True,C,0.00272727272727273
K_S,0.06625172413793104,2,False,C,0.00387316903820009
K_S,0.06625172413793104,3,True,C,0.0843667283684685
K_S,0.07038620689655173,0,False,C,0.150000000000000
K_S,0.07038620689655173,1,True,C,0.00272727272727273
K_S,0.07038620689655173,2,False,C,0.00374998865182275
K_S,0.07038620689655173,3,True,C,0.0885047990369775
K_S,0.07452068965517242,0,False,C,0.150000000000000
K_S,0.07452068965517242,1,True,C,0.00272727272727273
K_S,0.07452068965517242,2,False,C,0.00363826225998420
K_S,0.07452068965517242,3,True,C,0.0926314157109477
K_S,0.0786551724137931,0,False,C,0.150000000000000
K_S,0.0786551724137931,1,True,C,0.00272727272727273
K_S,0.0786551724137931,2,False,C,0.00353642739471896
K_S,0.0786551724137931,3,True,C,0.0967481408583446
K_S,0.0827896551724138,0,False,C,0.150000000000000
K_S,0.0827896551724138,1,True,C,0.00272727272727273
K_S,0.0827896551724138,2,False,C,0.00344319895476770
K_S,0.0827896551724138,3,True,C,0.100856259580428
K_S,0.08692413793103448,0,False,C,0.150000000000000
K_S,0.08692413793103448,1,True,C,0.00272727272727273
K_S,0.08692413793103448,2,False,C,0.00335750924724970
K_S,0.08692413793103448,3,True,C,0.104956839570077
K_S,0.09105862068965517,0,False,C,0.150000000000000
K_S,0.09105862068965517,1,True,C,0.00272727272727273
K_S,0.09105862068965517,2,False,C,0.00327846315793177
K_S,0.09105862068965517,3,True,C,0.109050775941527
K_S,0.09519310344827586,0,False,C,0.150000000000000
K_S,0.09519310344827586,1,True,C,0.00272727272727273
K_S,0.09519310344827586,2,False,C,0.00320530412340899
K_S,0.09519310344827586,3,True,C,0.113138825258181
K_S,0.09932758620689656,0,False,C,0.150000000000000
K_S,0.09932758620689656,1,True,C,0.00272727272727273
K_S,0.09932758620689656,2,False,C,0.00313738795130832
K_S,0.09932758620689656,3,True,C,0.117221631712414
K_S,0.10346206896551725,0,False,C,0.150000000000000
K_S,0.10346206896551725,1,True,C,0.00272727272727273
K_S,0.10346206896551725,2,False,C,0.00307416243198802
K_S,0.10346206896551725,3,True,C,0.121299747513865
K_S,0.10759655172413794,0,False,C,0.150000000000000
K_S,0.10759655172413794,1,True,C,0.00272727272727273
K_S,0.10759655172413794,2,False,C,0.00301515128459713
K_S,0.10759655172413794,3,True,C,0.125373648943388
K_S,0.11173103448275863,0,False,C,0.150000000000000
K_S,0.11173103448275863,1,True,C,0.00272727272727273
K_S,0.11173103448275863,2,False,C,0.00295994138856429
K_S,0.11173103448275863,3,True,C,0.129443749121553
K_S,0.11586551724137932,0,False,C,0.150000000000000
K_S,0.11586551724137932,1,True,C,0.00272727272727273
K_S,0.11586551724137932,2,False,C,0.00290817253450215
K_S,0.11586551724137932,3,True,C,0.133510408257746
K_S,0.12,0,False,C,0.150000000000000
K_S,0.12,1,True,C,0.00272727272727273
K_S,0.12,2,False,C,0.00285952912774332
K_S,0.12,3,True,C,0.137573941946637
K_H,0.0,0,False,C,0.150000000000000
K_H,0.0,1,True,C,0.00272727272727273
K_H,0.0,2,False,C,0.00752595413724081
K_H,0.0,3,True,C,0.0358000789206104
K_H,6.896551724137931e-05,0,False,C,0.150000000000000
K_H,6.896551724137931e-05,1,True,C,0.00272727272727273
K_H,6.896551724137931e-05,2,False,C,0.00752595413724081
K_H,6.896551724137931e-05,3,True,C,0.0358000789206104
K_H,0.00013793103448275863,0,False,C,0.150000000000000
K_H,0.00013793103448275863,1,True,C,0.00272727272727273
K_H,0.00013793103448275863,2,False,C,0.00752595413724081
K_H,0.00013793103448275863,3,True,C,0.0358000789206104
K_H,0.00020689655172413793,0,False,C,0.150000000000000
K_H,0.00020689655172413793,1,True,C,0.00272727272727273
K_H,0.00020689655172413793,2,False,C,0.00752595413724081
K_H,0.00020689655172413793,3,True,C,0.0358000789206104
K_H,0.00027586206896551725,0,False,C,0.150000000000000
K_H,0.00027586206896551725,1,True,C,0.00272727272727273
K_H,0.00027586206896551725,2,False,C,0.00752595413724081
K_H,0.00027586206896551725,3,True,C,0.0358000789206104
K_H,0.0003448275862068966,0,False,C,0.150000000000000
K_H,0.0003448275862068966,1,True,C,0.00272727272727273
K_H,0.0003448275862068966,2,False,C,0.00752595413724081
K_H,0.0003448275862068966,3,True,C,0.0358000789206104
K_H,0.00041379310344827585,0,False,C,0.150000000000000
K_H,0.00041379310344827585,1,True,C,0.00272727272727273
K_H,0.00041379310344827585,2,False,C,0.00752595413724081
K_H,0.00041379310344827585,3,True,C,0.0358000789206104
K_H,0.0004827586206896552,0,False,C,0.150000000000000
K_H,0.0004827586206896552,1,True,C,0.00272727272727273
K_H,0.0004827586206896552,2,False,C,0.00752595413724081
K_H,0.0004827586206896552,3,True,C,0.0358000789206104
K_H,0.0005517241379310345,0,False,C,0.150000000000000
K_H,0.0005517241379310345,1,True,C,0.00272727272727273
K_H,0.0005517241379310345,2,False,C,0.00752595413724081
K_H,0.0005517241379310345,3,True,C,0.0358000789206104
K_H,0.0006206896551724138,0,False,C,0.150000000000000
K_H,0.0006206896551724138,1,True,C,0.00272727272727273
K_H,0.0006206896551724138,2,False,C,0.00752595413724081
K_H,0.0006206896551724138,3,True,C,0.0358000789206104
K_H,0.0006896551724137932,0,False,C,0.150000000000000
K_H,0.0006896551724137932,1,True,C,0.00272727272727273
K_H,0.0006896551724137932,2,False,C,0.00752595413724081
K_H,0.0006896551724137932,3,True,C,0.0358000789206104
K_H,0.0007586206896551725,0,False,C,0.150000000000000
K_H,0.0007586206896551725,1,True,C,0.00272727272727273
K_H,0.0007586206896551725,2,False,C,0.00752595413724081
K_H,0.0007586206896551725,3,True,C,0.0358000789206104
K_H,0.0008275862068965517,0,False,C,0.150000000000000
K_H,0.0008275862068965517,1,True,C,0.00272727272727273
K_H,0.0008275862068965517,2,False,C,0.00752595413724081
K_H,0.0008275862068965517,3,True,C,0.0358000789206104
K_H,0.000896551724137931,0,False,C,0.150000000000000
K_H,0.000896551724137931,1,True,C,0.00272727272727273
K_H,0.000896551724137931,2,False,C,0.00752595413724081
K_H,0.000896551724137931,3,True,C,0.0358000789206104
K_H,0.0009655172413793104,0,False,C,0.150000000000000
K_H,0.0009655172413793104,1,True,C,0.00272727272727273
K_H,0.0009655172413793104,2,False,C,0.00752595413724081
K_H,0.0009655172413793104,3,True,C,0.0358000789206104
K_H,0.0010344827586206897,0,False,C,0.150000000000000
K_H,0.0010344827586206897,1,True,C,0.00272727272727273
K_H,0.0010344827586206897,2,False,C,0.00752595413724081
K_H,0.0010344827586206897,3,True,C,0.0358000789206104
K_H,0.001103448275862069,0,False,C,0.150000000000000
K_H,0.001103448275862069,1,True,C,0.00272727272727273
K_H,0.001103448275862069,2,False,C,0.00752595413724081
K_H,0.001103448275862069,3,True,C,0.0358000789206104
K_H,0.0011724137931034483,0,False,C,0.150000000000000
K_H,0.0011724137931034483,1,True,C,0.00272727272727273
K_H,0.0012413793103448277,0,False,C,0.150000000000000
K_H,0.0012413793103448277,1,True,C,0.00272727272727273
K_H,0.001310344827586207,0,False,C,0.150000000000000
K_H,0.001310344827586207,1,True,C,0.00272727272727273
K_H,0.0013793103448275863,0,False,C,0.150000000000000
K_H,0.0013793103448275863,1,True,C,0.00272727272727273
K_H,0.0014482758620689656,0,False,C,0.150000000000000
K_H,0.0014482758620689656,1,True,C,0.00272727272727273
K_H,0.001517241379310345,0,False,C,0.150000000000000
K_H,0.001517241379310345,1,True,C,0.00272727272727273
K_H,0.0015862068965517243,0,False,C,0.150000000000000
K_H,0.0015862068965517243,1,True,C,0.00272727272727273
K_H,0.0016551724137931034,0,False,C,0.150000000000000
K_H,0.0016551724137931034,1,True,C,0.00272727272727273
K_H,0.0017241379310344827,0,False,C,0.150000000000000
K_H,0.0017241379310344827,1,True,C,0.00272727272727273
K_H,0.001793103448275862,0,False,C,0.150000000000000
K_H,0.001793103448275862,1,True,C,0.00272727272727273
K_H,0.0018620689655172414,0,False,C,0.150000000000000
K_H,0.0018620689655172414,1,True,C,0.00272727272727273
K_H,0.0019310344827586207,0,False,C,0.150000000000000
K_H,0.0019310344827586207,1,True,C,0.00272727272727273
K_H,0.002,0,False,C,0.150000000000000
K_H,0.002,1,True,C,0.00272727272727273
d_C,0.0,1,True,C,0.00272727272727273
d_C,0.02413793103448276,0,False,C,1.33285714285714
d_C,0.02413793103448276,1,True,C,0.00272727272727273
d_C,0.04827586206896552,0,False,C,0.711428571428572
d_C,0.04827586206896552,1,True,C,0.00272727272727273
d_C,0.07241379310344828,0,False,C,0.504285714285714
d_C,0.07241379310344828,1,True,C,0.00272727272727273
d_C,0.09655172413793103,0,False,C,0.400714285714286
d_C,0.09655172413793103,1,True,C,0.00272727272727273
d_C,0.12068965517241378,0,False,C,0.338571428571428
d_C,0.12068965517241378,1,True,C,0.00272727272727273
d_C,0.14482758620689656,0,False,C,0.297142857142857
d_C,0.14482758620689656,1,True,C,0.00272727272727273
d_C,0.16896551724137931,0,False,C,0.267551020408163
d_C,0.16896551724137931,1,True,C,0.00272727272727273
d_C,0.19310344827586207,0,False,C,0.245357142857143
d_C,0.19310344827586207,1,True,C,0.00272727272727273
d_C,0.21724137931034482,0,False,C,0.228095238095238
d_C,0.21724137931034482,1,True,C,0.00272727272727273
d_C,0.24137931034482757,0,False,C,0.214285714285714
d_C,0.24137931034482757,1,True,C,0.00272727272727273
d_C,0.2655172413793103,0,False,C,0.202987012987013
d_C,0.2655172413793103,1,True,C,0.00272727272727273
d_C,0.2896551724137931,0,False,C,0.193571428571429
d_C,0.2896551724137931,1,True,C,0.00272727272727273
d_C,0.3137931034482759,0,False,C,0.185604395604396
d_C,0.3137931034482759,1,True,C,0.00272727272727273
d_C,0.33793103448275863,0,False,C,0.178775510204082
d_C,0.33793103448275863,1,True,C,0.00272727272727273
d_C,0.3620689655172414,0,False,C,0.172857142857143
d_C,0.3620689655172414,1,True,C,0.00272727272727273
d_C,0.38620689655172413,0,False,C,0.167678571428572
d_C,0.38620689655172413,1,True,C,0.00272727272727273
d_C,0.4103448275862069,0,False,C,0.163109243697479
d_C,0.4103448275862069,1,True,C,0.00272727272727273
d_C,0.43448275862068964,0,False,C,0.159047619047619
d_C,0.43448275862068964,1,True,C,0.00272727272727273
d_C,0.43448275862068964,2,False,C,0.0109570406795226
d_C,0.43448275862068964,3,True,C,0.0249195990948445
d_C,0.4586206896551724,0,False,C,0.155413533834586
d_C,0.4586206896551724,1,True,C,0.00272727272727273
d_C,0.4586206896551724,2,False,C,0.00913377977504251
d_C,0.4586206896551724,3,True,C,0.0297349985757932
d_C,0.48275862068965514,0,False,C,0.152142857142857
d_C,0.48275862068965514,1,True,C,0.00272727272727273
d_C,0.48275862068965514,2,False,C,0.00807031334529900
d_C,0.48275862068965514,3,True,C,0.0334913897243585
d_C,0.506896551724138,0,False,C,0.149183673469388
d_C,0.506896551724138,1,True,C,0.00272727272727273
d_C,0.506896551724138,2,False,C,0.00734111448562471
d_C,0.506896551724138,3,True,C,0.0366570442820146
d_C,0.5310344827586206,0,False,C,0.146493506493506
d_C,0.5310344827586206,1,True,C,0.00272727272727273
d_C,0.5310344827586206,2,False,C,0.00680059479833681
d_C,0.5310344827586206,3,True,C,0.0394125236947402
d_C,0.5551724137931034,0,False,C,0.144037267080745
d_C,0.5551724137931034,1,True,C,0.00272727272727273
d_C,0.5551724137931034,2,False,C,0.00638025947520040
d_C,0.5551724137931034,3,True,C,0.0418552135497983
d_C,0.5793103448275863,0,False,C,0.141785714285714
d_C,0.5793103448275863,1,True,C,0.00272727272727273
d_C,0.5793103448275863,2,False,C,0.00604235936174971
d_C,0.5793103448275863,3,True,C,0.0440469386508438
d_C,0.603448275862069,0,False,C,0.139714285714286
d_C,0.603448275862069,1,True,C,0.00272727272727273
d_C,0.603448275862069,2,False,C,0.00576395250318495
d_C,0.603448275862069,3,True,C,0.0460308644979957
d_C,0.6275862068965518,0,False,C,0.137802197802198
d_C,0.6275862068965518,1,True,C,0.00272727272727273
d_C,0.6275862068965518,2,False,C,0.00553012326252960
d_C,0.6275862068965518,3,True,C,0.0478390189588853
d_C,0.6517241379310345,0,False,C,0.136031746031746
d_C,0.6517241379310345,1,True,C,0.00272727272727273
d_C,0.6517241379310345,2,False,C,0.00533067943269656
d_C,0.6517241379310345,3,True,C,0.0494961713259724
d_C,0.6758620689655173,0,False,C,0.134387755102041
d_C,0.6758620689655173,1,True,C,0.00272727272727273
d_C,0.6758620689655173,2,False,C,0.00515838317749533
d_C,0.6758620689655173,3,True,C,0.0510220540800524
d_C,0.7,0,False,C,0.132857142857143
d_C,0.7,1,True,C,0.00272727272727273
d_C,0.7,2,False,C,0.00500793393392280
d_C,0.7,3,True,C,0.0524327390294774
C_I,0.0,0,False,C,0.0600000000000000
C_I,0.0,1,True,C,0.00272727272727273
C_I,0.005172413793103448,0,False,C,0.0651724137931034
C_I,0.005172413793103448,1,True,C,0.00272727272727273
C_I,0.010344827586206896,0,False,C,0.0703448275862068
C_I,0.010344827586206896,1,True,C,0.00272727272727273
C_I,0.015517241379310345,0,False,C,0.0755172413793104
C_I,0.015517241379310345,1,True,C,0.00272727272727273
C_I,0.020689655172413793,0,False,C,0.0806896551724138
C_I,0.020689655172413793,1,True,C,0.00272727272727273
C_I,0.02586206896551724,0,False,C,0.0858620689655172
C_I,0.02586206896551724,1,True,C,0.00272727272727273
C_I,0.03103448275862069,0,False,C,0.0910344827586206
C_I,0.03103448275862069,1,True,C,0.00272727272727273
C_I,0.03620689655172414,0,False,C,0.0962068965517242
C_I,0.03620689655172414,1,True,C,0.00272727272727273
C_I,0.041379310344827586,0,False,C,0.101379310344828
C_I,0.041379310344827586,1,True,C,0.00272727272727273
C_I,0.04655172413793103,0,False,C,0.106551724137931
C_I,0.04655172413793103,1,True,C,0.00272727272727273
C_I,0.05172413793103448,0,False,C,0.111724137931034
C_I,0.05172413793103448,1,True,C,0.00272727272727273
C_I,0.056896551724137934,0,False,C,0.116896551724138
C_I,0.056896551724137934,1,True,C,0.00272727272727273
C_I,0.06206896551724138,0,False,C,0.122068965517241
C_I,0.06206896551724138,1,True,C,0.00272727272727273
C_I,0.06724137931034482,0,False,C,0.127241379310345
C_I,0.06724137931034482,1,True,C,0.00272727272727273
C_I,0.07241379310344828,0,False,C,0.132413793103448
C_I,0.07241379310344828,1,True,C,0.00272727272727273
C_I,0.07758620689655173,0,False,C,0.137586206896552
C_I,0.07758620689655173,1,True,C,0.00272727272727273
C_I,0.07758620689655173,2,False,C,0.0136346666957329
C_I,0.07758620689655173,3,True,C,0.0172775732586701
C_I,0.08275862068965517,0,False,C,0.142758620689655
C_I,0.08275862068965517,1,True,C,0.00272727272727273
C_I,0.08275862068965517,2,False,C,0.00933342204856525
C_I,0.08275862068965517,3,True,C,0.0267512316989412
C_I,0.08793103448275862,0,False,C,0.147931034482759
C_I,0.08793103448275862,1,True,C,0.00272727272727273
C_I,0.08793103448275862,2,False,C,0.00791046447204526
C_I,0.08793103448275862,3,True,C,0.0333466030685646
C_I,0.09310344827586206,0,False,C,0.153103448275862
C_I,0.09310344827586206,1,True,C,0.00272727272727273
C_I,0.09310344827586206,2,False,C,0.00705830286887557
C_I,0.09310344827586206,3,True,C,0.0393711784648377
C_I,0.09827586206896552,0,False,C,0.158275862068966
C_I,0.09827586206896552,1,True,C,0.00272727272727273
C_I,0.09827586206896552,2,False,C,0.00646992042597275
C_I,0.09827586206896552,3,True,C,0.0451319747008441
C_I,0.10344827586206896,0,False,C,0.163448275862069
C_I,0.10344827586206896,1,True,C,0.00272727272727273
C_I,0.10344827586206896,2,False,C,0.00603265445928784
C_I,0.10344827586206896,3,True,C,0.0507416544606324
C_I,0.10862068965517241,0,False,C,0.168620689655172
C_I,0.10862068965517241,1,True,C,0.00272727272727273
C_I,0.10862068965517241,2,False,C,0.00569222881472519
C_I,0.10862068965517241,3,True,C,0.0562544938982985
C_I,0.11379310344827587,0,False,C,0.173793103448276
C_I,0.11379310344827587,1,True,C,0.00272727272727273
C_I,0.11379310344827587,2,False,C,0.00541841356576876
C_I,0.11379310344827587,3,True,C,0.0617007229403583
C_I,0.11896551724137931,0,False,C,0.178965517241379
C_I,0.11896551724137931,1,True,C,0.00272727272727273
C_I,0.11896551724137931,2,False,C,0.00519273904818142
C_I,0.11896551724137931,3,True,C,0.0670988112510490
C_I,0.12413793103448276,0,False,C,0.184137931034483
C_I,0.12413793103448276,1,True,C,0.00272727272727273
C_I,0.12413793103448276,2,False,C,0.00500316302025646
C_I,0.12413793103448276,3,True,C,0.0724608010720776
C_I,0.12931034482758622,0,False,C,0.189310344827586
C_I,0.12931034482758622,1,True,C,0.00272727272727273
C_I,0.12931034482758622,2,False,C,0.00484144355484008
C_I,0.12931034482758622,3,True,C,0.0777949343305974
C_I,0.13448275862068965,0,False,C,0.194482758620690
C_I,0.13448275862068965,1,True,C,0.00272727272727273
C_I,0.13448275862068965,2,False,C,0.00470172236506502
C_I,0.13448275862068965,3,True,C,0.0831070693134758
C_I,0.1396551724137931,0,False,C,0.199655172413794
C_I,0.1396551724137931,1,True,C,0.00272727272727273
C_I,0.1396551724137931,2,False,C,0.00457970685919173
C_I,0.1396551724137931,3,True,C,0.0884014986124535
C_I,0.14482758620689656,0,False,C,0.204827586206896
C_I,0.14482758620689656,1,True,C,0.00272727272727273
C_I,0.14482758620689656,2,False,C,0.00447217185711686
C_I,0.14482758620689656,3,True,C,0.0936814474076304
C_I,0.15,0,False,C,0.210000000000000
C_I,0.15,1,True,C,0.00272727272727273
C_I,0.15,2,False,C,0.00437664258076205
C_I,0.15,3,True,C,0.0989493904770892
d_N,0.017241379310344827,0,False,C,0.150000000000000
d_N,0.017241379310344827,1,True,C,0.00272727272727273
d_N,0.034482758620689655,0,False,C,0.150000000000000
d_N,0.034482758620689655,1,True,C,0.00272727272727273
d_N,0.05172413793103448,0,False,C,0.150000000000000
d_N,0.05172413793103448,1,True,C,0.00272727272727273
d_N,0.06896551724137931,0,False,C,0.150000000000000
d_N,0.06896551724137931,1,True,C,0.00272727272727273
d_N,0.08620689655172414,0,False,C,0.150000000000000
d_N,0.08620689655172414,1,True,C,0.00272727272727273
d_N,0.10344827586206896,0,False,C,0.150000000000000
d_N,0.10344827586206896,1,True,C,0.00272727272727273
d_N,0.12068965517241378,0,False,C,0.150000000000000
d_N,0.12068965517241378,1,True,C,0.00272727272727273
d_N,0.13793103448275862,0,False,C,0.150000000000000
d_N,0.13793103448275862,1,True,C,0.00272727272727273
d_N,0.15517241379310345,0,False,C,0.150000000000000
d_N,0.15517241379310345,1,True,C,0.00272727272727273
d_N,0.1724137931034483,0,False,C,0.150000000000000
d_N,0.1724137931034483,1,True,C,0.00272727272727273
d_N,0.1896551724137931,0,False,C,0.150000000000000
d_N,0.1896551724137931,1,True,C,0.00272727272727273
d_N,0.20689655172413793,0,False,C,0.150000000000000
d_N,0.20689655172413793,1,True,C,0.00272727272727273
d_N,0.20689655172413793,2,False,C,0.0137672529123597
d_N,0.20689655172413793,3,True,C,0.0185494755002935
d_N,0.22413793103448276,0,False,C,0.150000000000000
d_N,0.22413793103448276,1,True,C,0.00272727272727273
d_N,0.22413793103448276,2,False,C,0.0125502737815882
d_N,0.22413793103448276,3,True,C,0.0204140607866649
d_N,0.24137931034482757,0,False,C,0.150000000000000
d_N,0.24137931034482757,1,True,C,0.00272727272727273
d_N,0.24137931034482757,2,False,C,0.0117649529371545
d_N,0.24137931034482757,3,True,C,0.0218469877866986
d_N,0.25862068965517243,0,False,C,0.150000000000000
d_N,0.25862068965517243,1,True,C,0.00272727272727273
d_N,0.25862068965517243,2,False,C,0.0111654106317819
d_N,0.25862068965517243,3,True,C,0.0230941362476708
d_N,0.27586206896551724,0,False,C,0.150000000000000
d_N,0.27586206896551724,1,True,C,0.00272727272727273
d_N,0.27586206896551724,2,False,C,0.0106752959391559
d_N,0.27586206896551724,3,True,C,0.0242318570958968
d_N,0.29310344827586204,0,False,C,0.150000000000000
d_N,0.29310344827586204,1,True,C,0.00272727272727273
d_N,0.29310344827586204,2,False,C,0.0102589855939572
d_N,0.29310344827586204,3,True,C,0.0252957735966954
d_N,0.3103448275862069,0,False,C,0.150000000000000
d_N,0.3103448275862069,1,True,C,0.00272727272727273
d_N,0.3103448275862069,2,False,C,0.00989648243564546
d_N,0.3103448275862069,3,True,C,0.0263058829106070
d_N,0.3275862068965517,0,False,C,0.150000000000000
d_N,0.3275862068965517,1,True,C,0.00272727272727273
d_N,0.3275862068965517,2,False,C,0.00957525917433656
d_N,0.3275862068965517,3,True,C,0.0272747123275158
d_N,0.3448275862068966,0,False,C,0.150000000000000
d_N,0.3448275862068966,1,True,C,0.00272727272727273
d_N,0.3448275862068966,2,False,C,0.00928686979291412
d_N,0.3448275862068966,3,True,C,0.0282107078645382
d_N,0.3620689655172414,0,False,C,0.150000000000000
d_N,0.3620689655172414,1,True,C,0.00272727272727273
d_N,0.3620689655172414,2,False,C,0.00902531067892465
d_N,0.3620689655172414,3,True,C,0.0291198731341275
d_N,0.3793103448275862,0,False,C,0.150000000000000
d_N,0.3793103448275862,1,True,C,0.00272727272727273
d_N,0.3793103448275862,2,False,C,0.00878614026734831
d_N,0.3793103448275862,3,True,C,0.0300066497013038
d_N,0.39655172413793105,0,False,C,0.150000000000000
d_N,0.39655172413793105,1,True,C,0.00272727272727273
d_N,0.39655172413793105,2,False,C,0.00856596805202805
d_N,0.39655172413793105,3,True,C,0.0308744280722239
d_N,0.41379310344827586,0,False,C,0.150000000000000
d_N,0.41379310344827586,1,True,C,0.00272727272727273
d_N,0.41379310344827586,2,False,C,0.00836213973244570
d_N,0.41379310344827586,3,True,C,0.0317258625474062
d_N,0.43103448275862066,0,False,C,0.150000000000000
d_N,0.43103448275862066,1,True,C,0.00272727272727273
d_N,0.43103448275862066,2,False,C,0.00817253375597034
d_N,0.43103448275862066,3,True,C,0.0325630746794813
d_N,0.4482758620689655,0,False,C,0.150000000000000
d_N,0.4482758620689655,1,True,C,0.00272727272727273
d_N,0.4482758620689655,2,False,C,0.00799542463326293
d_N,0.4482758620689655,3,True,C,0.0333877899577886
d_N,0.46551724137931033,0,False,C,0.150000000000000
d_N,0.46551724137931033,1,True,C,0.00272727272727273
d_N,0.46551724137931033,2,False,C,0.00782938809145062
d_N,0.46551724137931033,3,True,C,0.0342014326552008
d_N,0.48275862068965514,0,False,C,0.150000000000000
d_N,0.48275862068965514,1,True,C,0.00272727272727273
d_N,0.48275862068965514,2,False,C,0.00767323343105192
d_N,0.48275862068965514,3,True,C,0.0350051934711994
d_N,0.5,0,False,C,0.150000000000000
d_N,0.5,1,True,C,0.00272727272727273
d_N,0.5,2,False,C,0.00752595413724081
d_N,0.5,3,True,C,0.0358000789206104
N_I,0.0,0,False,C,0.150000000000000
N_I,0.0,1,True,C,0.00272727272727273
N_I,0.0,2,False,C,0.00738809281296426
N_I,0.0,3,True,C,0.0365788493357961
N_I,6.896551724137931e-05,0,False,C,0.150000000000000
N_I,6.896551724137931e-05,1,True,C,0.00272727272727273
N_I,6.896551724137931e-05,2,False,C,0.00749305875335809
N_I,6.896551724137931e-05,3,True,C,0.0359827653180773
N_I,0.00013793103448275863,0,False,C,0.150000000000000
N_I,0.00013793103448275863,1,True,C,0.00272727272727273
N_I,0.00013793103448275863,2,False,C,0.00760252859352051
N_I,0.00013793103448275863,3,True,C,0.0353821774005899
N_I,0.00020689655172413793,0,False,C,0.150000000000000
N_I,0.00020689655172413793,1,True,C,0.00272727272727273
N_I,0.00020689655172413793,2,False,C,0.00771685687912135
N_I,0.00020689655172413793,3,True,C,0.0347767310376640
N_I,0.00027586206896551725,0,False,C,0.150000000000000
N_I,0.00027586206896551725,1,True,C,0.00272727272727273
N_I,0.00027586206896551725,2,False,C,0.00783644205162956
N_I,0.00027586206896551725,3,True,C,0.0341660277878309
N_I,0.0003448275862068966,0,False,C,0.150000000000000
N_I,0.0003448275862068966,1,True,C,0.00272727272727273
N_I,0.0003448275862068966,2,False,C,0.00796173420409095
N_I,0.0003448275862068966,3,True,C,0.0335496175580445
N_I,0.00041379310344827585,0,False,C,0.150000000000000
N_I,0.00041379310344827585,1,True,C,0.00272727272727273
N_I,0.00041379310344827585,2,False,C,0.00809324467222040
N_I,0.00041379310344827585,3,True,C,0.0329269890125901
N_I,0.0004827586206896552,0,False,C,0.150000000000000
N_I,0.0004827586206896552,1,True,C,0.00272727272727273
N_I,0.0004827586206896552,2,False,C,0.00823155801854887
N_I,0.0004827586206896552,3,True,C,0.0322975575889366
N_I,0.0005517241379310345,0,False,C,0.150000000000000
N_I,0.0005517241379310345,1,True,C,0.00272727272727273
N_I,0.0005517241379310345,2,False,C,0.00837734717893585
N_I,0.0005517241379310345,3,True,C,0.0316606503512246
N_I,0.0006206896551724138,0,False,C,0.150000000000000
N_I,0.0006206896551724138,1,True,C,0.00272727272727273
N_I,0.0006206896551724138,2,False,C,0.00853139285056731
N_I,0.0006206896551724138,3,True,C,0.0310154866022682
N_I,0.0006896551724137932,0,False,C,0.150000000000000
N_I,0.0006896551724137932,1,True,C,0.00272727272727273
N_I,0.0006896551724137932,2,False,C,0.00869460866368993
N_I,0.0006896551724137932,3,True,C,0.0303611527118206
N_I,0.0007586206896551725,0,False,C,0.150000000000000
N_I,0.0007586206896551725,1,True,C,0.00272727272727273
N_I,0.0007586206896551725,2,False,C,0.00886807438782072
N_I,0.0007586206896551725,3,True,C,0.0296965689103648
N_I,0.0008275862068965517,0,False,C,0.150000000000000
N_I,0.0008275862068965517,1,True,C,0.00272727272727273
N_I,0.0008275862068965517,2,False,C,0.00905308053549591
N_I,0.0008275862068965517,3,True,C,0.0290204446853647
N_I,0.000896551724137931,0,False,C,0.150000000000000
N_I,0.000896551724137931,1,True,C,0.00272727272727273
N_I,0.000896551724137931,2,False,C,0.00925118952509269
N_I,0.000896551724137931,3,True,C,0.0283312176184431
N_I,0.0009655172413793104,0,False,C,0.150000000000000
N_I,0.0009655172413793104,1,True,C,0.00272727272727273
N_I,0.0009655172413793104,2,False,C,0.00946432157160420
N_I,0.0009655172413793104,3,True,C,0.0276269674946066
N_I,0.0010344827586206897,0,False,C,0.150000000000000
N_I,0.0010344827586206897,1,True,C,0.00272727272727273
N_I,0.0010344827586206897,2,False,C,0.00969487870236897
N_I,0.0010344827586206897,3,True,C,0.0269052922865168
N_I,0.001103448275862069,0,False,C,0.150000000000000
N_I,0.001103448275862069,1,True,C,0.00272727272727273
N_I,0.001103448275862069,2,False,C,0.00994592980650999
N_I,0.001103448275862069,3,True,C,0.0261631231050508
N_I,0.0011724137931034483,0,False,C,0.150000000000000
N_I,0.0011724137931034483,1,True,C,0.00272727272727273
N_I,0.0011724137931034483,2,False,C,0.0102214978923224
N_I,0.0011724137931034483,3,True,C,0.0253964369419135
N_I,0.0012413793103448277,0,False,C,0.150000000000000
N_I,0.0012413793103448277,1,True,C,0.00272727272727273
N_I,0.0012413793103448277,2,False,C,0.0105270281697273
N_I,0.0012413793103448277,3,True,C,0.0245997885871836
N_I,0.001310344827586207,0,False,C,0.150000000000000
N_I,0.001310344827586207,1,True,C,0.00272727272727273
N_I,0.001310344827586207,2,False,C,0.0108701987927488
N_I,0.001310344827586207,3,True,C,0.0237654998868371
N_I,0.0013793103448275863,0,False,C,0.150000000000000
N_I,0.0013793103448275863,1,True,C,0.00272727272727273
N_I,0.0013793103448275863,2,False,C,0.0112624411469137
N_I,0.0013793103448275863,3,True,C,0.0228821394553472
N_I,0.0014482758620689656,0,False,C,0.150000000000000
N_I,0.0014482758620689656,1,True,C,0.00272727272727273
N_I,0.0014482758620689656,2,False,C,0.0117221161647700
N_I,0.0014482758620689656,3,True,C,0.0219313463601659
N_I,0.001517241379310345,0,False,C,0.150000000000000
N_I,0.001517241379310345,1,True,C,0.00272727272727273
N_I,0.001517241379310345,2,False,C,0.0122822837768373
N_I,0.001517241379310345,3,True,C,0.0208800606707736
N_I,0.0015862068965517243,0,False,C,0.150000000000000
N_I,0.0015862068965517243,1,True,C,0.00272727272727273
N_I,0.0015862068965517243,2,False,C,0.0130153139597351
N_I,0.0015862068965517243,3,True,C,0.0196559124105509
N_I,0.0016551724137931034,0,False,C,0.150000000000000
N_I,0.0016551724137931034,1,True,C,0.00272727272727273
N_I,0.0016551724137931034,2,False,C,0.0141693952762096
N_I,0.0016551724137931034,3,True,C,0.0180107130167514
N_I,0.0017241379310344827,0,False,C,0.150000000000000
N_I,0.0017241379310344827,1,True,C,0.00272727272727273
N_I,0.001793103448275862,0,False,C,0.150000000000000
N_I,0.001793103448275862,1,True,C,0.00272727272727273
N_I,0.0018620689655172414,0,False,C,0.150000000000000
N_I,0.0018620689655172414,1,True,C,0.00272727272727273
N_I,0.0019310344827586207,0,False,C,0.150000000000000
N_I,0.0019310344827586207,1,True,C,0.00272727272727273
N_I,0.002,0,False,C,0.150000000000000
N_I,0.002,1,True,C,0.00272727272727273
m_H,0.01,0,False,C,0.110000000000000
m_H,0.01,1,True,C,0.00272727272727273
m_H,0.01,2,False,C,0.00314628328947825
m_H,0.01,3,True,C,0.0856342952229184
m_H,0.011379310344827587,0,False,C,0.112758620689655
m_H,0.011379310344827587,1,True,C,0.00272727272727273
m_H,0.011379310344827587,2,False,C,0.00327077041932248
m_H,0.011379310344827587,3,True,C,0.0823750118548297
m_H,0.012758620689655173,0,False,C,0.115517241379310
m_H,0.012758620689655173,1,True,C,0.00272727272727273
m_H,0.012758620689655173,2,False,C,0.00340597582039474
m_H,0.012758620689655173,3,True,C,0.0791050102155129
m_H,0.01413793103448276,0,False,C,0.118275862068966
m_H,0.01413793103448276,1,True,C,0.00272727272727273
m_H,0.01413793103448276,2,False,C,0.00355341454003298
m_H,0.01413793103448276,3,True,C,0.0758227752576302
m_H,0.015517241379310345,0,False,C,0.121034482758621
m_H,0.015517241379310345,1,True,C,0.00272727272727273
m_H,0.015517241379310345,2,False,C,0.00371491571163262
m_H,0.015517241379310345,3,True,C,0.0725264778477862
m_H,0.016896551724137933,0,False,C,0.123793103448276
m_H,0.016896551724137933,1,True,C,0.00272727272727273
m_H,0.016896551724137933,2,False,C,0.00389271246094943
m_H,0.016896551724137933,3,True,C,0.0692138848602248
m_H,0.018275862068965518,0,False,C,0.126551724137931
m_H,0.018275862068965518,1,True,C,0.00272727272727273
m_H,0.018275862068965518,2,False,C,0.00408956605610632
m_H,0.018275862068965518,3,True,C,0.0658822350268234
m_H,0.019655172413793102,0,False,C,0.129310344827586
m_H,0.019655172413793102,1,True,C,0.00272727272727273
m_H,0.019655172413793102,2,False,C,0.00430894124244842
m_H,0.019655172413793102,3,True,C,0.0625280636022367
m_H,0.02103448275862069,0,False,C,0.132068965517241
m_H,0.02103448275862069,1,True,C,0.00272727272727273
m_H,0.02103448275862069,2,False,C,0.00455526042052448
m_H,0.02103448275862069,3,True,C,0.0591469481859161
m_H,0.02241379310344828,0,False,C,0.134827586206896
m_H,0.02241379310344828,1,True,C,0.00272727272727273
m_H,0.02241379310344828,2,False,C,0.00483428363311151
m_H,0.02241379310344828,3,True,C,0.0557331287350845
m_H,0.023793103448275864,0,False,C,0.137586206896552
m_H,0.023793103448275864,1,True,C,0.00272727272727273
m_H,0.023793103448275864,2,False,C,0.00515369792058649
m_H,0.023793103448275864,3,True,C,0.0522789182093649
m_H,0.02517241379310345,0,False,C,0.140344827586207
m_H,0.02517241379310345,1,True,C,0.00272727272727273
m_H,0.02517241379310345,2,False,C,0.00552407331798629
m_H,0.02517241379310345,3,True,C,0.0487737465737207
m_H,0.026551724137931033,0,False,C,0.143103448275862
m_H,0.026551724137931033,1,True,C,0.00272727272727273
m_H,0.026551724137931033,2,False,C,0.00596050279877666
m_H,0.026551724137931033,3,True,C,0.0452025208546859
m_H,0.027931034482758625,0,False,C,0.145862068965517
m_H,0.027931034482758625,1,True,C,0.00272727272727273
m_H,0.027931034482758625,2,False,C,0.00648562532167398
m_H,0.027931034482758625,3,True,C,0.0415426020935441
m_H,0.02931034482758621,0,False,C,0.148620689655172
m_H,0.02931034482758621,1,True,C,0.00272727272727273
m_H,0.02931034482758621,2,False,C,0.00713576236393870
m_H,0.02931034482758621,3,True,C,0.0377576688130348
m_H,0.030689655172413795,0,False,C,0.151379310344828
m_H,0.030689655172413795,1,True,C,0.00272727272727273
m_H,0.030689655172413795,2,False,C,0.00797520394226030
m_H,0.030689655172413795,3,True,C,0.0337834309964687
m_H,0.03206896551724138,0,False,C,0.154137931034483
m_H,0.03206896551724138,1,True,C,0.00272727272727273
m_H,0.03206896551724138,2,False,C,0.00913741803940913
m_H,0.03206896551724138,3,True,C,0.0294864206610753
m_H,0.033448275862068964,0,False,C,0.156896551724138
m_H,0.033448275862068964,1,True,C,0.00272727272727273
m_H,0.033448275862068964,2,False,C,0.0110037288700134
m_H,0.033448275862068964,3,True,C,0.0244853135922267
m_H,0.034827586206896556,0,False,C,0.159655172413793
m_H,0.034827586206896556,1,True,C,0.00272727272727273
m_S,0.03,0,False,C,0.150000000000000
m_S,0.03,1,True,C,0.00272727272727273
m_S,0.03,2,False,C,0.00752595413724081
m_S,0.03,3,True,C,0.0358000789206104
m_S,0.03586206896551724,0,False,C,0.150000000000000
m_S,0.03586206896551724,1,True,C,0.00334943639291465
m_S,0.03586206896551724,2,False,C,0.00890285656260711
m_S,0.03586206896551724,3,True,C,0.0379473924167977
m_S,0.04172413793103448,0,False,C,0.150000000000000
m_S,0.04172413793103448,1,True,C,0.00400662251655629
m_S,0.04172413793103448,2,False,C,0.0101891755118313
m_S,0.04172413793103448,3,True,C,0.0405238008927124
m_S,0.04758620689655173,0,False,C,0.150000000000000
m_S,0.04758620689655173,1,True,C,0.00470187393526405
m_S,0.04758620689655173,2,False,C,0.0113661387417054
m_S,0.04758620689655173,3,True,C,0.0435900145976838
m_S,0.05344827586206896,0,False,C,0.150000000000000
m_S,0.05344827586206896,1,True,C,0.00543859649122807
m_S,0.05344827586206896,2,False,C,0.0124231609988581
m_S,0.05344827586206896,3,True,C,0.0472050989785708
m_S,0.05931034482758621,0,False,C,0.150000000000000
m_S,0.05931034482758621,1,True,C,0.00622061482820976
m_S,0.05931034482758621,2,False,C,0.0133581713887437
m_S,0.05931034482758621,3,True,C,0.0514273967273026
m_S,0.06517241379310346,0,False,C,0.150000000000000
m_S,0.06517241379310346,1,True,C,0.00705223880597016
m_S,0.06517241379310346,2,False,C,0.0141761585977955
m_S,0.06517241379310346,3,True,C,0.0563175176107142
m_S,0.07103448275862069,0,False,C,0.150000000000000
m_S,0.07103448275862069,1,True,C,0.00793834296724470
m_S,0.07103448275862069,2,False,C,0.0148867956280822
m_S,0.07103448275862069,3,True,C,0.0619426112521516
m_S,0.07689655172413792,0,False,C,0.150000000000000
m_S,0.07689655172413792,1,True,C,0.00888446215139442
m_S,0.07689655172413792,2,False,C,0.0155020684315797
m_S,0.07689655172413792,3,True,C,0.0683810992959166
m_S,0.08275862068965517,0,False,C,0.150000000000000
m_S,0.08275862068965517,1,True,C,0.00989690721649484
m_S,0.08275862068965517,2,False,C,0.0160344555880113
m_S,0.08275862068965517,3,True,C,0.0757274532227019
m_S,0.08862068965517242,0,False,C,0.150000000000000
m_S,0.08862068965517242,1,True,C,0.0109829059829060
m_S,0.08862068965517242,2,False,C,0.0164957883642960
m_S,0.08862068965517242,3,True,C,0.0840970666044137
m_S,0.09448275862068965,0,False,C,0.150000000000000
m_S,0.09448275862068965,1,True,C,0.0121507760532151
m_S,0.09448275862068965,2,False,C,0.0168966766958251
m_S,0.09448275862068965,3,True,C,0.0936315763609445
m_S,0.1003448275862069,0,False,C,0.150000000000000
m_S,0.1003448275862069,1,True,C,0.0134101382488479
m_S,0.1003448275862069,2,False,C,0.0172463160578557
m_S,0.1003448275862069,3,True,C,0.104505145005238
m_S,0.10620689655172413,0,False,C,0.150000000000000
m_S,0.10620689655172413,1,True,C,0.0147721822541966
m_S,0.10620689655172413,2,False,C,0.0175525127614430
m_S,0.10620689655172413,3,True,C,0.116932316449529
m_S,0.11206896551724138,0,False,C,0.150000000000000
m_S,0.11206896551724138,1,True,C,0.0162500000000000
m_S,0.11206896551724138,2,False,C,0.0178218148961466
m_S,0.11206896551724138,3,True,C,0.131178185103853
m_S,0.11793103448275861,0,False,C,0.150000000000000
m_S,0.11793103448275861,1,True,C,0.0178590078328983
m_S,0.11793103448275861,2,False,C,0.0180596811590657
m_S,0.11793103448275861,3,True,C,0.147571830406220
m_S,0.12379310344827586,0,True,C,0.150000000000000
m_S,0.1296551724137931,0,True,C,0.150000000000000
m_S,0.13551724137931034,0,True,C,0.150000000000000
m_S,0.1413793103448276,0,True,C,0.150000000000000
m_S,0.1472413793103448,0,True,C,0.150000000000000
m_S,0.1531034482758621,0,True,C,0.150000000000000
m_S,0.1589655172413793,0,True,C,0.150000000000000
m_S,0.16482758620689655,0,True,C,0.150000000000000
m_S,0.1706896551724138,0,True,C,0.150000000000000
m_S,0.17655172413793105,0,True,C,0.150000000000000
m_S,0.18241379310344827,0,True,C,0.150000000000000
m_S,0.18827586206896552,0,True,C,0.150000000000000
m_S,0.19413793103448276,0,True,C,0.150000000000000
m_S,0.2,0,True,C,0.150000000000000
K_C,0.0001,0,False,C,0.150000000000000
K_C,0.0001,1,True,C,1.36363636363636e-5
K_C,0.0001,2,False,C,3.31980128762399e-5
K_C,0.0001,3,True,C,0.0405791986813386
K_C,0.00216551724137931,0,False,C,0.150000000000000
K_C,0.00216551724137931,1,True,C,0.000295297805642633
K_C,0.00216551724137931,2,False,C,0.000726272007587455
K_C,0.00216551724137931,3,True,C,0.0401677861286337
K_C,0.00423103448275862,0,False,C,0.150000000000000
K_C,0.00423103448275862,1,True,C,0.000576959247648903
K_C,0.00423103448275862,2,False,C,0.00143422718032216
K_C,0.00423103448275862,3,True,C,0.0397414923979053
K_C,0.00629655172413793,0,False,C,0.150000000000000
K_C,0.00629655172413793,1,True,C,0.000858620689655172
K_C,0.00629655172413793,2,False,C,0.00215842686716039
K_C,0.00629655172413793,3,True,C,0.0392989541530733
K_C,0.00836206896551724,0,False,C,0.150000000000000
K_C,0.00836206896551724,1,True,C,0.00114028213166144
K_C,0.00836206896551724,2,False,C,0.00290045314150515
K_C,0.00836206896551724,3,True,C,0.0388385893207348
K_C,0.01042758620689655,0,False,C,0.150000000000000
K_C,0.01042758620689655,1,True,C,0.00142194357366770
K_C,0.01042758620689655,2,False,C,0.00366215922684262
K_C,0.01042758620689655,3,True,C,0.0383585446774036
K_C,0.01249310344827586,0,False,C,0.150000000000000
K_C,0.01249310344827586,1,True,C,0.00170360501567399
K_C,0.01249310344827586,2,False,C,0.00444573924166683
K_C,0.01249310344827586,3,True,C,0.0378566261045857
K_C,0.01455862068965517,0,False,C,0.150000000000000
K_C,0.01455862068965517,1,True,C,0.00198526645768025
K_C,0.01455862068965517,2,False,C,0.00525382284052067
K_C,0.01455862068965517,3,True,C,0.0373302039477381
K_C,0.01662413793103448,0,False,C,0.150000000000000
K_C,0.01662413793103448,1,True,C,0.00226692789968652
K_C,0.01662413793103448,2,False,C,0.00608960655554315
K_C,0.01662413793103448,3,True,C,0.0367760816747219
K_C,0.018689655172413788,0,False,C,0.150000000000000
K_C,0.018689655172413788,1,True,C,0.00254858934169279
K_C,0.018689655172413788,2,False,C,0.00695704088812696
K_C,0.018689655172413788,3,True,C,0.0361903087841444
K_C,0.0207551724137931,0,False,C,0.150000000000000
K_C,0.0207551724137931,1,True,C,0.00283025078369906
K_C,0.0207551724137931,2,False,C,0.00786110511846947
K_C,0.0207551724137931,3,True,C,0.0355679059958081
K_C,0.02282068965517241,0,False,C,0.150000000000000
K_C,0.02282068965517241,1,True,C,0.00311191222570533
K_C,0.02282068965517241,2,False,C,0.00880822602176243
K_C,0.02282068965517241,3,True,C,0.0349024465345214
K_C,0.02488620689655172,0,False,C,0.150000000000000
K_C,0.02488620689655172,1,True,C,0.00339357366771160
K_C,0.02488620689655172,2,False,C,0.00980694491756500
K_C,0.02488620689655172,3,True,C,0.0341853890807251
K_C,0.026951724137931028,0,False,C,0.150000000000000
K_C,0.026951724137931028,1,True,C,0.00367523510971786
K_C,0.026951724137931028,2,False,C,0.0108690409200006
K_C,0.026951724137931028,3,True,C,0.0334049545202957
K_C,0.02901724137931034,0,False,C,0.150000000000000
K_C,0.02901724137931034,1,True,C,0.00395689655172413
K_C,0.02901724137931034,2,False,C,0.0120115617131795
K_C,0.02901724137931034,3,True,C,0.0325440951691231
K_C,0.03108275862068965,0,False,C,0.150000000000000
K_C,0.03108275862068965,1,True,C,0.00423855799373040
K_C,0.03108275862068965,2,False,C,0.0132608602348092
K_C,0.03108275862068965,3,True,C,0.0315764580894997
K_C,0.03314827586206896,0,False,C,0.150000000000000
K_C,0.03314827586206896,1,True,C,0.00452021943573668
K_C,0.03314827586206896,2,False,C,0.0146617689181281
K_C,0.03314827586206896,3,True,C,0.0304572108481871
K_C,0.03521379310344827,0,False,C,0.150000000000000
K_C,0.03521379310344827,1,True,C,0.00480188087774295
K_C,0.03521379310344827,2,False,C,0.0163032604767893
K_C,0.03521379310344827,3,True,C,0.0290973807315322
K_C,0.03727931034482758,0,False,C,0.150000000000000
K_C,0.03727931034482758,1,True,C,0.00508354231974922
K_C,0.03727931034482758,2,False,C,0.0184240904597353
K_C,0.03727931034482758,3,True,C,0.0272582121905925
K_C,0.039344827586206894,0,False,C,0.150000000000000
K_C,0.039344827586206894,1,True,C,0.00536520376175549
K_C,0.0414103448275862,0,False,C,0.150000000000000
K_C,0.0414103448275862,1,True,C,0.00564686520376175
K_C,0.04347586206896551,0,False,C,0.150000000000000
K_C,0.04347586206896551,1,True,C,0.00592852664576802
K_C,0.045541379310344826,0,False,C,0.150000000000000
K_C,0.045541379310344826,1,True,C,0.00621018808777429
K_C,0.047606896551724134,0,False,C,0.150000000000000
K_C,0.047606896551724134,1,True,C,0.00649184952978056
K_C,0.04967241379310344,0,False,C,0.150000000000000
K_C,0.04967241379310344,1,True,C,0.00677351097178683
K_C,0.05173793103448275,0,False,C,0.150000000000000
K_C,0.05173793103448275,1,True,C,0.00705517241379310
K_C,0.05380344827586206,0,False,C,0.150000000000000
K_C,0.05380344827586206,1,True,C,0.00733683385579938
K_C,0.055868965517241374,0,False,C,0.150000000000000
K_C,0.055868965517241374,1,True,C,0.00761849529780565
K_C,0.05793448275862068,0,False,C,0.150000000000000
K_C,0.05793448275862068,1,True,C,0.00790015673981191
K_C,0.06,0,False,C,0.150000000000000
K_C,0.06,1,True,C,0.00818181818181818
f_{\max},0.010344827586206898,2,False,C,0.00752595413724081
f_{\max},0.010344827586206898,3,True,C,0.0358000789206104
f_{\max},0.013793103448275864,2,False,C,0.00752595413724083
f_{\max},0.013793103448275864,3,True,C,0.0358000789206104
f_{\max},0.01724137931034483,2,False,C,0.00752595413724081
f_{\max},0.01724137931034483,3,True,C,0.0358000789206104
f_{\max},0.020689655172413796,2,False,C,0.00752595413724080
f_{\max},0.020689655172413796,3,True,C,0.0358000789206105
f_{\max},0.024137931034482762,2,False,C,0.00752595413724080
f_{\max},0.024137931034482762,3,True,C,0.0358000789206105
f_{\max},0.027586206896551727,2,False,C,0.00752595413724079
f_{\max},0.027586206896551727,3,True,C,0.0358000789206105
f_{\max},0.031034482758620693,2,False,C,0.00752595413724078
f_{\max},0.031034482758620693,3,True,C,0.0358000789206106
f_{\max},0.03448275862068966,2,False,C,0.00752595413724080
f_{\max},0.03448275862068966,3,True,C,0.0358000789206105
f_{\max},0.03793103448275863,2,False,C,0.00752595413724079
f_{\max},0.03793103448275863,3,True,C,0.0358000789206106
f_{\max},0.04137931034482759,2,False,C,0.00752595413724081
f_{\max},0.04137931034482759,3,True,C,0.0358000789206104
f_{\max},0.04482758620689656,2,False,C,0.00752595413724082
f_{\max},0.04482758620689656,3,True,C,0.0358000789206104
f_{\max},0.048275862068965524,2,False,C,0.00752595413724081
f_{\max},0.048275862068965524,3,True,C,0.0358000789206105
f_{\max},0.05172413793103449,2,False,C,0.00752595413724081
f_{\max},0.05172413793103449,3,True,C,0.0358000789206105
f_{\max},0.055172413793103454,2,False,C,0.00752595413724079
f_{\max},0.055172413793103454,3,True,C,0.0358000789206106
f_{\max},0.05862068965517242,2,False,C,0.00752595413724080
f_{\max},0.05862068965517242,3,True,C,0.0358000789206105
f_{\max},0.062068965517241385,0,False,C,0.150000000000000
f_{\max},0.062068965517241385,1,True,C,0.00272727272727273
f_{\max},0.062068965517241385,2,False,C,0.00752595413724083
f_{\max},0.062068965517241385,3,True,C,0.0358000789206103
f_{\max},0.06551724137931035,0,False,C,0.150000000000000
f_{\max},0.06551724137931035,1,True,C,0.00272727272727273
f_{\max},0.06551724137931035,2,False,C,0.00752595413724080
f_{\max},0.06551724137931035,3,True,C,0.0358000789206105
f_{\max},0.06896551724137932,0,False,C,0.150000000000000
f_{\max},0.06896551724137932,1,True,C,0.00272727272727273
f_{\max},0.06896551724137932,2,False,C,0.00752595413724081
f_{\max},0.06896551724137932,3,True,C,0.0358000789206105
f_{\max},0.07241379310344828,0,False,C,0.150000000000000
f_{\max},0.07241379310344828,1,True,C,0.00272727272727273
f_{\max},0.07241379310344828,2,False,C,0.00752595413724066
f_{\max},0.07241379310344828,3,True,C,0.0358000789206113
f_{\max},0.07586206896551725,0,False,C,0.150000000000000
f_{\max},0.07586206896551725,1,True,C,0.00272727272727273
f_{\max},0.07586206896551725,2,False,C,0.00752595413724085
f_{\max},0.07586206896551725,3,True,C,0.0358000789206103
f_{\max},0.07931034482758621,0,False,C,0.150000000000000
f_{\max},0.07931034482758621,1,True,C,0.00272727272727273
f_{\max},0.07931034482758621,2,False,C,0.00752595413724072
f_{\max},0.07931034482758621,3,True,C,0.0358000789206109
f_{\max},0.08275862068965519,0,False,C,0.150000000000000
f_{\max},0.08275862068965519,1,True,C,0.00272727272727273
f_{\max},0.08275862068965519,2,False,C,0.00752595413724080
f_{\max},0.08275862068965519,3,True,C,0.0358000789206105
f_{\max},0.08620689655172414,0,False,C,0.150000000000000
f_{\max},0.08620689655172414,1,True,C,0.00272727272727273
f_{\max},0.08620689655172414,2,False,C,0.00752595413724087
f_{\max},0.08620689655172414,3,True,C,0.0358000789206101
f_{\max},0.08965517241379312,0,False,C,0.150000000000000
f_{\max},0.08965517241379312,1,True,C,0.00272727272727273
f_{\max},0.08965517241379312,2,False,C,0.00752595413724103
f_{\max},0.08965517241379312,3,True,C,0.0358000789206093
f_{\max},0.09310344827586207,0,False,C,0.150000000000000
f_{\max},0.09310344827586207,1,True,C,0.00272727272727273
f_{\max},0.09310344827586207,2,False,C,0.00752595413724064
f_{\max},0.09310344827586207,3,True,C,0.0358000789206114
f_{\max},0.09655172413793105,0,False,C,0.150000000000000
f_{\max},0.09655172413793105,1,True,C,0.00272727272727273
f_{\max},0.09655172413793105,2,False,C,0.00752595413724088
f_{\max},0.09655172413793105,3,True,C,0.0358000789206101
f_{\max},0.1,0,False,C,0.150000000000000
f_{\max},0.1,1,True,C,0.00272727272727273
f_{\max},0.1,2,False,C,0.00752595413724081
f_{\max},0.1,3,True,C,0.0358000789206104
Q_{food},0.013793103448275864,0,True,C,0.150000000000000
Q_{food},0.020689655172413796,0,True,C,0.150000000000000
Q_{food},0.027586206896551727,0,False,C,0.150000000000000
Q_{food},0.027586206896551727,1,True,C,0.00272727272727273
Q_{food},0.027586206896551727,2,False,C,0.00304000154892477
Q_{food},0.027586206896551727,3,True,C,0.123624848657687
Q_{food},0.03448275862068966,0,False,C,0.150000000000000
Q_{food},0.03448275862068966,1,True,C,0.00272727272727273
Q_{food},0.03448275862068966,2,False,C,0.00340087884634885
Q_{food},0.03448275862068966,3,True,C,0.102840092228031
Q_{food},0.04137931034482759,0,False,C,0.150000000000000
Q_{food},0.04137931034482759,1,True,C,0.00272727272727273
Q_{food},0.04137931034482759,2,False,C,0.00373923162686893
Q_{food},0.04137931034482759,3,True,C,0.0888858200260238
Q_{food},0.048275862068965524,0,False,C,0.150000000000000
Q_{food},0.048275862068965524,1,True,C,0.00272727272727273
Q_{food},0.048275862068965524,2,False,C,0.00405814116566339
Q_{food},0.048275862068965524,3,True,C,0.0788412537575950
Q_{food},0.055172413793103454,0,False,C,0.150000000000000
Q_{food},0.055172413793103454,1,True,C,0.00272727272727273
Q_{food},0.055172413793103454,2,False,C,0.00436012370586381
Q_{food},0.055172413793103454,3,True,C,0.0712450286701693
Q_{food},0.062068965517241385,0,False,C,0.150000000000000
Q_{food},0.062068965517241385,1,True,C,0.00272727272727273
Q_{food},0.062068965517241385,2,False,C,0.00464726251022800
Q_{food},0.062068965517241385,3,True,C,0.0652845901068517
Q_{food},0.06896551724137932,0,False,C,0.150000000000000
Q_{food},0.06896551724137932,1,True,C,0.00272727272727273
Q_{food},0.06896551724137932,2,False,C,0.00492130351613180
Q_{food},0.06896551724137932,3,True,C,0.0604719092937857
Q_{food},0.07586206896551725,0,False,C,0.150000000000000
Q_{food},0.07586206896551725,1,True,C,0.00272727272727273
Q_{food},0.07586206896551725,2,False,C,0.00518372604589254
Q_{food},0.07586206896551725,3,True,C,0.0564960541945281
Q_{food},0.08275862068965519,0,False,C,0.150000000000000
Q_{food},0.08275862068965519,1,True,C,0.00272727272727273
Q_{food},0.08275862068965519,2,False,C,0.00543579602381199
Q_{food},0.08275862068965519,3,True,C,0.0531494570753616
Q_{food},0.08965517241379312,0,False,C,0.150000000000000
Q_{food},0.08965517241379312,1,True,C,0.00272727272727273
Q_{food},0.08965517241379312,2,False,C,0.00567860667504008
Q_{food},0.08965517241379312,3,True,C,0.0502882003815398
Q_{food},0.09655172413793105,0,False,C,0.150000000000000
Q_{food},0.09655172413793105,1,True,C,0.00272727272727273
Q_{food},0.09655172413793105,2,False,C,0.00591311010481871
Q_{food},0.09655172413793105,3,True,C,0.0478093146295380
Q_{food},0.10344827586206898,0,False,C,0.150000000000000
Q_{food},0.10344827586206898,1,True,C,0.00272727272727273
Q_{food},0.10344827586206898,2,False,C,0.00614014212762654
Q_{food},0.10344827586206898,3,True,C,0.0456371512608032
Q_{food},0.11034482758620691,0,False,C,0.150000000000000
Q_{food},0.11034482758620691,1,True,C,0.00272727272727273
Q_{food},0.11034482758620691,2,False,C,0.00636044202899396
Q_{food},0.11034482758620691,3,True,C,0.0437148614317499
Q_{food},0.11724137931034484,0,False,C,0.150000000000000
Q_{food},0.11724137931034484,1,True,C,0.00272727272727273
Q_{food},0.11724137931034484,2,False,C,0.00657466847524660
Q_{food},0.11724137931034484,3,True,C,0.0419988791669508
Q_{food},0.12413793103448277,0,False,C,0.150000000000000
Q_{food},0.12413793103448277,1,True,C,0.00272727272727273
Q_{food},0.12413793103448277,2,False,C,0.00678341246245162
Q_{food},0.12413793103448277,3,True,C,0.0404552411188157
Q_{food},0.1310344827586207,0,False,C,0.150000000000000
Q_{food},0.1310344827586207,1,True,C,0.00272727272727273
Q_{food},0.1310344827586207,2,False,C,0.00698720796770822
Q_{food},0.1310344827586207,3,True,C,0.0390570667169372
Q_{food},0.13793103448275865,0,False,C,0.150000000000000
Q_{food},0.13793103448275865,1,True,C,0.00272727272727273
Q_{food},0.13793103448275865,2,False,C,0.00718654080298039
Q_{food},0.13793103448275865,3,True,C,0.0377827928747055
Q_{food},0.14482758620689656,0,False,C,0.150000000000000
Q_{food},0.14482758620689656,1,True,C,0.00272727272727273
Q_{food},0.14482758620689656,2,False,C,0.00738185605382846
Q_{food},0.14482758620689656,3,True,C,0.0366149119508935
Q_{food},0.1517241379310345,0,False,C,0.150000000000000
Q_{food},0.1517241379310345,1,True,C,0.00272727272727273
Q_{food},0.1517241379310345,2,False,C,0.00757356439926379
Q_{food},0.1517241379310345,3,True,C,0.0355390529936741
Q_{food},0.15862068965517243,0,False,C,0.150000000000000
Q_{food},0.15862068965517243,1,True,C,0.00272727272727273
Q_{food},0.15862068965517243,2,False,C,0.00776204754548033
Q_{food},0.15862068965517243,3,True,C,0.0345433018975663
Q_{food},0.16551724137931037,0,False,C,0.150000000000000
Q_{food},0.16551724137931037,1,True,C,0.00272727272727273
Q_{food},0.16551724137931037,2,False,C,0.00794766295918716
Q_{food},0.16551724137931037,3,True,C,0.0336176908631273
Q_{food},0.1724137931034483,0,False,C,0.150000000000000
Q_{food},0.1724137931034483,1,True,C,0.00272727272727273
Q_{food},0.1724137931034483,2,False,C,0.00813074805142601
Q_{food},0.1724137931034483,3,True,C,0.0327538097998134
Q_{food},0.17931034482758623,0,False,C,0.150000000000000
Q_{food},0.17931034482758623,1,True,C,0.00272727272727273
Q_{food},0.17931034482758623,2,False,C,0.00831162393707739
Q_{food},0.17931034482758623,3,True,C,0.0319445068639398
Q_{food},0.18620689655172415,0,False,C,0.150000000000000
Q_{food},0.18620689655172415,1,True,C,0.00272727272727273
Q_{food},0.18620689655172415,2,False,C,0.00849059887675513
Q_{food},0.18620689655172415,3,True,C,0.0311836550259072
Q_{food},0.1931034482758621,0,False,C,0.150000000000000
Q_{food},0.1931034482758621,1,True,C,0.00272727272727273
Q_{food},0.1931034482758621,2,False,C,0.00866797149499241
Q_{food},0.1931034482758621,3,True,C,0.0304659681449142
Q_{food},0.2,0,False,C,0.150000000000000
Q_{food},0.2,1,True,C,0.00272727272727273
Q_{food},0.2,2,False,C,0.00884403386073725
Q_{food},0.2,3,True,C,0.0297868545690148
Q_S,0.01,0,False,C,0.150000000000000
Q_S,0.01,1,True,C,0.00272727272727273
Q_S,0.016551724137931035,0,False,C,0.150000000000000
Q_S,0.016551724137931035,1,True,C,0.00272727272727273
Q_S,0.023103448275862068,0,False,C,0.150000000000000
Q_S,0.023103448275862068,1,True,C,0.00272727272727273
Q_S,0.029655172413793104,0,False,C,0.150000000000000
Q_S,0.029655172413793104,1,True,C,0.00272727272727273
Q_S,0.03620689655172414,0,False,C,0.150000000000000
Q_S,0.03620689655172414,1,True,C,0.00272727272727273
Q_S,0.04275862068965518,0,False,C,0.150000000000000
Q_S,0.04275862068965518,1,True,C,0.00272727272727273
Q_S,0.04931034482758621,0,False,C,0.150000000000000
Q_S,0.04931034482758621,1,True,C,0.00272727272727273
Q_S,0.05586206896551724,0,False,C,0.150000000000000
Q_S,0.05586206896551724,1,True,C,0.00272727272727273
Q_S,0.06241379310344828,0,False,C,0.150000000000000
Q_S,0.06241379310344828,1,True,C,0.00272727272727273
Q_S,0.06896551724137931,0,False,C,0.150000000000000
Q_S,0.06896551724137931,1,True,C,0.00272727272727273
Q_S,0.07551724137931035,0,False,C,0.150000000000000
Q_S,0.07551724137931035,1,True,C,0.00272727272727273
Q_S,0.08206896551724138,0,False,C,0.150000000000000
Q_S,0.08206896551724138,1,True,C,0.00272727272727273
Q_S,0.08206896551724138,2,False,C,0.0114697190871870
Q_S,0.08206896551724138,3,True,C,0.0224427890768269
Q_S,0.0886206896551724,0,False,C,0.150000000000000
Q_S,0.0886206896551724,1,True,C,0.00272727272727273
Q_S,0.0886206896551724,2,False,C,0.0107703099549300
Q_S,0.0886206896551724,3,True,C,0.0240021186062159
Q_S,0.09517241379310344,0,False,C,0.150000000000000
Q_S,0.09517241379310344,1,True,C,0.00272727272727273
Q_S,0.09517241379310344,2,False,C,0.0102072859783373
Q_S,0.09517241379310344,3,True,C,0.0254348202134703
Q_S,0.10172413793103448,0,False,C,0.150000000000000
Q_S,0.10172413793103448,1,True,C,0.00272727272727273
Q_S,0.10172413793103448,2,False,C,0.00973352090201980
Q_S,0.10172413793103448,3,True,C,0.0267881871696883
Q_S,0.10827586206896551,0,False,C,0.150000000000000
Q_S,0.10827586206896551,1,True,C,0.00272727272727273
Q_S,0.10827586206896551,2,False,C,0.00932358422285328
Q_S,0.10827586206896551,3,True,C,0.0280878208273467
Q_S,0.11482758620689655,0,False,C,0.150000000000000
Q_S,0.11482758620689655,1,True,C,0.00272727272727273
Q_S,0.11482758620689655,2,False,C,0.00896195025572467
Q_S,0.11482758620689655,3,True,C,0.0293494216651855
Q_S,0.12137931034482759,0,False,C,0.150000000000000
Q_S,0.12137931034482759,1,True,C,0.00272727272727273
Q_S,0.12137931034482759,2,False,C,0.00863834325849510
Q_S,0.12137931034482759,3,True,C,0.0305834442777288
Q_S,0.12793103448275864,0,False,C,0.150000000000000
Q_S,0.12793103448275864,1,True,C,0.00272727272727273
Q_S,0.12793103448275864,2,False,C,0.00834556124283668
Q_S,0.12793103448275864,3,True,C,0.0317972736829423
Q_S,0.13448275862068967,0,False,C,0.150000000000000
Q_S,0.13448275862068967,1,True,C,0.00272727272727273
Q_S,0.13448275862068967,2,False,C,0.00807833539969959
Q_S,0.13448275862068967,3,True,C,0.0329963660194377
Q_S,0.1410344827586207,0,False,C,0.150000000000000
Q_S,0.1410344827586207,1,True,C,0.00272727272727273
Q_S,0.1410344827586207,2,False,C,0.00783268045438140
Q_S,0.1410344827586207,3,True,C,0.0341848983184213
Q_S,0.14758620689655175,0,False,C,0.150000000000000
Q_S,0.14758620689655175,1,True,C,0.00272727272727273
Q_S,0.14758620689655175,2,False,C,0.00760550036569189
Q_S,0.14758620689655175,3,True,C,0.0353661629360778
Q_S,0.15413793103448278,0,False,C,0.150000000000000
Q_S,0.15413793103448278,1,True,C,0.00272727272727273
Q_S,0.15413793103448278,2,False,C,0.00739433666725317
Q_S,0.15413793103448278,3,True,C,0.0365428193485372
Q_S,0.16068965517241382,0,False,C,0.150000000000000
Q_S,0.16068965517241382,1,True,C,0.00272727272727273
Q_S,0.16068965517241382,2,False,C,0.00719720115485033
Q_S,0.16068965517241382,3,True,C,0.0377170616057088
Q_S,0.16724137931034483,0,False,C,0.150000000000000
Q_S,0.16724137931034483,1,True,C,0.00272727272727273
Q_S,0.16724137931034483,2,False,C,0.00701246081951104
Q_S,0.16724137931034483,3,True,C,0.0388907335445113
Q_S,0.17379310344827587,0,False,C,0.150000000000000
Q_S,0.17379310344827587,1,True,C,0.00272727272727273
Q_S,0.17379310344827587,2,False,C,0.00683875641956776
Q_S,0.17379310344827587,3,True,C,0.0400654103684663
Q_S,0.1803448275862069,0,False,C,0.150000000000000
Q_S,0.1803448275862069,1,True,C,0.00272727272727273
Q_S,0.1803448275862069,2,False,C,0.00667494343311636
Q_S,0.1803448275862069,3,True,C,0.0412424578524667
Q_S,0.18689655172413794,0,False,C,0.150000000000000
Q_S,0.18689655172413794,1,True,C,0.00272727272727273
Q_S,0.18689655172413794,2,False,C,0.00652004832521654
Q_S,0.18689655172413794,3,True,C,0.0424230762386183
Q_S,0.19344827586206897,0,False,C,0.150000000000000
Q_S,0.19344827586206897,1,True,C,0.00272727272727273
Q_S,0.19344827586206897,2,False,C,0.00637323555394676
Q_S,0.19344827586206897,3,True,C,0.0436083333992932
Q_S,0.2,0,False,C,0.150000000000000
Q_S,0.2,1,True,C,0.00272727272727273
Q_S,0.2,2,False,C,0.00623378226961193
Q_S,0.2,3,True,C,0.0447991903133607
Q_H,0.01,0,False,C,0.150000000000000
Q_H,0.01,1,True,C,0.00272727272727273
Q_H,0.01,2,False,C,0.00752595413724081
Q_H,0.01,3,True,C,0.0358000789206104
Q_H,0.016551724137931035,0,False,C,0.150000000000000
Q_H,0.016551724137931035,1,True,C,0.00272727272727273
Q_H,0.016551724137931035,2,False,C,0.00752595413724081
Q_H,0.016551724137931035,3,True,C,0.0358000789206104
Q_H,0.023103448275862068,0,False,C,0.150000000000000
Q_H,0.023103448275862068,1,True,C,0.00272727272727273
Q_H,0.023103448275862068,2,False,C,0.00752595413724082
Q_H,0.023103448275862068,3,True,C,0.0358000789206104
Q_H,0.029655172413793104,0,False,C,0.150000000000000
Q_H,0.029655172413793104,1,True,C,0.00272727272727273
Q_H,0.029655172413793104,2,False,C,0.00752595413724081
Q_H,0.029655172413793104,3,True,C,0.0358000789206105
Q_H,0.03620689655172414,0,False,C,0.150000000000000
Q_H,0.03620689655172414,1,True,C,0.00272727272727273
Q_H,0.03620689655172414,2,False,C,0.00752595413724080
Q_H,0.03620689655172414,3,True,C,0.0358000789206105
Q_H,0.04275862068965518,0,False,C,0.150000000000000
Q_H,0.04275862068965518,1,True,C,0.00272727272727273
Q_H,0.04275862068965518,2,False,C,0.00752595413724083
Q_H,0.04275862068965518,3,True,C,0.0358000789206104
Q_H,0.04931034482758621,0,False,C,0.150000000000000
Q_H,0.04931034482758621,1,True,C,0.00272727272727273
Q_H,0.04931034482758621,2,False,C,0.00752595413724083
Q_H,0.04931034482758621,3,True,C,0.0358000789206104
Q_H,0.05586206896551724,0,False,C,0.150000000000000
Q_H,0.05586206896551724,1,True,C,0.00272727272727273
Q_H,0.05586206896551724,2,False,C,0.00752595413724083
Q_H,0.05586206896551724,3,True,C,0.0358000789206104
Q_H,0.06241379310344828,0,False,C,0.150000000000000
Q_H,0.06241379310344828,1,True,C,0.00272727272727273
Q_H,0.06241379310344828,2,False,C,0.00752595413724083
Q_H,0.06241379310344828,3,True,C,0.0358000789206104
Q_H,0.06896551724137931,0,False,C,0.150000000000000
Q_H,0.06896551724137931,1,True,C,0.00272727272727273
Q_H,0.06896551724137931,2,False,C,0.00752595413724082
Q_H,0.06896551724137931,3,True,C,0.0358000789206104
Q_H,0.07551724137931035,0,False,C,0.150000000000000
Q_H,0.07551724137931035,1,True,C,0.00272727272727273
Q_H,0.07551724137931035,2,False,C,0.00752595413724081
Q_H,0.07551724137931035,3,True,C,0.0358000789206105
Q_H,0.08206896551724138,0,False,C,0.150000000000000
Q_H,0.08206896551724138,1,True,C,0.00272727272727273
Q_H,0.08206896551724138,2,False,C,0.00752595413724081
Q_H,0.08206896551724138,3,True,C,0.0358000789206105
Q_H,0.0886206896551724,0,False,C,0.150000000000000
Q_H,0.0886206896551724,1,True,C,0.00272727272727273
Q_H,0.0886206896551724,2,False,C,0.00752595413724081
Q_H,0.0886206896551724,3,True,C,0.0358000789206105
Q_H,0.09517241379310344,0,False,C,0.150000000000000
Q_H,0.09517241379310344,1,True,C,0.00272727272727273
Q_H,0.09517241379310344,2,False,C,0.00752595413724081
Q_H,0.09517241379310344,3,True,C,0.0358000789206105
Q_H,0.10172413793103448,0,False,C,0.150000000000000
Q_H,0.10172413793103448,1,True,C,0.00272727272727273
Q_H,0.10172413793103448,2,False,C,0.00752595413724081
Q_H,0.10172413793103448,3,True,C,0.0358000789206105
Q_H,0.10827586206896551,0,False,C,0.150000000000000
Q_H,0.10827586206896551,1,True,C,0.00272727272727273
Q_H,0.10827586206896551,2,False,C,0.00752595413724082
Q_H,0.10827586206896551,3,True,C,0.0358000789206104
Q_H,0.11482758620689655,0,False,C,0.150000000000000
Q_H,0.11482758620689655,1,True,C,0.00272727272727273
Q_H,0.11482758620689655,2,False,C,0.00752595413724082
Q_H,0.11482758620689655,3,True,C,0.0358000789206104
Q_H,0.12137931034482759,0,False,C,0.150000000000000
Q_H,0.12137931034482759,1,True,C,0.00272727272727273
Q_H,0.12137931034482759,2,False,C,0.00752595413724082
Q_H,0.12137931034482759,3,True,C,0.0358000789206104
Q_H,0.12793103448275864,0,False,C,0.150000000000000
Q_H,0.12793103448275864,1,True,C,0.00272727272727273
Q_H,0.12793103448275864,2,False,C,0.00752595413724082
Q_H,0.12793103448275864,3,True,C,0.0358000789206104
Q_H,0.13448275862068967,0,False,C,0.150000000000000
Q_H,0.13448275862068967,1,True,C,0.00272727272727273
Q_H,0.13448275862068967,2,False,C,0.00752595413724082
Q_H,0.13448275862068967,3,True,C,0.0358000789206104
Q_H,0.1410344827586207,0,False,C,0.150000000000000
Q_H,0.1410344827586207,1,True,C,0.00272727272727273
Q_H,0.1410344827586207,2,False,C,0.00752595413724082
Q_H,0.1410344827586207,3,True,C,0.0358000789206104
Q_H,0.14758620689655175,0,False,C,0.150000000000000
Q_H,0.14758620689655175,1,True,C,0.00272727272727273
Q_H,0.14758620689655175,2,False,C,0.00752595413724080
Q_H,0.14758620689655175,3,True,C,0.0358000789206105
Q_H,0.15413793103448278,0,False,C,0.150000000000000
Q_H,0.15413793103448278,1,True,C,0.00272727272727273
Q_H,0.15413793103448278,2,False,C,0.00752595413724080
Q_H,0.15413793103448278,3,True,C,0.0358000789206105
Q_H,0.16068965517241382,0,False,C,0.150000000000000
Q_H,0.16068965517241382,1,True,C,0.00272727272727273
Q_H,0.16068965517241382,2,False,C,0.00752595413724080
Q_H,0.16068965517241382,3,True,C,0.0358000789206105
Q_H,0.16724137931034483,0,False,C,0.150000000000000
Q_H,0.16724137931034483,1,True,C,0.00272727272727273
Q_H,0.16724137931034483,2,False,C,0.00752595413724080
Q_H,0.16724137931034483,3,True,C,0.0358000789206105
Q_H,0.17379310344827587,0,False,C,0.150000000000000
Q_H,0.17379310344827587,1,True,C,0.00272727272727273
Q_H,0.17379310344827587,2,False,C,0.00752595413724080
Q_H,0.17379310344827587,3,True,C,0.0358000789206105
Q_H,0.1803448275862069,0,False,C,0.150000000000000
Q_H,0.1803448275862069,1,True,C,0.00272727272727273
Q_H,0.1803448275862069,2,False,C,0.00752595413724083
Q_H,0.1803448275862069,3,True,C,0.0358000789206103
Q_H,0.18689655172413794,0,False,C,0.150000000000000
Q_H,0.18689655172413794,1,True,C,0.00272727272727273
Q_H,0.19344827586206897,0,False,C,0.150000000000000
Q_H,0.19344827586206897,1,True,C,0.00272727272727273
Q_H,0.2,0,False,C,0.150000000000000
Q_H,0.2,1,True,C,0.00272727272727273
\gamma,0.01,0,False,C,0.0912000000000000
\gamma,0.01,1,True,C,0.00272727272727273
\gamma,0.04413793103448276,0,False,C,0.0952965517241380
\gamma,0.04413793103448276,1,True,C,0.00272727272727273
\gamma,0.07827586206896552,0,False,C,0.0993931034482757
\gamma,0.07827586206896552,1,True,C,0.00272727272727273
\gamma,0.11241379310344828,0,False,C,0.103489655172414
\gamma,0.11241379310344828,1,True,C,0.00272727272727273
\gamma,0.14655172413793105,0,False,C,0.107586206896552
\gamma,0.14655172413793105,1,True,C,0.00272727272727273
\gamma,0.1806896551724138,0,False,C,0.111682758620690
\gamma,0.1806896551724138,1,True,C,0.00272727272727273
\gamma,0.21482758620689657,0,False,C,0.115779310344828
\gamma,0.21482758620689657,1,True,C,0.00272727272727273
\gamma,0.24896551724137933,0,False,C,0.119875862068965
\gamma,0.24896551724137933,1,True,C,0.00272727272727273
\gamma,0.2831034482758621,0,False,C,0.123972413793103
\gamma,0.2831034482758621,1,True,C,0.00272727272727273
\gamma,0.31724137931034485,0,False,C,0.128068965517241
\gamma,0.31724137931034485,1,True,C,0.00272727272727273
\gamma,0.3513793103448276,0,False,C,0.132165517241379
\gamma,0.3513793103448276,1,True,C,0.00272727272727273
\gamma,0.38551724137931037,0,False,C,0.136262068965517
\gamma,0.38551724137931037,1,True,C,0.00272727272727273
\gamma,0.41965517241379313,0,False,C,0.140358620689655
\gamma,0.41965517241379313,1,True,C,0.00272727272727273
\gamma,0.4537931034482759,0,False,C,0.144455172413793
\gamma,0.4537931034482759,1,True,C,0.00272727272727273
\gamma,0.4537931034482759,2,False,C,0.00976145199804267
\gamma,0.4537931034482759,3,True,C,0.0273744226101078
\gamma,0.48793103448275865,0,False,C,0.148551724137931
\gamma,0.48793103448275865,1,True,C,0.00272727272727273
\gamma,0.48793103448275865,2,False,C,0.00796804475923642
\gamma,0.48793103448275865,3,True,C,0.0337411558677228
\gamma,0.5220689655172415,0,False,C,0.152648275862069
\gamma,0.5220689655172415,1,True,C,0.00272727272727273
\gamma,0.5220689655172415,2,False,C,0.00686151823590610
\gamma,0.5220689655172415,3,True,C,0.0394210084098618
\gamma,0.5562068965517242,0,False,C,0.156744827586207
\gamma,0.5562068965517242,1,True,C,0.00272727272727273
\gamma,0.5562068965517242,2,False,C,0.00607709840223526
\gamma,0.5562068965517242,3,True,C,0.0447787542623416
\gamma,0.5903448275862069,0,False,C,0.160841379310345
\gamma,0.5903448275862069,1,True,C,0.00272727272727273
\gamma,0.5903448275862069,2,False,C,0.00548090681950983
\gamma,0.5903448275862069,3,True,C,0.0499482718638759
\gamma,0.6244827586206897,0,False,C,0.164937931034483
\gamma,0.6244827586206897,1,True,C,0.00272727272727273
\gamma,0.6244827586206897,2,False,C,0.00500772537203559
\gamma,0.6244827586206897,3,True,C,0.0549947793301587
\gamma,0.6586206896551725,0,False,C,0.169034482758621
\gamma,0.6586206896551725,1,True,C,0.00272727272727273
\gamma,0.6586206896551725,2,False,C,0.00462071820130070
\gamma,0.6586206896551725,3,True,C,0.0599551125197025
\gamma,0.6927586206896552,0,False,C,0.173131034482759
\gamma,0.6927586206896552,1,True,C,0.00272727272727273
\gamma,0.6927586206896552,2,False,C,0.00429704772627087
\gamma,0.6927586206896552,3,True,C,0.0648521090135412
\gamma,0.7268965517241379,0,False,C,0.177227586206897
\gamma,0.7268965517241379,1,True,C,0.00272727272727273
\gamma,0.7268965517241379,2,False,C,0.00402160708561598
\gamma,0.7268965517241379,3,True,C,0.0697008756730046
\gamma,0.7610344827586207,0,False,C,0.181324137931035
\gamma,0.7610344827586207,1,True,C,0.00272727272727273
\gamma,0.7610344827586207,2,False,C,0.00378391204271299
\gamma,0.7610344827586207,3,True,C,0.0745118967347165
\gamma,0.7951724137931035,0,False,C,0.185420689655172
\gamma,0.7951724137931035,1,True,C,0.00272727272727273
\gamma,0.7951724137931035,2,False,C,0.00357641128626247
\gamma,0.7951724137931035,3,True,C,0.0792927235099757
\gamma,0.8293103448275863,0,False,C,0.189517241379310
\gamma,0.8293103448275863,1,True,C,0.00272727272727273
\gamma,0.8293103448275863,2,False,C,0.00339350211583189
\gamma,0.8293103448275863,3,True,C,0.0840489586992152
\gamma,0.863448275862069,0,False,C,0.193613793103447
\gamma,0.863448275862069,1,True,C,0.00272727272727273
\gamma,0.863448275862069,2,False,C,0.00323092520289411
\gamma,0.863448275862069,3,True,C,0.0887848616309607
\gamma,0.8975862068965518,0,False,C,0.197710344827586
\gamma,0.8975862068965518,1,True,C,0.00272727272727273
\gamma,0.8975862068965518,2,False,C,0.00308537588258026
\gamma,0.8975862068965518,3,True,C,0.0935037369700847
\gamma,0.9317241379310346,0,False,C,0.201806896551724
\gamma,0.9317241379310346,1,True,C,0.00272727272727273
\gamma,0.9317241379310346,2,False,C,0.00295424539026710
\gamma,0.9317241379310346,3,True,C,0.0982081934812059
\gamma,0.9658620689655173,0,False,C,0.205903448275863
\gamma,0.9658620689655173,1,True,C,0.00272727272727273
\gamma,0.9658620689655173,2,False,C,0.00283544333354812
\gamma,0.9658620689655173,3,True,C,0.102900321556735
\gamma,1.0,0,False,C,0.210000000000000
\gamma,1.0,2,True,C,0.107581818181818
\iota,0.0,0,False,C,0.150000000000000
\iota,0.0,1,True,C,0.00272727272727273
\iota,0.0,2,False,C,0.00752595413724081
\iota,0.0,3,True,C,0.0358000789206104
\iota,0.003448275862068966,0,False,C,0.150000000000000
\iota,0.003448275862068966,1,True,C,0.00308917197452230
\iota,0.003448275862068966,2,False,C,0.00765311664445510
\iota,0.003448275862068966,3,True,C,0.0379807724624500
\iota,0.006896551724137932,0,False,C,0.150000000000000
\iota,0.006896551724137932,1,True,C,0.00346278317152103
\iota,0.006896551724137932,2,False,C,0.00776481846020849
\iota,0.006896551724137932,3,True,C,0.0402785766091543
\iota,0.010344827586206898,0,False,C,0.150000000000000
\iota,0.010344827586206898,1,True,C,0.00384868421052632
\iota,0.010344827586206898,2,False,C,0.00786301507630881
\iota,0.010344827586206898,3,True,C,0.0426972113324096
\iota,0.013793103448275864,0,False,C,0.150000000000000
\iota,0.013793103448275864,1,True,C,0.00424749163879599
\iota,0.013793103448275864,2,False,C,0.00794938687579202
\iota,0.013793103448275864,3,True,C,0.0452410730535662
\iota,0.01724137931034483,0,False,C,0.150000000000000
\iota,0.01724137931034483,1,True,C,0.00465986394557823
\iota,0.01724137931034483,2,False,C,0.00802537617546312
\iota,0.01724137931034483,3,True,C,0.0479152326292333
\iota,0.020689655172413796,0,False,C,0.150000000000000
\iota,0.020689655172413796,1,True,C,0.00508650519031142
\iota,0.020689655172413796,2,False,C,0.00809222118619363
\iota,0.020689655172413796,3,True,C,0.0507254401004573
\iota,0.024137931034482762,0,False,C,0.150000000000000
\iota,0.024137931034482762,1,True,C,0.00552816901408451
\iota,0.024137931034482762,2,False,C,0.00815098612574332
\iota,0.024137931034482762,3,True,C,0.0536781374270717
\iota,0.027586206896551727,0,False,C,0.150000000000000
\iota,0.027586206896551727,1,True,C,0.00598566308243727
\iota,0.027586206896551727,2,True,C,0.0567804798537377
\iota,0.027586206896551727,3,False,C,0.00820258735955390
\iota,0.031034482758620693,0,False,C,0.150000000000000
\iota,0.031034482758620693,1,True,C,0.00645985401459854
\iota,0.031034482758620693,2,True,C,0.0600403662906434
\iota,0.031034482758620693,3,False,C,0.00824781578490959
\iota,0.03448275862068966,0,False,C,0.150000000000000
\iota,0.03448275862068966,1,True,C,0.00695167286245354
\iota,0.03448275862068966,2,True,C,0.0634664790235681
\iota,0.03448275862068966,3,False,C,0.00828735583131567
\iota,0.03793103448275863,0,False,C,0.150000000000000
\iota,0.03793103448275863,1,True,C,0.00746212121212121
\iota,0.03793103448275863,2,True,C,0.0670683331203004
\iota,0.03793103448275863,3,False,C,0.00832180150208118
\iota,0.04137931034482759,0,False,C,0.150000000000000
\iota,0.04137931034482759,1,True,C,0.00799227799227799
\iota,0.04137931034482759,2,True,C,0.0708563360279922
\iota,0.04137931034482759,3,False,C,0.00835166987707256
\iota,0.04482758620689656,0,False,C,0.150000000000000
\iota,0.04482758620689656,2,True,C,0.0748418580335853
\iota,0.048275862068965524,0,False,C,0.150000000000000
\iota,0.048275862068965524,2,True,C,0.0790373144746255
\iota,0.05172413793103449,0,False,C,0.150000000000000
\iota,0.05172413793103449,2,True,C,0.0834562608367106
\iota,0.055172413793103454,0,False,C,0.150000000000000
\iota,0.055172413793103454,2,True,C,0.0881135021583797
\iota,0.05862068965517242,0,False,C,0.150000000000000
\iota,0.05862068965517242,2,True,C,0.0930252184904311
\iota,0.062068965517241385,0,False,C,0.150000000000000
\iota,0.062068965517241385,2,True,C,0.0982091085338333
\iota,0.06551724137931035,0,False,C,0.150000000000000
\iota,0.06551724137931035,2,True,C,0.103684554021217
\iota,0.06896551724137932,0,False,C,0.150000000000000
\iota,0.06896551724137932,2,True,C,0.109472807927529
\iota,0.07241379310344828,0,False,C,0.150000000000000
\iota,0.07241379310344828,2,True,C,0.115597210216139
\iota,0.07586206896551725,0,False,C,0.150000000000000
\iota,0.07586206896551725,2,True,C,0.122083435573060
\iota,0.07931034482758621,0,False,C,0.150000000000000
\iota,0.07931034482758621,2,True,C,0.128959778486211
\iota,0.08275862068965519,0,False,C,0.150000000000000
\iota,0.08275862068965519,2,True,C,0.136257482129796
\iota,0.08620689655172414,0,False,C,0.150000000000000
\iota,0.08620689655172414,2,True,C,0.144011118868157
\iota,0.08965517241379312,0,True,C,0.150000000000000
\iota,0.09310344827586207,0,True,C,0.150000000000000
\iota,0.09655172413793105,0,True,C,0.150000000000000
\iota,0.1,0,True,C,0.150000000000000
